Date,LogReturn,ConditionalVolatility
1970-01-05,0.4934034323097063,0.6841490465334386
1970-01-06,-0.6871396951146773,0.6730696479187449
1970-01-07,-0.2049096910377598,0.6872142599394324
1970-01-08,0.0539669242136926,0.6671542054399349
1970-01-09,-0.3025707695486198,0.6439832333999721
1970-01-12,-0.7604649178862171,0.6318807897901052
1970-01-13,0.2396267637793044,0.6593943398734889
1970-01-14,-0.2941622685717381,0.6393142052719898
1970-01-15,0.032726536044303,0.6272026936437091
1970-01-16,-0.8324277449977996,0.6071396789319516
1970-01-19,-1.4066761773615315,0.6470780421205053
1970-01-20,0.2005798553127149,0.7664156504637334
1970-01-21,0.1334910844603505,0.737334018698384
1970-01-22,0.1000099737265423,0.7093958095378972
1970-01-23,-0.7468940080531119,0.6832214661154166
1970-01-26,-1.3518337794392714,0.7021552227807348
1970-01-27,-0.6257434599343245,0.7995172181617674
1970-01-28,-0.9517895527352662,0.7939559517037639
1970-01-29,-1.2755257032746208,0.8203699715426283
1970-01-30,-0.7849677725575146,0.8835158056759645
1970-02-02,0.8549602599451948,0.8824585306223738
1970-02-03,1.182481507162684,0.8783572261162571
1970-02-04,-0.6126818727750899,0.9073419116412711
1970-02-05,-0.3950235636282544,0.8904740052672794
1970-02-06,0.4993336703734995,0.8622998166164957
1970-02-09,0.7845895672106246,0.8362405758404086
1970-02-10,-1.0513685417969836,0.8310925792853711
1970-02-11,0.9708859930638756,0.8638209904740025
1970-02-12,-0.2418370240225004,0.8722483081221392
1970-02-13,-0.2193138025950239,0.8392932839980113
1970-02-16,-0.0809198286567941,0.8080311308682974
1970-02-17,-0.1157121997030355,0.7757473952095936
1970-02-18,1.231244669683487,0.7464175442278261
1970-02-19,0.3652968519493152,0.8014788625860195
1970-02-20,0.3071811297208278,0.7743826888669966
1970-02-24,-0.0454504226551656,0.7473603268858409
1970-02-25,1.5338077148524931,0.7189103812413716
1970-02-26,-0.5049064844038004,0.8248858088469193
1970-02-27,0.6726465596958678,0.8083118071664575
1970-03-02,0.2343610084972237,0.7973852890087767
1970-03-03,0.5779767844811434,0.7667395456798585
1970-03-04,-0.2107977004055103,0.753285448142985
1970-03-05,-0.044435587627328,0.728210157149083
1970-03-06,-0.6241633626894952,0.7011444372555866
1970-03-09,-1.0452472587114634,0.7060196655592507
1970-03-10,0.2707864239269772,0.7572488672061117
1970-03-11,-0.0676257439751666,0.7304494066383098
1970-03-12,-0.4067349429029657,0.7035515282196684
1970-03-13,-0.5335175992245409,0.6918901907681806
1970-03-16,-1.087150290832963,0.6902264619397049
1970-03-17,0.4362776649431071,0.7499258861545196
1970-03-18,0.2859922985537862,0.7299677132735467
1970-03-19,-0.1371773731459137,0.705682920728561
1970-03-20,-0.4126560408328655,0.6820902558428333
1970-03-23,-0.0804363119096966,0.6728194191987453
1970-03-24,1.1316409113964234,0.650488800994506
1970-03-25,2.014125229755228,0.7086127987620884
1970-03-26,0.1669559408458315,0.9052363106552476
1970-03-30,-0.3230311056515438,0.8659617914792646
1970-03-31,0.0,0.8364710803176769
1970-04-01,0.4897087681732011,0.8013188905514005
1970-04-02,-0.3113521678410104,0.7797484361393193
1970-04-03,-0.4464808457235904,0.7565084349560074
1970-04-06,-0.7072690139915219,0.7424327448939767
1970-04-07,-0.2707644871918273,0.7500937621901623
1970-04-08,-0.0338950121631991,0.7275002479450483
1970-04-09,0.0451936696042691,0.7003584297874399
1970-04-10,-0.3281113098450144,0.6747082447058532
1970-04-13,-0.6822842972963663,0.6611767034081832
1970-04-14,-0.8594563936264263,0.6763481026159498
1970-04-15,-0.1843060424769967,0.7088257689444625
1970-04-16,-0.9848942372974024,0.6863462177466064
1970-04-17,-0.2448256426349074,0.732882218918132
1970-04-20,0.1865932461028084,0.710632688382671
1970-04-21,-0.5256767902733156,0.6854133646106989
1970-04-22,-1.3085959212091176,0.6838219738629283
1970-04-23,-1.4703459506093466,0.7781681029545473
1970-04-24,-0.3256794102782394,0.8783888648417469
1970-04-27,-1.5953545358646564,0.8480610891562499
1970-04-28,-1.4716180658327078,0.9536640772637203
1970-04-29,1.9003545360253575,1.0213123106299358
1970-04-30,-0.3551107948007853,1.1234735021265756
1970-05-01,-0.0981764955017924,1.0765962457213512
1970-05-04,-2.5746085072615017,1.026548756196274
1970-05-05,-0.9748817685628596,1.2623253832523114
1970-05-06,1.100792729069763,1.239585004056451
1970-05-07,0.4519789281991221,1.2204355760354104
1970-05-08,-0.4897346125008045,1.1666550055010747
1970-05-11,-1.063037044768076,1.122086680869229
1970-05-12,-0.9587801342178706,1.1205559104258367
1970-05-13,-1.710107380858308,1.110025425623863
1970-05-14,-1.4345134183754649,1.1845463799054559
1970-05-15,1.9168225666550187,1.2137659681816557
1970-05-18,0.0779898107328985,1.2851381060732394
1970-05-19,-1.9683092057759215,1.221127371815252
1970-05-20,-2.604527001625723,1.3130781297215839
1970-05-21,-1.8671505883069528,1.485295550812031
1970-05-22,0.1246400488321864,1.5249004075680928
1970-05-25,-2.807201877868638,1.446599773109048
1970-05-26,-1.3759699361585946,1.6241276887855394
1970-05-27,4.900312737598972,1.5996903911121145
1970-05-28,2.49708184357238,2.1125774493880196
1970-05-29,2.566960730591181,2.1328306278210487
1970-06-01,1.67112288612279,2.1581384284455356
1970-06-02,0.0,2.100904739990268
1970-06-03,0.869793582454418,1.9888970108693522
1970-06-04,-1.488346762087116,1.8995010727261
1970-06-05,-1.5502198689152145,1.8588757929594872
1970-06-08,0.1574219757115238,1.8267763518739397
1970-06-09,-0.0524464615237432,1.7308559497366613
1970-06-10,-1.0149650512694584,1.6405630776849005
1970-06-11,-1.3740046835511852,1.588674148341785
1970-06-12,-0.7685599984535156,1.567440760526068
1970-06-15,0.9430281147446274,1.5072268508620021
1970-06-16,2.083270007675061,1.4550669912205825
1970-06-17,-0.1971759092645289,1.5118770767920684
1970-06-18,0.668813887836049,1.4362029211465348
1970-06-19,0.703312220893166,1.375762843013055
1970-06-22,-0.5335475674895512,1.3210273184028003
1970-06-23,-2.483611453685461,1.2673802240236307
1970-06-24,-1.0623389059418389,1.4293639338215958
1970-06-25,0.0675659503843972,1.3981990944353666
1970-06-26,-0.7458105359125304,1.3273206471438288
1970-06-29,-0.7925729226649797,1.2838239345371358
1970-06-30,-0.2334980364953597,1.2465778859389938
1970-07-01,0.3020752196395794,1.188097774285322
1970-07-02,-0.0274294151962886,1.1325483535384901
1970-07-06,-1.57570559867151,1.0782235410362728
1970-07-07,-0.7691743594939954,1.1397785774251126
1970-07-08,2.4545316030043485,1.1130592639247148
1970-07-09,1.4416101371827268,1.2859173687579484
1970-07-10,0.5252175619096223,1.2923858848662166
1970-07-13,0.1342364007150615,1.2362252684944322
1970-07-14,-0.1745383832325002,1.175444588047307
1970-07-15,1.0825433880262,1.1203011826380402
1970-07-16,1.4646867151638026,1.111231005875686
1970-07-17,1.7529581041262925,1.141321513775061
1970-07-20,0.1286319600595809,1.2023421593233798
1970-07-21,-1.0467208524433054,1.1436229074194668
1970-07-22,0.0649249054295056,1.1383539570195944
1970-07-23,1.251388617183051,1.083392414916063
1970-07-24,-0.2310363054744002,1.0940207313426162
1970-07-27,-0.21868943894254,1.0454078342172928
1970-07-28,0.1544140296537367,0.999728300760949
1970-07-29,0.3465817944464647,0.9540623815007038
1970-07-30,0.038432873677333,0.9152087745000069
1970-07-31,-0.0256170161721325,0.8745971569118188
1970-08-03,-1.3284601259933793,0.8370338371004269
1970-08-04,0.2204861788749719,0.9046812390334387
1970-08-05,-0.0129586526741031,0.8662426125429069
1970-08-06,-0.1296492762135648,0.8291445648031416
1970-08-07,0.2591306806998857,0.796270279516656
1970-08-10,-1.4073751465129931,0.7662805044055727
1970-08-11,-0.4999316580099549,0.8590045584876237
1970-08-12,-0.5289638511079375,0.8391160515090499
1970-08-13,-0.8789456390232663,0.8228119070908622
1970-08-14,0.5602231033426978,0.8376387548468548
1970-08-17,0.1993243949414238,0.816845397236732
1970-08-18,1.14829364985704,0.7841307272531938
1970-08-19,0.9924371818020952,0.8225042919941136
1970-08-20,1.1369596369816768,0.8380570965437626
1970-08-21,1.7825804040236162,0.8673442375950899
1970-08-24,2.1844469013067624,0.9818309053668521
1970-08-25,0.1603909816706147,1.1382676278176995
1970-08-26,0.1108807319608259,1.0837920318878784
1970-08-27,-0.1602036853632617,1.032405463227295
1970-08-28,0.957413435319062,0.9862753025755491
1970-08-31,-0.4162130785093836,0.9801428589073692
1970-09-01,-0.7016705310854682,0.9460441029742476
1970-09-02,0.0123551806414458,0.9319759680822227
1970-09-03,1.3860967518502258,0.8903296074644249
1970-09-04,0.8974174967083584,0.9424956329632567
1970-09-08,0.2532093726364877,0.9357841454650383
1970-09-09,-0.3015138233571478,0.8958527616962808
1970-09-10,-0.5936147445223247,0.8632605972464132
1970-09-11,0.2669502758887646,0.8491205439679129
1970-09-14,-0.5468109599669224,0.8155179508383162
1970-09-15,-0.8688778680971421,0.8025748742684791
1970-09-16,0.5271238698349519,0.8188859120344263
1970-09-17,0.6094606802725431,0.7978311109454963
1970-09-18,0.4002210468924669,0.7835622133360685
1970-09-21,-0.8630686975716237,0.7592429028812234
1970-09-22,-0.0610649716152408,0.780520562902156
1970-09-23,0.0610649716152503,0.7498933777831304
1970-09-24,-0.3056797499205693,0.7206398511426987
1970-09-25,1.422600597910497,0.7020005992687011
1970-09-28,1.2954502808927923,0.7936198025812334
1970-09-29,-0.0596090504440951,0.8494252899834716
1970-09-30,0.5233152188132371,0.8139467688793818
1970-10-01,0.0237179964825511,0.7931006034369866
1970-10-02,0.9912801854176528,0.760839450557245
1970-10-05,1.526566406143839,0.7842397436582649
1970-10-06,0.4384928028574563,0.875259005859585
1970-10-07,0.046046870871379,0.8454192830910267
1970-10-08,-1.0877247504039451,0.809494560186883
1970-10-09,-1.0173684469058075,0.8497586431312653
1970-10-12,-1.0753470384359605,0.8759965675715411
1970-10-13,-0.1307740935885335,0.9052651809114677
1970-10-14,0.1545377814984272,0.8671053384090041
1970-10-15,0.5448948256544559,0.8302716621344497
1970-10-16,-0.4380552152796518,0.8092375003946587
1970-10-19,-1.3498350462232365,0.7899967627494041
1970-10-20,0.5875643273213007,0.8692810768975214
1970-10-21,0.0239142524702602,0.8473739782735153
1970-10-22,-0.3352570275658338,0.8113621659863013
1970-10-23,0.466646858038531,0.7866634417727708
1970-10-26,-0.5506347410760801,0.7651413837358915
1970-10-27,-0.2283180847189736,0.757303704285741
1970-10-28,0.3722580737301985,0.7325201434006661
1970-10-29,-0.0839375244916871,0.7111239794211478
1970-10-30,-0.1320456466379275,0.685943038674258
1970-11-02,0.3118281885119477,0.6637479208591271
1970-11-03,0.8466026482328061,0.6456135622678187
1970-11-04,0.2016466709364073,0.6688768497485156
1970-11-05,-0.3442355102087984,0.6471402591206015
1970-11-06,0.1425888392723982,0.637024262917559
1970-11-09,0.5328888800406204,0.6167569487723161
1970-11-10,0.1416296085090942,0.6149372515200113
1970-11-11,0.2826498928056716,0.5964086575825758
1970-11-12,-1.0403182271894826,0.5829236000127046
1970-11-13,-0.9312373402649496,0.6564123168118013
1970-11-16,-0.1560589505085753,0.7009037419491018
1970-11-17,0.2759324625173963,0.6781923963261784
1970-11-18,-0.8180008277955085,0.6576634199122255
1970-11-19,0.1448434088677449,0.6880320779120551
1970-11-20,0.9722185860760548,0.6638722512730094
1970-11-23,0.6191930308276902,0.698943338681556
1970-11-24,0.6389809059152474,0.6949267380644346
1970-11-25,0.3649825297384062,0.6928385898398903
1970-11-27,0.9823538053183009,0.6743989682698955
1970-11-30,1.467128104113281,0.7090937637665413
1970-12-01,0.3091595469730325,0.8063298155868848
1970-12-02,1.1480684326609825,0.7769773523030284
1970-12-03,0.4735583969799999,0.8163975511896949
1970-12-04,0.6279428086921511,0.792778033395083
1970-12-07,0.5351220716621168,0.780206586537364
1970-12-08,-0.5239421284174692,0.7629258957265157
1970-12-09,0.0782075834386551,0.7533830954369697
1970-12-10,0.4234902744622563,0.7239152783936764
1970-12-11,0.3774052284148297,0.7055246959133592
1970-12-14,-0.5109408774282866,0.6865620850991866
1970-12-15,-0.1560229720395501,0.6837161001274293
1970-12-16,0.0668943686006593,0.66235301844335
1970-12-17,0.3560302948833931,0.6395594316197654
1970-12-18,0.1997119304005485,0.6252791649828917
1970-12-21,-0.3108337023150123,0.6069598256357672
1970-12-22,0.111121771914474,0.5987497493839515
1970-12-23,0.0666121472360667,0.5811759716658874
1970-12-24,0.5644441291098867,0.5647789214985288
1970-12-28,0.5283399583520918,0.5711685446392482
1970-12-29,1.0809795745584656,0.5739621398565555
1970-12-30,0.2061240909723849,0.6393075613836275
1970-12-31,-0.1301324534352728,0.6200030712913737
1971-01-04,-1.091118280949662,0.6030493542829377
1971-01-05,0.7105813005015241,0.6801744464081317
1971-01-06,0.5973359252473622,0.6856508717245308
1971-01-07,0.0324785148642644,0.6813741000009536
1971-01-08,-0.2058783978274431,0.6571626342547515
1971-01-11,-0.2280492684715443,0.6396067891359906
1971-01-12,0.8013013588854521,0.6244112405836064
1971-01-13,-0.1727155688025309,0.6457140887689397
1971-01-14,0.2589616168526483,0.6279392368989969
1971-01-15,0.2475335981384391,0.6109773538647367
1971-01-18,0.4076436430578939,0.5950837421707141
1971-01-19,0.3739903523291622,0.5874559220238605
1971-01-20,0.0213252032041834,0.5787630343975411
1971-01-21,0.4362444109968447,0.5626338204449507
1971-01-22,0.7298861546718491,0.5599358656875162
1971-01-25,0.4207005933839776,0.5826295308838012
1971-01-26,0.3248261529780717,0.5769625709508243
1971-01-27,-0.7349854211613678,0.5669097180445095
1971-01-28,0.3366649128260151,0.6012949655288417
1971-01-29,0.7012412238419925,0.5895500229619216
1971-02-01,0.5616249066926762,0.6052567259182738
1971-02-02,0.0103729699959204,0.6068132356126364
1971-02-03,0.2071863900485687,0.5884743005955729
1971-02-04,-0.010343603461647,0.5733689328166318
1971-02-05,0.3203284100029649,0.5579350962824291
1971-02-08,0.535032298449915,0.5494526093642048
1971-02-09,0.0615564117406921,0.5552572991716738
1971-02-10,-0.1231429048815402,0.5410053169571891
1971-02-11,0.532519706277052,0.5306696418978593
1971-02-12,0.5296911972762696,0.5385056693500962
1971-02-16,0.2333994182518309,0.5451735914936507
1971-02-17,-0.4673448640616549,0.5345680098702729
1971-02-18,-0.6538635960401301,0.5454576175877097
1971-02-19,-0.8440603010402222,0.5736713313764136
1971-02-22,-1.0599669519626986,0.6207746957885354
1971-02-23,0.3857938384906408,0.689577265422161
1971-02-24,0.6638412720684784,0.6723281896025475
1971-02-25,0.237488598006723,0.6746821565207167
1971-02-26,-0.2168180968793132,0.653334181270267
1971-03-01,0.2580646593491713,0.6365169776712181
1971-03-02,-0.0206172211477379,0.6188182470053
1971-03-03,-0.0309456080891339,0.5998023880644877
1971-03-04,0.9955449853505306,0.5824424805913695
1971-03-05,1.0564918768224048,0.6340143603291675
1971-03-08,0.423513970425962,0.6847307818431128
1971-03-09,0.0804685544608853,0.6697177666656093
1971-03-10,-0.160994229777869,0.6464049780899433
1971-03-11,0.0905897055105236,0.6281949386293093
1971-03-12,0.1809412496117297,0.6081265378250272
1971-03-15,1.1384179234267993,0.5908065268762123
1971-03-16,0.4952466585666775,0.6613524334580562
1971-03-17,-0.0889599594833402,0.6525389960341971
1971-03-18,0.0692004308462566,0.6319589044972871
1971-03-19,-0.1780418878824341,0.6115106311796806
1971-03-22,-0.3868470630041715,0.5967978676149855
1971-03-23,-0.3384811242608155,0.5943200770226355
1971-03-24,-0.6603285901419909,0.5889642394998221
1971-03-25,-0.0100407931238765,0.6115365633514026
1971-03-26,0.3407463129077425,0.5929891658647138
1971-03-29,0.0800098380154758,0.582180199349708
1971-03-30,0.2296704348544994,0.5657443136352397
1971-03-31,0.0498533414516837,0.553198642721663
1971-04-01,0.0797228066849993,0.5391158809839456
1971-04-02,0.1691945380256005,0.5262932388974638
1971-04-05,0.2284613446413551,0.5157196614470126
1971-04-06,0.7118183390571728,0.5076649700126633
1971-04-07,0.4619411703705405,0.5361441267642776
1971-04-08,0.11759616810974,0.5379892024270062
1971-04-12,0.7610523566686085,0.5255639177133622
1971-04-13,0.0971593423552221,0.5569025454014107
1971-04-14,0.37799839348783,0.5426687194976926
1971-04-15,0.1449987173924131,0.5385607714384748
1971-04-16,-0.0289829286536187,0.5264592526510219
1971-04-19,0.5012099865565312,0.5152797740929382
1971-04-20,-0.3853212749228255,0.5224518489615709
1971-04-21,-0.241581021512024,0.5280666831968439
1971-04-22,0.1933085369141357,0.5238413956565986
1971-04-23,0.4720450860830112,0.5140400690846798
1971-04-26,-0.1057749100460512,0.5191257736382381
1971-04-27,0.6234076683316248,0.5102741390182961
1971-04-28,0.1719529571668962,0.528983682955942
1971-04-29,-0.133714818136209,0.5182270409276585
1971-04-30,-0.6520306196447717,0.5103317244699582
1971-05-03,-0.6369410063881058,0.5438511667968232
1971-05-04,0.4829060915955603,0.5704039600439984
1971-05-05,-0.009637362097524,0.56997507179803
1971-05-06,-0.5313721180710135,0.5548165672475606
1971-05-07,-0.349345915398938,0.5689629410207678
1971-05-10,-0.4970064588100079,0.5668835021650322
1971-05-11,0.2536855024024889,0.5763714159663313
1971-05-12,0.2724785390352433,0.5636396067992965
1971-05-13,-0.2042892684028039,0.5526895906990089
1971-05-14,-0.468525360106278,0.5442926546205289
1971-05-17,-1.4982997209385205,0.55407352432641
1971-05-18,0.138943439066104,0.7163282636185363
1971-05-19,0.2377394502177386,0.6899877405763218
1971-05-20,0.2371755900090513,0.6674494284856793
1971-05-21,-0.3163618081637914,0.6466641169838259
1971-05-24,-0.8552166596024339,0.6350444879021264
1971-05-25,-0.6613210853154053,0.6733490230030271
1971-05-26,0.1205617735293373,0.6849384932481858
1971-05-27,-0.1909592158266468,0.6607439123531579
1971-05-28,0.2311167475520562,0.6423519865901209
1971-06-01,0.5704861705156149,0.6234140648100133
1971-06-02,0.755623153058519,0.6236683277758012
1971-06-03,0.0495153265111062,0.640330113583013
1971-06-04,0.2866898390782585,0.6192138051873725
1971-06-07,-0.2075268440840319,0.6039080010904422
1971-06-08,-0.7646099097150532,0.5909822250121015
1971-06-09,-0.0299075613670409,0.6251427066495782
1971-06-10,0.3483788658511995,0.6057362659471166
1971-06-11,0.4263556179692602,0.5941173115370592
1971-06-14,-0.844556135530822,0.5876491859172833
1971-06-15,0.0997292130773971,0.6323965887151352
1971-06-16,0.1991605437125165,0.6120568152697017
1971-06-17,-0.0198951780582055,0.5948017959296109
1971-06-18,-1.534094125645862,0.5777104492360524
1971-06-21,-1.1176690741369524,0.7398213568936378
1971-06-22,-0.2865103873390556,0.7950831389163909
1971-06-23,0.8367470495758607,0.7695707703049118
1971-06-24,-0.2849359894487338,0.7761903539517302
1971-06-25,-0.1427691381950856,0.7521012958619517
1971-06-28,-0.2554540861479809,0.7251324446180666
1971-06-29,1.098914034365302,0.7039260582484272
1971-06-30,-0.121509480950188,0.7485360455466877
1971-07-01,1.0882834679041826,0.7213305293824445
1971-07-02,0.0,0.7618408505918233
1971-07-06,-0.0200427413466854,0.7319102249325196
1971-07-07,0.2802792375552676,0.7043003081953796
1971-07-08,0.2994267398071251,0.6818377547457852
1971-07-09,0.3482131615180726,0.6617836384526108
1971-07-12,0.1290231453264836,0.6452493409130388
1971-07-13,-1.317910146300078,0.6241737071619436
1971-07-14,-0.2818024988649681,0.7336774265339698
1971-07-15,0.0604509424895118,0.712878047470016
1971-07-16,-0.1713778023850653,0.6863051811863091
1971-07-19,-0.1817818157045791,0.6651990415463179
1971-07-20,0.3934425147418106,0.646127875516415
1971-07-21,-0.0402828966521565,0.6330255706512482
1971-07-22,-0.1713778023850653,0.6131344833958562
1971-07-23,-0.1716720101755564,0.5980485379104835
1971-07-26,-0.8118606032621541,0.5842711412471616
1971-07-27,-0.3674979776245286,0.6253697850970361
1971-07-28,-0.728768008605771,0.6187380429985554
1971-07-29,-1.0875896438242691,0.6445777138515852
1971-07-30,-0.4592855834707616,0.7128251325266325
1971-08-02,0.3967816123463938,0.7036589747480699
1971-08-03,-1.5225756820589136,0.6857201474063216
1971-08-04,-0.6581793840439036,0.8159220932589016
1971-08-05,0.2127854327581177,0.8112714248623978
1971-08-06,0.169909423079186,0.7791936977693379
1971-08-09,-0.7668598933121421,0.748690308454898
1971-08-10,0.0106934690290494,0.7613386018343988
1971-08-11,1.1902401079790303,0.7313791531332078
1971-08-12,1.4056628302756589,0.7834572241531117
1971-08-13,-0.3234366162962074,0.8564705297048337
1971-08-16,3.1578860802627617,0.8277238941964715
1971-08-17,1.2377473515814574,1.2312398309190002
1971-08-18,-1.3998913490172198,1.2244180480648257
1971-08-19,-0.4472408422936323,1.2448079711408238
1971-08-20,0.1730349703382825,1.1929525815569066
1971-08-23,0.9312732153708831,1.1351670763362804
1971-08-24,1.1520302888325884,1.1127426864746774
1971-08-25,0.0099617907278821,1.1105785414343097
1971-08-26,-0.1694551086250053,1.0574363108317855
1971-08-27,0.2391446852206172,1.0098416479827999
1971-08-30,-0.9600140869238027,0.9646778056547747
1971-08-31,-0.4935773053010794,0.9707706519921251
1971-09-01,0.0403845697921236,0.9412362770847454
1971-09-02,0.2218202361710073,0.8989011485546824
1971-09-03,1.4001643908039585,0.8608813930910166
1971-09-07,0.4558064524779479,0.9196513105083153
1971-09-08,0.1876585211840807,0.8871733104415422
1971-09-09,-0.5342777998260407,0.8493980753055311
1971-09-10,-0.3777013540047632,0.8325147850549829
1971-09-13,-0.3491434319853519,0.808124050681235
1971-09-14,-0.7321665237936668,0.7843290475845031
1971-09-15,0.4319230463886802,0.7894630353720273
1971-09-16,-0.1103073679403775,0.766059707075687
1971-09-17,0.3005667208526431,0.7373247183778737
1971-09-20,-0.2805038707116836,0.71292549385909
1971-09-21,-0.3416785285892804,0.6937813478337695
1971-09-22,-0.8796327158393557,0.6792724577493345
1971-09-23,-0.0914442207311613,0.7137217575980466
1971-09-24,-0.2340567180232459,0.6884875488537867
1971-09-27,-0.5414517674422261,0.6694189033715032
1971-09-28,0.2659791919318067,0.6708084545952112
1971-09-29,0.0204354608798543,0.6505657294552551
1971-09-30,0.4484259621965487,0.6287389160061421
1971-10-01,0.5981707675368917,0.6202123761159997
1971-10-04,0.2826274013738982,0.6229892686934322
1971-10-05,-0.1008455856693196,0.6072199615024662
1971-10-06,0.7138210407260523,0.5905607341390987
1971-10-07,0.2001571443931424,0.6073834366663046
1971-10-08,-0.6620508100135305,0.5905350567375743
1971-10-11,-0.1510817894363315,0.6130713650227153
1971-10-12,0.3622104901420953,0.5973199362005965
1971-10-13,-0.5438089128443906,0.5871206203403453
1971-10-14,-0.9129719977429042,0.5983168498541128
1971-10-15,-0.3470770542821753,0.6503480712244735
1971-10-18,-0.4509615542306879,0.6400952463718428
1971-10-19,-0.3601737640671653,0.6376283048185282
1971-10-20,-1.4015266664388155,0.6293545309737522
1971-10-21,-0.0522907742715676,0.7522154081658037
1971-10-22,-0.0313844011408111,0.7235028455239207
1971-10-25,-0.4930006578520212,0.6966257247848752
1971-10-26,-0.3792678559093197,0.6914133429191175
1971-10-27,-1.0078024664950345,0.6792263917398335
1971-10-28,0.18108997646059,0.7299787749732404
1971-10-29,0.2869487796643313,0.7032240774544152
1971-11-01,-1.5291965166080996,0.6810535247358289
1971-11-02,0.4086436986296328,0.8136112561758714
1971-11-03,1.8396003063702249,0.7872814822487477
1971-11-04,-0.1265184604043607,0.9296521656084755
1971-11-05,-0.348747334768201,0.8897480959138278
1971-11-08,-0.0741325905168937,0.8595261179898431
1971-11-09,0.0741325905169081,0.8235479726975422
1971-11-10,-1.117800968630951,0.7891450004854313
1971-11-11,-1.390634032169171,0.8363416879654793
1971-11-12,0.0,0.9130095185060861
1971-11-15,-0.337090720408136,0.87268258471562
1971-11-16,0.9755134180051568,0.8432682367497616
1971-11-17,0.1508939621191162,0.8545751773308172
1971-11-18,-0.7784678056095156,0.8185583858703919
1971-11-19,-0.5660150619196735,0.8240716686401638
1971-11-22,-0.8991285221940012,0.8116615389936072
1971-11-23,-0.6963247118261956,0.8299882632080642
1971-11-24,0.1883741083063318,0.827010886452407
1971-11-26,1.7666565499945943,0.7934018353796133
1971-11-29,1.586222815701496,0.9216231204630154
1971-11-30,0.6189925814496896,0.9958257381842915
1971-12-01,1.5309432466259378,0.9652936160567082
1971-12-02,0.4182292786286275,1.024630931463993
1971-12-03,1.264922266701088,0.9831186836857738
1971-12-06,-0.5682666769638158,1.0074778291029158
1971-12-07,0.3723249737717013,0.9791552204990073
1971-12-08,0.0515975264319935,0.9393275476419843
1971-12-09,0.0412635822793156,0.8971095651853852
1971-12-10,0.7500711777529457,0.8576997140420444
1971-12-13,0.2862097160305691,0.8477080437997363
1971-12-14,-0.306689110449422,0.8146916424195547
1971-12-15,0.886813569471265,0.7884799700230761
1971-12-16,1.2104212293246763,0.7976254489742308
1971-12-17,0.5200054442279407,0.8416853000994619
1971-12-20,1.2784484935904796,0.8183493729309496
1971-12-21,0.2458816016227641,0.8678866178334124
1971-12-22,-0.610902221443925,0.8324836196496935
1971-12-23,-0.4358192767837823,0.8225146413920681
1971-12-27,0.2082395416337575,0.8020110881411534
1971-12-28,0.9857152558139456,0.770508164314301
1971-12-29,0.2547044297071997,0.7920123486251152
1971-12-30,-0.4215902216527752,0.7622246803360189
1971-12-31,0.3041132142401206,0.7461355314050377
1972-01-03,-0.4122485032255419,0.7211700880948728
1972-01-04,0.4122485032255383,0.7082206814154833
1972-01-05,0.9456577901362722,0.6906213671558012
1972-01-06,0.43569278226683,0.7186227412930192
1972-01-07,-0.0386519619060799,0.7012836416161679
1972-01-10,-0.1450762140567276,0.6761374989018707
1972-01-11,0.318888832929973,0.655061896237014
1972-01-12,-0.0579088885192844,0.6379164759268583
1972-01-13,-0.5808889322457023,0.6179095404855339
1972-01-14,0.3876364299616454,0.6287183359694055
1972-01-17,0.299384611155465,0.6168953926447336
1972-01-18,0.336949636260152,0.6022525328434284
1972-01-19,-0.1635221814770138,0.5904339780217324
1972-01-20,0.0,0.5770332209195909
1972-01-21,-0.2216506751352528,0.5611959329339937
1972-01-24,-1.0474364259217557,0.552774036407601
1972-01-25,0.1266597875219578,0.6338505891907232
1972-01-26,-0.1949288640783463,0.6136387862126117
1972-01-27,0.9708814126960904,0.5993659617994316
1972-01-28,0.6356600913334807,0.644667534992818
1972-01-31,-0.2114380549851995,0.6477667156528059
1972-02-01,0.0673235834837774,0.6312101256982434
1972-02-02,0.6421011673521582,0.6108160758915736
1972-02-03,-0.0382198701247804,0.6183680297196205
1972-02-04,0.2100251089001386,0.5996118171110383
1972-02-07,-0.3056350922568823,0.5836423891312379
1972-02-08,0.1911286413335238,0.5773968544315963
1972-02-09,0.7703734751454582,0.562848910901688
1972-02-10,0.0378831928831343,0.5895489681814373
1972-02-11,-0.4841652893393617,0.5724742227237045
1972-02-14,-0.4674072490455578,0.580173276204315
1972-02-15,0.4198102260037669,0.5855645691844185
1972-02-16,0.5601761270900739,0.5795555499246344
1972-02-17,-0.0284138147089297,0.5838832267090046
1972-02-18,-0.2940179153889596,0.5677933027586081
1972-02-22,0.0095000581777959,0.5624504098199974
1972-02-23,0.0854382153580201,0.5477506976514457
1972-02-24,0.0664039266912644,0.5342173095311482
1972-02-25,0.6898892045208539,0.5217715461867694
1972-02-28,0.0094195377016372,0.5457038683741836
1972-02-29,0.3572077962568679,0.5324236379184948
1972-03-01,0.7292466741487235,0.5282220398262293
1972-03-02,-0.0279487396916488,0.5555081671447009
1972-03-03,0.576051709485788,0.5417917856671199
1972-03-06,0.7659990434404009,0.5519456776552004
1972-03-07,0.0919004878097934,0.5797829471647375
1972-03-08,0.0826298877608106,0.5636069106912016
1972-03-09,-0.0183539632698692,0.5487202682563741
1972-03-10,-0.5153749570267194,0.5354586966897508
1972-03-13,-0.9735327242341072,0.5506276892777201
1972-03-14,0.2605368330707812,0.6206287165920668
1972-03-15,0.1300143099671087,0.6043258879616377
1972-03-16,-0.2322881416139638,0.586501664036115
1972-03-17,0.3899347365004997,0.5762113750258085
1972-03-20,-0.3062522364542199,0.5694358082249081
1972-03-21,-0.840021648163276,0.5646354179996309
1972-03-22,0.1404897878636072,0.6127960753031336
1972-03-23,0.8481375018673586,0.594423738054383
1972-03-24,-0.2136883430498864,0.6252906930930083
1972-03-27,-0.2048167475347189,0.6107443696427258
1972-03-28,-0.1212336438620914,0.5971087422725129
1972-03-29,-0.6365277672483857,0.581820473634738
1972-03-30,0.6645156201904877,0.6028599438234199
1972-04-03,0.2608594811578805,0.6133836145561828
1972-04-04,0.5936931830946102,0.5977003123973045
1972-04-05,0.8106135417807515,0.6026668640345573
1972-04-06,0.4850590961591158,0.6280382099213121
1972-04-07,0.0821391482718241,0.6218240438593378
1972-04-10,-0.1552068587247514,0.6022139559706691
1972-04-11,0.2828387354110693,0.5875167958125391
1972-04-12,0.3819211374047184,0.5748180776750784
1972-04-13,-0.2453512414390359,0.5677462590871734
1972-04-14,-0.0637154280656509,0.5598288621014281
1972-04-17,-0.300883932447625,0.5463433512624025
1972-04-18,0.2371348322863022,0.5435741291793316
1972-04-19,-0.5206201753399073,0.533230148909063
1972-04-20,-0.1466239579774957,0.5491973922932456
1972-04-21,-0.1376603031772005,0.5388803740021798
1972-04-24,-0.6449229487361534,0.5292014956313552
1972-04-25,-0.9939236242243336,0.558888365388236
1972-04-26,-0.2149464447388446,0.6302777309082868
1972-04-27,0.1495780967706861,0.6153511430116758
1972-04-28,0.5774933277981368,0.5969024157053351
1972-05-01,-0.914352073490477,0.6006412304590439
1972-05-02,-0.5733912387921657,0.6524451004419066
1972-05-03,-0.0848813814481572,0.6584510820442179
1972-05-04,0.245007792038206,0.6373237658297963
1972-05-05,0.3570064467500576,0.6191741940271965
1972-05-08,-0.4605900622716627,0.606742086548263
1972-05-09,-1.3277903193524323,0.6085810312945678
1972-05-10,0.647128560213548,0.7236273619620652
1972-05-11,0.3314539543989335,0.7191889233431836
1972-05-12,0.575066989366657,0.6972728305756959
1972-05-15,0.4502008745741704,0.6902359133189169
1972-05-16,-0.1873332734441892,0.676135191613807
1972-05-17,0.2154023068887111,0.6563623880927265
1972-05-18,0.9775277232911432,0.6359143792078207
1972-05-19,0.9588870149484224,0.6760190883506944
1972-05-22,0.6493817722410093,0.7076747806837123
1972-05-23,0.0820124321632971,0.7050593639323363
1972-05-24,0.4816209846857826,0.6791131668040318
1972-05-25,0.1358894335665141,0.6677995751443595
1972-05-26,0.1809014378580605,0.645065353434855
1972-05-30,-0.2805351688190595,0.6247807094587648
1972-05-31,-0.7458645684381107,0.6133007912558511
1972-06-01,0.1459754489835,0.6418663930178102
1972-06-02,0.0364605914806598,0.6212652920447403
1972-06-05,-0.8327695342006166,0.6016580106371799
1972-06-06,-0.562136313046684,0.6425372047976918
1972-06-07,-0.5188537138087524,0.6487094225595595
1972-06-08,-0.3443010390057454,0.6505400597394648
1972-06-09,-0.3922655353439793,0.6401099935280996
1972-06-12,0.1402735760496205,0.6336040995400003
1972-06-13,0.5033576087170669,0.6135751700792447
1972-06-14,0.7779944107604033,0.6100237418471239
1972-06-15,0.0461218947764885,0.6308269480421308
1972-06-16,-0.0738024294832273,0.6104521883759968
1972-06-19,-0.2309789899189168,0.5929357415094629
1972-06-20,0.4153760087276543,0.5819975268292928
1972-06-21,0.2116433810928237,0.5760830868592318
1972-06-22,-0.1011639482369596,0.562143904669163
1972-06-23,-0.3779711048567554,0.5493130393347228
1972-06-26,-0.732326133721093,0.5513167583301455
1972-06-27,-0.1023975953811263,0.5878895914867875
1972-06-28,-0.3265137510768864,0.5728835751946795
1972-06-29,-0.1870529461101899,0.5689517800007247
1972-06-30,0.2991212701339562,0.5583346428238276
1972-07-03,0.3261415355163944,0.5489038232419717
1972-07-05,0.5658910418512295,0.5415428973465202
1972-07-06,0.8658085254805477,0.5508497069902293
1972-07-07,-0.3214979747328703,0.5908297218361337
1972-07-10,-0.5350583086867498,0.5847988982174347
1972-07-11,-0.7334210236515623,0.5954835200395837
1972-07-12,-0.4014760138053526,0.6252688479643788
1972-07-13,-0.5723153169878835,0.6208567117142029
1972-07-14,0.4880845694720038,0.6305153380673817
1972-07-17,-0.8651603682223074,0.6242497906720536
1972-07-18,-0.0472301010900324,0.6655399422126008
1972-07-19,0.2924921241828263,0.6432162223180177
1972-07-20,-0.3113961806732632,0.6260917898026579
1972-07-21,0.8001229664299212,0.6161053202277982
1972-07-24,1.1743955425845491,0.6384293622912186
1972-07-25,-0.2969561386069121,0.7049249320597705
1972-07-26,-0.0650766496428205,0.6872033124685486
1972-07-27,-0.2327639455466509,0.6634997007831424
1972-07-28,0.0931691821511771,0.6464620870975553
1972-07-31,0.0093142770350057,0.6249876824145123
1972-08-01,0.9361040895298888,0.6052136998273187
1972-08-02,0.817680498370859,0.6450723350131954
1972-08-03,0.7747370227109941,0.6653021089538476
1972-08-04,0.2629560529824125,0.6785313554014921
1972-08-07,0.1628667609651321,0.6575829825645344
1972-08-08,0.0723017021568341,0.6360072778663841
1972-08-09,0.1534626043483789,0.6152518277979806
1972-08-10,0.1712428324105466,0.5968698513957617
1972-08-11,0.8071737963385607,0.5802859325386771
1972-08-14,0.5345278682669543,0.6085499658364725
1972-08-15,-0.4363174116886288,0.6077179260267044
1972-08-16,-0.3575847671358491,0.6076066114881047
1972-08-17,-0.2870022815048483,0.6021112374671596
1972-08-18,0.3765184199019561,0.5930645186439253
1972-08-21,-0.0357982059725002,0.5839721779260374
1972-08-22,0.6157182048423832,0.5679772421652489
1972-08-23,-0.1335305508486672,0.5783868551215746
1972-08-24,-1.110729351854638,0.5650575295335236
1972-08-25,-0.3157551293300485,0.6536142710686931
1972-08-28,-0.3983661302392023,0.6413289656151935
1972-08-29,0.1631620190195787,0.635099731125556
1972-08-30,0.1448059174965791,0.6152898786274895
1972-08-31,0.4691848834095742,0.5967770394795215
1972-09-01,0.3773641506187208,0.5926776129736179
1972-09-05,-0.2514132350522821,0.5836647816422346
1972-09-06,-0.6132224875365556,0.574541010172027
1972-09-07,-0.2354666289534804,0.5941550761333271
1972-09-08,-0.1270181518058358,0.5833089009570344
1972-09-11,-0.5827198306248045,0.5693602863336568
1972-09-12,-0.954224048888251,0.5865795631633338
1972-09-13,0.3956395644700703,0.646560143288871
1972-09-14,0.0275432945272459,0.6335281169675941
1972-09-15,-0.1102257370343917,0.6129889763502494
1972-09-18,-0.183972961397978,0.5960844911146093
1972-09-19,-0.055256547346258,0.5829270370859492
1972-09-20,0.0460469011239903,0.5673309836119255
1972-09-21,-0.1566587150798229,0.5520668354951854
1972-09-22,0.0829650558366158,0.5418395238138981
1972-09-25,-0.4340345660117177,0.5287985462392781
1972-09-26,0.0647635614500843,0.5375495352434151
1972-09-27,1.4142956559690385,0.5248124544325826
1972-09-28,0.6272415504089393,0.6586424765929183
1972-09-29,0.1810816033565581,0.6595115457788421
1972-10-02,-0.3534047244733458,0.6380979782077542
1972-10-03,0.1270066263303548,0.6293731482989999
1972-10-04,-0.1905774109627161,0.6095171559192328
1972-10-05,-1.0959987064867045,0.5954365026069903
1972-10-06,0.6681671920695611,0.6749279318968785
1972-10-09,0.2551010620370916,0.677354169051746
1972-10-10,0.081855785315839,0.656272835504525
1972-10-11,-0.44648838904268,0.6339882702019265
1972-10-12,-0.8253155807170846,0.6318343461624436
1972-10-13,-0.6281198516662211,0.6669719371766017
1972-10-16,-1.0713238183305998,0.6762013832115854
1972-10-17,0.6813890818301219,0.736200614041673
1972-10-18,0.6398115697678276,0.7331171563573563
1972-10-19,-0.1294852068560453,0.7271666701274017
1972-10-20,1.095316585328166,0.7017450782298421
1972-10-23,1.0109841824998946,0.7462438503918181
1972-10-24,0.4159882040754051,0.7738506749591056
1972-10-25,-0.0812498021374024,0.7509896486627886
1972-10-26,0.2435585022338277,0.7228091823539226
1972-10-27,-0.3339158521320114,0.6978961016052889
1972-10-30,-0.0271293422536538,0.6826133227256482
1972-10-31,0.8912202854645281,0.6587316173744514
1972-11-01,0.9721337096967774,0.6850983304057436
1972-11-02,0.4958002048390535,0.7169749435102036
1972-11-03,0.8705245951033199,0.7030297453069654
1972-11-06,-0.2103400065208357,0.7211280425028868
1972-11-08,-0.5542660366925791,0.6985466106077931
1972-11-09,0.132247342957725,0.6978188709755548
1972-11-10,0.2024410791589193,0.6727773639693897
1972-11-13,0.1493636136743826,0.650754231572187
1972-11-14,0.9176340810832484,0.6295070071506862
1972-11-15,-0.3922401666328654,0.6632566059711833
1972-11-16,0.5487077834924357,0.6544977665309794
1972-11-17,0.3122026800673618,0.6499011669869051
1972-11-20,0.0346298298921045,0.6329347889698558
1972-11-21,0.5868665427754158,0.612418141526211
1972-11-22,0.591999017431142,0.6151604476371846
1972-11-24,0.3160058316412824,0.6180066354064202
1972-11-27,-0.4701025174373011,0.6039126411024731
1972-11-28,-0.214417507752099,0.6068139403214338
1972-11-29,0.0429163685900839,0.5939143224548634
1972-11-30,0.1286517860160826,0.5764753402791614
1972-12-01,0.6067090589665288,0.5609148809540367
1972-12-04,0.3317029618182983,0.571395964737219
1972-12-05,-0.1614572802358032,0.5621667587753383
1972-12-06,0.3650416192821346,0.551196752091249
1972-12-07,0.4987088958095593,0.545537814875638
1972-12-08,0.2189861375693608,0.5489874582378843
1972-12-11,0.2185076359463132,0.5376127570416191
1972-12-12,-0.3869119740320795,0.5272437692009075
1972-12-13,-0.0843150737084146,0.5324197182774791
1972-12-14,-0.2702701822629102,0.5217901833303988
1972-12-15,0.0169169323540684,0.5197735901478232
1972-12-18,-1.1566726925651205,0.5086949956050828
1972-12-19,-0.4801974525910325,0.6190785724410852
1972-12-20,-0.3357869623029867,0.6210902073544934
1972-12-21,-0.7270839152635015,0.6129545137068337
1972-12-22,0.6235416523071843,0.6394394830320768
1972-12-26,0.4049471012636457,0.6421268463172521
1972-12-27,0.5402381997116376,0.6299644321519317
1972-12-29,0.9532821620793231,0.6272893304035395
1973-01-02,0.8855174166586938,0.6657409544593271
1973-01-03,0.3938507829702686,0.6904822358100744
1973-01-04,-0.1422757641154472,0.6735268349122261
1973-01-05,0.392863139395745,0.6525802137018148
1973-01-08,-0.0166896983193068,0.6388749506731463
1973-01-09,-0.1001712382538391,0.6182360341486832
1973-01-10,-0.250880753067832,0.6006553296107168
1973-01-11,0.6759299442726459,0.5899320759581375
1973-01-12,-0.7848372993926104,0.6031402309100531
1973-01-15,-0.7234830837993331,0.6378397359884501
1973-01-16,-0.2536167133663716,0.660406266494131
1973-01-17,0.4560441281290361,0.6445137426420033
1973-01-18,0.1431382973469607,0.6349347363755391
1973-01-19,-0.0589148656802699,0.6148390015413483
1973-01-22,-0.481033629334254,0.5966909372808206
1973-01-23,0.0084609704551287,0.6012920737951406
1973-01-24,-1.268370129923733,0.5834094819546172
1973-01-26,-0.2401634298920212,0.6943233366508269
1973-01-29,-0.3785557422248478,0.675016902457152
1973-01-30,-0.1552797949132089,0.6643066018455395
1973-01-31,0.1725153086496413,0.6444687424355314
1973-02-01,-1.1005758110942765,0.624078673341012
1973-02-02,-0.3579102603073739,0.6983272696324486
1973-02-05,-0.1049917991504985,0.6842965770830365
1973-02-06,0.1924030600674239,0.6615832142294646
1973-02-07,-0.6926451645189222,0.6402254798975845
1973-02-08,-0.4408789293244801,0.6591919984086431
1973-02-09,1.3342864880685443,0.6540486188673128
1973-02-12,1.196163405046082,0.7418070061936407
1973-02-13,0.6184534675639228,0.792939855773191
1973-02-14,-1.4490509931523767,0.7797152704826303
1973-02-15,-0.5663282736827577,0.8762339419942784
1973-02-16,0.4620209656923905,0.8590446819643713
1973-02-20,0.3646137905570997,0.8314833031800493
1973-02-21,-0.6171509633087301,0.8020859793286884
1973-02-22,-0.2182168148019113,0.7955935499844851
1973-02-23,-1.1247910719822711,0.767541213509946
1973-02-26,-0.8608894477364453,0.8191307859149307
1973-02-27,-1.1564976202852797,0.8325726935601482
1973-02-28,0.7008733631279851,0.8779413768552276
1973-03-01,-0.5657063925282735,0.8624766544456751
1973-03-02,1.1015162800355776,0.8464906127400573
1973-03-05,0.3556205094785528,0.8706357115393207
1973-03-06,1.2523297778346023,0.8380272966678792
1973-03-07,0.3062776239166914,0.8811805100196559
1973-03-08,-0.1924030600674278,0.8463150889245347
1973-03-09,-0.3859336718670696,0.8137503528986324
1973-03-12,0.0614976468799993,0.7913052522906984
1973-03-13,0.5430535688034294,0.7591204094386056
1973-03-14,0.4358064819434459,0.74418193502265
1973-03-15,-0.7507678978159145,0.7246813456262261
1973-03-16,-0.5095344606731138,0.7386954377745797
1973-03-19,-1.213964447285173,0.7304879230737975
1973-03-20,-0.1963245548450511,0.800953477240087
1973-03-21,-1.3127315993825184,0.7718183600439559
1973-03-22,-1.50461195226096,0.849036082144755
1973-03-23,0.0367452849116837,0.9403020542635548
1973-03-26,0.8778395001878205,0.8980339581234547
1973-03-27,1.553781275572771,0.8942465881640164
1973-03-28,0.0537729091783536,0.9686383950124031
1973-03-29,0.9717870164301294,0.9244991741678753
1973-03-30,-1.0614223220544037,0.9261640368957742
1973-04-02,-1.208852209622162,0.9472538719183733
1973-04-03,-0.8568117764246383,0.9822401805313667
1973-04-04,-0.431174680703759,0.9770508994097058
1973-04-05,-0.2301073386126939,0.9438826593053957
1973-04-06,0.6978927795110867,0.905459276705247
1973-04-09,1.435476484520205,0.8872963746282518
1973-04-10,1.2103958020456556,0.9464809751213424
1973-04-11,0.4179838198790407,0.9695628392187461
1973-04-12,-0.0887849416156047,0.9319504524019346
1973-04-13,-0.4451177934571534,0.8912632045993358
1973-04-16,-0.5726566986425533,0.8655527928437995
1973-04-17,-0.4496814745724592,0.8497560546792433
1973-04-18,0.539374253583625,0.8277260379901638
1973-04-19,0.5632282163736193,0.8065997484167117
1973-04-23,-0.5363367463403801,0.788660618884441
1973-04-24,-1.4262760722820729,0.7775225411443213
1973-04-25,-1.511503671923646,0.8709122973873957
1973-04-26,0.5063796325011463,0.9590189890152943
1973-04-27,-1.5362101214785446,0.9257654219395779
1973-04-30,-0.2427658808292506,1.007381082646217
1973-05-01,0.1214530476788311,0.9649211793447234
1973-05-02,1.2341843092118794,0.9212559850007928
1973-05-03,1.6373573231653604,0.9503355797643006
1973-05-04,0.705182178209408,1.0267865601940311
1973-05-07,-0.4243235033558879,0.9986581714892623
1973-05-08,0.6492954767574323,0.96353195386701
1973-05-09,-0.7307511878218779,0.9373257814680435
1973-05-10,-0.8182621454628416,0.9263098841329603
1973-05-11,-1.2585740998869004,0.9236186101396405
1973-05-14,-2.120877969859553,0.9680529903366695
1973-05-15,0.6306776353208879,1.1352604487092743
1973-05-16,-0.1314548448908759,1.0945889573161458
1973-05-17,-0.8208006413352691,1.0438801008830538
1973-05-18,-1.6235644214136324,1.0296291235993271
1973-05-21,-1.093962438742993,1.1055651903878891
1973-05-22,0.8240058768011992,1.10871729300162
1973-05-23,0.4719468043928496,1.0811893864171394
1973-05-24,2.907263803868859,1.0376193839372554
1973-05-25,0.743915505262774,1.314462348266671
1973-05-29,-0.3991653441475856,1.2660940217161227
1973-05-30,-1.499417493406235,1.2110332637607666
1973-05-31,-0.9105694244702416,1.2441872794650892
1973-06-01,-0.9766418651745572,1.2182845121723418
1973-06-04,-0.927990301309029,1.1997654634273798
1973-06-05,1.5897068671800498,1.1791856906683391
1973-06-06,-0.2967552912814216,1.2146578060786422
1973-06-07,1.45612739236857,1.159825234388758
1973-06-08,1.1180672384770474,1.1827329457510054
1973-06-11,-0.308802788462566,1.1704520311603954
1973-06-12,1.4791692388275697,1.1188917191050034
1973-06-13,-0.6392188548038173,1.1496254286825234
1973-06-14,-1.1215042298142175,1.1139521902537726
1973-06-15,-1.229332788395884,1.118815765083442
1973-06-18,-1.4374948267730538,1.1339437744142942
1973-06-19,0.3757405032666534,1.1702030487367465
1973-06-20,0.4318047077600451,1.1175361854459387
1973-06-21,-1.184702849977616,1.07005052844976
1973-06-22,0.4736347099453177,1.086389998530421
1973-06-25,-1.408129088385459,1.042516870096601
1973-06-26,1.0216610745351236,1.0880561131342044
1973-06-27,0.3092982224672168,1.0770847897586697
1973-06-28,1.027323775866716,1.0289089502634154
1973-06-29,-0.4115825822188079,1.0244090639601238
1973-07-02,-1.313014216065476,0.9867959603515558
1973-07-03,-1.0060140105146522,1.0287016404345053
1973-07-05,-0.0883908396472056,1.032004449666278
1973-07-06,-0.4924662824030422,0.984708734467452
1973-07-09,0.8455468900750884,0.9540075752551539
1973-07-10,1.3420383080854386,0.9419971007110995
1973-07-11,2.178574994407521,0.9808825210912896
1973-07-12,-0.2839595352669026,1.136526364579938
1973-07-13,-1.345507857088881,1.08650502413266
1973-07-16,1.5065138779660432,1.1184506057075827
1973-07-17,0.0473088157763237,1.1523905126722407
1973-07-18,0.5941426015880596,1.0965478025886328
1973-07-19,0.1878859887645172,1.0570161431268836
1973-07-20,0.5521997569865909,1.008008442311867
1973-07-23,0.3540460797310546,0.9731534955975899
1973-07-24,0.574983275641349,0.9331881802579143
1973-07-25,1.377558755794388,0.9053115202951456
1973-07-26,0.1913519072335451,0.9540499009525292
1973-07-27,-0.2369688881206386,0.9118256057968891
1973-07-30,-0.3107262083145095,0.8758683887269624
1973-07-31,-0.9472630481281152,0.8451271845889056
1973-08-01,-1.2927400396730433,0.8642918630048209
1973-08-02,-0.1498863625897869,0.9224169402050372
1973-08-03,-0.1688875504883722,0.8834708670984976
1973-08-06,0.2251248411544171,0.8476539461737417
1973-08-07,-0.1687925192268789,0.8132442401777618
1973-08-08,-0.9429583978941168,0.7824371943141378
1973-08-09,0.0568266330439634,0.809431878455634
1973-08-10,-0.7985630213788255,0.7759805564419385
1973-08-13,-1.0168905550012464,0.7884400933128728
1973-08-14,-0.9689059509878316,0.823198779761806
1973-08-15,0.291661736968901,0.8475798754479109
1973-08-16,-0.7014166214462946,0.8147177502235423
1973-08-17,0.0195470608790005,0.8137843735736157
1973-08-20,-0.686543452342134,0.7800983257206414
1973-08-21,-0.7111153133981669,0.7816271176727085
1973-08-22,-0.3574630095960844,0.7851583299141519
1973-08-23,1.3633928500688188,0.7636425076838851
1973-08-24,-0.2849713581788984,0.834166853768998
1973-08-27,0.7841594962949625,0.8055765062610972
1973-08-28,0.5841123395675022,0.8035802507571168
1973-08-29,0.9756195796481038,0.7871772885835361
1973-08-30,-0.1442946994061635,0.8054349881895381
1973-08-31,0.3555500324313955,0.7745861071724983
1973-09-04,0.2490920367942125,0.7492019538413051
1973-09-05,0.1243100829165022,0.7224378485281088
1973-09-06,0.4862034784140047,0.6954960165201813
1973-09-07,-0.3715876628985472,0.6829428773424107
1973-09-10,-0.8724504402156058,0.6710857968391212
1973-09-11,-0.6084891082208863,0.7059086964845184
1973-09-12,-0.1551325335903463,0.708880823366574
1973-09-13,0.2906726728491566,0.6855235405363311
1973-09-14,1.0394721267692757,0.6648793080103217
1973-09-17,-0.2780584849326158,0.7081717512937866
1973-09-18,-0.3655303090326383,0.6893154299019035
1973-09-19,2.0129472150946106,0.6765259896543385
1973-09-20,0.8276993127593345,0.8828226268980529
1973-09-21,0.4112875622835885,0.8764306881080923
1973-09-24,0.1491458739653045,0.845401923910977
1973-09-25,0.6406432288370827,0.8099963308360204
1973-09-26,0.7192937336042202,0.7966815515545973
1973-09-27,0.2294526230856454,0.7903717585418106
1973-09-28,-0.5976768465147738,0.7601271612952571
1973-10-01,-0.2031031175682875,0.7563861917369933
1973-10-02,0.5345651725634656,0.7308197921184657
1973-10-03,-0.0091944075484182,0.7179339049264561
1973-10-04,-0.3407113319673544,0.691248687897011
1973-10-05,1.3195415486670643,0.6769130488662993
1973-10-08,0.3453337489074341,0.7576087012079195
1973-10-09,-0.0907661191726937,0.7331693923037277
1973-10-10,-0.8297253336837859,0.7064710233260937
1973-10-11,1.6976442727822096,0.7312194623473589
1973-10-12,0.3145700750976301,0.8622534271186473
1973-10-15,-1.255151567624085,0.8289763955240186
1973-10-16,0.1271334952899425,0.8878729616770336
1973-10-17,-0.1998558232846,0.849368226995009
1973-10-18,0.0363677746684364,0.8167930247562836
1973-10-19,0.1907089360384094,0.7828482778054187
1973-10-22,-0.9663650142014132,0.7524068764940649
1973-10-23,0.5390322567054778,0.7863854243246735
1973-10-24,0.4726821372451255,0.7687912372531264
1973-10-25,0.2083647630075554,0.749067550690576
1973-10-26,0.7932232544152407,0.7214030109726882
1973-10-29,-0.2067099363649142,0.7295870130914522
1973-10-30,-1.650980594395561,0.706215669655911
1973-10-31,-0.95580260996638,0.854371371339219
1973-11-01,-0.5556070083215563,0.8732677141475
1973-11-02,-0.57739286915426,0.8556374375686578
1973-11-05,-1.4582346724119353,0.8410751439305918
1973-11-06,-0.5321160122665919,0.9268552643911613
1973-11-07,0.7971231795642402,0.9031026976302882
1973-11-08,1.146515324701981,0.8922844690022891
1973-11-09,-1.620225339432502,0.9153763409727337
1973-11-12,-0.8200680914396318,1.0114277161534015
1973-11-13,-0.076630109004082,1.0002556236706943
1973-11-14,-1.8471621219916972,0.9548785226197545
1973-11-15,-0.0195203469328225,1.0786821763481962
1973-11-16,1.4056718926794407,1.027710081379235
1973-11-19,-3.099126978527305,1.0621778500351264
1973-11-20,-2.056545764525104,1.392455390813716
1973-11-21,1.1087689861405574,1.4687485650413272
1973-11-23,-0.3212851031472082,1.4299402841780957
1973-11-26,-2.918277234966824,1.361899979488563
1973-11-27,-0.9153432834226406,1.576448737515639
1973-11-28,2.0171406378576062,1.5235458114587226
1973-11-29,-0.3487939203745868,1.5631508667047473
1973-11-30,-1.397030531416679,1.487432133571049
1973-12-03,-2.1701025966516583,1.4782158688480633
1973-12-04,-0.3306901424374962,1.5563282383429973
1973-12-05,-1.5397264355873546,1.4805931912759511
1973-12-06,2.4226659041473355,1.485593210125596
1973-12-07,2.189375632837068,1.5821767021212403
1973-12-10,1.481046118041347,1.634285254890323
1973-12-11,-1.9692332348443915,1.608752437618919
1973-12-12,-2.6054964859472336,1.6441292851688638
1973-12-13,-1.279934075524161,1.7549910778379865
1973-12-14,0.9802455515537944,1.7114631403559772
1973-12-17,-0.5805229299103049,1.646185550885803
1973-12-18,2.1228573459712976,1.5723558329000937
1973-12-19,0.0844079308239874,1.6178693003496885
1973-12-20,-0.2851526874375707,1.533931039420877
1973-12-21,-1.0739665295832532,1.4585533531117245
1973-12-24,-0.6865499840535207,1.4256814961243112
1973-12-26,3.01124994067772,1.3716396743531498
1973-12-27,2.067470833422102,1.5815804856909923
1973-12-28,-0.2048310317672511,1.6194567608943162
1973-12-31,0.0102538685076774,1.5373934339060722
1974-01-02,0.1331734573532828,1.4582478881638454
1974-01-03,2.147138096946396,1.383971377207981
1974-01-04,-0.9058959838984406,1.459430064993865
1974-01-07,-0.8427747764755877,1.415121979739822
1974-01-08,-2.008406684963381,1.3704594310181266
1974-01-09,-2.8492003969060145,1.443786195016844
1974-01-10,-1.108669439731666,1.6287461054409085
1974-01-11,1.3652501779028472,1.5838735112918463
1974-01-14,-0.2565807381711882,1.5537529191799488
1974-01-15,0.8633202369837463,1.4765757871663154
1974-01-16,1.5166112707241777,1.422377185848797
1974-01-17,1.6894270005577845,1.4211492926110605
1974-01-18,-1.8044723647179504,1.4373057854979785
1974-01-21,-0.1675702460418089,1.4759380007919343
1974-01-22,1.1982446033800271,1.4019964259189177
1974-01-23,0.5371324097682724,1.3754582345737663
1974-01-24,-0.2578783220704421,1.3141635151485993
1974-01-25,-0.1964357772039584,1.2519284181224857
1974-01-28,-0.5604009409585277,1.1923389216093425
1974-01-29,-0.0832839218317094,1.1491989187428608
1974-01-30,1.087694386387693,1.0943398250343224
1974-01-31,-0.5061188004816765,1.0883554700847782
1974-02-01,-1.3028481789726498,1.0503406057117726
1974-02-04,-2.152671824230146,1.0822057234199494
1974-02-05,-0.3113437633391647,1.2289992491752044
1974-02-06,0.2791821133100106,1.1736357555950698
1974-02-07,0.0428826276028357,1.1185677434049206
1974-02-08,-1.0451004946215117,1.0648458515435877
1974-02-11,-1.825284970958461,1.0678512068922967
1974-02-12,0.3083689336620269,1.1661116512348177
1974-02-13,0.0439763796141962,1.1121057515648756
1974-02-14,-0.0329867629452534,1.0587891697675094
1974-02-15,1.440915379893306,1.009182850983159
1974-02-19,-0.1626920441080171,1.0504479595513336
1974-02-20,1.4227440440232657,1.0031773418780217
1974-02-21,1.3500036363391363,1.043095374663303
1974-02-22,0.7154163187259583,1.0691462271882055
1974-02-25,-0.3781126380857143,1.0381544540036325
1974-02-26,1.015557309006267,0.9981472685066468
1974-02-27,0.4158025977282852,0.9958341669115582
1974-02-28,-0.1868968487227478,0.9562694671248216
1974-03-01,-0.7196927454192303,0.9158449205948787
1974-03-04,0.0,0.906062906294942
1974-03-05,1.856419327582529,0.8661992655109534
1974-03-06,0.6758895692320107,0.9930896416774273
1974-03-07,-1.067115486990043,0.966001366795323
1974-03-08,0.8627789064375055,0.9827061970679201
1974-03-11,1.118692126613888,0.9692708759462101
1974-03-12,0.2726904422947265,0.979921564756899
1974-03-13,0.5932908344579184,0.9374112833333252
1974-03-14,-0.0902716728798656,0.9101788080609464
1974-03-15,-0.371993337039354,0.870981025062389
1974-03-18,-1.246654483393182,0.8432528456879157
1974-03-19,-0.8398243419597816,0.8986530410045158
1974-03-20,0.3490725644833394,0.9008574162633491
1974-03-21,-0.2360099208623239,0.8658485120455282
1974-03-22,-0.0719384413624455,0.8331720694773086
1974-03-25,0.3796656903870596,0.7989876552812831
1974-03-26,0.3169873960548496,0.7726288928289213
1974-03-27,-1.3981934957023434,0.7460521858289193
1974-03-28,-1.8494824021746616,0.8415073187339772
1974-03-29,-0.8898324861169007,0.9912975895373818
1974-04-01,-0.7797970870403489,0.9880329899804406
1974-04-02,0.1071795118022806,0.9759368499895893
1974-04-03,1.0443438430973306,0.931464896640601
1974-04-04,0.0,0.9391831131373979
1974-04-05,-1.4092254850795194,0.8971207694461246
1974-04-08,-1.0592439635547486,0.9656899341402108
1974-04-09,0.6282536186157026,0.9816092890729705
1974-04-10,-0.2270138611256153,0.9527241458720417
1974-04-11,-0.3034890393732145,0.9135953521825733
1974-04-15,-0.0760163935398565,0.8797673259438712
1974-04-16,1.7339302023082406,0.842427912348496
1974-04-17,0.7446018152372611,0.9543146126176439
1974-04-18,0.4441142652306029,0.9349326995245121
1974-04-19,-1.0926738809589536,0.9008370608337959
1974-04-22,-0.3954504720687942,0.92871456254698
1974-04-23,-1.6955962566166387,0.8975863046935277
1974-04-24,-1.6583703344959293,1.008937655394031
1974-04-25,-0.8117055138723189,1.0933884556718185
1974-04-26,0.6787237297028635,1.0738166854842974
1974-04-29,-0.1998006046746955,1.0403587339503422
1974-04-30,0.3438498898821717,0.9945591123685966
1974-05-01,2.0928870786331477,0.9528186937821599
1974-05-02,-0.1410720048777956,1.1001957699390303
1974-05-03,-0.8725057360870833,1.0492855558855454
1974-05-06,-0.1863913324371284,1.0386516951585296
1974-05-07,0.372435893837147,0.9926596202344332
1974-05-08,0.1966142705206849,0.9518925571980096
1974-05-09,1.4301432330008526,0.909886667336018
1974-05-10,-1.61582202413187,0.9647242194442707
1974-05-13,-0.8894777107081573,1.0509068499558407
1974-05-14,0.0330838473237834,1.0415154779225486
1974-05-15,-0.2649946278240489,0.9926899965493973
1974-05-16,-0.8103454843877863,0.9519010629208667
1974-05-17,-1.6973398365980743,0.9458801196908748
1974-05-20,-0.3975679397225121,1.0478284181837312
1974-05-21,0.0568960026071427,1.007909644340145
1974-05-22,-0.9371580865634008,0.9612236529535111
1974-05-23,0.2293894580664189,0.9655282851175012
1974-05-24,1.4670199930649528,0.9231374151263937
1974-05-28,-0.2373542555856893,0.9807311788710459
1974-05-29,-1.688963278369474,0.9399526800855846
1974-05-30,0.6195532856617291,1.0417669943827963
1974-05-31,-0.1717149144557796,1.0076533187634882
1974-06-03,2.063798981254137,0.9634071154363589
1974-06-04,1.1604693140052291,1.1034897563664392
1974-06-05,0.1884158737735809,1.1030877984544774
1974-06-06,1.8105520710181189,1.051133618002346
1974-06-07,0.6395382054390297,1.1346985967916012
1974-06-10,0.5925095899686251,1.0945026079050006
1974-06-11,-0.8846747816044012,1.0550464077885542
1974-06-12,-0.2386908207934249,1.0448447727839552
1974-06-13,0.3036865550504971,0.9997226085924161
1974-06-14,-1.1326556393343234,0.9565832585896041
1974-06-17,-1.38967948199895,0.9815657372005779
1974-06-18,-0.6574250368723161,1.033860404035863
1974-06-19,-0.6842818032991589,1.0088250493210495
1974-06-20,-0.7116632913099954,0.9877671635480788
1974-06-21,-0.8538789374904142,0.9705468276933424
1974-06-24,0.2626360115774643,0.9663154847982208
1974-06-25,1.4603767472133866,0.9245097440542703
1974-06-26,-1.5516509459767238,0.9810051549323121
1974-06-27,-1.494971569987678,1.0551436210428127
1974-06-28,-0.3598141691576272,1.1097545786199141
1974-07-01,0.0232492077045791,1.0639932163042736
1974-07-02,-2.019788712158414,1.0137566760037675
1974-07-03,-0.0593331976498357,1.1533014974778242
1974-07-05,-0.7027559444700168,1.0979332227081933
1974-07-08,-3.1201405992353943,1.0703781540378803
1974-07-09,0.4798028762666667,1.4024155397287539
1974-07-10,-1.8456032403572784,1.3375469906107866
1974-07-11,-0.1250919300459929,1.3948658038431565
1974-07-12,3.999554313580436,1.3252878622838857
1974-07-15,0.7548076958692812,1.7372100313964596
1974-07-16,-1.1645503384962077,1.659927227759247
1974-07-17,1.0690143471175984,1.6162868562564439
1974-07-18,0.0955359913785981,1.5630832160523052
1974-07-19,-0.2868730920369541,1.4824103010074088
1974-07-22,0.3226732952385687,1.410262204906308
1974-07-23,0.9972823624319924,1.3411416232277913
1974-07-24,0.4008450770570098,1.3054954787010637
1974-07-25,-1.1954862146395322,1.2446923057447004
1974-07-26,-1.899325979568527,1.242324204004998
1974-07-29,-1.7877285822493667,1.3211833322857853
1974-07-30,-0.5450985186362383,1.3736492491858543
1974-07-31,-1.489299111237215,1.316822286158701
1974-08-01,-0.7085915606403079,1.335552641374951
1974-08-02,-0.2033859425310717,1.2893457822084122
1974-08-05,0.8867610550443334,1.2275300565932827
1974-08-06,1.5393530250034295,1.1941014988980367
1974-08-07,2.6109283648058463,1.2218708981028743
1974-08-08,-1.3153299157753515,1.3970088922599275
1974-08-09,-0.87422718103387,1.3896862107702685
1974-08-12,-1.382253009592168,1.348995829030656
1974-08-13,-1.5925540742826123,1.3530985218266707
1974-08-14,-2.267839098260591,1.378555582802973
1974-08-15,-0.5619831652285584,1.4862828661412433
1974-08-16,-0.829122177870114,1.4224257938467124
1974-08-19,-1.4643479045305798,1.3763771020511792
1974-08-20,0.5082906368127417,1.385557324201209
1974-08-21,-1.9399703384954663,1.3226529672292207
1974-08-22,-0.9705483324012634,1.3943135978683832
1974-08-23,-1.7319448467829814,1.3596268309131314
1974-08-26,0.848937784965988,1.4000851268922676
1974-08-27,-1.7051442743657788,1.3508227017193968
1974-08-28,-0.2540584279174728,1.389318720442378
1974-08-29,-1.094155530187778,1.3222623315629949
1974-08-30,3.0394962189073107,1.3033284118616923
1974-09-03,-2.285099644148917,1.5342179776333964
1974-09-04,-2.629264615892126,1.6189363523354106
1974-09-05,3.124358780920602,1.7373364454719569
1974-09-06,0.7730664951081809,1.8916924136553654
1974-09-09,-2.409067836798923,1.8049639347085864
1974-09-10,-0.6908538705011341,1.8660958604570894
1974-09-11,-1.001524892842347,1.7819634643287132
1974-09-12,-2.7208597529601573,1.7184348565021708
1974-09-13,-2.289543087092959,1.8331934269229302
1974-09-16,1.6127006985366308,1.8764530210200414
1974-09-17,1.6761768103963883,1.839235164451947
1974-09-18,0.5033378074839461,1.8105247900856882
1974-09-19,3.4398502972886047,1.7206866027078755
1974-09-20,0.0713157746567064,1.9273420760624043
1974-09-23,-1.0318251952959994,1.8252998150051967
1974-09-24,-2.037325383027484,1.760242898019927
1974-09-25,-0.6637637179248782,1.7844537191332213
1974-09-26,-1.6563843896810655,1.7046555669764243
1974-09-27,-2.3136444881335314,1.6968158975201517
1974-09-30,-2.179416101945113,1.7612564856119388
1974-10-01,-0.2363532582487069,1.801111989087809
1974-10-02,-0.015773955222574,1.708662317648398
1974-10-03,-1.7508043749779585,1.6194915206237637
1974-10-04,0.0962949421308613,1.6300777531128874
1974-10-07,4.101441934348073,1.5454454765649963
1974-10-08,-0.1695055742040116,1.9122572351076805
1974-10-09,4.493449180939828,1.8123435923599565
1974-10-10,2.8633613949674976,2.1823232538603374
1974-10-11,1.915901179334845,2.2345766009987904
1974-10-14,2.2241652250087225,2.1890118361379445
1974-10-15,-1.8033439448350332,2.174025271152791
1974-10-16,-1.5659494387349264,2.13345774026543
1974-10-17,1.1872879228165414,2.078409937355485
1974-10-18,1.547609325221632,1.9974766762639393
1974-10-21,1.6737957383295852,1.9449347713839955
1974-10-22,-0.5046764493459994,1.9063424379745297
1974-10-23,-2.913633590135276,1.8134309814285317
1974-10-24,-1.146911769971151,1.9395362745855236
1974-10-25,-0.1425088901495741,1.872529957081159
1974-10-28,-0.0428020959210315,1.7746558939811043
1974-10-29,3.834790510775241,1.6817406828832278
1974-10-30,2.0117515943720994,1.9639211365572482
1974-10-31,-0.5532650712990371,1.9523511045115856
1974-11-01,-0.0270730447264319,1.8579907591401101
1974-11-04,-1.0887361589490785,1.7601355422275198
1974-11-05,2.739895725873436,1.7034304685012296
1974-11-06,-0.4804501553227144,1.8085020445389965
1974-11-07,0.6134976394568903,1.720996721932382
1974-11-08,-0.3996746818785101,1.639795085513974
1974-11-11,0.3198694656847074,1.5606006942578652
1974-11-12,-1.9890500663525852,1.4822260481373783
1974-11-13,-0.4353152053621867,1.5367690958354516
1974-11-14,-0.3961495835598557,1.4651234977495322
1974-11-15,-1.5865599909990769,1.3968982733121633
1974-11-18,-3.740352446775619,1.4163555266479515
1974-11-19,-1.5567343470699886,1.7697680031466616
1974-11-20,-0.4408463065139879,1.7465870481828825
1974-11-21,0.4115214148694318,1.6618378367972337
1974-11-22,1.0504928980107864,1.5790230919844324
1974-11-25,-0.1016477153056275,1.52760227238624
1974-11-26,0.9255299263608456,1.4497429196025864
1974-11-27,0.6742744265933783,1.400976132593885
1974-11-29,0.0428829661516538,1.3431968375715868
1974-12-02,-2.6942541989409063,1.2756366098531666
1974-12-03,-1.3897362195723586,1.4711467191816099
1974-12-04,0.3566737172487272,1.462940025406575
1974-12-05,-1.9170969037754328,1.3912171520459187
1974-12-06,-1.7081323077092834,1.4497495859325709
1974-12-09,0.9034535613288436,1.475923504970636
1974-12-10,2.5287324831373,1.423927864303512
1974-12-11,0.5779925664478306,1.546127466457506
1974-12-12,-0.3256385776522875,1.4750161817417666
1974-12-13,-0.5649691847485135,1.4042423575434138
1974-12-16,-0.913659641070373,1.3461301713927716
1974-12-17,1.6711859229933976,1.31162306048119
1974-12-18,0.4723948656326169,1.3391606501767956
1974-12-19,-0.368867986480669,1.278177697032857
1974-12-20,-1.0998889645693517,1.2213069962932466
1974-12-23,-1.430000371523391,1.2127585349430026
1974-12-24,1.385144389777072,1.2378745416998234
1974-12-26,0.833842218562941,1.2441664298230342
1974-12-27,-0.4458367433600075,1.2061109962754681
1974-12-30,0.0297904276311366,1.1568885202200603
1974-12-31,2.0631351942276583,1.1007869975451123
1975-01-02,2.4066379290320223,1.2126180849974522
1975-01-03,0.6811374698445452,1.3561703720058158
1975-01-06,0.507830987627347,1.3018264609707952
1975-01-07,-0.0703822297286223,1.2444358107404772
1975-01-08,-1.3894959758357,1.1834906048318448
1975-01-09,1.6004835094135097,1.2078300650943512
1975-01-10,2.003130621476512,1.2407470818121877
1975-01-13,-0.4140263374235322,1.319452768093914
1975-01-14,-0.8750625499658835,1.2613263693655206
1975-01-15,0.6396894090589441,1.2313991661176509
1975-01-16,-0.1248302213097696,1.1840954154444736
1975-01-17,-1.5244039702337466,1.1275758197666343
1975-01-20,0.1689703947623151,1.1751912294870261
1975-01-21,-0.5360499309292122,1.1184769204035911
1975-01-22,1.4602912589103991,1.0796691601273107
1975-01-23,0.4589422375174921,1.113455240300894
1975-01-24,1.2547612304380555,1.0671661201888616
1975-01-27,3.222387729039996,1.0800433318170262
1975-01-28,0.8718628888105278,1.408067558954893
1975-01-29,1.6048401703224728,1.3594580833157128
1975-01-30,-1.3683709223216471,1.3740417762416504
1975-01-31,1.0053015798658087,1.374070978268037
1975-02-03,1.0852772171381635,1.3362208842174645
1975-02-04,-0.2702170904458567,1.3071215436378254
1975-02-05,1.7118409316950738,1.2456232777722
1975-02-06,-0.495206907809335,1.2864810673251659
1975-02-07,0.0890638103717985,1.2336448172673182
1975-02-10,-0.3439670207554133,1.1728169083410753
1975-02-11,0.2803636566693295,1.1221947540374022
1975-02-12,1.6908873997099367,1.0704572334163067
1975-02-13,1.3546518783156587,1.1343400915181474
1975-02-14,0.6030390034457352,1.1495389008021926
1975-02-18,-0.7018432968345507,1.1065096462832804
1975-02-19,0.6281995501715241,1.0781696918525632
1975-02-20,0.9410355247407716,1.0416922399707214
1975-02-21,0.4974877184572617,1.0287098021328844
1975-02-24,-1.4385232431980322,0.9898967883229763
1975-02-25,-2.3732289160107256,1.0472418192630106
1975-02-26,1.0506712778766505,1.2401858003398676
1975-02-27,0.4964561493718938,1.21711114078494
1975-02-28,1.0101092663851037,1.165032086173441
1975-03-03,1.749531301557063,1.1457731361458396
1975-03-04,0.6362933898974498,1.2056695224995533
1975-03-05,0.4060724189075569,1.1600747664951279
1975-03-06,-0.2506106443235431,1.1089251808383496
1975-03-07,0.7262375992168308,1.059825811571029
1975-03-10,0.7680910984805945,1.0302383669156074
1975-03-11,-0.6969449348119104,1.0057659668538648
1975-03-12,-0.916951094496915,0.9858600847413095
1975-03-13,0.1792883180034136,0.9855932922449644
1975-03-14,1.2107023522661997,0.941125999557173
1975-03-17,1.463983479700565,0.964934884155206
1975-03-18,-1.0284125767809644,1.015603692504874
1975-03-19,-0.9323262734955908,1.0225257080758225
1975-03-20,-0.8693067435674143,1.019735303626685
1975-03-21,-0.2634746682297066,1.0117836132379752
1975-03-24,-2.3907470193823515,0.9696247828638802
1975-03-25,0.7829736676733223,1.185855121010414
1975-03-26,1.8473194638125336,1.1494416916830232
1975-03-27,0.3105618170809335,1.2217053126941806
1975-03-31,-0.5860884744564189,1.164179981197227
1975-04-01,-0.8674767901216904,1.1244643179024796
1975-04-02,-0.2544365398337758,1.1062276928288686
1975-04-03,-1.1223713712811012,1.0574096756616036
1975-04-04,-0.7759197561080735,1.068831896817023
1975-04-07,-0.6574467560367973,1.0488709337485531
1975-04-08,0.7933590691307988,1.0225568149714948
1975-04-09,2.258532843593826,1.0004399429021802
1975-04-10,1.1163915772133466,1.165389235244199
1975-04-11,0.4882458875203294,1.1546845077513217
1975-04-14,1.672789835430696,1.106589240111907
1975-04-15,0.8144368129573066,1.162532083047907
1975-04-16,0.3470164496959351,1.1298972400225924
1975-04-17,0.7477763133996085,1.0791424759655575
1975-04-18,-1.0947927630955423,1.0492681882243702
1975-04-21,1.0718713477250454,1.0588675723837315
1975-04-22,-0.1606322273895698,1.0551707653042053
1975-04-23,-1.1200320266274866,1.0075491488124022
1975-04-24,-0.0929389348414151,1.0247139619130732
1975-04-25,0.6718452454638243,0.9779541811732154
1975-04-28,-0.4512583600656195,0.9518829224569305
1975-04-29,-0.6865727299691714,0.9216457774623151
1975-04-30,1.9198041208152945,0.9087612889960905
1975-05-01,0.9122017819592124,1.0368385017537654
1975-05-02,1.2632727759781186,1.0220607717477066
1975-05-05,0.959294133630012,1.0413017415936168
1975-05-06,-1.6114968605125044,1.0298214946948494
1975-05-07,0.4951646831099811,1.1040452662182003
1975-05-08,0.5373901526208169,1.0597414832234588
1975-05-09,1.0772509532839911,1.020354685488788
1975-05-12,0.0883314966611474,1.021251664469303
1975-05-13,1.0648338252996674,0.9737636966496425
1975-05-14,0.7506097985832791,0.9786417909545833
1975-05-15,-0.936410348064178,0.957506901443855
1975-05-16,-1.0778847601078425,0.9621570343738067
1975-05-19,0.1105199876279237,0.9804745666250121
1975-05-20,-0.5094131595941669,0.9357249905660417
1975-05-21,-1.1276869926938995,0.909908764512704
1975-05-22,0.3698539791292929,0.9405666517984357
1975-05-23,1.3224646071047717,0.9033830148676938
1975-05-27,-0.2653168653353736,0.9454887891015634
1975-05-28,-0.6998054323710771,0.9080283639638749
1975-05-29,-0.0334453198936124,0.8974614702604332
1975-05-30,1.6258735698132265,0.8584246358686747
1975-06-02,1.5566637516226534,0.9500719598607952
1975-06-03,0.3342835447533029,1.0153394411840686
1975-06-04,-0.3126865654778017,0.9719170813028392
1975-06-05,0.0971493053259649,0.9341897812247704
1975-06-06,-0.2268177004130047,0.892408958087805
1975-06-09,-1.3827911068598489,0.8575301017084838
1975-06-10,-0.8477855749960331,0.9292617246125624
1975-06-11,0.1215543627351916,0.9288571362411527
1975-06-12,-0.5204033313518809,0.8875705616684059
1975-06-13,0.4872598961979162,0.8664594528284899
1975-06-16,1.033092453942705,0.8394856420321688
1975-06-17,-0.9668249876923212,0.8571458332837149
1975-06-18,-0.2099823284950505,0.8768648021746788
1975-06-19,1.787227318894782,0.842602734842223
1975-06-20,0.6391225525891691,0.9631867142292392
1975-06-23,1.0846931436745275,0.9364185897389761
1975-06-24,0.6069979545260074,0.9475390837150235
1975-06-25,0.455485447576098,0.9202373637800296
1975-06-26,0.2005963948851913,0.8877019256336625
1975-06-27,0.0,0.8500878230079401
1975-06-30,0.4000056731577647,0.8140030034247087
1975-07-01,-0.3578239617192277,0.7872883666591118
1975-07-02,-0.708883223798439,0.7656143784707733
1975-07-03,0.190941295204919,0.7707503257346954
1975-07-07,-0.8728098922514422,0.7411838174468214
1975-07-08,-0.1604895499175814,0.7659570097817938
1975-07-09,1.4985174866400135,0.7384114379377885
1975-07-10,0.0105421726839868,0.8344390872971066
1975-07-11,-0.1583300014273823,0.7993681378438483
1975-07-14,0.5583356745851638,0.7693025133354351
1975-07-15,0.4402503570186372,0.7543806010805566
1975-07-16,-1.051423831352731,0.7342431030305047
1975-07-17,-1.041236955121607,0.7816292187486115
1975-07-18,-0.4603126669011552,0.82034579873002
1975-07-21,-0.8187877130470697,0.8014386772303489
1975-07-22,-1.0767470350797357,0.8128191395689037
1975-07-23,-1.398466508908252,0.8512383431887249
1975-07-24,-0.1220533969567254,0.9263381976904542
1975-07-25,-0.8697632624905643,0.8865766757375709
1975-07-28,-0.6742338866765596,0.8929250722199978
1975-07-29,-0.5653565332202811,0.8818642481370468
1975-07-30,0.7230845811060103,0.8641054280667266
1975-07-31,-0.0901023039105601,0.851501639376212
1975-08-01,-0.8600280976161241,0.8163211112820352
1975-08-04,-0.959235790468354,0.8300197695867675
1975-08-05,-1.0612605580451646,0.852432386744598
1975-08-06,0.0231872017240268,0.8833229380949538
1975-08-07,0.0579577540111987,0.8448787332997736
1975-08-08,-0.3249845121027576,0.8089890092614092
1975-08-11,0.6142528551719607,0.784017505524033
1975-08-12,0.6564193268854951,0.7713414944262018
1975-08-13,-1.32880977656,0.7628205150790756
1975-08-14,-0.4313147063520106,0.844162354008014
1975-08-15,0.883934739212471,0.8215881030664565
1975-08-18,-0.185447044770886,0.8266337938332058
1975-08-19,-1.460733007264844,0.7953012913357816
1975-08-20,-2.0575093970593863,0.8904664612008352
1975-08-21,-0.1804096045919777,1.065446410235932
1975-08-22,1.4460952274825902,1.017551666632123
1975-08-25,0.9212286671233142,1.0582526809632262
1975-08-26,-1.3016377075216363,1.04214654015137
1975-08-27,0.5582308247845915,1.07497448184394
1975-08-28,2.306490117469477,1.0353897568686647
1975-08-29,0.5540131101466281,1.2005374711280676
1975-09-02,-1.6245354849597902,1.1517598036118704
1975-09-03,0.6413588721470477,1.208411991924585
1975-09-04,0.1974083822439807,1.1628525138717885
1975-09-05,-0.6751209470880734,1.1072183747440505
1975-09-08,0.3148467876389564,1.077125887427209
1975-09-09,-1.513315209614913,1.0290757132187156
1975-09-10,-0.9620569024137524,1.0901111730101296
1975-09-11,-0.4066066013698695,1.0829231492068747
1975-09-12,-0.179902772940316,1.040842958167249
1975-09-15,-0.5054840436633998,0.9945631794282493
1975-09-16,-0.957758362264386,0.963771479657362
1975-09-17,0.3405164548336522,0.9697504760028378
1975-09-18,2.030947423575251,0.9296286822016482
1975-09-19,2.1420140495598448,1.0717195707742886
1975-09-22,-0.947649762850998,1.201606450608759
1975-09-23,-0.1529289772603847,1.1823748506812957
1975-09-24,0.937428262677633,1.1264054400448231
1975-09-25,-0.1166979660079353,1.1052222225862447
1975-09-26,0.6401733390634777,1.0535996865339554
1975-09-29,-1.3550068943617128,1.019643820232885
1975-09-30,-1.373610729714837,1.0619567262931409
1975-10-01,-1.1271131601373756,1.1005397643633756
1975-10-02,1.067475671304612,1.1074592285582578
1975-10-03,2.509405746657995,1.0983974457026249
1975-10-06,1.0762128249453111,1.2842072132786266
1975-10-07,-0.1266923454435483,1.2590680337739961
1975-10-08,1.3393890397169177,1.1978758479476284
1975-10-09,0.4877785095547505,1.2041615497788516
1975-10-10,-0.1812251718669107,1.152660233621617
1975-10-13,1.4071262879048625,1.0991065409485903
1975-10-14,-0.2014102810521736,1.1243026858654503
1975-10-15,-0.0560141427059425,1.0730043456374787
1975-10-16,0.156774259281598,1.0226930072068252
1975-10-17,-0.5722981749557388,0.975558992160634
1975-10-20,1.0745559885504825,0.9501248450836726
1975-10-21,0.820492323392655,0.9586367144396818
1975-10-22,0.1655007038067252,0.9442785220679081
1975-10-23,0.5825779468927661,0.9023757330314676
1975-10-24,-1.5574358378206703,0.8774191074352795
1975-10-27,-0.1113816903207087,0.9712326305334392
1975-10-28,0.865516671976553,0.9282713708852294
1975-10-29,-1.2451553169429168,0.920374086834197
1975-10-30,-0.0895375912318918,0.9636205842643301
1975-10-31,-0.3027719109987575,0.9208306507764247
1975-11-03,-1.072673970015078,0.8864450506576272
1975-11-04,0.4756586566914014,0.9139908807627326
1975-11-05,0.7204797308753683,0.882792955125969
1975-11-06,0.447680116052518,0.8682507748707905
1975-11-07,-0.2459764374141233,0.8393399465420172
1975-11-10,0.0111876721875892,0.8089426148107091
1975-11-11,0.5914937298735293,0.775630277336521
1975-11-12,1.45810564863101,0.7622303617125624
1975-11-13,-0.164628828397416,0.8470995105945995
1975-11-14,-0.0769185181626209,0.8137499613557867
1975-11-17,0.5371912967055437,0.7810000627119786
1975-11-18,-0.5042201702919753,0.7637702567299917
1975-11-19,-1.1272045796271768,0.7527787942851993
1975-11-20,-0.3785818596771785,0.8071405566304496
1975-11-21,-0.1227891112312852,0.7848668534879814
1975-11-24,0.1896984031429897,0.7550240413608694
1975-11-25,1.119685949102484,0.726577507753009
1975-11-26,0.2532380709256427,0.770228867901694
1975-11-28,0.329339875967107,0.742004758480181
1975-12-01,-0.6266852539625148,0.7182094840349579
1975-12-02,-1.4889123251857876,0.7213794440871591
1975-12-03,-1.9556417687756544,0.8371572966411329
1975-12-04,0.2735955546902532,1.0071644249782046
1975-12-05,-1.1679929714131696,0.9628462078643787
1975-12-08,0.2875382979169215,0.9909725312722524
1975-12-09,0.2638108467113421,0.9480459684689608
1975-12-10,0.8895015400275293,0.9075024582902741
1975-12-11,-0.3183977803833248,0.9037209563031579
1975-12-12,0.0341613377607456,0.871194980388227
1975-12-15,0.2955828772601974,0.8335382581726147
1975-12-16,0.9490569293847742,0.8017969449305962
1975-12-17,0.2470814581820106,0.8154791225671836
1975-12-18,0.3135838345534902,0.7838138089522709
1975-12-19,-0.7069515405778108,0.756281145066788
1975-12-22,-0.7460231875721407,0.7623075962746126
1975-12-23,0.6671636191330934,0.7712891948684495
1975-12-24,0.8193499090397054,0.7635617020963086
1975-12-26,0.879200944221794,0.76926678336028
1975-12-29,-0.1330555118233281,0.7799627953784002
1975-12-30,-0.4002235720987295,0.7507046728720381
1975-12-31,0.4667776873435793,0.7343994178615068
1976-01-02,0.7841434722574225,0.717305438620769
1976-01-05,1.831313741142505,0.7251266978115556
1976-01-06,1.0209072013794114,0.8818550572677586
1976-01-07,0.4480465981688556,0.8930747571324019
1976-01-08,0.6683363198892984,0.8622797239877499
1976-01-09,0.3904348542031646,0.8460317070265762
1976-01-12,1.442941066006593,0.8164900267800052
1976-01-13,-0.7920855692806783,0.8888761927038071
1976-01-14,1.6191299051986636,0.8878695851535642
1976-01-15,-0.536799728975409,0.9729149375210868
1976-01-16,0.4028716656279495,0.9456046374325233
1976-01-19,1.351648365049322,0.9091767835094687
1976-01-20,0.5477251898835309,0.9540515293770747
1976-01-21,-0.6291271398896353,0.923129626279161
1976-01-22,-0.2037874655599021,0.9059624112416603
1976-01-23,1.1863238435419128,0.869462146956677
1976-01-26,0.4726251667062688,0.9001104724261747
1976-01-27,-0.6138390196164523,0.8698409958923415
1976-01-28,-0.5465609959301911,0.8565201967640927
1976-01-29,1.5908529582970103,0.8397994709873035
1976-01-30,0.7463835171850706,0.9297275865530839
1976-02-02,0.0099163595620159,0.9126874956930903
1976-02-03,0.3068525584284588,0.872331329284383
1976-02-04,0.7188994895384696,0.8381122810805268
1976-02-05,-1.5027512151711049,0.8276871758222463
1976-02-06,-0.93070505420187,0.9228751443765187
1976-02-09,0.1607431134113598,0.930919481207122
1976-02-10,0.8496212408423816,0.8898519084864491
1976-02-11,0.2981471355333898,0.8845431481311922
1976-02-12,-0.5173592792804814,0.8492196676529481
1976-02-13,-0.5802355578485432,0.8312680417992432
1976-02-17,-0.6239906653358069,0.8191839863396301
1976-02-18,0.8044240625277411,0.8115102510951038
1976-02-19,1.5502697155707514,0.8105958846491553
1976-02-20,0.6780968489854512,0.9000327912272776
1976-02-23,-0.4810748721078464,0.8810456063110692
1976-02-24,0.4124914218458715,0.8581634166204756
1976-02-25,-0.3337881911687388,0.8285617045199098
1976-02-26,-1.5659406283166095,0.8024330399376471
1976-02-27,-0.4003623869400837,0.9129291246941029
1976-03-01,0.3104168769333146,0.8832513969056247
1976-03-02,0.5583316520642775,0.8483533482558729
1976-03-03,-0.5983249387301613,0.8265451868553934
1976-03-04,-1.0658775418719262,0.8162213075829043
1976-03-05,0.191892643418611,0.8528193716067419
1976-03-08,1.0838057061993067,0.8174679065898488
1976-03-09,0.388504130984157,0.8435244039444015
1976-03-10,0.3572856150046929,0.8140989560121689
1976-03-11,0.9367488897071724,0.7857509649261618
1976-03-12,-1.0160371295842778,0.800165028421696
1976-03-15,-1.0565208803898898,0.8331301517035327
1976-03-16,1.1159891733078269,0.8661768221390065
1976-03-17,-0.0594682929179251,0.889324673586585
1976-03-18,-0.4073361819973328,0.8511170909878182
1976-03-19,0.1293388068697644,0.8267037968658161
1976-03-22,0.1291641620547523,0.7923934315311401
1976-03-23,1.507787916562734,0.7604759101976561
1976-03-24,1.1475379528089469,0.8533864482067114
1976-03-25,-0.5526748000038734,0.8817817288827593
1976-03-26,0.0,0.8632025583154498
1976-03-29,-0.4287201416361659,0.8262246804267859
1976-03-30,-0.3913531210829968,0.8050120214541436
1976-03-31,0.7422580336642274,0.7835720119297009
1976-04-01,-0.51704792375014,0.7804284901592716
1976-04-02,0.0097825187959721,0.7687375995174851
1976-04-05,1.2247452110661552,0.7382566715872821
1976-04-06,-0.145020109417687,0.7938219934597573
1976-04-07,-1.1188534555727745,0.7638328876574888
1976-04-08,-0.9140565040558092,0.815244901103156
1976-04-09,-0.9224886306332546,0.8346973826856232
1976-04-12,-0.1495901842678172,0.8525622463175133
1976-04-13,0.844731585600317,0.8184679528200944
1976-04-14,-0.7350107493321757,0.8203083365561457
1976-04-15,0.3582455995868276,0.8216884100737107
1976-04-19,0.7619692203756834,0.7928015748942623
1976-04-20,1.3998567086075764,0.7903064157231267
1976-04-21,0.436488343146268,0.8612294613386408
1976-04-22,-0.3296138058031808,0.8323803369140578
1976-04-23,-0.6722901796685465,0.8057676011599144
1976-04-26,0.1367716008575278,0.8033283229816678
1976-04-27,-0.5580313979280849,0.7707155360203416
1976-04-28,0.2647157248485906,0.762872399734573
1976-04-29,0.0,0.7354885515272419
1976-04-30,-0.4809332250077421,0.7074528444007832
1976-05-03,-0.7109046817698763,0.7002962263461713
1976-05-04,0.5336517485782493,0.7133827441354355
1976-05-05,-0.5732958684579919,0.702055012476738
1976-05-06,0.2771793572489961,0.7024935612223254
1976-05-07,0.7092165149340532,0.6800783127998291
1976-05-10,1.1903753070660237,0.6854454879373421
1976-05-11,-0.1455972392233087,0.745500882081731
1976-05-12,-0.1749954858238961,0.7190974023518077
1976-05-13,-0.5953201401366679,0.6955265278907425
1976-05-14,-0.8059083660182823,0.6985288151562984
1976-05-17,-0.2469990971165487,0.7217386747835415
1976-05-18,0.1680314698514357,0.7004690793850167
1976-05-19,-0.0790375758294836,0.6757016888657843
1976-05-20,0.8071701404314036,0.6531225471205719
1976-05-21,-0.7281325646019086,0.6711796395190694
1976-05-24,-1.813701588424552,0.6897388454311695
1976-05-25,0.0502643375450692,0.8734533728524664
1976-05-26,-0.1508842314652096,0.8356243648321615
1976-05-27,0.0402585722198177,0.8027624214016869
1976-05-28,0.8017712438741976,0.7697841817634071
1976-06-01,-0.3299526395632784,0.7731969745011713
1976-06-02,0.3698737131700832,0.7513380499216492
1976-06-03,-0.0898467422263456,0.728333616300812
1976-06-04,-0.9835443934144208,0.7019769363084921
1976-06-07,-0.5258423236832616,0.7458008421362157
1976-06-08,0.1722188523485545,0.7380633595163872
1976-06-09,-0.0607524446246499,0.7105712319347366
1976-06-10,0.8270341781620063,0.6850401983154847
1976-06-11,1.3567652651799578,0.7009849619974219
1976-06-14,1.0154361457364676,0.7825383919760991
1976-06-15,-0.4817843971582126,0.8056888062972373
1976-06-16,0.5406245520796393,0.7893758080130641
1976-06-17,1.5562987518705778,0.7716129456445272
1976-06-18,0.1446704441861036,0.8698826318762936
1976-06-21,0.4999016762909885,0.8327545819618933
1976-06-22,-0.7797849944775227,0.8091135369711859
1976-06-23,-0.2128495573369693,0.8158312629593957
1976-06-24,0.5216403957014567,0.7860970907218019
1976-06-25,-0.0674663358476688,0.7675340460589574
1976-06-28,-0.2799914099413936,0.7379314504732635
1976-06-29,0.4148785952582771,0.7167069363745432
1976-06-30,0.4035733066438283,0.6985131043047133
1976-07-01,-0.6638812641235433,0.6813283830716693
1976-07-02,0.5007273631174133,0.6921863823827663
1976-07-06,-0.5490018033212919,0.6808010619998209
1976-07-07,0.2796943634471246,0.681562266623015
1976-07-08,0.1443641289501402,0.6608817221541798
1976-07-09,0.9571282561054724,0.6387833592355365
1976-07-12,0.8725379214997661,0.6758938615588929
1976-07-13,-0.2174253891144979,0.697814891000863
1976-07-14,0.264624278566024,0.6773501248522354
1976-07-15,-0.7103984616048544,0.6565448133902159
1976-07-16,-0.4955190717238596,0.6751900504370324
1976-07-19,-0.3732591665475887,0.6723626476023731
1976-07-20,-0.5480516472110097,0.6615844950498418
1976-07-21,0.0963655019932854,0.6643850951130265
1976-07-22,0.105897107707629,0.6415564833556919
1976-07-23,0.1250033863943518,0.6205485888117189
1976-07-26,0.0096114316726555,0.601368288462891
1976-07-27,-0.5685356959121749,0.5834715110129528
1976-07-28,-0.4164052807429302,0.5974501966811592
1976-07-29,-0.1165188447453496,0.5969818127632571
1976-07-30,0.4942609562395461,0.5815757215673303
1976-08-02,-0.2419785278797739,0.5807435343371082
1976-08-03,0.9164169086925152,0.5714380577188981
1976-08-04,0.2780851539879621,0.614409036384161
1976-08-05,-0.5569457784740431,0.5992112012168513
1976-08-06,-0.0577899830860032,0.61011462855483
1976-08-09,-0.2894666759977644,0.5923291827038295
1976-08-10,0.8850522338155652,0.5843427056863347
1976-08-11,-0.3357858975702085,0.621218742762333
1976-08-12,0.153642879318886,0.6130706491650527
1976-08-13,0.0287799485089349,0.5948669322386787
1976-08-16,0.1725132734846407,0.5773905256622647
1976-08-17,0.3536807593010524,0.5624520449471565
1976-08-18,-0.2292755040134272,0.5551165684636592
1976-08-19,-1.1252806271422469,0.5476275292884958
1976-08-20,-0.991451193358138,0.6426871035968477
1976-08-23,-0.4013157232994556,0.6975717148802135
1976-08-24,-0.6790386332793882,0.6861346504128405
1976-08-25,0.7476691527213658,0.6978597073546222
1976-08-26,-0.698305360157988,0.7046086313273738
1976-08-27,0.157794568936108,0.7159343925071633
1976-08-30,0.5797081614703272,0.6898618343022609
1976-08-31,0.8196006008014317,0.6838872786840532
1976-09-01,1.1112776967079,0.6992269207069902
1976-09-02,-0.1346277658137434,0.7462018858353606
1976-09-03,0.3650036523653833,0.7194742783641218
1976-09-07,0.6974620746111333,0.6988394084361857
1976-09-08,-0.0857230488913024,0.7010773458224123
1976-09-09,-0.5159091459110969,0.6766870682826386
1976-09-10,0.2391773408554743,0.6752597373196907
1976-09-13,-0.3445974561001302,0.6539102867797434
1976-09-14,-0.3361655842883413,0.643183275232967
1976-09-15,0.2978027610004164,0.6329770920497909
1976-09-16,1.0401318611671029,0.6169029628135344
1976-09-17,0.8789814505298502,0.6684034925169222
1976-09-20,0.0470417738758063,0.6920531930284072
1976-09-21,1.4102518340281784,0.6670168548943896
1976-09-22,-0.3437253093948257,0.7642023491245319
1976-09-23,-0.5037802635718278,0.7437480232027067
1976-09-24,-0.1122919044648225,0.7346440070992434
1976-09-27,0.4391034214487744,0.7082699173239654
1976-09-28,-1.266491441354262,0.6919974497596664
1976-09-29,-0.5206083224042102,0.7779378202673738
1976-09-30,-0.1234555804071763,0.7667266280272255
1976-10-01,-1.0219273454641575,0.7382221204955747
1976-10-04,-0.1344855070136343,0.7811865574347205
1976-10-05,-0.7719766352187267,0.7518718195475188
1976-10-06,-0.2521845472872365,0.7646376452835476
1976-10-07,0.5520324792413858,0.7401581448095822
1976-10-08,-0.9510050948316144,0.7275022730651433
1976-10-11,-0.9010816920766416,0.7633205546759398
1976-10-12,-0.8199619598977758,0.7882242235901493
1976-10-13,1.2911086420963347,0.8013253758296472
1976-10-14,-1.2514369998877637,0.8552759989022605
1976-10-15,0.029741516039585,0.909364292575402
1976-10-18,0.5831535890744838,0.8691589825760252
1976-10-19,-0.0197164130753378,0.8470073023234318
1976-10-20,0.2854482207235376,0.8112744979729183
1976-10-21,-0.9579859418177676,0.7808746355522863
1976-10-22,-0.8070562171668796,0.8098010083483045
1976-10-25,0.1099841244927067,0.8190389573387497
1976-10-26,0.9844437653032908,0.7851096749584168
1976-10-27,0.6902744878868297,0.8045684687698927
1976-10-28,-0.1475159080046715,0.7952828985869076
1976-10-29,1.2615696164162835,0.765247411669329
1976-11-01,0.1941718554165782,0.8212326751491719
1976-11-03,-1.1511202364678734,0.7881222910965242
1976-11-04,0.4796225988394459,0.8398298101644168
1976-11-05,-1.564765421909254,0.8146125051170211
1976-11-08,-1.2174596357064733,0.9223124881335887
1976-11-09,-0.2815191703169109,0.9618739132815696
1976-11-10,-0.5148168068531537,0.9237816320335273
1976-11-11,0.8364894769629362,0.8992678438841344
1976-11-12,-0.4022546970713623,0.8919289756844123
1976-11-15,0.6628563630872571,0.8639886506378804
1976-11-16,0.1400414232460145,0.8472213530759269
1976-11-17,0.5681547209438067,0.8115964085002937
1976-11-18,1.2642131625425688,0.793513592603621
1976-11-19,0.029437986235107,0.8451748981436572
1976-11-22,0.6552252544821718,0.8092964308252277
1976-11-23,-0.6159855874432615,0.7970484882914993
1976-11-24,0.4403829318005186,0.7909730937501841
1976-11-26,0.7199854463435826,0.7678364039239473
1976-11-29,-0.6906969146203668,0.7645326208939889
1976-11-30,-0.3324574938197889,0.7681521759138763
1976-12-01,0.381250177449031,0.7468259019042868
1976-12-02,-0.3616592731249061,0.7246472036032597
1976-12-03,0.624757376130799,0.7084919162265748
1976-12-06,0.7754938278313385,0.7039143116491724
1976-12-07,-0.0676162270358111,0.7125115136282608
1976-12-08,0.5684882758832671,0.6869440068304211
1976-12-09,0.4122929249841241,0.6804721026986696
1976-12-10,0.181630768199876,0.6652683342629079
1976-12-13,-0.066879758632198,0.6434174615799384
1976-12-14,0.4196500653654312,0.6231307457208092
1976-12-15,0.0665997789985967,0.6135009893993889
1976-12-16,-0.3238988579402394,0.59449871959892
1976-12-17,-0.5166001177353993,0.5882482162848505
1976-12-20,-0.5867946226169286,0.5968604178877762
1976-12-21,0.5484207590577064,0.6108739997078771
1976-12-22,0.469055436209256,0.6108172299939687
1976-12-23,0.1240727968831375,0.6052960825205574
1976-12-27,1.156960516513352,0.5873250122744262
1976-12-28,0.6672008059537301,0.6614098026698648
1976-12-29,-0.4035483110965502,0.6652688545900547
1976-12-30,0.5065210452073265,0.6570325777277464
1976-12-31,0.5411992690447678,0.6493495126554629
1977-01-03,-0.4289842319065666,0.6447506649815269
1977-01-04,-1.222397045759546,0.6402423699446615
1977-01-05,-0.8932823973138071,0.7301627764400735
1977-01-06,0.2478736213832458,0.758783358828344
1977-01-07,-0.0095172183988485,0.7312750635675543
1977-01-10,0.1807667233487874,0.7036175660300107
1977-01-11,-1.0319164789134767,0.6788228548057473
1977-01-12,-0.6939129673991659,0.7329012960486463
1977-01-13,0.7707123200385131,0.7404331095219477
1977-01-14,-0.1825031128018881,0.7443769717743168
1977-01-17,-0.2695667097783277,0.7190858585894876
1977-01-18,-0.3960436532016433,0.6989575864035574
1977-01-19,0.5116570355072005,0.687072568019479
1977-01-20,-0.8509840105417759,0.6768370734802727
1977-01-21,0.339326975034563,0.7082423095876642
1977-01-24,-0.0677733432802437,0.6875009494023283
1977-01-25,-0.1162930145396483,0.6638195361823208
1977-01-26,-0.768973410255444,0.6429658354054025
1977-01-27,-0.5388691134666911,0.6698433536781192
1977-01-28,0.1374429715771087,0.6709761086803576
1977-01-31,0.0980569548759398,0.648017897871623
1977-02-01,0.4986099560989412,0.6264538065156309
1977-02-02,-0.1756958029662573,0.6212773423813117
1977-02-03,-0.4994889563195983,0.605648535147031
1977-02-04,0.02944954610788,0.6107436691722717
1977-02-07,0.0098170843630591,0.591991445318243
1977-02-08,-0.2850273870006691,0.5748513620344259
1977-02-09,-0.8599816845243277,0.5683116112673645
1977-02-10,0.0893042346902921,0.6185096885277358
1977-02-11,-0.5968963915734568,0.5991966952777119
1977-02-14,0.5175137400306004,0.6138891772550189
1977-02-15,0.2973567991154991,0.6112804892466571
1977-02-16,0.454231137856774,0.597046254338353
1977-02-17,-0.5730692852610544,0.5919708753441596
1977-02-18,-0.4269906826504256,0.605294016009712
1977-02-22,0.0,0.6047560112203019
1977-02-23,-0.2989791163792221,0.5866603584427676
1977-02-24,-0.5906258368451857,0.5797433553936304
1977-02-25,-0.1205496590470782,0.5963654342419784
1977-02-28,0.3411908304189918,0.5811210400174929
1977-03-01,0.8379976744990294,0.571424076457558
1977-03-02,-0.2685943105561743,0.6046419618729475
1977-03-03,0.4869069806803327,0.5944138680874221
1977-03-04,0.3167062267221038,0.5917268579804966
1977-03-07,0.0493979288993227,0.5799837435515449
1977-03-08,-0.3760119690976093,0.5636714963734611
1977-03-09,-0.7662915218043165,0.5639613297169404
1977-03-10,0.5678151475019975,0.6026728782033951
1977-03-11,-0.0198655306601328,0.6049962231547453
1977-03-14,0.7621125066647705,0.5870785643926502
1977-03-15,0.5506456231881831,0.6093781403350361
1977-03-16,0.1861326137107845,0.6096494055845768
1977-03-17,-0.0881237147757699,0.5923100921068044
1977-03-18,-0.2157510085405612,0.5765929685318597
1977-03-21,-0.5414228481309771,0.5664742330619038
1977-03-22,-0.3064582125952631,0.5800621497500996
1977-03-23,-0.7952358647160124,0.574216453305333
1977-03-24,-0.50025118357133,0.6148761420215578
1977-03-25,-0.6439943844026832,0.6189777635471444
1977-03-28,-0.0605852379769203,0.6357676118348541
1977-03-29,0.6945545390003569,0.6159755437460199
1977-03-30,-1.160282911785575,0.6276652866433982
1977-03-31,-0.1218549573403712,0.7104069486717381
1977-04-01,0.7994789600300777,0.6860753885388094
1977-04-04,-0.9927104572637764,0.6991365056788216
1977-04-05,-0.2242165783862911,0.7445976755798478
1977-04-06,-0.1020809308342549,0.7206589130701393
1977-04-07,0.4483802551493056,0.6951162664344028
1977-04-11,0.5374436612173396,0.6804836805203189
1977-04-12,1.2762111415304045,0.6725369468443049
1977-04-13,0.0099866566619023,0.7475131420183219
1977-04-14,0.835157292687819,0.7185471666681262
1977-04-15,0.0395970262014918,0.7310959221738863
1977-04-18,-0.4960819732744582,0.7032049035748744
1977-04-19,-0.4685729317788062,0.6975527262177077
1977-04-20,0.3292284402884211,0.6905094716755563
1977-04-21,-0.6495166685652956,0.6708251107171538
1977-04-22,-1.3219805446160782,0.6815964586463642
1977-04-25,-1.3191058793941035,0.7785928622717875
1977-04-26,-0.0411828638451742,0.8554762808673453
1977-04-27,0.8714859846617286,0.8193662998805109
1977-04-28,0.2446961545419945,0.8235178802295534
1977-04-29,0.2441066040355694,0.791223271345227
1977-05-02,0.4965282096083908,0.7612420778294755
1977-05-03,0.5041349641338786,0.7434313370254403
1977-05-04,0.5316214746579883,0.7276033165989477
1977-05-05,0.1499490720386916,0.7148314682006337
1977-05-06,-0.6212472398744394,0.6887353540761297
1977-05-09,-0.3120730991480175,0.694775908238215
1977-05-10,0.2919719298418891,0.6786535816791828
1977-05-11,-0.6960960681713412,0.6586047259505869
1977-05-12,-0.0506257130174123,0.6755045644826333
1977-05-13,0.3033936582103761,0.6524668987712027
1977-05-16,0.443328122978366,0.634960708892837
1977-05-17,0.3011399842296118,0.6255475141990683
1977-05-18,0.529822211549662,0.6102281812069847
1977-05-19,-0.4196287481435383,0.6088769580540386
1977-05-20,-0.4314463299125233,0.6074248668066465
1977-05-23,-1.3158038344760403,0.606985292386431
1977-05-24,-0.4902505556842108,0.7203274204152004
1977-05-25,-0.9257436508991788,0.712558123648639
1977-05-26,0.2477093790882822,0.7475603576129429
1977-05-27,-0.7657379074028287,0.720884661911039
1977-05-31,-0.1559269477108844,0.7368929040044495
1977-06-01,0.8391632210151526,0.7114105162891439
1977-06-02,-0.1962126340277843,0.7252410575324854
1977-06-03,0.9772279343560734,0.7018598653727218
1977-06-06,-0.4719884308950854,0.7318863515382542
1977-06-07,0.5129268352540598,0.7217465158906015
1977-06-08,0.479757558365299,0.708376501849492
1977-06-09,-0.0611159840891647,0.6942865648646745
1977-06-10,0.3255340589019907,0.6699829318343399
1977-06-13,0.2839746164227388,0.6518475769590049
1977-06-14,1.1279099988723844,0.6337156028827049
1977-06-15,-0.2506643900048928,0.6943885415986157
1977-06-16,0.2406477295625737,0.6755044280613105
1977-06-17,0.1201108609671141,0.6541743078422746
1977-06-20,0.449121918281156,0.6323153945305349
1977-06-21,0.3181546739524128,0.6234884291152784
1977-06-22,-0.2783289903572659,0.6090045214781323
1977-06-23,0.1591443151207124,0.5988632884159312
1977-06-24,0.5648889508866245,0.5819015035687006
1977-06-27,-0.2077451194301629,0.5863379780623865
1977-06-28,-0.8353309867502212,0.5749895455094923
1977-06-29,-0.0299613278614629,0.6207068341425764
1977-06-30,0.3689148600659334,0.6016533636713278
1977-07-01,-0.3789065051231621,0.5913808136390657
1977-07-05,-0.0099926434866916,0.5889280825367424
1977-07-06,-0.5108385040950554,0.5722077105259481
1977-07-07,0.3508584325781515,0.5822661408965051
1977-07-08,-0.1401956856832411,0.5729177804963601
1977-07-11,-0.240792590502835,0.5602730446703867
1977-07-12,-0.100508655210484,0.5528459878701002
1977-07-13,0.1406746558061407,0.5408114984328853
1977-07-15,0.5906849804056148,0.5284463557710746
1977-07-18,0.7656743552711436,0.54159861342725
1977-07-19,0.8286561930067521,0.5709736227501697
1977-07-20,-0.0589598654405449,0.6031514036563425
1977-07-21,-0.1377208748597645,0.5859528286857176
1977-07-22,0.07871872217648,0.5720972063322622
1977-07-25,-0.8098007007247991,0.5564862528063802
1977-07-26,-0.5767735213147481,0.6020646185077629
1977-07-27,-1.6389661388469707,0.6144606617394796
1977-07-28,0.1519541655370756,0.7861825517187846
1977-07-29,0.060713985652762,0.7549451561376513
1977-08-01,0.2727730850233019,0.7253300190874603
1977-08-02,-0.6274716852508928,0.7010114501178791
1977-08-03,-0.1320640732445342,0.7061947742660302
1977-08-04,0.375420375021406,0.6824330594234523
1977-08-05,0.0202574911689918,0.6653235620812931
1977-08-08,-0.7827275260269794,0.642370010902439
1977-08-09,0.0612172919628496,0.6708997450419162
1977-08-10,0.8833840375894844,0.6474498327317525
1977-08-11,-0.7712586432547537,0.6745441555781905
1977-08-12,-0.2856627196444911,0.6972480135161779
1977-08-15,0.3060321224472841,0.6796529883336693
1977-08-16,-0.4593923038432446,0.6600052886228587
1977-08-17,0.010226128594895,0.65608905991018
1977-08-18,-0.0614037059062917,0.6338950953542447
1977-08-19,-0.1741874171852783,0.6142654305898153
1977-08-22,0.2867372931524579,0.5991806664204663
1977-08-23,-0.1739913091916211,0.5856028938042601
1977-08-24,-0.4003078247182163,0.572997926721445
1977-08-25,-1.1169852442698818,0.5740079643772854
1977-08-26,-0.0936517083316337,0.6615523939150876
1977-08-29,0.891290623464338,0.6403625558441285
1977-08-30,-0.5587194341132201,0.6693883392240423
1977-08-31,0.4038311488274476,0.6722096286541294
1977-09-01,0.0619888330399586,0.6573113739798199
1977-09-02,0.6382512103996751,0.6348940727256206
1977-09-06,0.2664503948979112,0.6393143944005398
1977-09-07,0.3065637490725528,0.6216450700806622
1977-09-08,-0.74761304076239,0.606865919400708
1977-09-09,-0.9398427305930488,0.6365886266942306
1977-09-12,-0.3534348425383871,0.6855396985791152
1977-09-13,0.0624584239736239,0.6724111826355357
1977-09-14,0.4775826304646564,0.6488486730488032
1977-09-15,0.2585985326375544,0.6401431886986594
1977-09-16,-0.3311258035991838,0.6221626632607666
1977-09-19,-0.6551314200755276,0.6136536857557373
1977-09-20,0.0417241228260312,0.6322868868240511
1977-09-21,-0.8272741294116944,0.6118045091940415
1977-09-22,-0.0105180467033291,0.6503422494547316
1977-09-23,-0.0525907791908876,0.6287521539137648
1977-09-26,0.3571018826463991,0.6093844913220504
1977-09-27,-0.146888488518241,0.5978386439617902
1977-09-28,0.0734712145417933,0.5832482489586513
1977-09-29,0.5649742238099092,0.5667001340175197
1977-09-30,0.7069374642474363,0.5729073193233362
1977-10-03,0.2173117097971256,0.5914032724145024
1977-10-04,-0.736631537445667,0.5763082318064539
1977-10-05,-0.3651336546328301,0.6094101082898982
1977-10-06,0.3859627595292741,0.6042122999353744
1977-10-07,-0.0833265637991947,0.5945596376416246
1977-10-10,-0.2295027288413366,0.5785486972814877
1977-10-11,-0.8600846952302834,0.5688649573745543
1977-10-12,-0.9419547701073931,0.6189773435387425
1977-10-13,-0.6186705931025595,0.6712850539068453
1977-10-14,0.1069388145073459,0.6791322910871591
1977-10-17,-0.0962373367095783,0.6552596241269574
1977-10-18,-0.0107014777977692,0.6346195651670534
1977-10-19,-1.162305220524335,0.6142532135694677
1977-10-20,0.3134300568618071,0.7001926405785321
1977-10-21,-0.3783976385568536,0.679147524078806
1977-10-24,-0.7502100451740855,0.6680426966032535
1977-10-25,-0.6899192485568294,0.6893567661983339
1977-10-26,1.201542017677906,0.7017408155075376
1977-10-27,0.2602450726242217,0.7604520239430073
1977-10-28,0.2919756352864373,0.733131583256183
1977-10-31,-0.2919756352864273,0.7087861038313913
1977-11-01,-1.077911129951078,0.6905066282295731
1977-11-02,-0.7030671586411829,0.7488671283954804
1977-11-03,0.0551088914828515,0.7553904559023152
1977-11-04,0.8994243774217583,0.7257403172916529
1977-11-07,0.7722875974605046,0.7439077385608845
1977-11-08,0.1840305460604907,0.7476006134596703
1977-11-09,0.5608343708057941,0.7195998005728138
1977-11-10,1.8435129205108776,0.7094368257914562
1977-11-11,1.332028983407233,0.8726933885320197
1977-11-14,-0.6900222376494659,0.9206316280178268
1977-11-15,0.6379112982141119,0.9081030728780946
1977-11-16,-0.501624381165263,0.88588225520138
1977-11-17,-0.3042794280976371,0.8637879339870359
1977-11-18,0.1784851794564217,0.8337038388807809
1977-11-21,-0.0839561706215019,0.7994787294443806
1977-11-22,0.8780200171122051,0.7678505204340038
1977-11-23,0.4154139714962219,0.778601543098318
1977-11-25,0.2070655852393073,0.7553325772955044
1977-11-28,-0.6745228859463988,0.7271823253909063
1977-11-29,-1.5635953504701927,0.7335929391439401
1977-11-30,0.2957006823326447,0.8593040480871877
1977-12-01,-0.1477410425892349,0.8257102772338539
1977-12-02,-0.0211282979202006,0.7934832891053342
1977-12-05,-0.4234171001071596,0.7614778487420558
1977-12-06,-1.5393086661625193,0.7455622316297162
1977-12-07,-0.0538796970023545,0.8643053364431382
1977-12-08,0.19381970883515,0.8277340708600656
1977-12-09,0.7395161928533724,0.7941612847259085
1977-12-12,-0.0213629567144647,0.789700607917253
1977-12-13,-0.0747899994947634,0.7579636252298609
1977-12-14,0.5010951685498837,0.7291676302760383
1977-12-15,-0.5117781965151065,0.7144337414954623
1977-12-16,-0.1604723769944109,0.7087961776746889
1977-12-19,-0.7630743344610885,0.6855968739155163
1977-12-20,-0.2051973708839608,0.7059253803307869
1977-12-21,0.5928371366846924,0.6843717026909854
1977-12-22,0.8027872661683425,0.6798959875961303
1977-12-23,0.944353523164612,0.6940580527440275
1977-12-27,0.0,0.7214222888587752
1977-12-28,0.0633420183979839,0.6944106580310546
1977-12-29,0.2003294875890154,0.6692032076860487
1977-12-30,0.1683814667924857,0.6474135698258402
1978-01-03,-1.3550903858818415,0.6267210222279636
1978-01-04,-0.3202768379074948,0.7420500621644167
1978-01-05,-0.8375425339760967,0.7223079497557059
1978-01-06,-1.2150237492126104,0.745751814213931
1978-01-09,-1.0754008450618755,0.8135582205478206
1978-01-10,-0.5198852780831339,0.8517037165820831
1978-01-11,-0.4780180461946411,0.8336918465628584
1978-01-12,0.0891087518780746,0.8146787923969505
1978-01-13,-0.1448356911547739,0.7809383712393878
1978-01-16,-0.2903107579863009,0.7518864169299172
1978-01-17,0.5019216988261436,0.7299728450137203
1978-01-18,0.7537170737075963,0.715214634476082
1978-01-19,-0.5203457481988252,0.7205059896089675
1978-01-20,-0.2222436218568088,0.7148872980378491
1978-01-23,-0.7257348169031057,0.6932264719780039
1978-01-24,0.0112075033454596,0.708683472571562
1978-01-25,0.156739161205022,0.682535162204884
1978-01-26,-0.910269310554924,0.6589523292007254
1978-01-27,0.0,0.7003475431127555
1978-01-30,0.8543155767019597,0.6748880482359348
1978-01-31,-0.1007854273520626,0.6949937401764346
1978-02-01,0.7590172660156922,0.6713678205227308
1978-02-02,0.2221448774851583,0.6823296083561867
1978-02-03,-0.5674502089784029,0.660004427554429
1978-02-06,-0.133991472416332,0.6646254188667725
1978-02-07,0.9231026151668136,0.6441598277146193
1978-02-08,0.5519996240783986,0.676337458913931
1978-02-09,-0.5852153454555221,0.669778641955372
1978-02-10,-0.2439309500343047,0.6748202188519526
1978-02-13,-0.2445274284099978,0.6572896382092537
1978-02-14,-0.9167193184771426,0.6412705822167921
1978-02-15,-0.2361265854861489,0.6863845088923091
1978-02-16,-0.8478938191665534,0.6675717050543496
1978-02-17,-0.1363357924855797,0.6999859995557735
1978-02-21,-0.4215360912787086,0.6768110711042752
1978-02-22,-0.0342549593326718,0.6686215663823533
1978-02-23,0.0913262990966582,0.6458871986572706
1978-02-24,0.9652019375371168,0.6244466233756849
1978-02-27,-0.8739589672741712,0.6648488999466208
1978-02-28,-0.7782143839492426,0.7008072627333536
1978-03-01,0.1721879814613234,0.7207225642122936
1978-03-02,0.148985474611783,0.694508589050574
1978-03-03,0.1487638380606651,0.669915022397073
1978-03-06,-0.6309116737070068,0.6471821740042604
1978-03-07,0.527946915285303,0.6590879815741602
1978-03-08,0.5479417087319197,0.6526083639378795
1978-03-09,0.0569089561520958,0.6481499826404002
1978-03-10,1.120108879717612,0.6264301180626238
1978-03-13,0.0787265373919328,0.6873479684477694
1978-03-14,0.4486844724733672,0.6627037885436918
1978-03-15,-0.2577417529996863,0.651011347659032
1978-03-16,0.4366567750785499,0.6361136860102459
1978-03-17,0.7679018486664868,0.6262127466124607
1978-03-20,0.6850129074236118,0.643786500168408
1978-03-21,-1.140590158054379,0.6512319385500327
1978-03-22,-0.3570233525815806,0.7260875744377112
1978-03-23,-0.1230225612018907,0.7095581879361417
1978-03-27,-0.5498502935201339,0.6853188953497192
1978-03-28,0.7063966624811053,0.6856585352247861
1978-03-29,0.1563016842996797,0.6901413626786538
1978-03-30,-0.256906841797007,0.665976587425958
1978-03-31,-0.2239443042753393,0.6497511450319161
1978-04-03,-0.8442668572522007,0.6335199313938391
1978-04-04,0.4511642285888633,0.6707108232106475
1978-04-05,0.8739537747356751,0.6584239829222287
1978-04-06,0.1671978605228121,0.6829074923846031
1978-04-07,0.4223136476085531,0.6594549032733411
1978-04-10,0.3542566550555954,0.6466286122288956
1978-04-11,-0.2655726542686075,0.6316544378205804
1978-04-12,-0.1552444192638915,0.6188244985723389
1978-04-13,0.9608586018995456,0.6027208196817804
1978-04-14,2.1099149157150348,0.6461506206908781
1978-04-17,1.633167344019201,0.8828224281829431
1978-04-18,-1.0858065565467243,0.9709038842589592
1978-04-19,0.4591820797836575,0.9889745988504927
1978-04-20,0.7218718180052952,0.951510230962742
1978-04-21,-0.2117796011200489,0.9308524251693898
1978-04-24,1.5044209443579448,0.8928252488494911
1978-04-25,0.9043279389290676,0.960513027683995
1978-04-26,0.1860853488776382,0.9525543984523428
1978-04-27,-0.9964781260957774,0.9103575622822675
1978-04-28,1.0068082434833665,0.9265266259287157
1978-05-01,0.8637548178592231,0.9312151241411968
1978-05-02,-0.4309448213469566,0.9228807818512168
1978-05-03,-1.0232096431295907,0.8939087972162006
1978-05-04,-0.3434124056169514,0.9149896632392395
1978-05-05,0.6235066203591526,0.8826294841632651
1978-05-08,-0.3528400669076209,0.8617187817524363
1978-05-09,-0.3019429745066964,0.8338412389700799
1978-05-10,0.020849382932621,0.8059482648324213
1978-05-11,1.3256188439843044,0.7728012302992825
1978-05-12,0.8910826222705384,0.8363078871962234
1978-05-15,0.7011179815088818,0.8403530241038881
1978-05-16,0.595626753170375,0.8284154849698142
1978-05-17,0.2513195631277488,0.810521729239346
1978-05-18,-0.9888040624350882,0.779310823628223
1978-05-19,-0.5082861263772709,0.8120505526204577
1978-05-22,0.9837243731041496,0.7968510374319745
1978-05-23,-1.0550907346540466,0.8147260577539575
1978-05-24,-0.9942184047163584,0.8502431177532526
1978-05-25,-0.2888373910742692,0.8738369132365967
1978-05-26,-0.22753264046162,0.8424046932882224
1978-05-30,0.2894943872123782,0.811172813441065
1978-05-31,0.3915484202821057,0.7808920247682656
1978-06-01,0.1130588664771281,0.7564232258041615
1978-06-02,0.8082308298510279,0.7269245615560974
1978-06-05,1.827500597099955,0.7358644361357976
1978-06-06,0.3695043429023054,0.8890543949845281
1978-06-07,-0.1995579846113117,0.8555676326052815
1978-06-08,0.0898480937675706,0.8225367889068272
1978-06-09,-0.2798031006556248,0.7882560129727137
1978-06-12,-0.3809882761860824,0.7630069728560935
1978-06-13,0.0200850169323235,0.7445698764432747
1978-06-14,-0.0904258655043567,0.715765807566648
1978-06-15,-1.152582793548521,0.6903585293242854
1978-06-16,-0.9399315161600474,0.759396899505557
1978-06-19,0.0718277145949628,0.7892605032926855
1978-06-20,-1.0103134675022207,0.7572355436882305
1978-06-21,-0.5194277094238818,0.7958224920180291
1978-06-22,0.2392674509899224,0.78285126223944
1978-06-23,-0.4060595897307278,0.7533688962533004
1978-06-26,-1.3126993644172975,0.737162156159286
1978-06-27,0.4008918536524598,0.82109560677172
1978-06-28,0.4412215984219597,0.7938678109553358
1978-06-29,0.1780365636092346,0.7705358530033711
1978-06-30,-0.0418638581171584,0.7407746784597381
1978-07-03,-0.4616548464381824,0.712758413548696
1978-07-05,-0.866080324103523,0.7037579257755662
1978-07-06,0.0530283195297031,0.7330076985656598
1978-07-07,0.602506655988677,0.7049658238861655
1978-07-10,0.399661092922276,0.6991095124306996
1978-07-11,0.690383152840152,0.6816899976413365
1978-07-12,0.3226287458424248,0.6852390522668577
1978-07-13,0.0103923698378936,0.6657374555942475
1978-07-14,1.3723599984448542,0.642806257455591
1978-07-17,0.2047471513977145,0.7391758861721975
1978-07-18,-0.9350142874748218,0.7121703374013771
1978-07-19,1.2821345590788336,0.7483531770869702
1978-07-20,-0.0917705561067238,0.8100754101697003
1978-07-21,-0.2860342955817125,0.7778266576325235
1978-07-24,-0.0306939984090183,0.7536534401435523
1978-07-25,0.7340991442427073,0.7245764819248763
1978-07-26,0.6480372777914584,0.7270906210007981
1978-07-27,0.4631959526263761,0.7223673037514983
1978-07-28,0.461060336010106,0.7061288049063097
1978-07-31,0.6776987310169829,0.6912033102661362
1978-08-01,-0.0198635569068536,0.6926271308294133
1978-08-02,2.22034318933025,0.667915284712016
1978-08-03,0.571627741107753,0.9207709119814834
1978-08-04,0.3953107708922619,0.8937165159101004
1978-08-07,-0.3566737429557358,0.8607985583698724
1978-08-08,0.4432451590806431,0.8331657026141643
1978-08-09,0.4700002501121313,0.8067926447143399
1978-08-10,-0.8070723315220043,0.783781612928968
1978-08-11,0.2889852877109126,0.7961373311490172
1978-08-14,0.0096206764040814,0.7669482513653456
1978-08-15,-0.1154872101778975,0.7365953162382525
1978-08-16,0.767392784377464,0.7101450117865497
1978-08-17,0.4100518769887222,0.7172602955597208
1978-08-18,-0.3336340404405947,0.6987914203420102
1978-08-21,-0.8053000630811226,0.6834153172163717
1978-08-22,0.4034570075123876,0.7086443319072698
1978-08-23,0.5735663367960877,0.6905937731626463
1978-08-24,0.16191075921324,0.6841137913146543
1978-08-25,-0.1714452294393588,0.6604875440107532
1978-08-28,-0.9001328981530048,0.6414601579726447
1978-08-29,-0.5497961271543764,0.6844003902206485
1978-08-30,0.1063373010212653,0.6848351527163574
1978-08-31,-0.2031037823222642,0.6605293250052847
1978-09-01,0.3768660665202669,0.6425908443978393
1978-09-05,0.7782117054262039,0.629001065885452
1978-09-06,0.8481486115874589,0.6472630077865311
1978-09-07,0.0379515340380818,0.670466077576682
1978-09-08,1.291194369868867,0.6470615508203409
1978-09-11,0.1777634725569976,0.7295047480997614
1978-09-12,0.0093419701698209,0.7027301759712006
1978-09-13,-0.6093878545427208,0.6770321978627036
1978-09-14,-1.1729210273898627,0.68336923335398
1978-09-15,-0.9368156859182526,0.7567502003356401
1978-09-18,-0.8778367798057258,0.7866277538339402
1978-09-19,-0.6610311931126799,0.8059108279417353
1978-09-20,-0.7833148972066704,0.8025272167346709
1978-09-21,0.1669677398837943,0.8103413358516339
1978-09-22,-0.0589036913246379,0.7775899492353862
1978-09-25,0.019640915881141,0.7471419894724073
1978-09-26,0.74335448298848,0.7181549496868501
1978-09-27,-0.9398924236540732,0.7221931310058014
1978-09-28,0.2946622486769252,0.7574617418033652
1978-09-29,0.5672404755409224,0.7313357151867381
1978-10-02,0.4087579111758744,0.7204821968992865
1978-10-03,-0.3502636531248009,0.7016818268322739
1978-10-04,0.447340134634938,0.6869338998266823
1978-10-05,0.2035565966030425,0.6729736503335724
1978-10-06,0.2417913147780428,0.6509588752397639
1978-10-09,1.0283111427507694,0.6316136593329055
1978-10-10,-0.1243695508452309,0.6789807885893699
1978-10-11,0.8863534910713396,0.6571350732149088
1978-10-12,-0.4850935886893229,0.6831815314289159
1978-10-13,-0.2099777332994909,0.6787583186136441
1978-10-16,-1.9781636112212344,0.659570374530116
1978-10-17,-1.324391218413164,0.8863519740779354
1978-10-18,-0.7633288835524799,0.9451155068491458
1978-10-19,-1.161054014140778,0.9359127660687565
1978-10-20,-1.399054542705184,0.9668740836562231
1978-10-23,0.2345418503968319,1.0226568364060593
1978-10-24,-0.7052745009359622,0.9765684225693295
1978-10-25,-0.1848052983934244,0.9599162663666924
1978-10-26,-1.324110380674592,0.9191921400803639
1978-10-27,-1.5108906428725957,0.9726625152551963
1978-10-30,0.4956521993600418,1.0425433191556321
1978-10-31,-2.0297132074594155,1.0026508934089957
1978-11-01,3.895226066945436,1.1462644125464472
1978-11-02,-1.2885950616813289,1.5963589293620732
1978-11-03,0.5944015541364175,1.5674617317928148
1978-11-06,-1.0346519111550536,1.4955083083259428
1978-11-07,-1.4177173137112542,1.4566900803690568
1978-11-08,0.6372814862870468,1.4525621182393251
1978-11-09,-0.0317665911205576,1.3897497671618857
1978-11-10,0.3699972334717949,1.3196261531012865
1978-11-13,-1.7456531018550554,1.2571666897330662
1978-11-14,-0.6895829572363109,1.3136044771834317
1978-11-15,0.2375824274429647,1.268032086755037
1978-11-16,1.072856562222137,1.2063390514795915
1978-11-17,0.7547998359544634,1.1881078901329234
1978-11-20,0.8752118281326804,1.1499029102565188
1978-11-21,-0.2522842303882637,1.1222598480311932
1978-11-22,0.4934664926201212,1.0723191754924213
1978-11-24,0.3241468323322048,1.0302002172771332
1978-11-27,0.2085692168275494,0.9855092067762098
1978-11-28,-0.8789387342005519,0.9414498138707668
1978-11-29,-1.4822944928200483,0.9425363291891848
1978-11-30,1.0082303115980638,1.0135390999460847
1978-12-01,1.6546632269692174,1.0089684926789957
1978-12-04,-0.1351112331629045,1.077894141089602
1978-12-05,1.332734111250536,1.0283254631982326
1978-12-06,0.0512957711807035,1.054364099075644
1978-12-07,-0.421438700917924,1.0046994880574376
1978-12-08,-0.464617613217947,0.9689884823263364
1978-12-11,0.4955139303901631,0.93808462992167
1978-12-12,-0.5369184614175304,0.9059329283493541
1978-12-13,-0.5502207455996329,0.8842528753283294
1978-12-14,-0.0208189935424127,0.8652970193087786
1978-12-15,-0.7420205172798178,0.8283246026349359
1978-12-18,-2.002503050504548,0.8294482806468493
1978-12-19,0.8525152027315973,1.0101736400528794
1978-12-20,0.4658090633721318,0.9933795390773492
1978-12-21,0.0316793702354284,0.9558563138341698
1978-12-22,1.6752548651944028,0.9125764425448951
1978-12-26,1.2485320526673211,1.0013573653350984
1978-12-27,-0.8857746446548194,1.0216027004451858
1978-12-28,-0.3939104067247221,1.0148542429356582
1978-12-29,-0.1767225050447982,0.9771891924984493
1979-01-02,0.6430251712871893,0.9351027207234798
1979-01-03,1.100098134622148,0.9109002975883175
1979-01-04,0.7943811606694798,0.9266713339660904
1979-01-05,0.5563672486402094,0.9133847267265067
1979-01-08,-0.3334456695877028,0.8861198118048093
1979-01-09,0.5350023019260887,0.8555263897353719
1979-01-10,-0.5653777728664662,0.8318428904696329
1979-01-11,0.3335545005922292,0.8186590325295895
1979-01-12,0.8340517989016751,0.7891587185729609
1979-01-15,0.7576570246689356,0.7932989894548506
1979-01-16,-1.229097009267084,0.7903969541873007
1979-01-17,0.020110859840013,0.8522718207703127
1979-01-18,0.2409618216651786,0.815939606799592
1979-01-19,0.0300784873308944,0.7841043151525343
1979-01-22,0.1502645158598105,0.7524538130245908
1979-01-23,0.6982541569285403,0.7236102866459757
1979-01-24,-0.4383298583474985,0.723214412058552
1979-01-25,1.0231017954238577,0.7116945824216513
1979-01-26,0.6599365579901917,0.7456913112297635
1979-01-29,-0.3048009370353118,0.7399802005635246
1979-01-30,-0.4935844028066091,0.7196870571922307
1979-01-31,-1.1145530122509018,0.7122155951551854
1979-02-01,0.0300152880221122,0.7718318081758572
1979-02-02,-0.4612452643267437,0.741047191301955
1979-02-05,-1.427225692250008,0.7293338442244754
1979-02-06,-0.0407803475186443,0.8330449644136274
1979-02-07,-0.911844194135636,0.798475281891805
1979-02-08,0.5030531123183655,0.8198676200961915
1979-02-09,0.2250422552614375,0.7974484340725003
1979-02-12,0.3366088782153988,0.7666009015043302
1979-02-13,0.7406348136439503,0.7411501033878553
1979-02-14,-0.0606648731123383,0.7423991198177551
1979-02-15,-0.1416998064264345,0.714518238398496
1979-02-16,-0.0607955312792679,0.6903640059642531
1979-02-20,0.757235193744351,0.6663517915675916
1979-02-21,-0.3526614344625606,0.6777581091695581
1979-02-22,-0.7497480490942333,0.6652926460508456
1979-02-23,-0.5609142747271488,0.6869301969364555
1979-02-26,-0.1125613954294122,0.6879972452964527
1979-02-27,-1.58930172058399,0.6651684754198424
1979-02-28,0.1559186730007689,0.8128515360878813
1979-03-01,0.6418934407471677,0.7797830007009935
1979-03-02,0.0722130261251745,0.7694049150041927
1979-03-05,1.1177846421105002,0.7387801562729213
1979-03-06,-0.193941582471908,0.7802772794618706
1979-03-07,0.5807154822509679,0.7526129866970196
1979-03-08,1.1514109277999824,0.7406452726912395
1979-03-09,-0.0401776973821473,0.7861215483095936
1979-03-12,0.130512798020277,0.7548301892444417
1979-03-13,0.1704157333142281,0.7255971157202589
1979-03-14,-0.1302904282534916,0.698994714207059
1979-03-15,0.1503247525735169,0.6757427008987279
1979-03-16,0.8277302989747265,0.6525862336909526
1979-03-19,0.3667861531491573,0.6728663614808962
1979-03-20,-0.555664820664411,0.6561881711905816
1979-03-21,0.743497848751799,0.6602359555812958
1979-03-22,0.4139550290637518,0.6710851258420135
1979-03-23,-0.068873615139786,0.6567900046860022
1979-03-26,-0.5527033022613919,0.6354908003843113
1979-03-27,1.4151203242167294,0.6416610180713238
1979-03-28,-0.3519071076525793,0.745398631229287
1979-03-29,-0.0881743545860863,0.7269390351190098
1979-03-30,-0.4321806667533597,0.7006547897187608
1979-04-02,-0.6815126573273229,0.6908675724804239
1979-04-03,1.47567850243205,0.7022512060545356
1979-04-04,0.2438430823243981,0.8023614501986112
1979-04-05,0.5924941809570323,0.7715671254247594
1979-04-06,-0.0775061365176127,0.7586077590435559
1979-04-09,-0.3008956931724884,0.7298093855034639
1979-04-10,0.4558405579074175,0.7101805689710072
1979-04-11,-1.0017091393538773,0.6946168271351093
1979-04-12,-0.3034582743746313,0.7419878940173782
1979-04-16,-0.8664855724113766,0.7214676565361003
1979-04-17,0.118595701610913,0.7482562547130017
1979-04-18,0.4533358470796168,0.7193882408943018
1979-04-19,-0.4138326703952489,0.7028876903491649
1979-04-20,-0.0493757571000133,0.6917260379910752
1979-04-23,0.3353024174714126,0.6674399632648097
1979-04-24,0.6183434962135766,0.6498993226954237
1979-04-25,0.293115066950301,0.6510113426559574
1979-04-26,-0.4791929942652492,0.6332607015867276
1979-04-27,-0.2060734541413986,0.6336403108432792
1979-04-30,-0.0393013509753618,0.6180757886529634
1979-05-01,-0.0786490702108847,0.599358244222378
1979-05-02,0.0393322672005458,0.5828500759363322
1979-05-03,0.0884354584540789,0.5663178778779516
1979-05-04,-1.1061792964797197,0.5512360100284354
1979-05-07,-1.6724698142577872,0.6422409003031829
1979-05-08,0.1513714702532296,0.8122627388977043
1979-05-09,0.2920013347374826,0.7791815822284486
1979-05-10,-0.94960049029011,0.751339427386125
1979-05-11,0.0,0.7834849945608628
1979-05-14,-0.4680027852689522,0.7520192791730977
1979-05-15,0.0815513116543345,0.7397213855587109
1979-05-16,0.2848992390769496,0.7112460596833144
1979-05-17,1.5326013511443966,0.6883817426436928
1979-05-18,-0.0100086417184678,0.8011106104928069
1979-05-21,0.2099256879222626,0.7684778842883682
1979-05-22,0.3688045483742201,0.7394232074506352
1979-05-23,-0.6187671856736637,0.7173290050716689
1979-05-24,0.0400369493772003,0.719913274728022
1979-05-25,0.2897837784219716,0.6928345265521665
1979-05-29,-0.1697690179744498,0.671577406152073
1979-05-30,-0.9439740955126964,0.651599128191403
1979-05-31,-0.0302727475215232,0.698550507569232
1979-06-01,0.0907907632510805,0.6735080043724667
1979-06-04,0.1511426833076734,0.6499559758795015
1979-06-05,1.3004114792439805,0.6287960390048114
1979-06-06,0.6735369020824304,0.716584991975185
1979-06-07,0.4825435077946307,0.7149366816498893
1979-06-08,-0.295162604647724,0.700416666325233
1979-06-11,0.412985636329463,0.6829938329616285
1979-06-12,0.9181494487660108,0.6676041383674451
1979-06-13,-0.5264205234984662,0.6957576309302694
1979-06-14,-0.1075748119057527,0.6931365973727762
1979-06-15,-0.107690659941825,0.669799775566534
1979-06-18,-0.5205008512117275,0.648273464071134
1979-06-19,0.019695060141452,0.6502858426884794
1979-06-20,0.0492056725527963,0.6284841597934722
1979-06-21,0.4516001185174685,0.6082897900759081
1979-06-22,0.5372973051312128,0.6019359035744813
1979-06-25,-0.5372973051312143,0.6020167796553603
1979-06-26,-0.4220793267675652,0.6107982459470779
1979-06-27,0.598239395182889,0.6093189315753704
1979-06-28,0.5169040713729328,0.6133294586583922
1979-06-29,0.1069472726129506,0.610736406680799
1979-07-02,-0.8980107116616836,0.5921630449673704
1979-07-03,0.0979992992604549,0.6432540048855808
1979-07-05,0.3324900118261126,0.6220576913014059
1979-07-06,1.155074646513191,0.6082879316185449
1979-07-09,0.8169572641206053,0.6778207100513134
1979-07-10,-0.258786050237737,0.693668529924377
1979-07-11,-0.5388750227004638,0.6751853515479862
1979-07-12,-0.9208584820027744,0.67573656294397
1979-07-13,-0.3609610696706075,0.7157943093158379
1979-07-16,0.4096349958508697,0.7003788664304583
1979-07-17,-0.8896730081474202,0.6833235250410256
1979-07-18,-0.1375780353691938,0.7183712352588545
1979-07-19,-0.0787032306771472,0.693816656778635
1979-07-20,0.2064583972385324,0.6698465558926976
1979-07-23,-0.2261476421460006,0.6481374360858106
1979-07-24,0.3733595291811496,0.6321328036618193
1979-07-25,1.08267392002643,0.6193069871906213
1979-07-26,0.0193972675327654,0.676245997591392
1979-07-27,0.0,0.6524703849015066
1979-07-30,0.0484878087151282,0.630626095878573
1979-07-31,0.6378027377052161,0.6102648409729124
1979-08-01,0.3461880731666719,0.6175065818669175
1979-08-02,-0.0672201455690305,0.604733154658177
1979-08-03,-0.0576511582890778,0.5875562904492698
1979-08-06,0.2495941885935294,0.5716179015268211
1979-08-07,1.2860367238688837,0.5591706186850007
1979-08-08,0.3118670234938722,0.6606209441046859
1979-08-09,-0.4634287296609316,0.6427472512904572
1979-08-10,0.8589449805343445,0.6409188041589946
1979-08-13,0.9540776183050128,0.6662010324671176
1979-08-14,0.0930478121797231,0.6987468355590608
1979-08-15,0.6766521329240969,0.6733186918410019
1979-08-16,-0.1479187334674866,0.6766386382513211
1979-08-17,0.1941002637762561,0.6556031658156815
1979-08-20,0.4881866347190642,0.634747927525393
1979-08-21,0.0734838179814438,0.6280714990280551
1979-08-22,0.0734228588285087,0.6079386158019502
1979-08-23,-0.3308528139144115,0.5893964208291872
1979-08-24,-0.0276193712448294,0.5840669577778791
1979-08-27,0.4960062716328398,0.5679513853359958
1979-08-28,-0.1100135321484786,0.5687111026929672
1979-08-29,0.0,0.5555443413571436
1979-08-30,0.0,0.5415049019734968
1979-08-31,0.2748037424056609,0.5286648240203068
1979-09-04,-1.734678332986456,0.5210341979039239
1979-09-05,-0.9726983689909384,0.7443781689567689
1979-09-06,0.4220376236075369,0.7803033350467495
1979-09-07,0.755217966373004,0.7571919160385715
1979-09-10,0.4725899566316673,0.7579347492832867
1979-09-11,-0.6120160347433803,0.7391262254025001
1979-09-12,0.2879280825904155,0.7387605723888803
1979-09-13,0.0278191493902968,0.7138580381376447
1979-09-14,0.8402280718955624,0.6872538609447558
1979-09-17,0.0735240862359169,0.7042621308670842
1979-09-18,-0.7747653144101896,0.6783466806327273
1979-09-19,0.2589226348301671,0.7009121976069072
1979-09-20,2.038558045882248,0.6780893321045763
1979-09-21,-0.0362031997073051,0.8891366222338364
1979-09-24,-0.7815385138245743,0.8506869916477591
1979-09-25,0.0638421240453421,0.8528847576656124
1979-09-26,0.2549616934562825,0.8164544852797823
1979-09-27,0.2270973425292377,0.7849018052424448
1979-09-28,-0.8108270128048757,0.7550033112123915
1979-10-01,-0.6976365230675078,0.7713121701552742
1979-10-02,0.9443103021234758,0.7747917588277663
1979-10-03,0.0,0.7913538078205028
1979-10-04,0.5278514672863034,0.7593344363295597
1979-10-05,0.9935039268640572,0.7434700295196611
1979-10-08,-1.2570813769471865,0.7694836144883607
1979-10-09,-3.0023963958849675,0.8390123250711168
1979-10-10,-1.2551424150541857,1.2268374589764683
1979-10-11,-0.2376991779949516,1.2320884397017482
1979-10-12,-0.5345103739869408,1.1746310979423007
1979-10-15,-1.0873306662270092,1.1315477900713462
1979-10-16,-0.1646073152443361,1.1312450120016104
1979-10-17,0.1936266908258532,1.0787524505727963
1979-10-18,0.2125616459305162,1.0284180685834394
1979-10-19,-1.959033602862785,0.9816006608821071
1979-10-22,-0.8798429556564242,1.118040116697413
1979-10-23,-0.4278829452178428,1.1013615731722515
1979-10-24,0.1594297479349419,1.0588338357525862
1979-10-25,-0.439037260840363,1.0093969959999192
1979-10-26,0.5683813433836177,0.9741388266088283
1979-10-29,0.1391091147396249,0.9426784372540635
1979-10-30,1.9274852907180136,0.900615208650993
1979-10-31,-0.8313397999522875,1.0317599968397182
1979-11-01,0.7338943867045523,1.0195088320143388
1979-11-02,-0.0585113709477007,0.9937567938814047
1979-11-05,-0.6753830157568504,0.9485927407804169
1979-11-06,-0.6107818779326094,0.9323609554511363
1979-11-07,-1.322935894103991,0.9131130632502164
1979-11-08,0.4296357637573166,0.9673867417249575
1979-11-09,1.199161144668335,0.9303578307904024
1979-11-12,1.9510910192700828,0.9542921715871614
1979-11-13,-0.5521929092175685,1.07775354238814
1979-11-14,0.436192175381411,1.042913174169719
1979-11-15,0.7131852470121081,1.0007405344064912
1979-11-16,-0.3270456367175356,0.9752794427649012
1979-11-19,0.4230392160054466,0.9378370596313621
1979-11-20,-0.5194325842781619,0.9027098824672724
1979-11-21,0.1926939092031946,0.8802445114482235
1979-11-23,0.7479885165735187,0.8430174172009709
1979-11-26,2.014542872740871,0.83430481480184
1979-11-27,-0.3940391605028234,0.9963046533185884
1979-11-28,0.3659393253839218,0.9600136028758586
1979-11-29,0.03745754947187,0.9213300365696607
1979-11-30,-0.6104107724051543,0.8803139244966373
1979-12-03,-0.3113374112601612,0.8657710594819024
1979-12-04,0.9030247349128048,0.8358178377511275
1979-12-05,0.4298260051516456,0.8410212839867093
1979-12-06,0.6968669316093435,0.8134503079426892
1979-12-07,-0.4454381570861331,0.8037866914224673
1979-12-10,0.1394131268093868,0.7854448904315068
1979-12-11,-0.1673176710240508,0.7541185788231412
1979-12-12,0.0279045442146505,0.7276467785277199
1979-12-13,0.1394131268093868,0.7000361325115869
1979-12-14,1.154267417310153,0.6749098432413018
1979-12-17,0.375719719980162,0.7318111156831211
1979-12-18,-0.9465666008668316,0.710616151630539
1979-12-19,-0.0923843978091761,0.748447666942213
1979-12-20,0.0554422893644414,0.7206524820886042
1979-12-21,-0.6208088533059483,0.6935082356076959
1979-12-24,0.0650474580136408,0.6989599363713543
1979-12-26,0.1113954031155927,0.6734178459295848
1979-12-27,0.1668678490085435,0.650011791176059
1979-12-28,-0.1112166464291056,0.6290905295322704
1979-12-31,0.092692660340857,0.6108922984519191
1980-01-02,-2.0403143506448504,0.5922036547662258
1980-01-03,-0.5118988398129621,0.8567287831528245
1980-01-04,1.2279321527048634,0.8377734441869583
1980-01-07,0.2718802812989191,0.8779348928147798
1980-01-08,1.983750113586656,0.8424150836132505
1980-01-09,0.0917487252576926,0.9968579427792554
1980-01-10,0.7673339272049289,0.9509565124101736
1980-01-11,0.0272951911344611,0.9334511233961613
1980-01-14,0.4176121312414142,0.8916554950727912
1980-01-15,0.6861729231652431,0.8597329302869527
1980-01-16,-0.0810084538668174,0.8449292046857959
1980-01-17,-0.3156765674601104,0.8100618506092829
1980-01-18,0.3336818284660419,0.7845971922478248
1980-01-21,0.9230686034918748,0.7576655803601551
1980-01-22,-0.5277024331778797,0.7741987624453087
1980-01-23,1.7159792170811432,0.7638365441400521
1980-01-24,0.2289289610670733,0.890262503807867
1980-01-25,-0.079183796189873,0.852966931982882
1980-01-28,1.0855379895112365,0.8175150873484716
1980-01-29,-0.6814623484796821,0.8437600965171907
1980-01-30,0.9857429406368716,0.8381414125346321
1980-01-31,-0.90687165235133,0.8510899407230866
1980-02-01,0.8374081190214452,0.8652939802107339
1980-02-04,-0.6536255629531468,0.8615018920132156
1980-02-05,0.2532428611086336,0.8519263768632146
1980-02-06,0.9202231237606296,0.8178056803858272
1980-02-07,0.482757453601252,0.8267167129859867
1980-02-08,1.4259714787653957,0.8027100539477632
1980-02-11,-0.7061706316357188,0.8751458487325403
1980-02-12,0.6637746821461127,0.8683381527947825
1980-02-13,0.4569703360941285,0.8512398976001364
1980-02-14,-1.4628609173492717,0.8240618676256195
1980-02-15,-1.1286877509305535,0.9138246569867837
1980-02-19,-0.7043246197798823,0.9440628836530996
1980-02-20,1.618594862958334,0.9303804945569679
1980-02-21,-1.026979849315902,1.0076554359008063
1980-02-22,-0.208403917116301,1.015345492740523
1980-02-25,-1.4975969029378886,0.9714323212813686
1980-02-26,0.5719090957109061,1.039687950379622
1980-02-27,-1.413706261488626,1.00336826585557
1980-02-28,-0.0266976194058401,1.0554207425753812
1980-02-29,1.1592583038974316,1.0059821353227127
1980-03-03,-1.0258346444360873,1.016389342586673
1980-03-04,0.2485785910805835,1.0229713259734157
1980-03-05,-1.4738345072762746,0.9771110657243419
1980-03-06,-2.256894173609501,1.0411966792737997
1980-03-07,-1.623788844153287,1.2149385388906835
1980-03-10,-0.3654934793197015,1.2623112604273632
1980-03-11,1.185320366777946,1.2063862313267373
1980-03-12,-0.8478932942451987,1.197485598402599
1980-03-13,-1.1765394953859285,1.1712058343986194
1980-03-14,-0.1800544799721051,1.1750130294810375
1980-03-17,-3.052861794140074,1.1200017950256702
1980-03-18,1.7833350421064955,1.4229740084278983
1980-03-19,0.2015250319480653,1.4489899100056034
1980-03-20,-1.1473826016839452,1.3757898924744068
1980-03-21,-0.7885989237728479,1.3561033108810505
1980-03-24,-3.006326742722495,1.3128498631020886
1980-03-25,-0.0906901229459178,1.5546774178958385
1980-03-26,-0.515493261759746,1.475095489596379
1980-03-27,-0.4672421714383158,1.410202164581654
1980-03-28,2.473730025890858,1.3478819465653935
1980-03-31,1.3907568011280496,1.4756934141634992
1980-04-01,0.0881225579759167,1.4577639041214066
1980-04-02,0.48813920857443,1.3833448204733043
1980-04-03,-0.5175022773784121,1.3199603107314293
1980-04-07,-1.9373928562326037,1.265712680373184
1980-04-08,1.0030319058720398,1.3459851887218628
1980-04-09,1.869765875161849,1.3103176135665708
1980-04-10,0.9363466347737855,1.3612737400327737
1980-04-11,-0.2790215998855007,1.3200798545403194
1980-04-14,-0.9195289010244724,1.2579673651308485
1980-04-15,-0.2044085892269666,1.2314934555254575
1980-04-16,-1.0677442359973468,1.1733578124381563
1980-04-17,-0.483734448556623,1.1668820660629156
1980-04-18,-0.4960327480792612,1.1220314773818922
1980-04-21,-0.7486932673156733,1.081016131548047
1980-04-22,3.572684444411286,1.0580224401050804
1980-04-23,0.2896343465694946,1.4684323516758597
1980-04-24,0.6438288258275567,1.3951774186988126
1980-04-25,0.7253344621610054,1.3365319690070125
1980-04-28,0.4554046965429064,1.2856365186091707
1980-04-29,0.2080390544214369,1.2276458358847406
1980-04-30,0.4053743963485324,1.1680798156182437
1980-05-01,-0.783949073792763,1.1163767410340544
1980-05-02,0.1137251317239601,1.0927276194965274
1980-05-05,0.7548586757289464,1.0407896558454235
1980-05-06,-0.1222755691050853,1.0145619541220945
1980-05-07,0.8714859109498263,0.9689136476043393
1980-05-08,-0.98449350197061,0.9574837929246206
1980-05-09,-1.3374598635844923,0.9667888421341355
1980-05-12,0.0572769071446251,1.0146725015223759
1980-05-13,1.4402411726898443,0.9675508093563311
1980-05-14,0.5160653427768526,1.014814145783499
1980-05-15,0.1309384699291592,0.9778098822795755
1980-05-16,0.3359157926855824,0.9333696126844916
1980-05-19,0.2976466710718317,0.8956547412905325
1980-05-20,-0.0464447239067249,0.8595343256183396
1980-05-21,0.0928749693199643,0.823203734957898
1980-05-22,1.190436146132947,0.7888903287203879
1980-05-23,1.466128865860033,0.8317754024497472
1980-05-27,0.7026411794966562,0.9047425844792522
1980-05-28,0.5907079160058827,0.8869627010417542
1980-05-29,-1.6102547022807747,0.863746056835214
1980-05-30,0.8758136834234024,0.9684896664079565
1980-06-02,-0.4324292572183765,0.9574423453419925
1980-06-03,-0.2259683658438443,0.9258425555873505
1980-06-04,1.882449319763799,0.8885659016641352
1980-06-05,0.1508480426298901,1.0148619507110286
1980-06-06,0.3717131254810339,0.9681788369740758
1980-06-09,0.4495200775117105,0.9291020620422228
1980-06-10,0.831991983388538,0.8956575361648464
1980-06-11,1.1791301684730369,0.8883182970574239
1980-06-12,-0.4318915018636279,0.9155730929891851
1980-06-13,0.2507250029963689,0.8872267722844208
1980-06-16,0.2414824689359235,0.850580093182402
1980-06-17,-0.0516952965638339,0.8162973295852848
1980-06-18,0.1980312808927777,0.7830192316357183
1980-06-19,-1.3857821228706475,0.7526918027949319
1980-06-20,-0.5246655095279437,0.8448137191166282
1980-06-23,0.3937569756839369,0.827719862963925
1980-06-24,0.5486599866058601,0.7996991620368423
1980-06-25,1.362914072620683,0.7815041611775698
1980-06-26,-0.4551111465959528,0.8487294099426406
1980-06-27,-0.1636612100594587,0.8270914371919355
1980-06-30,-1.528871121458704,0.7951510239788776
1980-07-01,0.6021770144208582,0.901186269715239
1980-07-02,0.6504511012571801,0.8774365669835291
1980-07-03,1.527008125144015,0.8586615080027958
1980-07-07,0.7041401997332658,0.935564443556996
1980-07-08,-0.3811503219919602,0.915143272801776
1980-07-09,0.118740595093031,0.884405645624535
1980-07-10,-0.8768680092705067,0.8460712505142512
1980-07-11,0.7581274141774675,0.8578541355617856
1980-07-14,1.824734936637636,0.8484600382018381
1980-07-15,-0.5933735759382253,0.9739950849237489
1980-07-16,0.2762268539433745,0.9499923497082133
1980-07-17,1.5016710527287174,0.9095887753201304
1980-07-18,0.492853359920576,0.9740677597372451
1980-07-21,0.3843809392940134,0.9390868426280597
1980-07-22,-0.261544643443157,0.9024882137642546
1980-07-23,-0.2130118233789948,0.8679864952746603
1980-07-24,-0.1148854458769179,0.8344497008455741
1980-07-25,-0.8327558843357711,0.8009012435972341
1980-07-28,0.5367268805986791,0.8137366313139831
1980-07-29,0.7956414965646136,0.7936498820147795
1980-07-30,-0.1389839291312951,0.7939026176093233
1980-07-31,-0.4592096503238154,0.7637655140078095
1980-08-01,-0.3787875820817563,0.7498237254300955
1980-08-04,-0.1899300502580757,0.7324038793776189
1980-08-05,-0.1985814751142144,0.708263485738333
1980-08-06,0.6686270193683055,0.6862970731629693
1980-08-07,1.4294709051821808,0.6875084098496259
1980-08-08,0.2511017916481844,0.783328072496331
1980-08-11,0.9420724062345666,0.7540880199947165
1980-08-12,-0.7965587960268348,0.7730680226305298
1980-08-13,-0.4128407829543636,0.7856835787514532
1980-08-14,1.5853558854988687,0.7670441172410547
1980-08-15,0.3745481674089876,0.8709424156399697
1980-08-18,-1.8707155675145244,0.8389590561072561
1980-08-19,-0.6423054907802022,0.9931413423470429
1980-08-20,0.9497966373461344,0.9706356461553302
1980-08-21,1.3561997941654846,0.9654598803696642
1980-08-22,0.4453622504574465,1.0027145399457023
1980-08-25,-0.6847649815703332,0.9637279963685522
1980-08-26,-0.2560059991948671,0.9467766462865125
1980-08-27,-1.062982896893691,0.9089287019701854
1980-08-28,-1.172647656426201,0.932412274351865
1980-08-29,0.2454353056374939,0.9652020358852388
1980-09-02,1.105163724764773,0.9231274283138231
1980-09-03,1.905128361541045,0.9379258182265984
1980-09-04,-0.5565765938898369,1.057384310882229
1980-09-05,-0.43148363020852,1.024381358230043
1980-09-08,-1.2651764129898593,0.9876515244541294
1980-09-09,0.6144429911566296,1.0236756651106833
1980-09-10,0.5946641374305881,0.9907057587984276
1980-09-11,0.6787314748420887,0.9592909067581279
1980-09-12,-0.0955435935700684,0.9352074445959551
1980-09-15,0.1034968874612965,0.8944030055411473
1980-09-16,0.8478317983438864,0.8553012836092565
1980-09-17,1.6666379370704734,0.8534404408427562
1980-09-18,-0.3653762690165006,0.9523536623591242
1980-09-19,0.6598169667847228,0.9181127996223968
1980-09-22,0.8858089297911537,0.8963800853627291
1980-09-23,-0.7466464820366913,0.8934453526611144
1980-09-24,0.7236386355105827,0.8880854554195862
1980-09-25,-1.2737012053662156,0.8732754019358832
1980-09-26,-1.858369040992757,0.9274129097936757
1980-09-29,-2.249082407906961,1.0589449365226873
1980-09-30,1.5421977692703075,1.2271973656176272
1980-10-01,1.3223187986282658,1.251095878366853
1980-10-02,0.7522949895401819,1.2499081357637996
1980-10-03,0.9634178332239932,1.2068040940704028
1980-10-06,1.83870492231086,1.1803245138916507
1980-10-07,-0.5557017607114192,1.2465620065972878
1980-10-08,0.4949516379482421,1.199213549976411
1980-10-09,-0.4644270711126071,1.1483006630838906
1980-10-10,-0.5739885184849188,1.1039472724574644
1980-10-13,1.3266476560801457,1.068234879810254
1980-10-14,-0.0075701622610808,1.0885325967804957
1980-10-15,1.2645002659634277,1.036863841875507
1980-10-16,-1.113125014468785,1.0544072083370584
1980-10-17,-0.5308247344669952,1.0652470557871323
1980-10-20,0.8253530498987693,1.0302507190269985
1980-10-21,-0.5823455907874071,1.0096649366435808
1980-10-22,0.0606625987065426,0.9819930434492592
1980-10-23,-1.8283159253235997,0.9369868838500458
1980-10-24,0.2467479995043631,1.0615064071137534
1980-10-27,-1.5287682399279567,1.0130864049639448
1980-10-28,0.1328533764249483,1.078744425056374
1980-10-29,-0.1093916236420649,1.0278129440775081
1980-10-30,-1.2746063334177988,0.9810898708663232
1980-10-31,0.93001954637418,1.0191583931846595
1980-11-03,1.2241329416377842,1.0074839604617345
1980-11-05,1.759087175185985,1.0243725421328034
1980-11-06,-1.859873867618553,1.1052530773595337
1980-11-07,0.2092209043271138,1.2018327851671566
1980-11-10,0.2319672154421909,1.1438945078700815
1980-11-11,1.3653651135115203,1.0899280310863855
1980-11-12,2.5053045840166166,1.1117035278522203
1980-11-13,1.40182990777599,1.2936661377595833
1980-11-14,0.4823780767115798,1.2954050535567032
1980-11-17,0.4365275151896139,1.2376071618206592
1980-11-18,1.4056796384811077,1.1822136207285932
1980-11-19,-0.4591767303458735,1.1970150074429073
1980-11-20,0.9589971005000022,1.1489698728714637
1980-11-21,-0.9230456660350884,1.1273309010325516
1980-11-24,-0.5767466474106349,1.1131948653820585
1980-11-25,0.7347708282436489,1.0769109681116786
1980-11-26,0.6010725344511086,1.0464341656468228
1980-11-28,0.2493899190405935,1.0110220560110104
1980-12-01,-2.383720993786411,0.9659665876357153
1980-12-02,-0.1750715205485036,1.1818538338072364
1980-12-03,-0.1899989604737601,1.1263109661560324
1980-12-04,-0.1683890615484003,1.0746383114436895
1980-12-05,-1.811440605598217,1.025893496624788
1980-12-08,-2.584785812020514,1.1298985332859437
1980-12-09,-0.0995862693938891,1.3406093549665272
1980-12-10,-1.7160514676208536,1.2740476301672725
1980-12-11,-0.7041684003960722,1.3243698335177967
1980-12-12,1.4576002587786925,1.2787713417954614
1980-12-15,0.1700953146553682,1.2876412854997454
1980-12-16,0.8844580954005664,1.2239671008973045
1980-12-17,1.7382450173755786,1.190685900462136
1980-12-18,0.0827414471245441,1.2424763951046607
1980-12-19,0.524933306072978,1.1810891389062002
1980-12-22,1.5437458600715968,1.1325302654221663
1980-12-23,-0.3541362150967378,1.1689167092151393
1980-12-24,0.4277621494890439,1.1188950448691632
1980-12-26,0.5065178092986831,1.0711859408247693
1980-12-29,-1.1340390387394963,1.0296690233934893
1980-12-30,0.2219286685993649,1.0456031763654134
1980-12-31,0.3172326844945488,0.9978081571671948
1981-01-02,0.4263158610860681,0.9551338931402772
1981-01-05,1.188453999302592,0.918869226392268
1981-01-06,0.1086558102292279,0.9431180907279602
1981-01-07,-2.225562809713039,0.9008064834858597
1981-01-08,-1.5067073107121485,1.1043564848638163
1981-01-09,0.3151485909344168,1.1531382380815842
1981-01-12,0.0299689477313236,1.1001171321803642
1981-01-13,-0.1724156106686747,1.0475759416252723
1981-01-14,0.1349587386407704,1.0006920063847022
1981-01-15,0.5603511192927397,0.9547921345821131
1981-01-16,0.4089399658050535,0.9244420813601497
1981-01-19,-0.2972500934180441,0.8897689927317058
1981-01-20,-2.045031296812246,0.8574672681526887
1981-01-21,-0.2205189230112352,1.0386920705306857
1981-01-22,-0.8409239403033677,0.9935097434226665
1981-01-23,-0.0230325774917549,0.9858267372667988
1981-01-26,-0.2999190171020798,0.9408548087104147
1981-01-27,0.9810002194758394,0.9049072902981701
1981-01-28,-0.5966504388662749,0.9095981180282122
1981-01-29,-0.0767448376173464,0.8914366123122542
1981-01-30,-0.5312013866750852,0.8533123911843756
1981-02-02,-2.058872788669234,0.8358798633973329
1981-02-03,1.213942141587922,1.0254914252914475
1981-02-04,0.1011395709480158,1.0391406913567247
1981-02-05,0.8055256475865907,0.9905538485556575
1981-02-06,0.7454987297498538,0.9721485936466376
1981-02-09,-1.0235990230220322,0.9512439073190269
1981-02-10,-0.0232089886644885,0.965229016798848
1981-02-11,-0.7767632323562113,0.9216054548590957
1981-02-12,-0.5944035254168197,0.9158684515638571
1981-02-13,-0.3929895703142223,0.8969965325728899
1981-02-17,0.6515146862767554,0.8682137009502927
1981-02-18,0.5228449902769726,0.8503251405872814
1981-02-19,-1.466171659166866,0.8264276200967505
1981-02-20,-0.0236966540131957,0.9162337008223733
1981-02-23,0.606465563094063,0.8758546305193128
1981-02-24,0.0314052886798853,0.8544991509499389
1981-02-25,0.883132516071544,0.8179801756827663
1981-02-26,1.2218864941284746,0.8233609749341735
1981-02-27,0.8952870929948317,0.8649315338779405
1981-03-02,0.562133231850123,0.8661914822858062
1981-03-03,-1.1044763164640152,0.8431001194151184
1981-03-04,0.2295181589449094,0.8804442033808856
1981-03-05,-0.7132266581603635,0.8438371292528776
1981-03-06,-0.0615802411033456,0.8408251052599887
1981-03-09,0.9732912083195604,0.8059663788961049
1981-03-10,-0.5046179365327123,0.8216060558711009
1981-03-11,-0.391698022757436,0.805307748374518
1981-03-12,2.462696093978433,0.7838610899028895
1981-03-13,-0.0600839898946018,1.048844886831495
1981-03-16,1.172568126624875,1.0001248674406147
1981-03-17,-0.5658946842078645,1.0125660029499566
1981-03-18,0.2237660756471207,0.983688959216353
1981-03-19,-0.5678396043213981,0.9399921276944684
1981-03-20,0.4634792608534712,0.9173016287090799
1981-03-23,1.1936239760183285,0.8853245022885888
1981-03-24,-0.7545562285044112,0.9146363505612536
1981-03-25,1.7956199954764218,0.9077718581170399
1981-03-26,-0.6145284705472105,1.0159641989611956
1981-03-27,-1.1959469185777047,0.989725237559002
1981-03-30,-0.2751610907756179,1.0174513554859002
1981-03-31,1.272772271494707,0.9752576139843869
1981-04-01,0.418247158405751,1.0015154426076671
1981-04-02,-0.1832240510974808,0.9616333743158503
1981-04-03,-0.6107239407847436,0.9207544642665857
1981-04-06,-1.1580656689174638,0.9025406259107978
1981-04-07,-0.0149260857096004,0.9377852727552777
1981-04-08,0.2982582888569541,0.8959085529759846
1981-04-09,0.2676785121759973,0.8597862962709593
1981-04-10,-0.1188822983188987,0.8254450129654216
1981-04-13,-1.0162238461613322,0.7926115511968619
1981-04-14,-0.35361075438248,0.8266855455283523
1981-04-15,1.1167480078387662,0.8016091272867751
1981-04-16,0.3942421805251418,0.8336510987703453
1981-04-20,0.5552485240234102,0.8051959607716596
1981-04-21,-0.904783133045225,0.786907808954265
1981-04-22,-0.0670688548657328,0.8090559752852773
1981-04-23,-0.1492069411967371,0.7764906605608669
1981-04-24,0.8919316898074325,0.7478732837132399
1981-04-27,0.2512722806249097,0.7624534623657536
1981-04-28,-0.852452370789868,0.7347564135777193
1981-04-29,-0.9574452345317568,0.7581515863975594
1981-04-30,-0.1805503331162225,0.7902384788960348
1981-05-01,-0.0677861949688938,0.7614396148849436
1981-05-04,-1.556660809153288,0.7322817573355451
1981-05-05,-0.2682026492649037,0.8571049787510928
1981-05-06,0.3523492303520552,0.8261634286422208
1981-05-07,0.6782265662749886,0.7967343415819252
1981-05-08,-0.0075908607232256,0.787326960666648
1981-05-11,-1.4921628741448951,0.7556435212619367
1981-05-12,0.7756399336818312,0.8642381289650488
1981-05-13,-0.1301321928698398,0.855565804682212
1981-05-14,0.5576118962066932,0.8208378367486558
1981-05-15,0.6756521432565321,0.8013327831757527
1981-05-18,0.2795477088745154,0.7912928717963885
1981-05-19,-0.3400955293254126,0.7621991738136884
1981-05-20,-0.0681558125050989,0.7417338182036713
1981-05-21,-0.18957351648992,0.7140153017811238
1981-05-22,-0.3192933882008672,0.6912971918004227
1981-05-26,1.0905086547762155,0.6758398149621688
1981-05-27,0.7503599159126467,0.7239623449404021
1981-05-28,-0.2395086263992748,0.7279622355591578
1981-05-29,-0.6465220475532585,0.7059017271348966
1981-06-01,-0.1358435497813764,0.7122292177921733
1981-06-02,-1.3610889916315836,0.6881000032401179
1981-06-03,0.0688873069364759,0.7900611656113056
1981-06-04,0.191080416736504,0.7579740322287067
1981-06-05,0.9575226808369184,0.7293365110131939
1981-06-08,0.0151283914325362,0.7532769105610027
1981-06-09,-0.2043861773529821,0.7238706865029267
1981-06-10,0.264865334910659,0.7008689724477399
1981-06-11,1.0749099148418075,0.6782176407826677
1981-06-12,-0.1945775958096954,0.723904921330643
1981-06-15,0.0898503350941418,0.7005747137934182
1981-06-16,-1.098751830493368,0.674994541567794
1981-06-17,0.8814713512644953,0.7391106653163516
1981-06-18,-1.2681388938053106,0.7537280076312493
1981-06-19,0.4774400900394853,0.8277737049650872
1981-06-22,-0.2422280517818613,0.8034214080469315
1981-06-23,1.055425657747323,0.7755902542581515
1981-06-24,-0.5187804696031806,0.8041797000582741
1981-06-25,0.1130025326823883,0.7903907236470532
1981-06-26,-0.1884162328520549,0.7584815203378749
1981-06-29,-0.5067117490878204,0.7322948783968118
1981-06-30,-0.5169092923570355,0.7245142962831004
1981-07-01,-1.1035458614019449,0.7182405382334586
1981-07-02,-0.8745884986463827,0.7752792815046737
1981-07-06,-0.9921542520533416,0.7956899923309215
1981-07-07,0.6807292970850601,0.8264896872019026
1981-07-08,0.0623650059642172,0.8144097970068962
1981-07-09,0.7608108183992817,0.780617583483891
1981-07-10,0.0541168806845264,0.779313809440978
1981-07-13,0.2084895378491537,0.7479671192614896
1981-07-14,0.007709134250982,0.7203860973574276
1981-07-15,0.4463620264763757,0.6933995725978194
1981-07-16,0.0844307635074767,0.6788115040077716
1981-07-17,0.3217147038849806,0.6548292426413636
1981-07-20,-1.5724027678968178,0.637812186201187
1981-07-21,-0.2956548379592867,0.7898372039179156
1981-07-22,-0.947280043041848,0.7651151957796695
1981-07-23,0.2121591757618959,0.7950209925382555
1981-07-24,0.8285868978773284,0.764091869624346
1981-07-27,1.1147252596381505,0.7705869348495892
1981-07-28,-0.5867794218246494,0.8068860670147772
1981-07-29,0.015489177130914,0.7976185506959972
1981-07-30,0.6559354078866407,0.7650749320899011
1981-07-31,0.6975107324703462,0.7571338373995431
1981-08-03,-0.3366510078346502,0.7531518458594025
1981-08-04,0.5350444463663222,0.7332729286728582
1981-08-05,1.1294458095013589,0.7201915552957976
1981-08-06,-0.0226141341832367,0.7661163837189993
1981-08-07,-0.6732499363948314,0.7360640609631468
1981-08-10,0.59782485832043,0.7413385735349031
1981-08-11,0.9835379561353,0.7315846452531618
1981-08-12,-0.3367727837997106,0.758121645958347
1981-08-13,0.0824252529756614,0.7378338088234648
1981-08-14,-0.7669127916786368,0.7094979308121007
1981-08-17,-0.9631899121549076,0.7270883259627576
1981-08-18,-0.8495062013025741,0.7644525248090087
1981-08-19,0.2916386364164367,0.783596236727545
1981-08-20,0.1531487719248458,0.7554139017625175
1981-08-21,-1.1234395813647036,0.7263925555844674
1981-08-24,-2.9287970904354443,0.7847534628241885
1981-08-25,-0.2952583644703812,1.1771254584005792
1981-08-26,-0.1359496162322177,1.1247263908782295
1981-08-27,-1.1671537018877354,1.0721531403517626
1981-08-28,0.4604391879397264,1.086411684493435
1981-08-31,-1.0450946996869683,1.0420550366384873
1981-09-01,0.1871329864052868,1.0475997010578337
1981-09-02,0.3813247338401438,0.9991904426197132
1981-09-03,-1.838812926116402,0.9582454734142726
1981-09-04,-0.9697131068775532,1.0799941399505935
1981-09-08,-1.755975647263653,1.0745099557900004
1981-09-09,0.3553588309054713,1.1614714333183485
1981-09-10,1.458898900428341,1.108851723318279
1981-09-11,1.2161483670154547,1.1385963455700463
1981-09-14,-0.7842504648569157,1.1395872473622959
1981-09-15,-0.7403494432016996,1.1139190449244751
1981-09-16,-0.7542726832952036,1.0874822905761998
1981-09-17,-1.4575304119489776,1.0643063256904128
1981-09-18,-0.7626097331005953,1.1128063879480785
1981-09-21,0.8394016973887718,1.0879823275997496
1981-09-22,-0.478795000667357,1.0632683617229512
1981-09-23,-0.8866745743628218,1.0258228729152064
1981-09-24,-0.5549302192593921,1.0187215146557804
1981-09-25,-1.966878320256268,0.9887165024494077
1981-09-28,2.417990945258406,1.124915132351423
1981-09-29,0.3542611040270415,1.2888859000733166
1981-09-30,0.2067878222052371,1.2280205452585502
1981-10-01,0.7716762271895092,1.1684159856581255
1981-10-02,1.9286664105954672,1.1327319182828817
1981-10-05,0.1255926184713409,1.219021785714263
1981-10-06,-0.1004627508652768,1.159251619053917
1981-10-07,1.5953792412430985,1.1039668242695537
1981-10-08,0.820955288098753,1.1505581440115313
1981-10-09,-0.7056155217972654,1.119318907808395
1981-10-12,-0.1978059391304598,1.0901432525007668
1981-10-13,-0.3553872156264476,1.041001174738503
1981-10-14,-1.6529266156182243,0.9999104095820086
1981-10-15,0.7630710998660308,1.0851759531383345
1981-10-16,-0.4353264637470149,1.0557416831553943
1981-10-19,-0.1763439003904243,1.0168572666624545
1981-10-20,1.0866907997455664,0.9720962851300337
1981-10-21,-0.1497631590615037,0.9792643148911516
1981-10-22,-0.3837487720688233,0.9364635703207933
1981-10-23,-0.873075496231258,0.9042132462107655
1981-10-26,-0.3716804481942013,0.908876573278868
1981-10-27,0.9517841752733192,0.8781948054370389
1981-10-28,0.1340337254748084,0.8831555577539859
1981-10-29,-0.3270301003842271,0.8450270445510124
1981-10-30,2.349144644078449,0.817316305327948
1981-11-02,1.8774151267710733,1.048185010914634
1981-11-03,0.4819335460455135,1.1419534585731328
1981-11-04,-0.0480926416002845,1.0945101644353363
1981-11-05,-0.9666556293981952,1.0427534103930955
1981-11-06,-0.7067189560539714,1.0408980545645183
1981-11-09,0.5041503188275039,1.018542440827371
1981-11-10,-0.4796984461101379,0.9807516934625347
1981-11-11,0.1791395520807966,0.9496966644054878
1981-11-12,0.2194176426128522,0.9075989003091068
1981-11-13,-1.24154520420948,0.8689424168647071
1981-11-16,-1.182271907167446,0.9195647057492173
1981-11-17,0.7539732179159676,0.9552842793852192
1981-11-18,-0.7373376482634866,0.9364569649477261
1981-11-19,0.3734883753660469,0.9260412159940434
1981-11-20,0.825019123574618,0.8900136614474029
1981-11-23,-0.0904201380542101,0.8826795323753003
1981-11-24,1.5585184762214992,0.8453556404328917
1981-11-25,0.4362592992904814,0.9293500903740465
1981-11-27,0.8348714212013199,0.8953562853765789
1981-11-30,1.002237280674616,0.8882800792884095
1981-12-01,-0.1980590887271835,0.8969036429219763
1981-12-02,-1.1244554282024943,0.8608865501461147
1981-12-03,0.3442622160281215,0.8980627930013017
1981-12-04,0.906999111019324,0.8631041518455075
1981-12-07,-0.8510687085598545,0.8656201040191206
1981-12-08,-0.2959905712208164,0.8725881718009094
1981-12-09,0.5273713014245273,0.8415196804250652
1981-12-10,0.1831249568672335,0.8185869959050998
1981-12-11,-0.62240767573755,0.7854878194567909
1981-12-14,-1.735945682936027,0.7810962138671466
1981-12-15,0.1708907828027598,0.9255450477078241
1981-12-16,-0.4645293419408662,0.8849547475669207
1981-12-17,0.5701771373024045,0.8608140586959377
1981-12-18,0.7122053766242067,0.8386248859227268
1981-12-21,-0.5336825732864307,0.8276574887829853
1981-12-22,-0.3736492824552593,0.8127041736617647
1981-12-23,-0.4649461509154781,0.7897254737323468
1981-12-24,0.1878729230296507,0.773795603575528
1981-12-28,-0.220582806775107,0.7439576490548543
1981-12-29,-0.4919239951004939,0.7199408329796549
1981-12-30,0.5164620896169229,0.712327217053417
1981-12-31,0.2042067230091039,0.7000329678765742
1982-01-04,0.154914468016755,0.6759524233117767
1982-01-05,-2.215993146844834,0.6528441880160428
1982-01-06,-0.7273390208522943,0.9337525793592482
1982-01-07,-0.2099870574296274,0.9228183741605916
1982-01-08,0.5199632126209128,0.8853040071483435
1982-01-11,-2.344290702899862,0.8584275663037629
1982-01-12,-0.4118726637363992,1.0973581798729315
1982-01-13,-1.2285004373368265,1.054457726819193
1982-01-14,0.5728716885375134,1.0774262035397897
1982-01-15,0.6814197291832064,1.0383257209282666
1982-01-18,0.762152589321089,1.0078586090828565
1982-01-19,-1.0720973967424778,0.9849333325293842
1982-01-20,-0.6054374004068761,0.9998467159384435
1982-01-21,0.4155519475775467,0.9744021988221374
1982-01-22,-0.3201687942263584,0.9363557258434638
1982-01-25,0.0260032139533548,0.901486016331528
1982-01-26,-0.1908077030596204,0.861816083757833
1982-01-27,0.476331755552596,0.8280942874325107
1982-01-28,2.7104705043988613,0.8036623384241675
1982-01-29,1.2368562815601911,1.1151963931793665
1982-02-01,-2.200107839597371,1.1207495189198526
1982-02-02,0.1950917587611522,1.267148003973911
1982-02-03,-1.3049771471567602,1.2049812523556263
1982-02-04,-0.0515287152622128,1.2177257716748293
1982-02-05,0.7189383638383328,1.158266161415631
1982-02-08,-2.268418358745896,1.1203997448439074
1982-02-09,-0.8322039693144628,1.2781752228920567
1982-02-10,0.8583772945732293,1.2439298123555491
1982-02-11,-0.2007974422548981,1.2073768239485172
1982-02-12,-0.0437070522157009,1.1507057390832842
1982-02-16,-0.2801610150573513,1.0953628808653064
1982-02-17,-0.3249136708559912,1.0479949689504366
1982-02-18,0.1142782878509772,1.0053097217443017
1982-02-19,-0.5285411103558406,0.9589687869710815
1982-02-22,-1.4501432010136843,0.9323305009442528
1982-02-23,-0.0717115245498568,1.0005980121948264
1982-02-24,1.7424203426265137,0.9551380420635607
1982-02-25,-0.22940025578001,1.0459948920888378
1982-02-26,-0.0883691063656904,1.0005493933993912
1982-03-01,0.1766601906841199,0.9553067886869964
1982-03-02,-0.5575458129707144,0.9128054363344719
1982-03-03,-1.5742741476820623,0.8918157156473056
1982-03-04,-0.9420368008815037,0.9854117252707694
1982-03-05,-0.4926576256884421,0.9874940571945214
1982-03-08,-1.8460927342222195,0.9565827384888325
1982-03-09,1.3785715901107696,1.0798552969710855
1982-03-10,0.5315278427252392,1.1043511703404774
1982-03-11,-0.0457128963313338,1.0614770627830603
1982-03-12,-0.6881708085209282,1.011806203752579
1982-03-15,0.7704306174598256,0.9907510784725589
1982-03-16,-0.1554411434142185,0.9698844303257752
1982-03-17,-0.1831809888329121,0.9278297801667892
1982-03-18,1.1122379163517362,0.8892715285826974
1982-03-19,0.2806552504961805,0.9090300338617886
1982-03-22,1.9339810044015957,0.8715486613522493
1982-03-23,0.6892978951232074,1.0103551770450288
1982-03-24,-0.5120987883072782,0.9826352742619526
1982-03-25,0.2122185458646473,0.9531523458919238
1982-03-26,-1.128145772986784,0.9113005511377433
1982-03-29,0.3210853646277251,0.9418209976877293
1982-03-30,-0.0267234349296377,0.9030976385313486
1982-03-31,-0.2764998100166994,0.8636222863983705
1982-04-01,1.6212995944698965,0.8324954849200372
1982-04-02,1.1620434022858483,0.9285464492219957
1982-04-05,-0.3393515367064347,0.9486661735906209
1982-04-06,0.5476107757007129,0.9136373129153579
1982-04-07,0.0866462875916555,0.8858986086308182
1982-04-08,0.6560815446944405,0.8472917556529838
1982-04-12,-0.1894766043977379,0.8315866277151289
1982-04-13,-0.0086229029947658,0.8000062820717837
1982-04-14,-0.1380347324041244,0.7674404038589071
1982-04-15,0.4479261881366247,0.7392178793030115
1982-04-16,0.3945785633201381,0.7207358295776269
1982-04-19,-0.0942149124885804,0.7012663240449838
1982-04-20,-1.0855577527739708,0.6770272820362235
1982-04-21,0.2422555042381789,0.7388871089925458
1982-04-22,1.2623079446699943,0.7127273584225997
1982-04-23,1.229712258170901,0.7780325706804498
1982-04-26,0.5212308922231622,0.8276681776983221
1982-04-27,-1.062137714167532,0.8055587419177255
1982-04-28,-0.6290914711699899,0.8432698356757886
1982-04-29,-0.9597355065369862,0.8336132213347782
1982-04-30,0.2579785155902535,0.8556095298573162
1982-05-03,0.3258146155306853,0.8213363074058492
1982-05-04,0.5463556300193689,0.7913880671398579
1982-05-05,0.178623861490912,0.7737838674440503
1982-05-06,0.8546717079131112,0.7437981570190207
1982-05-07,0.6634506052748124,0.75517437834459
1982-05-10,-0.9165537985610298,0.7487737874945747
1982-05-11,0.8746909724772163,0.7774406042096308
1982-05-12,-0.2095646048297531,0.7867257622003666
1982-05-13,-0.8003724015736846,0.7590620821984283
1982-05-14,-0.1777920982142607,0.7737905733741766
1982-05-17,-1.1077167159972596,0.7461375826948169
1982-05-18,-0.748232055590626,0.7989958452014293
1982-05-19,-0.8234753471105487,0.8039384203671498
1982-05-20,-0.2614635072798536,0.8154813826501196
1982-05-21,0.2614635072798528,0.7874259573448686
1982-05-24,-0.0870763499710077,0.758141396615106
1982-05-25,-0.3403287769277177,0.7295407560024867
1982-05-26,-1.134029034442164,0.7118438437047023
1982-05-27,-0.3986335966957976,0.7742572808775143
1982-05-28,-0.6947622188018296,0.7558132380406921
1982-06-01,-0.1789202037748315,0.7607819625275865
1982-06-02,0.3218316816687043,0.7341385886381023
1982-06-03,-0.1607863713510714,0.7106962944174714
1982-06-04,-1.5949915032205473,0.6873585594991392
1982-06-07,0.027252539850037,0.8301972016347025
1982-06-08,-0.4459670582874029,0.7953512074905573
1982-06-09,-0.5854919332273717,0.7777772361178397
1982-06-10,0.5672501495048036,0.7712913410864195
1982-06-11,1.4761393365940845,0.7567427449075915
1982-06-14,-1.157335519092455,0.8454786147184552
1982-06-15,-0.2458427290471568,0.8889820861979426
1982-06-16,-0.7503692559392562,0.8549422636246595
1982-06-17,-1.1733901574524073,0.853924106382902
1982-06-18,-0.2978405951894657,0.8981623960655835
1982-06-21,-0.074600742594724,0.8652611220505233
1982-06-22,1.020896201687555,0.828895200550201
1982-06-23,1.684709610705093,0.8466106436414621
1982-06-24,-0.2818545820766482,0.949744931721198
1982-06-25,-0.6302276306258259,0.912528082031559
1982-06-28,1.0209776370307024,0.896406186086998
1982-06-29,-0.0453604139686446,0.9059141398203676
1982-06-30,-0.5459011600308683,0.8664271219647508
1982-07-01,-0.8244839001855961,0.8487748542925603
1982-07-02,-0.9798539809353084,0.8551512558669181
1982-07-06,-0.3349780802958312,0.8765314826768357
1982-07-07,-0.0652647397434165,0.8467327784332004
1982-07-08,0.2887057265801487,0.8115143250362095
1982-07-09,1.2017181482652568,0.7811866245691057
1982-07-12,0.677656309921142,0.8266997047781868
1982-07-13,-0.1095815545883489,0.8143826316715568
1982-07-14,0.9004613081925248,0.7821520716197901
1982-07-15,0.0271592766139866,0.7933790301544795
1982-07-16,0.5416628497159083,0.7610867501345325
1982-07-19,-0.3065794405025972,0.7458877056802649
1982-07-20,0.7288443143066673,0.7251884117288548
1982-07-21,-0.1076451010607341,0.7271838391432369
1982-07-22,0.0538404567312797,0.7012681779524352
1982-07-23,-0.2784687951415107,0.675546191315289
1982-07-26,-0.7312789895124999,0.6594728764517418
1982-07-27,-0.846267666050801,0.6799231289018781
1982-07-28,-1.5564180794385494,0.7103235496327512
1982-07-29,-0.0185618149157802,0.8404141371156214
1982-07-30,-0.58657110593593,0.8051243225681868
1982-08-02,1.7494841741934422,0.7960132580565394
1982-08-03,-1.0608480083239606,0.9207081311080033
1982-08-04,-1.5796958225609872,0.94243424480296
1982-08-05,-0.9275936963463648,1.0273744220184855
1982-08-06,-1.3884500911967237,1.023655675348611
1982-08-09,-0.6093130226282237,1.0695041689478177
1982-08-10,-0.2331056759685176,1.0385242453496635
1982-08-11,-0.2336428923357012,0.9936799557105523
1982-08-12,-0.1755929708052406,0.9519048803911933
1982-08-13,1.3865547472514068,0.911511582423286
1982-08-16,0.2308338716215732,0.9604484384494569
1982-08-17,4.645892143929699,0.9184231291318439
1982-08-18,-0.4596018714340257,1.6466397815147251
1982-08-19,0.5695952318036875,1.5687167228511865
1982-08-20,3.4750035111350948,1.4958752349248543
1982-08-23,2.6973258396004507,1.7582760239572253
1982-08-24,-0.6567051504071113,1.8491022848632475
1982-08-25,1.914799715543968,1.7647935441336275
1982-08-26,0.8215869706832765,1.7649833306229445
1982-08-27,-1.2221168987956783,1.6885407242451647
1982-08-30,0.4685471294989561,1.6465340591586493
1982-08-31,1.5600927192883924,1.5659507918570439
1982-09-01,-1.0599040381657037,1.5538113034557959
1982-09-02,1.7104474244940169,1.5118450096903577
1982-09-03,1.967384011664402,1.5197182912022735
1982-09-07,-1.073558798553002,1.554120228602836
1982-09-08,0.6815268015930078,1.5130589929391671
1982-09-09,-0.1883898900655358,1.4478964119459496
1982-09-10,-0.823253180065688,1.3759844492860707
1982-09-13,1.04437168797885,1.3332352894587207
1982-09-14,0.7010712852462988,1.301476143165652
1982-09-15,0.9620531328512256,1.2519621268335916
1982-09-16,-0.4192574693900185,1.2214733483286808
1982-09-17,-0.9905842553312214,1.1701646037221705
1982-09-20,-0.0326458132993901,1.1573939077300175
1982-09-21,1.9160577470134184,1.101546941122328
1982-09-22,-0.7152354250710053,1.1914335111674041
1982-09-23,-0.1452787249070529,1.1569071591058195
1982-09-24,-0.3965512170341596,1.1024302241065942
1982-09-27,0.2429765905785632,1.0585578274156051
1982-09-28,-0.3078710054507737,1.0102643548291739
1982-09-29,-1.315002934566926,0.9696404589835063
1982-09-30,-0.99980102181603,1.0142896053123345
1982-10-01,1.27895060326391,1.0186051778550267
1982-10-04,-0.3778541362154074,1.0399675055422724
1982-10-05,0.3860542887453341,0.999819425516026
1982-10-06,3.2186668665968226,0.9589805554348813
1982-10-07,2.221704430938596,1.3267458152998994
1982-10-08,1.7318115692363374,1.421546051139796
1982-10-11,2.5762181857274973,1.4421457524870998
1982-10-12,-0.022311389693786,1.5681003796048036
1982-10-13,1.674392203746041,1.4872525268147767
1982-10-14,-1.5777378873905266,1.4942768853878647
1982-10-15,-0.7458824356958065,1.5015276538316216
1982-10-18,2.3382407250238715,1.4449488787935567
1982-10-19,-0.1097610134155115,1.5365064104732755
1982-10-20,1.921667429543464,1.458195212223544
1982-10-21,-0.1221734120464408,1.495299587138195
1982-10-22,-0.1655300878479289,1.4195989971074148
1982-10-25,-4.049786785922515,1.349063103845314
1982-10-26,0.8663148953454831,1.7863280500894072
1982-10-27,0.6005115659394983,1.7103527435984807
1982-10-28,-1.2645192400851406,1.6294231606912621
1982-10-29,0.0972690092027658,1.5956811382830132
1982-11-01,1.30021519228215,1.5130827263817432
1982-11-02,1.480100453881222,1.484330727974117
1982-11-03,3.838386455812321,1.4733007823843576
1982-11-04,-0.7164887417638677,1.809080225630658
1982-11-05,0.2183005324056421,1.729745715540633
1982-11-08,-1.2172840922660246,1.6399667936002864
1982-11-09,1.8204141809208472,1.6017796278072944
1982-11-10,-1.309048574338347,1.6105982267648593
1982-11-11,0.4170917857824479,1.582013944770417
1982-11-12,-1.5785319452424704,1.5042174003891235
1982-11-15,-1.807975210561821,1.5104357392815722
1982-11-16,-1.1818824513621062,1.5401020028088457
1982-11-17,1.836521045024535,1.5080457197366228
1982-11-18,0.2968139714191283,1.5294533727487445
1982-11-19,-0.95874649445875,1.4525990737442664
1982-11-22,-2.0646677931160538,1.4122369914299877
1982-11-23,-0.9657635043692966,1.486567011765969
1982-11-24,0.7121294033492344,1.4438824597300144
1982-11-26,0.7441617640019481,1.3847511917154416
1982-11-29,-0.5054328657494983,1.3312741018911909
1982-11-30,3.175569806074533,1.2757485917054445
1982-12-01,0.1370621974039395,1.5384628698332072
1982-12-02,0.0720660839985732,1.4594158092619118
1982-12-03,-0.0936938400403941,1.3848693949446031
1982-12-06,2.1964811994528897,1.3155440368888929
1982-12-07,0.6678621118726642,1.40867926511607
1982-12-08,-0.6325977864512697,1.3500955035658924
1982-12-09,-1.2916276911015092,1.2988955328392755
1982-12-10,-0.3076102611725133,1.2997408918669011
1982-12-13,0.2718874157825059,1.2396645272385167
1982-12-14,-1.8388858788667413,1.1802793321183658
1982-12-15,-1.5845316909157934,1.2609655800076909
1982-12-16,0.0443539274653299,1.2973514420091183
1982-12-17,1.6056669410099158,1.2325759599149702
1982-12-20,-0.9059793598977876,1.2628577853255716
1982-12-21,1.7172805085281386,1.2349756206479
1982-12-22,0.1585937607262047,1.2779407662198765
1982-12-23,0.6390252439515895,1.2147661779371537
1982-12-27,1.738308309286131,1.168636308847212
1982-12-28,-0.989612857775106,1.223664583952571
1982-12-29,0.3333226762072416,1.2056671466791422
1982-12-30,-0.6463805141345629,1.1496554874284766
1982-12-31,0.2206624785802262,1.1143917531561907
1983-01-03,-1.6489032896417712,1.0621404274534303
1983-01-04,2.159543562851736,1.136146247405971
1983-01-05,0.4235542743220175,1.255998538338153
1983-01-06,2.3048734222903566,1.1990183181978624
1983-01-07,-0.0619807887808725,1.3292127223475074
1983-01-10,1.096055739290076,1.2629816402626195
1983-01-11,-0.6836231219898492,1.2412853665250372
1983-01-12,0.6222905562506287,1.2009374736704372
1983-01-13,-0.6565967915019015,1.1550449613043605
1983-01-14,0.6293188575894187,1.1199447792178254
1983-01-17,0.0477263024254669,1.0803543189745055
1983-01-18,-0.2183456991575306,1.0290395777222412
1983-01-19,-0.7748450541254593,0.9844521221811665
1983-01-20,0.6996797800486524,0.9723136933525858
1983-01-21,-1.6819774668482987,0.9484234595248967
1983-01-24,-2.7343009773547537,1.047527268197809
1983-01-25,1.263681995413015,1.3083910010488016
1983-01-26,-0.1482627394639555,1.2960409829424009
1983-01-27,1.9104258358799435,1.2328613416319956
1983-01-28,0.1662097725871592,1.300411734983377
1983-01-31,0.545192028149511,1.2359206783765246
1983-02-01,-1.6235673764959575,1.1843386533928104
1983-02-02,0.1886782147973048,1.2360666806102418
1983-02-03,0.7165489034904138,1.1757564048984908
1983-02-04,1.2947873189280923,1.1364082983480421
1983-02-07,0.539117085291249,1.1452595700288162
1983-02-08,-0.8406540783829569,1.0997776267695847
1983-02-09,-0.4815949835095058,1.0817906449107426
1983-02-10,1.709443335930004,1.0430889197905944
1983-02-11,0.1016391072327821,1.1138878291011727
1983-02-14,0.8631780866638126,1.060556284198232
1983-02-15,-0.4239077996681623,1.0399328456841448
1983-02-16,-0.5883832539728566,1.0017114669575184
1983-02-17,0.0067892737780039,0.9750630607116498
1983-02-18,0.3790943843904886,0.9306125336714841
1983-02-22,-1.7173683013356718,0.8944437614817717
1983-02-23,0.8964357480476741,1.0099427618587205
1983-02-24,1.8962158108042293,0.9965065394058354
1983-02-25,0.0935387147941747,1.1027833806740843
1983-02-28,-1.1282912961570153,1.0501205716862292
1983-03-01,1.886727072172298,1.0630055250043076
1983-03-02,0.9367428691549804,1.1554684010827079
1983-03-03,0.7717957602580807,1.1316232465491796
1983-03-04,0.1237196610239648,1.098907776405648
1983-03-07,0.0,1.0466361988484105
1983-03-08,-1.5807260039898428,0.9975959438077642
1983-03-09,1.0587680960151873,1.072978656584806
1983-03-10,-0.7023970006659948,1.0666691777235826
1983-03-11,-0.3695869721762815,1.0417691530061306
1983-03-14,-0.2714628423554662,1.0011668066722081
1983-03-15,0.3573751596989845,0.9599883011844118
1983-03-16,-1.0359330284401853,0.9210427341680215
1983-03-17,-0.1469614327214226,0.9400419022160146
1983-03-18,0.2070170485910021,0.8998322361612189
1983-03-21,0.8568975748742211,0.8614941478611601
1983-03-22,-0.3511673435384842,0.8597553903181663
1983-03-23,1.416963693576206,0.831956087018038
1983-03-24,0.3657967185450013,0.8979219547836105
1983-03-25,-0.4574553550566997,0.8636659201235933
1983-03-28,-0.5385485589174316,0.8409038251847116
1983-03-29,-0.1713747872191752,0.8250666768270218
1983-03-30,1.180420996699565,0.7934698212493385
1983-03-31,-0.2807200584884066,0.8344029302266496
1983-04-04,0.0392166528586454,0.8056313013654083
1983-04-05,-0.7346290304053547,0.7724551809692514
1983-04-06,-0.5677711474315307,0.7791770420851379
1983-04-07,0.4755631484100612,0.7712194893472645
1983-04-08,0.715679883788137,0.7514396859923648
1983-04-11,1.4870842860276827,0.7495056347263435
1983-04-12,0.43736107785401,0.8414192031251501
1983-04-13,0.6078248426424284,0.814141295019426
1983-04-14,0.8574417214570147,0.7982849838975563
1983-04-15,0.3976430224739924,0.8035297595996939
1983-04-18,0.6216890104597411,0.7775337686533608
1983-04-19,-0.6468848055196456,0.7659684433301834
1983-04-20,1.25228605150633,0.7656329054284486
1983-04-21,-0.4115254853865843,0.8203004497435277
1983-04-22,0.2309079041249146,0.7986507434417275
1983-04-25,-1.0086860775220357,0.767839508184106
1983-04-26,1.8714288574183344,0.8046383932760288
1983-04-27,-0.228922059562805,0.9484003441118204
1983-04-28,0.930981482740134,0.909627200513595
1983-04-29,0.9041516627668144,0.90922980698695
1983-05-02,-1.420978226452552,0.906524075320841
1983-05-03,0.1417757856232889,0.9751232981706274
1983-05-04,0.5957341364370402,0.9309475821387372
1983-05-05,0.5922061518601606,0.9043752635327178
1983-05-06,1.101777170754629,0.8797919176384554
1983-05-09,-0.1747513576117128,0.8996360916801256
1983-05-10,0.0843979987199523,0.862830419053493
1983-05-11,-0.5983458807741368,0.8257724500366145
1983-05-12,-0.4313403603899942,0.8155247483690815
1983-05-13,0.4010235382673492,0.7953648523982672
1983-05-16,-0.9198747674708438,0.7701473867173694
1983-05-17,0.1895465804297871,0.7962234605640987
1983-05-18,-0.269131257083932,0.7648069541308553
1983-05-19,-0.7870659463584201,0.7409756062108263
1983-05-20,0.0925516952652529,0.7566188415958963
1983-05-23,0.7924563494121524,0.726977901165515
1983-05-24,1.282809761054435,0.7344362806429556
1983-05-25,0.4039272577022423,0.7987267403794522
1983-05-26,-0.4401773702283866,0.773365911507598
1983-05-27,-0.6182895408158832,0.7573894143419405
1983-05-31,-1.2666574648015243,0.7555945459524597
1983-06-01,0.0984819805743296,0.8290732923146992
1983-06-02,0.8758777589077326,0.7943827229533785
1983-06-03,0.2679675474277077,0.8017950548541052
1983-06-06,0.2490532264471124,0.7716246082469576
1983-06-07,-1.257646320015006,0.74319491727884
1983-06-08,-0.8700290223359068,0.8176795919434974
1983-06-09,0.2908515414972258,0.8322283635296579
1983-06-10,0.5238623173304037,0.8004516140193636
1983-06-13,1.3190248237693076,0.7807808602044203
1983-06-14,0.4177155643090007,0.8419802549786232
1983-06-15,0.9559648133345104,0.8138277614265638
1983-06-16,1.2014682714611642,0.8267350096818792
1983-06-17,-0.0059091889393778,0.8652861162399522
1983-06-20,-0.0650602461945661,0.8282038202157743
1983-06-21,0.8894150772354775,0.7942687800370214
1983-06-22,0.2693880219612913,0.8029821344807199
1983-06-23,-0.2459294793700026,0.7727615404610084
1983-06-24,-0.0938492983154047,0.7474146361015149
1983-06-27,-1.150894686770524,0.7197227768009496
1983-06-28,-1.664019986127722,0.7831028333531683
1983-06-29,0.577762040971142,0.9144497670649672
1983-06-30,0.5983026126002876,0.8882387945954553
1983-07-01,0.5947442317716222,0.8653524086561002
1983-07-05,-1.2170495365250424,0.8441999168937991
1983-07-06,1.122125665831406,0.8955437984734427
1983-07-07,-0.5475541518310274,0.9155651323049739
1983-07-08,-0.2868730920369541,0.8937126886692515
1983-07-11,0.6145780087511217,0.8607352894661237
1983-07-12,-1.54660907780739,0.8411754057932176
1983-07-13,-0.0422925558544738,0.94049022756024
1983-07-14,0.3318480077611139,0.8986645920274619
1983-07-15,-1.0414876364334702,0.8632861245013084
1983-07-18,-0.2071633375590316,0.8904223621259688
1983-07-19,0.5292529096215813,0.8551138810336781
1983-07-20,2.675916721726806,0.831159649020226
1983-07-21,-0.1359513930469024,1.125600878609768
1983-07-22,-0.1006055243787745,1.0729716175817368
1983-07-25,0.3782283293417659,1.0231908329863164
1983-07-26,0.5881332057185633,0.9804856598191833
1983-07-27,-1.7390728621349862,0.9495361585629759
1983-07-28,-1.5332670462430131,1.0572308403253745
1983-07-29,-1.5140678711129505,1.1164851864424847
1983-08-01,-0.3203972470529003,1.1644217131816275
1983-08-02,-0.0185149085095703,1.1136168262958526
1983-08-03,0.8787937630997451,1.0604258143826175
1983-08-04,-1.2993997419196963,1.04094364860634
1983-08-05,0.2538173602804596,1.0736744539925742
1983-08-08,-1.595455026508144,1.0245875078210185
1983-08-09,0.5950424461665015,1.097465210757624
1983-08-10,0.8766732625322707,1.0579076167612484
1983-08-11,0.0,1.0385002448504879
1983-08-12,0.3830776274543093,0.9899810573243318
1983-08-15,0.9451941007654572,0.9497351741482976
1983-08-16,-0.1773063260456675,0.9463333417159296
1983-08-17,1.1439063836296297,0.906360989494325
1983-08-18,-1.058269366667556,0.9273499218716061
1983-08-19,0.262567046939091,0.9479476680149329
1983-08-22,0.2192987106041616,0.9073843721369957
1983-08-23,-0.9599242567443274,0.868740417584975
1983-08-24,-0.9382231975979082,0.8862580189888738
1983-08-25,-0.2545896415456998,0.899375707871676
1983-08-26,0.8050096534787097,0.8648689208205779
1983-08-29,0.0678199788987289,0.8584579966144277
1983-08-30,0.2031843996711106,0.8216545724418066
1983-08-31,1.1132245915160992,0.7886673300256186
1983-09-01,-0.1034587161708701,0.8221459444440462
1983-09-02,0.4677615566217896,0.7892505598264965
1983-09-06,1.7363525512300757,0.7675699754219155
1983-09-07,0.0416896376122938,0.8966279930380044
1983-09-08,-0.113187654051594,0.8572497891354619
1983-09-09,-0.5079374494790716,0.8220717836037416
1983-09-12,-0.866432897908109,0.8059438750572042
1983-09-13,-0.4117679781297394,0.8215803736932528
1983-09-14,0.3331840347186154,0.7998366303897433
1983-09-15,-0.5883625915732087,0.7717341145102746
1983-09-16,1.13118291111903,0.7660774071942823
1983-09-19,0.8206804004546202,0.8050609209834841
1983-09-20,0.961837476919177,0.8062480796749144
1983-09-21,-0.4916354096537443,0.8206791219136269
1983-09-22,0.7984138294096194,0.8036444189791266
1983-09-23,-0.1473752783001587,0.8030588791611936
1983-09-26,0.3298270345969075,0.7724550543499592
1983-09-27,-0.9689970345172744,0.7463192462339949
1983-09-28,-0.2556210321796119,0.7815093993857035
1983-09-29,-0.4593894558639773,0.7558449883642037
1983-09-30,-0.6960654522756458,0.7426401606478066
1983-10-03,-0.1566890532701024,0.7492384186977915
1983-10-04,0.2770458959047924,0.7228436318739582
1983-10-05,0.8802195556142021,0.6988410779911055
1983-10-06,1.5028939486800714,0.718508082947566
1983-10-07,0.3049165430751474,0.8195022945496842
1983-10-10,1.0773089262138351,0.7890516349049509
1983-10-11,-1.346997026992985,0.8182765820127895
1983-10-12,-0.4235806067332155,0.8919048849737381
1983-10-13,0.1472797740031713,0.8650252641793443
1983-10-14,-0.0058837941686152,0.8282549868398708
1983-10-17,0.3350040317080224,0.7937067364276803
1983-10-18,-1.5492239797769456,0.7661283887458014
1983-10-19,-0.6456660517097333,0.8818599285352792
1983-10-20,0.1498307231852358,0.8697198299037605
1983-10-21,-0.6187499402830183,0.8326563966067523
1983-10-24,0.0241058895109723,0.8232571644891208
1983-10-25,0.2887541667320251,0.7888992292373775
1983-10-26,-0.656923451996439,0.7602395131644185
1983-10-27,-0.327060156435554,0.7613779978223353
1983-10-28,-0.8957747104115202,0.7403541391682943
1983-10-31,0.1101235493515947,0.7678265192938022
1983-11-01,0.0672354831688774,0.737492362498042
1983-11-02,0.7184156778910603,0.7091388917482122
1983-11-03,-0.8468169755146804,0.7120195367673549
1983-11-04,-0.619839665163954,0.7379086410260213
1983-11-07,-0.3268069930844886,0.7383269447127174
1983-11-08,-0.092692660340855,0.7192111188069293
1983-11-09,1.3569770393019325,0.6935893544051246
1983-11-10,0.2679838590584476,0.7766695705871305
1983-11-11,1.1369881428337874,0.7483463474256872
1983-11-14,0.1742473773865507,0.7907725914021081
1983-11-15,-0.7350766434678375,0.7595064962267751
1983-11-16,0.4344691938100364,0.7677786572888509
1983-11-17,0.0301032787242149,0.7462567083615955
1983-11-18,-0.627988623262849,0.7172949731608016
1983-11-21,0.579820864402878,0.7206805211758192
1983-11-22,0.4746281177612829,0.7116853410065392
1983-11-23,0.0719055602457836,0.6970119982012632
1983-11-25,0.1316729479258867,0.6716283184049111
1983-11-28,-0.3835551966801803,0.6485539482477425
1983-11-29,0.8192662887500846,0.6406672654446626
1983-11-30,-0.9033651674005564,0.661662470985294
1983-12-01,0.0540788843392158,0.7017545124048802
1983-12-02,-0.6326674473604667,0.6759966260533178
1983-12-05,0.1932319854742224,0.6845682232062773
1983-12-06,-0.1751009050915912,0.6614488937697214
1983-12-07,0.2655577847190913,0.6424620415942061
1983-12-08,-0.4288652114363499,0.6245055354363321
1983-12-09,-0.0726626637463034,0.6220727157674275
1983-12-12,0.3265762147227317,0.6035928389816199
1983-12-13,-0.4174881071515909,0.5912043979096704
1983-12-14,-0.9748391776200006,0.5914875581395143
1983-12-15,-1.027731831696037,0.6534993822303675
1983-12-16,0.4505458759587217,0.7114837621272294
1983-12-19,-0.0431105078787324,0.6955255452809852
1983-12-20,-0.1973405407270997,0.6708678425594757
1983-12-21,0.9583545337386784,0.6518698162780537
1983-12-22,-0.0183428290176124,0.6870992411043191
1983-12-23,-0.1897460759615825,0.6627865585071439
1983-12-27,0.9390844707502198,0.6441844514841538
1983-12-28,0.3514101448086445,0.6782645869306265
1983-12-29,-0.2907305088244209,0.6604731804212491
1983-12-30,0.0424464464692371,0.6462980473134009
1984-01-03,-0.5410837456389989,0.6247286438609115
1984-01-04,1.6565311743972035,0.6311455594831376
1984-01-05,1.2098236311249106,0.7807415505754921
1984-01-06,0.2780333807939767,0.8273642736948827
1984-01-09,-0.2247353781892623,0.795597703041022
1984-01-10,-0.5640489789225336,0.767759892728471
1984-01-11,-0.0893485667686835,0.7606563676181903
1984-01-12,-0.0298036368190596,0.7319130918883952
1984-01-13,-0.4361184546173278,0.7044028691860131
1984-01-16,0.0957441155014623,0.6945140695009148
1984-01-17,0.3880540769630453,0.6694154248871055
1984-01-18,-0.1669740832931075,0.6540021946822137
1984-01-19,-0.3048567896229164,0.6353599642043113
1984-01-20,-0.4981175024202376,0.624164368289313
1984-01-23,-0.8094834519950534,0.6270437637501957
1984-01-24,0.6469036991773599,0.6610092558199334
1984-01-25,-0.6651007694252316,0.6632153489232465
1984-01-26,-0.3646478097836059,0.6764285685693274
1984-01-27,-0.1828284039678856,0.6647685426109515
1984-01-30,-0.6548215511302489,0.6457676322477897
1984-01-31,0.3310095868597256,0.660174099137387
1984-02-01,-0.4108533451506356,0.6430723211597761
1984-02-02,0.3802489129846979,0.6374968255571071
1984-02-03,-1.5111132922789916,0.6245215889952179
1984-02-06,-1.7743979647155264,0.7686855808465485
1984-02-07,0.416643268487047,0.9231879042860909
1984-02-08,-1.8373632891415037,0.8888932045402567
1984-02-09,-0.2762927376338289,1.0254723500501552
1984-02-10,0.5646138952669111,0.9827589822949114
1984-02-13,-0.8674792413788986,0.9504401518685136
1984-02-14,1.0656177836969414,0.9495233544244988
1984-02-15,-0.2301353759102361,0.957231477782495
1984-02-16,-0.0768263789063972,0.9178774194444335
1984-02-17,-0.2501039407231674,0.8779663116113294
1984-02-21,-0.7088154467058742,0.8448652773110694
1984-02-22,-0.2136280691482084,0.841376922561379
1984-02-23,-0.0129645321337873,0.8097877015020125
1984-02-24,2.065500849828912,0.7765720490922422
1984-02-27,1.1300322634676545,0.9634765725718518
1984-02-28,-1.5690538565905874,0.9759562924406665
1984-02-29,0.1529184894914413,1.0534148938994041
1984-03-01,0.7168975241556532,1.0042645411635622
1984-03-02,0.661567498438083,0.9787368675106144
1984-03-05,-0.8513948460126519,0.9519911045279815
1984-03-06,-1.044129555161052,0.9494862759553833
1984-03-07,-1.0810173067806887,0.9658134874767704
1984-03-08,0.4003072866553253,0.9840086258033822
1984-03-09,-0.5427397923742663,0.9447495391182401
1984-03-12,1.281030887666177,0.9201246691371853
1984-03-13,0.2810441606310255,0.954810949826113
1984-03-14,-0.0063750640995339,0.914188266530204
1984-03-15,0.4074099298020912,0.8738208334906178
1984-03-16,1.1747012457448456,0.8428374794973049
1984-03-19,-0.9399252158758928,0.8758505307654633
1984-03-20,0.6821665116856435,0.8904078421337309
1984-03-21,-0.1259744091710375,0.8725458846583867
1984-03-22,-1.2494224257907212,0.8365494895959232
1984-03-23,0.1084344978139337,0.8934172474362977
1984-03-26,-0.1212020957518501,0.8544095932095208
1984-03-27,0.4013158747046859,0.8195831234080455
1984-03-28,1.626873491849767,0.7924893302641782
1984-03-29,-0.2254231386847422,0.8976698370375245
1984-03-30,-0.2133741631235818,0.8623734497573885
1984-04-02,-0.7567175673565245,0.8292519931738308
1984-04-03,-0.2027576832303948,0.8315815036624049
1984-04-04,-0.0761487201380862,0.8003827079018533
1984-04-05,-1.5996246819914322,0.7685654832625164
1984-04-06,0.2833973666496497,0.8922537519217137
1984-04-09,-0.0192961631856682,0.8560095364002315
1984-04-10,0.2698178301775773,0.8196574832725607
1984-04-11,-0.5597178255527185,0.7882371067043051
1984-04-12,1.7459566492955474,0.7788029840580954
1984-04-13,-0.2666318097503034,0.9068753548892944
1984-04-16,0.6399982241729659,0.8722269247972003
1984-04-17,0.4097165295178671,0.8532459255862176
1984-04-18,-0.6753630244322214,0.8239074416971395
1984-04-19,0.0759751724771324,0.8198304320095272
1984-04-23,-0.7750506953007963,0.7856886527446915
1984-04-24,0.8066891845541095,0.7946867862443538
1984-04-25,0.3662460333037678,0.7957835485888404
1984-04-26,1.034659909567039,0.7691600599553394
1984-04-27,-0.2561003673290232,0.7962740603423865
1984-04-30,0.1000210503392304,0.7694883193200176
1984-05-01,1.0132742311255205,0.7389709790568726
1984-05-02,0.1359795189640296,0.7678620200138635
1984-05-03,-0.4333011843267489,0.7377500545720559
1984-05-04,-1.305002038522728,0.7245704554318224
1984-05-07,0.226003365883138,0.809843717638558
1984-05-08,0.6562747600461424,0.7781271276818356
1984-05-09,-0.2557489189053653,0.7689339445957898
1984-05-10,-0.0687267592212687,0.7442539478492451
1984-05-11,-0.9482280730120164,0.7163600378007189
1984-05-14,-0.6266076238019069,0.7535200889275527
1984-05-15,0.3169574761279039,0.7528228429698016
1984-05-16,-0.0063258373148059,0.7277618588001374
1984-05-17,-0.9028533551192134,0.7003345750795431
1984-05-18,-0.5058493446895096,0.7344117906159051
1984-05-21,-0.6763112766513674,0.7263622938156725
1984-05-22,-0.5508525273823633,0.7330314603390541
1984-05-23,-0.4755316189797966,0.7284329164583775
1984-05-24,-1.2615964914358748,0.7188620079078368
1984-05-25,0.2575529912642862,0.798633210540026
1984-05-29,-0.8810642150625513,0.7684325211646292
1984-05-30,0.0399233756664145,0.7904448156700099
1984-05-31,0.132932516854987,0.7583272691366211
1984-06-01,1.7710080480781634,0.7288669720990018
1984-06-04,0.7152581622660755,0.8735660835483081
1984-06-05,-0.4480688448917296,0.8595129901639434
1984-06-06,0.8812346676726696,0.8365764170239397
1984-06-07,-0.0580752702525455,0.8396929847504901
1984-06-08,0.1612435467883844,0.8048672954313397
1984-06-11,-1.369129286395237,0.7724255417134138
1984-06-12,-0.5700229142587395,0.8580062197462273
1984-06-13,-0.0394305717186604,0.8427206628987014
1984-06-14,-1.150353468628924,0.8074684276174923
1984-06-15,-0.9084296115351128,0.8559695717410107
1984-06-18,1.795497760912366,0.8697360862968994
1984-06-19,0.5783054123368186,0.98581229146868
1984-06-20,1.4506650556317373,0.9539416585613504
1984-06-21,-0.2133518448353747,1.004583974941518
1984-06-22,-0.0323577002345882,0.961523821803965
1984-06-25,-0.3177420437805928,0.9182179415268246
1984-06-26,-0.8217044240109473,0.884590430048664
1984-06-27,-0.7031455306775699,0.886691619577681
1984-06-28,0.7882311995156561,0.8784857365528845
1984-06-29,0.2222054048700941,0.8693869061022828
1984-07-02,0.0130584719412699,0.8334068637336405
1984-07-03,0.325839330286113,0.7983947711913192
1984-07-05,-0.6134604291386919,0.7701586224995222
1984-07-06,-0.3409767327716076,0.7666357151977871
1984-07-09,0.7329843647091875,0.7458446701729533
1984-07-10,-0.3069398136824264,0.7459369929835324
1984-07-11,-1.5357044958860642,0.7252501115009325
1984-07-12,-0.3526393659037168,0.8481241211120466
1984-07-13,0.5649585284843405,0.8213026873134176
1984-07-16,0.4760662221555893,0.8021858436893466
1984-07-17,0.5131919619592857,0.7798520811044156
1984-07-18,-0.6452132399014477,0.7613554140434804
1984-07-19,-0.6826409627263539,0.761375532065739
1984-07-20,-0.5468085580014699,0.7646321509051277
1984-07-23,-0.4020146811408072,0.7565644689920861
1984-07-24,-0.7615291765854348,0.7398460741939192
1984-07-25,0.6809360379096453,0.7530530243987336
1984-07-26,0.8363770174377073,0.7481974973130581
1984-07-27,0.7368842681605675,0.757282394798418
1984-07-30,-0.6636164667103689,0.7564718562470198
1984-07-31,0.3124491231718819,0.7586023556449805
1984-08-01,2.244629322894788,0.7329486878675107
1984-08-02,2.505981472021134,0.9689374874741075
1984-08-03,2.722276148983461,1.18695621204924
1984-08-06,0.1538698507052612,1.3893033380694817
1984-08-07,0.0737705151406642,1.3193058006286702
1984-08-08,-0.5979006421102723,1.2532064078418623
1984-08-09,2.316088351886807,1.2074050720748086
1984-08-10,-0.072513370524285,1.3377114468413724
1984-08-13,0.0060417150464246,1.2710538284183004
1984-08-14,-0.6123981757559459,1.2079665001126125
1984-08-15,-0.9901646273659048,1.1662967729568026
1984-08-16,0.5940558236072946,1.1538706663542682
1984-08-17,0.2256687933130335,1.1101188949201797
1984-08-20,0.4862067723909273,1.058214869908679
1984-08-21,1.7369787023269738,1.0168185604309476
1984-08-22,-0.4598558516451415,1.095870026759568
1984-08-23,0.0359073317094666,1.055125993223895
1984-08-24,0.2330930151636991,1.005426631247877
1984-08-27,-0.6408119399416305,0.9604487193996354
1984-08-28,0.5751222811580428,0.9407240852228208
1984-08-29,-0.1853554105642726,0.9122505658377296
1984-08-30,-0.2936801120574955,0.8748275998891781
1984-08-31,0.0479996243964788,0.8435036962781912
1984-09-04,-1.0857796415910743,0.807708334315776
1984-09-05,-0.3584848144250913,0.8480001884640382
1984-09-06,0.8243973847757806,0.8214564102424909
1984-09-07,-0.7757137387843902,0.8211906314471598
1984-09-10,-0.0669449642046342,0.8261500147829748
1984-09-11,0.1156049207545505,0.7923843758099952
1984-09-12,0.139759834853691,0.7603542711586854
1984-09-13,1.960263486654609,0.730819895609593
1984-09-14,0.4989297204520821,0.9103831721542991
1984-09-17,0.0533074732110931,0.8805169436010903
1984-09-18,-0.7250722723480484,0.8422116418975603
1984-09-19,-0.4243955458896432,0.8403727557518907
1984-09-20,0.3169756988428324,0.8177400054043529
1984-09-21,-1.080639113744775,0.7877817315851787
1984-09-24,-0.2356848912363463,0.8304603974068177
1984-09-25,0.2054980137870698,0.8003765082519707
1984-09-26,0.3977128919654739,0.7689399182658343
1984-09-27,0.4081195938187551,0.7456789532593942
1984-09-28,-0.5164249616094997,0.7247581809682753
1984-10-01,-0.8950295481894777,0.7184246548589489
1984-10-02,-0.6276482663204336,0.7489238055871111
1984-10-03,-0.7054557372494894,0.7488067999420915
1984-10-04,0.2950553693546507,0.7555575930032241
1984-10-05,-0.1474235524453198,0.7295882857465329
1984-10-08,-0.3386523338150616,0.7044337994174783
1984-10-09,-0.2841303390990492,0.6888251464150774
1984-10-10,0.2717911630890511,0.6718757366012438
1984-10-11,0.4124467481270031,0.6517244857501897
1984-10-12,0.856375390941414,0.6390809897530589
1984-10-15,0.9637968900989156,0.6643377570807906
1984-10-16,-0.5990067730835208,0.6983233377949839
1984-10-17,-0.3891524996281679,0.7013287124622224
1984-10-18,2.3839358240323034,0.688814307551146
1984-10-19,-0.0833180934402765,0.969967196502771
1984-10-22,-0.3578711265508135,0.9266700529825482
1984-10-23,-0.1614617034431485,0.8940368087183878
1984-10-24,0.0658114909396475,0.8573063534816093
1984-10-25,-0.5337180396264953,0.8205780934259264
1984-10-26,-0.6152035691648561,0.8062764336695692
1984-10-29,-0.3090222831181712,0.7992133875075078
1984-10-30,1.2424003899550111,0.7743185346321585
1984-10-31,-0.4505459316954187,0.8262282829141052
1984-11-01,0.8393892725384013,0.8062447347433715
1984-11-02,-0.0418066492328671,0.8089576625412865
1984-11-05,0.6904811135955676,0.7760762465198648
1984-11-06,1.0796894178319667,0.7696230062535327
1984-11-07,-0.7303203945847109,0.8018780887148365
1984-11-08,-0.2900730205876235,0.8048725733313766
1984-11-09,-0.6423160992429109,0.7787405957123481
1984-11-12,-0.1433039941643489,0.7766649413623121
1984-11-13,-0.834012803590632,0.7478896908309396
1984-11-14,0.0120522183881085,0.76754313728739
1984-11-15,-0.0602664246541941,0.7371350059648345
1984-11-16,-1.084887913500499,0.7096332877191552
1984-11-19,-0.6173862075628334,0.7656053543253081
1984-11-20,0.6661169094916087,0.7628728535777548
1984-11-21,0.2007982931051795,0.7559025526608358
1984-11-23,1.4543319513433832,0.7275911927604573
1984-11-26,-0.8241362326387343,0.8188784535307362
1984-11-27,0.4459929298062736,0.8287020291829188
1984-11-28,-0.7666507158611556,0.8028039358279583
1984-11-29,-0.6749185523296538,0.809016833342859
1984-11-30,-0.2015340543002415,0.806454687273537
1984-12-03,-0.4656837371099173,0.7770680067062123
1984-12-04,0.3433464670591137,0.762323425227401
1984-12-05,-0.786533940554468,0.7374443850586948
1984-12-06,0.4063222988992544,0.753480015430836
1984-12-07,-0.3076736270570256,0.7318409923815646
1984-12-10,0.350676990848933,0.712356657517297
1984-12-11,0.1472878366432418,0.6917234776702169
1984-12-12,-0.2701889423339948,0.6673170587744821
1984-12-13,-0.5054919640802041,0.6515719535488262
1984-12-14,0.5423772203959459,0.6520214338727138
1984-12-17,0.5638986197941118,0.6472337438581306
1984-12-18,2.7132979950122538,0.6444701082016736
1984-12-19,-0.5667071188111492,1.0194974295920605
1984-12-20,-0.4677101284429891,0.9901024489238467
1984-12-21,-0.5242775439963413,0.9577067209546046
1984-12-24,0.7524037308927572,0.9309280195105422
1984-12-26,-0.1740499733266902,0.9142004785618764
1984-12-27,-0.4334491272819202,0.8763649778706663
1984-12-28,0.3072165997368533,0.8512512200773499
1984-12-31,0.587714427101743,0.8185560107221204
1985-01-02,-1.1244581198845152,0.8010457338742133
1985-01-03,-0.4849302023034489,0.8472251603380522
1985-01-04,-0.5422798656344848,0.8274523502914319
1985-01-07,0.3415548700501712,0.8130935363370855
1985-01-08,-0.1523322304336085,0.7842753195802958
1985-01-09,0.7230260189438319,0.7551633761830663
1985-01-10,1.8771758590923324,0.7534350795929244
1985-01-11,-0.2379359251328966,0.9111608668010674
1985-01-14,1.536577043264652,0.8752805711463092
1985-01-15,0.1757899542880225,0.9505756293544213
1985-01-16,0.2222251691212046,0.908377355864712
1985-01-17,-0.2690728789592806,0.8697175771163586
1985-01-18,0.3449859240377111,0.8378715115336063
1985-01-21,2.2566176839455108,0.8073209402528349
1985-01-22,0.1425679612421814,1.0226872150882225
1985-01-23,1.0318178341826494,0.9754245297492561
1985-01-24,-0.3333221478891968,0.9770266285376584
1985-01-25,0.3615206821050895,0.939693968164619
1985-01-28,0.0281819835374807,0.9023069798671276
1985-01-29,0.998381082302126,0.8625761239316448
1985-01-30,0.1171357015514013,0.873849588317752
1985-01-31,0.1337003654728532,0.836216911686218
1985-02-01,-0.5582552167778411,0.8012887754919085
1985-02-04,0.9582786396585452,0.7904922509425027
1985-02-05,0.144057262279961,0.8065204431330134
1985-02-06,-0.0997163487887373,0.7737595338794904
1985-02-07,0.7674376649437076,0.7442557946005983
1985-02-08,0.2032885001412603,0.747481858756637
1985-02-11,-0.9263964508910452,0.7198351924231148
1985-02-12,0.0276971518964307,0.7538327193889375
1985-02-13,1.533380881823324,0.7243356232296524
1985-02-14,-0.5140007031135281,0.8290391407016509
1985-02-15,-0.4450420998216413,0.812673853937306
1985-02-19,-0.1487914013011901,0.7935388560547627
1985-02-20,-0.0827613947802164,0.7636614204343354
1985-02-21,-0.5479108528256676,0.7345844842679952
1985-02-22,-0.4616900560997954,0.7296036964662063
1985-02-25,-0.0725089321152629,0.718996140641978
1985-02-26,1.0765933475449316,0.6930260001644365
1985-02-27,-0.2542233318300538,0.7365265169471275
1985-02-28,0.2597398253258408,0.7143531139540304
1985-03-01,1.1251199158562506,0.6905123222394268
1985-03-04,-0.6405881307364958,0.7407600851230569
1985-03-05,0.0933312385288733,0.7426300497768743
1985-03-06,-0.8708178245296972,0.7139968373107347
1985-03-07,-0.6330537725137437,0.7423308657539107
1985-03-08,-0.2286542936618001,0.7433844730013449
1985-03-11,-0.1732447933444692,0.7196994625495851
1985-03-12,0.4854300972579655,0.6960292066199125
1985-03-13,-0.821578574415088,0.6833822868391012
1985-03-14,-0.1966161376680928,0.7104464128861933
1985-03-15,-0.739342237758093,0.6882411213227819
1985-03-18,0.1980737468215163,0.7057312220712955
1985-03-19,1.4926422779297783,0.6810957858525024
1985-03-20,-0.2565343336164199,0.7887600502283586
1985-03-21,0.1506594412051244,0.7625689362990046
1985-03-22,-0.1730030945245768,0.7330013566596569
1985-03-25,-0.5994203443423192,0.7082982791526848
1985-03-26,0.2581322774268461,0.7102320500657935
1985-03-27,0.6201660538513531,0.6866649291198794
1985-03-28,0.0,0.6839928119845239
1985-03-29,0.62188450587082,0.6597536191859538
1985-04-01,0.3370824052001591,0.6600751320497962
1985-04-02,-0.4090693857632374,0.6432256034298091
1985-04-03,-0.7896816541934045,0.6375154426976016
1985-04-04,-0.0446762900104517,0.6675612449841225
1985-04-08,-0.5601314184709761,0.6450460646865454
1985-04-09,0.1010599298871379,0.6507527357025031
1985-04-10,0.67667480668118,0.6289982413855443
1985-04-11,0.4282447362061702,0.637453858461898
1985-04-12,0.1940459394520162,0.6269594708015744
1985-04-15,0.2102611806535725,0.6083813101381559
1985-04-16,0.1546442278103533,0.5916894221802044
1985-04-17,0.2645480716512249,0.5752423637450492
1985-04-18,-0.463421530760579,0.5629750836568982
1985-04-19,0.1491942670649775,0.5700571858978857
1985-04-22,-0.226640413685435,0.5553231664894464
1985-04-23,0.6508975093500167,0.5476897890434932
1985-04-24,0.2087053125665924,0.5639978337599437
1985-04-25,0.6398874468211839,0.5510250456308048
1985-04-26,-0.6837914283563818,0.5658295189462292
1985-04-29,-0.8544401936874706,0.5943697943541717
1985-04-30,-0.4438796817341545,0.6392616980967155
1985-05-01,-0.8151953163664929,0.6363690315922366
1985-05-02,0.3581622320163598,0.6695929376158756
1985-05-03,0.5959567250736956,0.6528182698742002
1985-05-06,-0.0499882455822765,0.6518636648050078
1985-05-07,0.4268829843149712,0.6306382757935635
1985-05-08,-0.0774804364778675,0.6207041202576015
1985-05-09,0.7171670148029634,0.6024290912392566
1985-05-10,1.2889313506478892,0.6180246284390452
1985-05-13,0.1789161645105351,0.7063208053629945
1985-05-14,-0.4016535478682661,0.6812912646749942
1985-05-15,0.3637246158809719,0.6714024922221602
1985-05-16,0.6050857927829637,0.6547148466201727
1985-05-17,0.9435014229281636,0.6542614972666402
1985-05-20,1.219722951773223,0.6873414742032036
1985-05-21,-0.042177262817352,0.7512092965615664
1985-05-22,-0.5711289135203347,0.7224399729038583
1985-05-23,-0.5104176573384267,0.7205237897244067
1985-05-24,0.3671222744424691,0.7141759038864169
1985-05-28,-0.2286284035940007,0.6940616483342368
1985-05-29,-0.0958661935211176,0.674323780845616
1985-05-30,0.0372944764115567,0.6521853982431028
1985-05-31,0.9541567418114524,0.6301737597682965
1985-06-03,-0.1214114337333682,0.6682753178903138
1985-06-04,0.379579726498955,0.6471961241916112
1985-06-05,0.063130131996613,0.6333276428425992
1985-06-06,0.4721659753663885,0.6127610280680469
1985-06-07,-0.7249098920048258,0.6072430776542772
1985-06-10,-0.0896638551021352,0.634313309944738
1985-06-11,-0.2483167229513449,0.6151958678849635
1985-06-12,-0.7593254054242091,0.603033592526699
1985-06-13,-1.222731361963152,0.6347030987054874
1985-06-14,0.9505236212531464,0.7258894599153474
1985-06-17,-0.3051188389520648,0.7495267962723936
1985-06-18,0.4333050720854801,0.7284619052875241
1985-06-19,-0.3797054874952568,0.7101647363764904
1985-06-20,0.0535626992466474,0.696297922367575
1985-06-21,1.5305633914528909,0.6709436944905137
1985-06-24,-0.2429015454182498,0.7874489394309592
1985-06-25,0.3114424104823407,0.7608593494202693
1985-06-26,0.1685056021981462,0.7350003160136648
1985-06-27,0.6137070795162147,0.7076765026920506
1985-06-28,0.3236978774078224,0.7023632321987724
1985-07-01,0.3018564663777355,0.6815120247593168
1985-07-02,-0.2184987774651251,0.6615678149719879
1985-07-03,-0.2920763413016155,0.6441247260004416
1985-07-05,0.5573404644135449,0.6314731867306674
1985-07-08,-0.3069382570304334,0.6298805337823578
1985-07-09,-0.4595494190383651,0.6193009293032928
1985-07-10,0.6885385669171673,0.619685207804475
1985-07-11,0.2958696860426045,0.630354323596322
1985-07-12,0.1812344687861078,0.6144318688337933
1985-07-15,-0.2953252443283598,0.5966042300400038
1985-07-16,1.032427086754275,0.5885269495524844
1985-07-17,0.4764681952093342,0.6440904169144587
1985-07-18,-0.6512286265071114,0.6357732966068826
1985-07-19,0.3850996935031961,0.6511034065093172
1985-07-22,-0.4005339427294616,0.637152995507763
1985-07-23,-0.9304812592905788,0.6314817572603154
1985-07-24,-0.5050390597692322,0.6800614312686024
1985-07-25,0.2502324985745228,0.6774450969898422
1985-07-26,0.1768696010410159,0.6562205048343569
1985-07-29,-1.465988449609266,0.6349869926554854
1985-07-30,0.1738922648958228,0.7680030543902769
1985-07-31,0.5198937885587913,0.7383610423415299
1985-08-01,0.6213645270440576,0.7239019776292844
1985-08-02,-0.3284785605969094,0.7175183175148813
1985-08-05,-0.4501450317423148,0.7002532100440219
1985-08-06,-1.421237779866639,0.6916874987170594
1985-08-07,-0.1331168215258521,0.802874669187637
1985-08-08,0.6744067764229698,0.7719550553760678
1985-08-09,-0.3339731239982012,0.7647002292588467
1985-08-12,-0.3670717881469855,0.743731180326762
1985-08-13,-0.1760338779442445,0.7262077462288433
1985-08-14,0.0587123970753409,0.7021177468367293
1985-08-15,-0.0800753537897715,0.6763349308221798
1985-08-16,-0.6213799731148025,0.6537264732053412
1985-08-19,0.1503430110494233,0.6639277622218984
1985-08-20,0.907978741165785,0.6416758090889624
1985-08-21,0.5725823168201629,0.6724451565931149
1985-08-22,-0.9561334028477376,0.6677183948360093
1985-08-23,-0.1014618099086218,0.713576918617661
1985-08-26,0.0747700265797647,0.6885542907745327
1985-08-27,0.4208783481473413,0.6638072782092552
1985-08-28,0.3873380335095556,0.6505148308962299
1985-08-29,0.0529388228058924,0.6367241071899846
1985-08-30,-0.1589087075092293,0.6158862684913355
1985-09-03,-0.3824305953599575,0.6001480762004454
1985-09-04,-0.287789873900962,0.5970241354993429
1985-09-05,-0.0533796963825387,0.5885003190500289
1985-09-06,0.5166325013950552,0.5724088499004916
1985-09-09,0.0053093079191619,0.5741837784276891
1985-09-10,-0.7197184875070616,0.5585379941006547
1985-09-11,-1.005571430863301,0.5924149672966051
1985-09-12,-0.7268400047422097,0.6587450457888484
1985-09-13,-0.4255318839669989,0.6788225820258886
1985-09-16,-0.016402186316372,0.6706999555514738
1985-09-17,-0.8346217181355482,0.6476071276217354
1985-09-18,0.1928037044530495,0.6814462941712044
1985-09-19,0.9202982771363551,0.6585582062046769
1985-09-20,-0.7333637995844952,0.6882720718429849
1985-09-23,1.2283489849682796,0.7051421224150253
1985-09-24,-0.9157416783782364,0.7669996346793293
1985-09-25,-1.0790632458214335,0.7930422950627184
1985-09-26,0.348109001530019,0.834718501538804
1985-09-30,0.4348238986562378,0.8045064561596014
1985-10-01,1.6288010470767669,0.7800277877356309
1985-10-02,-0.547239331852973,0.8881930951112361
1985-10-03,0.1628593016434729,0.868699705167373
1985-10-04,-0.6202747913396436,0.8318541982493275
1985-10-07,-0.739550395845288,0.8226481445088224
1985-10-08,0.0,0.824173680926049
1985-10-09,0.3567660176271891,0.7898686906049892
1985-10-10,0.1423457698136988,0.7633491960382514
1985-10-11,0.8173096278022498,0.7336284644475289
1985-10-14,1.1277585449470338,0.7426312101031604
1985-10-15,-0.1557220282508696,0.7847839408423783
1985-10-16,1.0158852853378946,0.7557202912807637
1985-10-17,-0.1703717087380179,0.7825659304595826
1985-10-18,-0.330937254809807,0.754052620000971
1985-10-21,-0.0427735687086348,0.733820943858698
1985-10-22,0.575994431014996,0.7063231477364147
1985-10-23,0.5568402374644315,0.6984610946506441
1985-10-24,-0.3125065938045303,0.6900619647906819
1985-10-25,-0.5212477715390004,0.6743706551415469
1985-10-28,0.1278993113786117,0.6736064938787262
1985-10-29,0.7798661551359702,0.6503409154778576
1985-10-30,0.4429280059247097,0.6659784718558011
1985-10-31,-0.1316170609648958,0.6536679325393521
1985-11-01,0.8968154653720011,0.6340134320175557
1985-11-04,-0.1462975234494206,0.6646179946025391
1985-11-05,0.5839102829043321,0.6444932325365762
1985-11-06,0.2025287739016045,0.643506740225492
1985-11-07,-0.072655249144414,0.6237866584440807
1985-11-08,0.569451305314689,0.6051687434089166
1985-11-11,1.8210209391958936,0.6073426864583755
1985-11-12,0.4046965511881032,0.7964232910103263
1985-11-13,-0.4959753614979595,0.7712758320468612
1985-11-14,0.9895029427974508,0.7590222795181122
1985-11-15,-0.4783839486134587,0.7824713450094233
1985-11-18,0.3024074137880667,0.7680386940340159
1985-11-19,-0.0201361641579637,0.7413478403419195
1985-11-20,0.1609452247392293,0.7130532007752233
1985-11-21,1.2088049856350036,0.687239119662081
1985-11-22,0.0546003578379387,0.7495710399122418
1985-11-25,-0.5822785699111501,0.7203369399527263
1985-11-26,0.1595891127302099,0.7195420762679742
1985-11-27,0.9275606082065976,0.6932275388094011
1985-11-29,-0.1828446186556215,0.7188142580358636
1985-12-02,-0.8494159480207106,0.695506721368118
1985-12-03,0.1993391914861192,0.7240197619278083
1985-12-04,1.6638637805331715,0.698035572390992
1985-12-05,-0.1715179387932336,0.831292709319857
1985-12-06,-0.43748656153532,0.7992501237718684
1985-12-09,0.6187989934181523,0.7808400894051258
1985-12-10,0.0685196727363697,0.7687671613633283
1985-12-11,0.9349949698699644,0.7381797844755166
1985-12-12,0.2033693204185773,0.7584863835963295
1985-12-13,1.540821386635698,0.7300344392902164
1985-12-16,0.9858842759449714,0.8347050473676418
1985-12-17,-0.6482670545819158,0.8480859241191093
1985-12-18,-0.3995611818011585,0.8394172440506764
1985-12-19,0.1000436988624534,0.8155606683942919
1985-12-20,0.4370959801443488,0.781812164940742
1985-12-23,-1.129899299750418,0.7592661830257612
1985-12-24,-0.6879861210733526,0.8129044375546615
1985-12-26,0.2459050469309903,0.8110254723746388
1985-12-27,0.9394723460835622,0.7796534766614759
1985-12-30,0.509169570621429,0.7951049540312937
1985-12-31,0.2843902360693787,0.7750839961808285
1986-01-02,-0.8031038298882064,0.7473285833150294
1986-01-03,0.613605055626307,0.7638145259353799
1986-01-06,-0.1091315018253384,0.7529954686725382
1986-01-07,1.4843053414486682,0.7251945814704907
1986-01-08,-2.764716846539417,0.8217470148746654
1986-01-09,-0.8983834582944635,1.1623456676056196
1986-01-10,-0.0728002040638492,1.1429578972196335
1986-01-13,0.3683218723482973,1.0883764183951283
1986-01-14,-0.0387080665451229,1.04094645315201
1986-01-15,0.7809126891387663,0.9925316768368515
1986-01-16,0.4360036986643985,0.9722243100182829
1986-01-17,-0.3544091398288044,0.9350837581528735
1986-01-20,-0.4327316662120984,0.9016739350477082
1986-01-21,-0.8419702921902361,0.8744781415777565
1986-01-22,-1.1239308108751007,0.8795763405849748
1986-01-23,0.3727843119253018,0.9140153934020447
1986-01-24,1.061660266198642,0.8788292842810597
1986-01-27,0.4639739280171208,0.8945617389087069
1986-01-28,1.1601271950067125,0.8643369138676119
1986-01-29,0.2285150901568113,0.8926761651652928
1986-01-30,-0.4575535680260836,0.8552067440451144
1986-01-31,1.1636031384648762,0.8331603707792934
1986-02-03,1.0241118803832123,0.8662360221368329
1986-02-04,-0.5483380711631132,0.8796562110517023
1986-02-05,0.0798653842730611,0.8609856626323489
1986-02-06,0.2391927118165822,0.8240382683283904
1986-02-07,0.5093094863313036,0.7915858537053306
1986-02-10,0.7799519216577719,0.7718713281614102
1986-02-11,-0.1480967141778128,0.7731378589554423
1986-02-12,0.0231554572006263,0.7447401104725087
1986-02-13,0.6599431810550443,0.7159112514339089
1986-02-14,1.0797070178762098,0.7132591283090457
1986-02-18,1.2166326742380271,0.7539521808146991
1986-02-19,-1.216632674238025,0.8057949336064939
1986-02-20,1.1131870858259616,0.8633461547546056
1986-02-21,1.0742176147706055,0.8865569484026181
1986-02-24,-0.1247321903635555,0.9026389654979725
1986-02-25,-0.2454659766836272,0.8645427933143719
1986-02-26,0.1116495248045137,0.8322691573054823
1986-02-27,1.2111729438337084,0.7974371581719055
1986-02-28,0.0661217576504423,0.8416212661400548
1986-03-03,-0.6632203698128097,0.8059620999602793
1986-03-04,-0.4624255812902408,0.8027527753167942
1986-03-05,-0.0178322985019753,0.7855114636557631
1986-03-06,0.3515292928587527,0.7540386018710811
1986-03-07,0.1952529706131467,0.7301089483758524
1986-03-10,0.4467526998743713,0.7035943764737006
1986-03-11,2.230219026005031,0.6881276011598004
1986-03-12,0.366194258191567,0.9360665759101805
1986-03-13,0.2791358011258067,0.8990854222093086
1986-03-14,1.4306032598429193,0.8622596592872345
1986-03-17,-0.7979350846443433,0.9249373071460153
1986-03-18,0.4718897554859525,0.9206414739931729
1986-03-19,-0.0763684002989714,0.8887729657495472
1986-03-20,0.3981820755631742,0.8508246158204157
1986-03-21,-1.3620696737921358,0.8212173920677055
1986-03-24,0.8492190498259664,0.8964944798523574
1986-03-25,-0.2595472604314984,0.8904740299233258
1986-03-26,1.093185670670471,0.8567771287242139
1986-03-27,0.7012849846417174,0.8786563170860439
1986-03-31,-0.0292997365119748,0.8631543840652918
1986-04-01,-1.5863949939450857,0.8264018766369033
1986-04-02,0.2421185495529519,0.9350971404409967
1986-04-03,-1.3841074644448297,0.8949909773030279
1986-04-04,-1.639380435107563,0.9604410094201042
1986-04-07,-0.0262387640938905,1.0508751603814848
1986-04-08,2.1162747138801628,1.0017242299654179
1986-04-09,0.0984423327027167,1.1421653957596611
1986-04-10,1.1442318113062726,1.0870457090327061
1986-04-11,-0.1989802807447981,1.0869135123058524
1986-04-14,0.553618977064271,1.0380100116903364
1986-04-15,0.1894684693222353,1.0009608274811215
1986-04-16,1.8710851194274565,0.9556149647828351
1986-04-17,0.333847835510918,1.0660426279859512
1986-04-18,-0.2678124802040761,1.0191921918429534
1986-04-21,0.9689682316799572,0.9766529833485617
1986-04-22,-0.9524693513285668,0.9725040313658034
1986-04-23,-0.2767617155729409,0.9769950502092658
1986-04-24,0.1116250689840807,0.9376767219449973
1986-04-25,0.1114943086046044,0.895741506367214
1986-04-28,0.3255286690588516,0.8565965485776551
1986-04-29,-1.062896891655854,0.8240539927235647
1986-04-30,-2.0965792202265243,0.8591564823817199
1986-05-01,-0.1529704574159929,1.049583369742591
1986-05-02,-0.1574680092930381,1.0021810663863022
1986-05-05,1.244408892431116,0.9580027436489275
1986-05-06,-0.2063247813290574,0.9833512252030809
1986-05-07,-0.4901571734224552,0.9415571775466426
1986-05-08,0.443779615854646,0.914188744146194
1986-05-09,0.3031713990178978,0.8816244450872446
1986-05-12,-0.1135831970985295,0.8466426054943574
1986-05-13,-0.4936815256294092,0.8122128081417304
1986-05-14,0.476840076973228,0.796062967898459
1986-05-15,-1.3178997463182038,0.7742731628651457
1986-05-16,-0.7149148430409199,0.8517925253856375
1986-05-19,0.1888585201548828,0.8480920461332392
1986-05-20,1.240135932400563,0.8130212780880218
1986-05-21,-0.2799236985723114,0.8584681368738198
1986-05-22,1.964021432057782,0.8278520270544638
1986-05-23,0.5109409346808077,0.9823695212286039
1986-05-27,1.3989094015054129,0.9475588863382733
1986-05-28,0.7651976219660522,0.9926203301520842
1986-05-29,0.545882289236094,0.9712338685863219
1986-05-30,-0.2543718173299902,0.9388900340655321
1986-06-02,-0.9382927223888092,0.901549069427103
1986-06-03,0.1916222102601474,0.9128410749867181
1986-06-04,-0.6415353804738144,0.8733822434426635
1986-06-05,0.6985430344950825,0.8617463935725413
1986-06-06,0.0081430728629022,0.8476159052536586
1986-06-09,-2.3516893732894664,0.8116544254642665
1986-06-10,-0.158487281804744,1.0666650343940647
1986-06-11,0.6448829447368947,1.0182485606253824
1986-06-12,0.1491859721442606,0.9873400063679141
1986-06-13,1.7405267694043725,0.9424322182270531
1986-06-16,0.1626516663133057,1.0353775423912372
1986-06-17,-0.7258222777200897,0.9874820985039776
1986-06-18,0.2615767112438557,0.9713245313657232
1986-06-19,-0.3803329106790477,0.9291591175669183
1986-06-20,1.431968279908456,0.897312632014819
1986-06-23,-0.9414919562903752,0.954401555016438
1986-06-24,0.719093186440372,0.9598841351581971
1986-06-25,0.7661921220037176,0.9383095661372164
1986-06-26,-0.0763506711457247,0.9218807941991605
1986-06-27,0.3451464638905439,0.8816940855996303
1986-06-30,0.4955610126976655,0.8479418631788513
1986-07-01,0.477250736031613,0.8228501273561408
1986-07-02,0.2615223881792006,0.7988870956648756
1986-07-03,-0.360762221924963,0.7687659039372378
1986-07-07,-3.1222245260496764,0.7487821449525853
1986-07-08,-1.0131075520599762,1.2025142829388915
1986-07-09,0.5078398961791322,1.188450368791076
1986-07-10,0.0782113873518741,1.138740406631231
1986-07-11,-0.3256163019957709,1.083775183698653
1986-07-14,-1.7113654798339135,1.0386272457501784
1986-07-15,-1.8865671372397,1.1254741206055148
1986-07-16,0.5760960094300667,1.2223389466339942
1986-07-17,0.4500359184508676,1.1729265509882143
1986-07-18,0.1227666819146308,1.1222731747925325
1986-07-21,-0.0507808371630935,1.068521068367002
1986-07-22,0.8178398900938451,1.0184460678878346
1986-07-23,0.2055177414464868,0.9983910095914269
1986-07-24,-0.3021282261629512,0.9534368169676289
1986-07-25,0.9494620466035932,0.9166597838432351
1986-07-28,-1.7681021473821068,0.917155557252729
1986-07-29,-0.6205355948542662,1.0360824564968631
1986-07-30,0.8659871959896118,1.008528481732751
1986-07-31,-0.1988540052361573,0.9928939823876998
1986-08-01,-0.5137652038031684,0.950264713037067
1986-08-04,0.4586976868515068,0.9234994838361891
1986-08-05,0.4397255729154079,0.8908531475253411
1986-08-06,-0.0801918051559062,0.8598792772870795
1986-08-07,0.0844082740337969,0.8239651915014184
1986-08-08,-0.0675170535179265,0.7895644479852068
1986-08-11,1.5914515514437615,0.7583853167519928
1986-08-12,1.0991407389156185,0.8651468699201925
1986-08-13,0.952953718694563,0.8865878136690143
1986-08-14,0.2358115555301805,0.8907142419835539
1986-08-15,0.3648135005177548,0.8535204249071308
1986-08-18,0.0930220627592922,0.8224851007750574
1986-08-19,-0.3523097357500029,0.7882219903481233
1986-08-20,1.313797318061629,0.7662004053544107
1986-08-21,-0.0400472947154074,0.8292116653485938
1986-08-22,0.2080600405765929,0.7948995634141788
1986-08-25,-0.9558325312728336,0.7639017545422844
1986-08-26,2.009454946622881,0.794975011913845
1986-08-27,0.181770593542963,0.9662397993431922
1986-08-28,-0.1817705935429527,0.9230790611595939
1986-08-29,0.0355878525002686,0.8848150571407877
1986-09-02,-1.758939925808935,0.8462381632721228
1986-09-03,0.6257531607931291,0.9791999963240396
1986-09-04,1.4883884823181674,0.9503707405700816
1986-09-05,-1.332560107055515,1.0064572244677965
1986-09-08,-0.9346057192649838,1.0479229470156661
1986-09-09,-0.1895893038861224,1.0426828026458554
1986-09-10,-0.2465995289325744,0.9964941310666781
1986-09-11,-4.928006497459692,0.9548925194510259
1986-09-12,-1.936303747801967,1.7649609896881389
1986-09-15,0.5490618280366788,1.7779687287296544
1986-09-16,-0.09489765581495,1.691305121188348
1986-09-17,-0.0172673912594936,1.6036478813002577
1986-09-18,0.2715598539775207,1.5206714051869776
1986-09-19,-0.0430512552102052,1.4439783888861242
1986-09-22,1.1645402683269857,1.3706567205094173
1986-09-23,0.3144947375652469,1.3443820165326723
1986-09-24,0.2585023642259991,1.2792008917753224
1986-09-25,-1.9013184927626403,1.2171216580435724
1986-09-26,0.172388914212386,1.3003622113364204
1986-09-29,-1.0040297562898188,1.235927524782754
1986-09-30,0.6114121028437525,1.2179202640095217
1986-10-01,0.980821212940497,1.1703203239391637
1986-10-02,0.136889165158246,1.1483619105872434
1986-10-03,-0.0898109475441729,1.0930626439983522
1986-10-06,0.4567840992751431,1.0418489408754337
1986-10-07,-0.1577165719464089,1.0004960075372848
1986-10-08,0.9637252331269964,0.95643514714138
1986-10-09,-0.3512951253760102,0.9539468831394481
1986-10-10,-0.1570069592638205,0.9190067918557319
1986-10-13,0.1824425865638272,0.8804484884945764
1986-10-14,-0.22916685734714,0.84305728616167
1986-10-15,1.446767098940066,0.8118296632895129
1986-10-16,0.3052270572559507,0.8856131603158498
1986-10-17,-0.2884808524668193,0.850404300715214
1986-10-20,-1.2089172871482488,0.8207171933857471
1986-10-21,-0.0381461641698813,0.8747697772951691
1986-10-22,0.1609648437157468,0.8373122193315599
1986-10-23,1.2701538950255065,0.8026023351563736
1986-10-24,-0.427191790424469,0.853575032483857
1986-10-27,0.2138272063612618,0.8299986109698217
1986-10-28,0.20500404042914,0.7966149322974097
1986-10-29,0.6997146187761423,0.7654380322330262
1986-10-30,1.1431071424600283,0.7607757514123489
1986-10-31,0.1107215812924072,0.8020474130680458
1986-11-03,0.7431972338477832,0.7693052086925577
1986-11-04,0.1625991807363097,0.7677384246740742
1986-11-05,0.1542290511299344,0.7379537250064903
1986-11-06,-0.2883570759433149,0.7102136337735397
1986-11-07,-0.0406764487142614,0.6916485888737177
1986-11-10,0.1463714852308001,0.6672502502030871
1986-11-11,0.3852306766532175,0.6446893066219064
1986-11-12,-0.1782397135245814,0.631313600249932
1986-11-13,-1.4786019042066922,0.614925772567362
1986-11-14,0.6071546853764417,0.7556457332848994
1986-11-17,-0.529001364197491,0.7451624908562596
1986-11-18,-2.6793860444893425,0.7377168594998731
1986-11-19,0.3709661442848639,1.091118460507709
1986-11-20,1.8303232722760616,1.0435781059809548
1986-11-21,1.5617941728044105,1.1313055484695518
1986-11-24,0.6446258343357036,1.1699889890616884
1986-11-25,0.2905458755896569,1.1274084956817472
1986-11-26,0.2414804170059725,1.0755360065806003
1986-11-28,0.1807253421790823,1.026112977320449
1986-12-01,-0.0682353639928883,0.9790174603638265
1986-12-02,1.9680575245649388,0.9349307156205394
1986-12-03,-0.0590701581345505,1.0653039735179843
1986-12-04,-0.3196012972627642,1.0155162436744702
1986-12-05,-0.7417559044155674,0.9749293743108665
1986-12-08,-0.0039792593716731,0.9611467491095363
1986-12-09,-0.7513443041223264,0.9176619772544841
1986-12-10,0.6716832849692717,0.9102301904128272
1986-12-11,-1.117960281419496,0.8899308508406055
1986-12-12,-0.3309625471624234,0.9222147220302194
1986-12-15,0.3470826747320225,0.8888093965255689
1986-12-16,0.7345689115777329,0.854604544183335
1986-12-17,-0.9967911203155048,0.8437503080791282
1986-12-18,-0.3155720485419663,0.8684900708197424
1986-12-19,1.188307060981708,0.8385012869480221
1986-12-22,-0.3931941094978876,0.8737477975547532
1986-12-23,-0.973569539144084,0.8468079145344886
1986-12-24,0.1662997666329548,0.8685890799514924
1986-12-26,0.0688711796525452,0.8317934588338707
1986-12-29,-0.9154033762087266,0.7968121002375499
1986-12-30,-0.5327457357358819,0.8188097245389239
1986-12-31,-0.4942947679290295,0.8046056603395015
1987-01-02,1.751916945713864,0.7891799464777365
1987-01-05,2.3023660586417933,0.9158600081278603
1987-01-06,0.2336759034930551,1.1097296390242122
1987-01-07,1.0037292938438132,1.0579733575003596
1987-01-08,0.7608147917647715,1.0484981281136774
1987-01-09,0.5620108122767536,1.0219964826698726
1987-01-12,0.6049675735788468,0.9865450511188676
1987-01-13,-0.134541331563473,0.9559999041561761
1987-01-14,1.029497717828658,0.9144661716837615
1987-01-15,1.0792809438668085,0.9227037892668537
1987-01-16,0.2971243742389856,0.9349104764832863
1987-01-19,1.142612627707258,0.8960395239779829
1987-01-20,-0.1114409232491727,0.9182162212175918
1987-01-21,-0.4470325564439379,0.878817342112307
1987-01-22,2.2409825019028227,0.8542266507107191
1987-01-23,-1.4007315251574788,1.0531391434705484
1987-01-26,-0.1815867389375103,1.096239473983667
1987-01-27,1.5238865124272107,1.0463503171201458
1987-01-28,0.6009283001477543,1.0924410465003618
1987-01-29,-0.4220964332549911,1.0535381335832366
1987-01-30,-0.0583614215855287,1.0142375730103448
1987-02-02,0.8610031356538076,0.9677373513104982
1987-02-03,-0.1665419147601521,0.9556015049880507
1987-02-04,1.313851623426154,0.9147515012875065
1987-02-05,0.5420801305724788,0.9541405918534048
1987-02-06,-0.399143471049042,0.9229350866060297
1987-02-09,-0.6735979757131485,0.8924236799697121
1987-02-10,-1.1170863508420148,0.8813630252839851
1987-02-11,0.893946037427362,0.9147415064482232
1987-02-12,-0.6942009999679469,0.910585668603709
1987-02-13,1.469455611995628,0.8993398332804541
1987-02-17,2.048932415517441,0.9611318229303054
1987-02-18,-0.0245141288617128,1.0992276489733765
1987-02-19,0.0525381861269708,1.046985316906461
1987-02-20,-0.0315195992469973,0.9977912462559845
1987-02-23,-1.0918313713554963,0.9521068968611703
1987-02-24,0.1769097837336041,0.9731848247860562
1987-02-25,0.3951441450854046,0.9295047749981249
1987-02-26,-0.3668723462319866,0.8939671493053989
1987-02-27,0.4372743916369582,0.8642171149831159
1987-03-02,-0.4231360972018014,0.8351716292435484
1987-03-03,0.39497693006313,0.8129041360888435
1987-03-04,1.5714260146272907,0.7860721799274833
1987-03-05,0.6561455831743157,0.8837398457893978
1987-03-06,0.0481828875428761,0.8647730983711119
1987-03-09,-0.8152649494377362,0.8275315490575156
1987-03-10,0.884043908412417,0.8354827737420873
1987-03-11,-0.1892692235752224,0.8389765775366927
1987-03-12,0.3129690323137473,0.8068549304222633
1987-03-13,-0.4577408264099641,0.7775797424397258
1987-03-16,-0.5742780566932923,0.7622949564740384
1987-03-17,1.4603290839648937,0.7565120272093218
1987-03-18,0.1059368090851023,0.8428551662315461
1987-03-19,0.4430323933266993,0.8072598076830373
1987-03-20,1.381204517466388,0.7829336573400832
1987-03-23,0.9977858460090144,0.8525120081441897
1987-03-24,0.1592604755160185,0.8649335781383573
1987-03-25,-0.4185945864208256,0.828302525809174
1987-03-26,0.1829299192004382,0.806363605315956
1987-03-27,-1.6079091638237757,0.7741226954686341
1987-03-30,-2.368003109239225,0.8979379564676797
1987-03-31,0.8607386227310502,1.129877992112532
1987-04-01,0.232842406212638,1.1029811739216275
1987-04-02,0.4266145202305105,1.0516453230307592
1987-04-03,2.2827732488352863,1.008530032334055
1987-04-06,0.5113260706880707,1.1758087438373357
1987-04-07,-1.7573650301836454,1.1271013351014634
1987-04-08,0.1919378693481621,1.2053126893925472
1987-04-09,-1.4912580464338143,1.1469523599962559
1987-04-10,-0.1264184443138166,1.1877997246817225
1987-04-13,-2.376820573610316,1.1310695497664465
1987-04-14,-2.2877131662033925,1.3048287450761797
1987-04-15,1.873723633125236,1.4286574334526436
1987-04-16,0.8646246895627147,1.464092808152297
1987-04-20,-0.2862156663198188,1.410886846475063
1987-04-21,2.4105079493374406,1.3431959208272322
1987-04-22,-2.026748719693797,1.462402139608738
1987-04-23,-0.1289159290378228,1.5244293913504452
1987-04-24,-1.8651412848714397,1.4470527932142045
1987-04-27,0.1100550646374782,1.4914969214553453
1987-04-28,0.2409978122773788,1.415127711689497
1987-04-29,0.7265311976712361,1.344429547243814
1987-04-30,1.323035400309159,1.293019445582226
1987-05-01,-0.1145011597714183,1.2874760205275357
1987-05-04,0.4606899880735778,1.2243598816363477
1987-05-05,2.0455685625721984,1.1705936801957513
1987-05-06,0.0440090335126382,1.2670561533080344
1987-05-07,-0.2575519994481037,1.2041313786702479
1987-05-08,-0.4557198638212056,1.1489532179416166
1987-05-11,-0.61544550450009,1.104180229834122
1987-05-12,0.5915795060374522,1.0707618119945796
1987-05-13,0.2315840821050505,1.0330386954743964
1987-05-14,0.0883952481845893,0.9862193271964936
1987-05-15,-2.341640081754857,0.940996015913557
1987-05-18,-0.2717388787323639,1.1556727175346668
1987-05-19,-2.48304169644565,1.1040392112745534
1987-05-20,-0.5055327604920141,1.3027799624214909
1987-05-21,0.7020416224387466,1.2492330948457622
1987-05-22,0.7077689189805341,1.2035938153245713
1987-05-26,2.433288895731857,1.1616589409358375
1987-05-27,-0.1315154445557428,1.3201759980232128
1987-05-28,0.7006184784585829,1.2552627480659977
1987-05-29,-0.2272506036274408,1.2091075650966667
1987-06-01,-0.0931214298873051,1.1528908258652577
1987-06-02,-0.4738099335025857,1.0979156042348135
1987-06-03,1.7219025019851268,1.0576534581885708
1987-06-04,0.5504958593889729,1.1277657244972068
1987-06-05,-0.5573073543873653,1.0840037873188133
1987-06-08,1.1081628692648182,1.0489494435958215
1987-06-09,0.1885514223908002,1.0495996741749225
1987-06-10,0.0638932149205665,1.0010787602115698
1987-06-11,0.4226808506411188,0.9548385268147017
1987-06-12,0.9627738569065484,0.9184601397423985
1987-06-15,0.5026862581945175,0.9199641401415521
1987-06-16,0.5329820322605029,0.8895307211089665
1987-06-17,0.0164010015191454,0.8629741570841466
1987-06-18,0.288290087566849,0.825929180906019
1987-06-19,0.417850237988751,0.7945393291179677
1987-06-22,0.8692580753842256,0.7701031542192668
1987-06-23,-0.3947718197096733,0.7797359931571252
1987-06-24,-0.5103319695449262,0.7606112342649511
1987-06-25,0.6820221242645543,0.7503402303878535
1987-06-26,-0.5842994638330802,0.7458461449726986
1987-06-29,0.2406238722585185,0.7425265050742719
1987-06-30,-1.2747333701187586,0.7160543719823058
1987-07-01,-0.3492927248300232,0.7983837836039005
1987-07-02,0.8840461831814519,0.7753855239305806
1987-07-06,-0.2325744832754649,0.7858198342488328
1987-07-07,0.8100320092225568,0.7589906764349456
1987-07-08,0.2891114894975959,0.7643666856892857
1987-07-09,-0.2500836087828603,0.7375521802104532
1987-07-10,0.2760254802320294,0.7151338270851204
1987-07-13,-0.2402566851722244,0.6916978710786972
1987-07-14,0.9865641969694502,0.6726115668666359
1987-07-15,-0.0837157496942787,0.7080872719756195
1987-07-16,0.7318041021606914,0.6831304903851592
1987-07-17,0.6025888581349889,0.6901604566819202
1987-07-20,-1.02239991941984,0.6858093506624023
1987-07-21,-0.9162327683958148,0.7373989513629778
1987-07-22,-0.0259267362931145,0.7676422237153141
1987-07-23,-0.2141896267095205,0.7375130974439371
1987-07-24,0.4731944678504474,0.713777460756244
1987-07-27,0.4452210609156696,0.6988386020888984
1987-07-28,0.5393421300493423,0.6837093554429781
1987-07-29,1.0573707314662262,0.6755748326304181
1987-07-30,0.7574579266661752,0.7194279040547101
1987-07-31,0.191615041062156,0.7245723878496212
1987-08-03,-0.3426425618043435,0.6984023514061217
1987-08-04,-0.4228457859753224,0.6835355236931505
1987-08-05,0.6995683473238913,0.6747818934701205
1987-08-06,1.1365483076429208,0.6799097139568542
1987-08-07,0.2821324996206836,0.7335046175944646
1987-08-10,1.5361285161487148,0.7088317672938836
1987-08-11,1.6119341596276582,0.8174543588345409
1987-08-12,-0.2823927617497496,0.9150751642205821
1987-08-13,0.6776168945223524,0.8803748091336505
1987-08-14,-0.1974168138694737,0.8631113266879553
1987-08-17,0.0359213060508001,0.8294784826421994
1987-08-18,-1.4652895606569116,0.7946600061584925
1987-08-19,0.1759988874776765,0.8906698636902819
1987-08-20,1.5075465356795077,0.8524948168192243
1987-08-21,0.3160683592651621,0.9276972049032741
1987-08-24,-0.7680528467193672,0.8898219720612699
1987-08-25,1.026722216361,0.8866374289127401
1987-08-26,-0.6554025014182899,0.8978679519169851
1987-08-27,-0.9580379253912894,0.8849248202413775
1987-08-28,-1.3183254172586385,0.9002350454691794
1987-08-31,0.8403859408713604,0.9559481406602104
1987-09-01,-1.9596444842016465,0.94335312464348
1987-09-02,-0.5332688449675047,1.0883725191279365
1987-09-03,-0.4580235949836727,1.0517189592632845
1987-09-04,-1.1022011781477714,1.0141620137213732
1987-09-08,-0.9964270554624112,1.0286612228852383
1987-09-09,0.114749761694892,1.0310663362361017
1987-09-10,1.017358069418042,0.9830669095770326
1987-09-11,1.5177666089737367,0.9825219545471695
1987-09-14,0.3410463077157067,1.037419615229637
1987-09-15,-1.6666521455220054,0.9926803396245408
1987-09-16,-0.9105358494406992,1.081241177116394
1987-09-17,0.022231958890927,1.070585381356384
1987-09-18,-0.0222319588909238,1.0199325529844434
1987-09-21,-1.3815303993472745,0.9727423780362021
1987-09-22,2.8444528748233755,1.0253411994390325
1987-09-23,0.5275582121183947,1.2932820700574983
1987-09-24,-0.4587239362917057,1.2371435118958671
1987-09-25,0.1375265697939499,1.1862692880136172
1987-09-28,0.945048214242366,1.1286062277032354
1987-09-29,-0.4683007926742047,1.1077857092461025
1987-09-30,0.0435057606468138,1.0665466747668366
1987-10-01,1.69453812171611,1.016110979784403
1987-10-02,0.2258227260690319,1.089339397624239
1987-10-05,0.0030417581773967,1.0387725829088508
1987-10-06,-2.737691607714024,0.9902212680239638
1987-10-07,-0.2132441429524673,1.2686392191045064
1987-10-08,-1.3845660722322932,1.208325160908381
1987-10-09,-0.9884431143043836,1.2290404681283362
1987-10-12,-0.5415326441263715,1.2104430530092525
1987-10-13,1.6444967850579604,1.1650615125495616
1987-10-14,-2.99820054204898,1.208976852795577
1987-10-15,-2.370376496650609,1.4760585678049576
1987-10-16,-5.297555392615544,1.5818148126508016
1987-10-19,-22.89972860334536,2.2102845803265776
1987-10-20,5.195357005990686,7.271061439832819
1987-10-21,8.70887965237938,7.044032134249412
1987-10-22,-3.9995085504668912,7.154082810265065
1987-10-23,-0.0120848306079452,6.869588164505816
1987-10-26,-8.641825057785363,6.490016430540299
1987-10-27,2.3956378338489954,6.674943121787934
1987-10-28,0.038586120767353,6.346084782832788
1987-10-29,4.807956797630828,5.995627650539789
1987-10-30,2.827636853447437,5.845459903684056
1987-11-02,1.5605024733440962,5.586653988717563
1987-11-03,-1.94648252347372,5.298275848760532
1987-11-04,-0.7443311639318025,5.0428476694960045
1987-11-05,2.1929962694222644,4.771182910388826
1987-11-06,-1.6122641496695151,4.555035754756945
1987-11-09,-2.9338809465177023,4.334040079044796
1987-11-10,-1.7297227758520477,4.194913799170551
1987-11-11,1.2060840452905408,4.0012420704965885
1987-11-12,2.699895000269488,3.7978143509933466
1987-11-13,-1.1656295410652635,3.6783557594481078
1987-11-16,0.4549135103818429,3.4965176175746415
1987-11-17,-1.519017085735035,3.3075248751982955
1987-11-18,1.0274593690581104,3.163101443785289
1987-11-19,-2.265335722354939,3.0052004281475875
1987-11-20,0.8090478466728005,2.92742539493629
1987-11-23,0.4082586680253539,2.777742506642338
1987-11-24,1.3895331106093889,2.6292603582907415
1987-11-25,-0.9337641539959326,2.519815647964181
1987-11-27,-1.552343015712395,2.4025148812853323
1987-11-30,-4.267175216808323,2.3247746378676903
1987-12-01,0.7354551588442546,2.5607758457538745
1987-12-02,0.6230536678210065,2.4312264657022666
1987-12-03,-3.59345782799143,2.306716404722497
1987-12-04,-0.5744493034679514,2.4472209622014813
1987-12-07,2.1384558004406826,2.3231377458653903
1987-12-08,2.652908262075504,2.287519625965989
1987-12-09,1.6800714727426769,2.3039212572330023
1987-12-10,-2.2521342975426952,2.2353563210206233
1987-12-11,0.7464471713672645,2.228193392944161
1987-12-14,2.877623103481406,2.1192641188160293
1987-12-15,0.2556682288290074,2.1814502586945577
1987-12-16,2.1472047729232613,2.065658144381845
1987-12-17,-2.0772164330092786,2.0561964372385084
1987-12-18,2.5116157240761927,2.051210134564741
1987-12-21,0.1523920994134326,2.0802783218584873
1987-12-22,0.1641689572205072,1.96962131236173
1987-12-23,1.276082872259071,1.8654255887737854
1987-12-24,-0.4473591171314731,1.8054854940426972
1987-12-28,-2.5966054401046788,1.7172513967016285
1987-12-29,-0.3998744429847259,1.8151956097810666
1987-12-30,1.3280748728725396,1.7251517773011953
1987-12-31,-0.3151894860738377,1.679993541989468
1988-01-04,3.5230873309953794,1.5962908995077822
1988-01-05,1.045543622104311,1.843651857547284
1988-01-06,0.1004829872041615,1.7722102272753204
1988-01-07,0.8385281010527506,1.6792453348293066
1988-01-08,-7.008244317468501,1.6093895947638874
1988-01-11,1.6664043870218748,2.6302666464024567
1988-01-12,-0.8399178260075418,2.5356159550177577
1988-01-13,0.1587848767303856,2.413938301010725
1988-01-14,0.0284762042523641,2.2841548479413842
1988-01-15,2.478386073906057,2.1615770309640774
1988-01-18,-0.0674689630374462,2.174266738402462
1988-01-19,-1.0215561688583736,2.0583020501632032
1988-01-20,-2.7199571982020214,1.9757836982562569
1988-01-21,0.2099737281950265,2.0514189338975863
1988-01-22,1.3724586865385575,1.942777029365991
1988-01-25,2.274146249965168,1.882851387937721
1988-01-26,-1.0363989671138407,1.9064046571622524
1988-01-27,-0.0761609163010226,1.835590443077862
1988-01-28,1.5557193694628726,1.7393133194129857
1988-01-29,1.4813398997405631,1.7100689982211936
1988-02-01,-0.7928080563193847,1.6775811113601868
1988-02-02,0.2076004104136762,1.6106899462187707
1988-02-03,-1.3234272945763494,1.5278629080045343
1988-02-04,0.0,1.5082217493286931
1988-02-05,-0.4968509800300888,1.4308434969722699
1988-02-08,-0.7439143864755607,1.3682190336579654
1988-02-09,1.0462916737776131,1.321468968873053
1988-02-10,1.943490257646292,1.2908613524985397
1988-02-11,-0.2770165104309558,1.353907550112272
1988-02-12,0.6542365049107354,1.2895968590100553
1988-02-16,0.8503053302697645,1.2387761076433408
1988-02-17,-0.2389008316553197,1.2021452929662741
1988-02-18,-0.5027809961948422,1.1466447490224634
1988-02-19,1.4244088105076282,1.104128888384854
1988-02-22,1.5287274657742078,1.1306029323845348
1988-02-23,-0.233681043468032,1.1654935814315572
1988-02-24,-0.2228715091180736,1.1122480141349393
1988-02-25,-1.083642556277456,1.0622306146713762
1988-02-26,0.3358544183275113,1.0692398530642828
1988-02-29,2.0216483503866183,1.0222267202696376
1988-03-01,-0.2242846686056208,1.1430019331853527
1988-03-02,0.2840098128376404,1.091001560148766
1988-03-03,-0.0373254587821684,1.0413646159888057
1988-03-04,-0.2167559792494169,0.9929112293342632
1988-03-07,0.02993083397067,0.9507335994412549
1988-03-08,0.763770335016966,0.9077936721057593
1988-03-09,-0.1374195183281999,0.8940282429899911
1988-03-10,-1.9591549052310733,0.8567746417173667
1988-03-11,0.4160549539805465,1.0224126287540165
1988-03-14,0.5382906910349303,0.980981892885703
1988-03-15,-0.090137183332863,0.9475281783094731
1988-03-16,0.9424464907544434,0.9058180978437443
1988-03-17,0.952090970496422,0.9068591958825373
1988-03-18,-0.0368794871572729,0.9086606879041098
1988-03-21,-0.8817176180310674,0.868904351177467
1988-03-22,0.0372060371171603,0.8784542641235018
1988-03-23,0.0260371267742359,0.8403021152692504
1988-03-24,-2.089279564177707,0.8047667195659781
1988-03-25,-1.8549553409469235,1.0089598445074845
1988-03-28,-0.1742309133284515,1.1229609884547809
1988-03-29,0.7758747148063404,1.0711869208794986
1988-03-30,-0.7719959379355329,1.043726858728846
1988-03-31,0.3172423309720548,1.0257757838586186
1988-04-04,-1.0874386745654052,0.9812100034930201
1988-04-05,0.9405484800510108,0.9981795732144643
1988-04-06,2.6642722709459705,0.9894319747231828
1988-04-07,0.2520507063444547,1.232251813030539
1988-04-08,1.221094369756926,1.173008963741612
1988-04-11,0.2705800465804457,1.1707647831065886
1988-04-12,0.4468795713796263,1.1157231674002392
1988-04-13,0.0773520481187292,1.0688623986317685
1988-04-14,-4.453707584829432,1.0183010757822577
1988-04-15,0.0076951855961105,1.6770466784093028
1988-04-18,-0.2158070819711522,1.5896560142684586
1988-04-19,-0.4988999635698997,1.5095662620684314
1988-04-20,-0.6964364229653267,1.4417859571539149
1988-04-21,0.1131630340493335,1.3870653525079923
1988-04-22,1.4403226454689249,1.3169753261555008
1988-04-25,0.9069209799714903,1.3198694553244446
1988-04-26,0.5394674976543634,1.2801827863118045
1988-04-27,-0.0492694712272751,1.2253576258671286
1988-04-28,-0.4521207914807684,1.1654063444837854
1988-04-29,-0.4886060977977769,1.1193078509173477
1988-05-02,0.0879768242437998,1.078148194814715
1988-05-03,0.5490338818709469,1.0270253724407425
1988-05-04,-1.0242360571593354,0.9905880904016572
1988-05-05,-0.589471658356952,0.9999772469813906
1988-05-06,-0.5074865169521445,0.9735397475655321
1988-05-09,-0.365745867303479,0.94453557341302
1988-05-10,0.4200980834350376,0.9108945000477304
1988-05-11,-1.6871586545254629,0.8776374702719365
1988-05-12,0.2129539968050054,0.9917915022585168
1988-05-13,1.147611697185948,0.9473844061074997
1988-05-16,0.7488027819420003,0.9636230043443106
1988-05-17,-1.2915924054275532,0.9436964686819447
1988-05-18,-1.5945371752676445,0.9892674316269203
1988-05-19,0.4842052594931093,1.0680319386264205
1988-05-20,0.1780086855936278,1.0258574319290854
1988-05-23,-0.8693127742326763,0.9787463241767901
1988-05-24,1.0627822186461304,0.9749999435292622
1988-05-25,0.0985668482878459,0.9795445436095672
1988-05-26,0.3422613451549018,0.9347953952681065
1988-05-27,-0.4763346105561322,0.8971663713954162
1988-05-31,3.3906834214158543,0.872671192439999
1988-06-01,1.713192596684315,1.3123136742031205
1988-06-02,-0.511266065077428,1.344485170019038
1988-06-03,0.4212370880766971,1.288283871372262
1988-06-06,0.2249206518739162,1.229134865163073
1988-06-07,-0.7064680695944305,1.1696926854814664
1988-06-08,2.366458064442325,1.1363993323242425
1988-06-09,-0.487329031973974,1.2892667420337298
1988-06-10,0.3915335831685679,1.2359171114457657
1988-06-13,0.0626445723895762,1.1793695217677558
1988-06-14,1.051810118163219,1.1218494847493776
1988-06-15,0.0546786032985127,1.1100432641141988
1988-06-16,-1.7199436084301394,1.0568526669042564
1988-06-17,0.3367580915679163,1.1417347038655385
1988-06-20,-0.6448968831827475,1.0899515125031247
1988-06-21,1.009982838915538,1.0594261732475874
1988-06-22,1.4580091688406591,1.0503287066825993
1988-06-23,-0.3051870996575422,1.0878585255188322
1988-06-24,-0.3791504845929687,1.041763351449636
1988-06-27,-1.7390465725104516,1.0015374563089074
1988-06-28,1.2006720257544352,1.0992023547988652
1988-06-29,-0.4896056279872632,1.1030499150344242
1988-06-30,0.9256563900803338,1.0631409298189838
1988-07-01,-0.6308710861196531,1.0469146135404135
1988-07-05,1.4719303007367734,1.019093696858937
1988-07-06,-1.383666139154322,1.062725511194361
1988-07-07,-0.088264161582458,1.1024045654207146
1988-07-08,-0.6496921358830507,1.0505745215882119
1988-07-11,0.1960889327417271,1.0236230449201158
1988-07-12,-1.0029733855391052,0.9768846793220255
1988-07-13,0.5473145758272437,0.9857608210404449
1988-07-14,0.3484203871817376,0.952369675855035
1988-07-15,0.6601333317265385,0.9136890087452658
1988-07-18,-0.5676725780674816,0.8923580723391769
1988-07-19,-0.75699218709505,0.8738152701714638
1988-07-20,0.5682778588609878,0.8713660783352343
1988-07-21,-1.2447506577808922,0.8481853064979161
1988-07-22,-1.192108443914873,0.9025327002027151
1988-07-25,0.4468153490464827,0.9418742404740299
1988-07-26,0.1925037944488593,0.9073728015657868
1988-07-27,-1.0195477384691936,0.8682965865439918
1988-07-28,1.3320370594590698,0.8923086296407088
1988-07-29,2.2304099990395025,0.9372577197588099
1988-08-01,0.0698243227843225,1.1124581296042515
1988-08-02,-0.0551174613002378,1.0591272429136371
1988-08-03,0.3375951442452271,1.009695913779323
1988-08-04,-0.3853919374293921,0.9667466594129002
1988-08-05,-0.2872502522332448,0.9322842858438355
1988-08-08,-0.4324227903532133,0.8965073308847539
1988-08-09,-1.3011240069451302,0.8697101536096223
1988-08-10,-1.7373954595437502,0.9280728574250523
1988-08-11,0.3240281548150692,1.039822057975063
1988-08-12,-0.0761516167313473,0.9944808100079316
1988-08-15,-1.4811050519829456,0.9494759203705535
1988-08-16,0.720270852821725,1.019136548764282
1988-08-17,0.080559903264238,0.9925653309568441
1988-08-18,0.099658793877947,0.946906493732189
1988-08-19,-0.3031093929918746,0.9042987903717751
1988-08-22,-1.260594103261889,0.8711417273644898
1988-08-23,0.0427900292464666,0.9238981625212197
1988-08-24,1.5592182410370992,0.8827045588526627
1988-08-25,-0.7495613561784196,0.9599306230387818
1988-08-26,0.1927302813424332,0.9481878492648479
1988-08-29,1.015312644034121,0.9063733142473732
1988-08-30,0.0686011743295342,0.9141691444734124
1988-08-31,-0.3778493338691447,0.8736269522626122
1988-09-01,-1.2195442048258915,0.8459641913849085
1988-09-02,2.345039725388512,0.8973533591765661
1988-09-06,0.4188076890419346,1.104262883199984
1988-09-07,0.1053696645862804,1.0572643392163172
1988-09-08,0.00376483897553,1.0075381178393021
1988-09-09,0.3604116579221232,0.9609934974661342
1988-09-12,-0.1387542623401513,0.9220700711076235
1988-09-13,0.3596150966950348,0.8829183383311737
1988-09-14,0.7005300910420037,0.849546404790749
1988-09-15,-0.4391167633620746,0.836697497748428
1988-09-16,0.9354494953990188,0.8151775691655819
1988-09-19,-0.6784412802851131,0.8258829548551277
1988-09-20,0.3379461506813163,0.8218536938289606
1988-09-21,0.1592890237021943,0.7922597232444094
1988-09-22,-0.363411603645016,0.7606827579148713
1988-09-23,0.2152437418452975,0.7415171867008358
1988-09-26,-0.326750943797981,0.7145502629198439
1988-09-27,-0.2308505699144517,0.6974534261908931
1988-09-28,0.3051987377490621,0.6775242706467117
1988-09-29,1.2960138114286015,0.6580203533346785
1988-09-30,-0.2497678711796843,0.738943374789123
1988-10-03,-0.1951071947170166,0.7164016659413784
1988-10-04,-0.2804465917896123,0.6936768203324586
1988-10-05,0.4571569232377801,0.6761460702822263
1988-10-06,0.1947742634595795,0.6636982208863443
1988-10-07,2.063799023591592,0.6422231491189199
1988-10-10,0.0611108612796171,0.8704013755730395
1988-10-11,-0.1114758437965938,0.8327810867664001
1988-10-12,-1.4314105947901503,0.7992848549099398
1988-10-13,0.4515631150250043,0.8891028043447126
1988-10-14,0.1016846320461515,0.8587593085671764
1988-10-17,0.3297655344988433,0.8220543209176523
1988-10-18,1.0687595838763042,0.7921788749009011
1988-10-19,-0.866367829635204,0.8199899439711893
1988-10-20,2.1113595229983555,0.8338815880798984
1988-10-21,0.2753554066316499,1.0138087819452166
1988-10-24,-0.4876868968479812,0.9690843467547777
1988-10-25,0.0354217064827261,0.9393707373803827
1988-10-26,-0.3547612570858874,0.8971663244109108
1988-10-27,-1.4678264737281566,0.866637161032889
1988-10-28,0.4497947546612044,0.9490434547584933
1988-10-31,0.1578484422478543,0.9141315613306182
1988-11-01,0.0322550181415582,0.8741542267598892
1988-11-02,0.0,0.8363020178613472
1988-11-03,0.0501610894293254,0.8011614429913295
1988-11-04,-1.0404999626653528,0.768284984052786
1988-11-07,-0.8650842424219629,0.8089293372240215
1988-11-08,0.4443808764462858,0.8240554357713875
1988-11-09,-0.6636574055845781,0.7984524746812274
1988-11-10,0.1316280678407691,0.7960655821369204
1988-11-11,-2.1307609341431637,0.7639126759918654
1988-11-14,-0.0746815812327411,0.988607127125733
1988-11-15,0.2313156722984268,0.9439691296032497
1988-11-16,-1.6987739332096994,0.9030601328794712
1988-11-17,0.2952194564852659,1.0137912823700959
1988-11-18,0.7042396746116067,0.9695054154438482
1988-11-21,-0.0938632289733248,0.9461428788749514
1988-11-22,0.371179492939593,0.9045804242679953
1988-11-23,0.6676545468253102,0.8700222417498173
1988-11-25,-0.6601627680782391,0.853029043668382
1988-11-28,0.5262495936304858,0.844791628922451
1988-11-29,0.8414428060593563,0.8215287266846171
1988-11-30,1.0245984728718316,0.8227429948004145
1988-12-01,-0.443078030291343,0.841632197271927
1988-12-02,-0.2498596526903582,0.8199170727310119
1988-12-05,1.141320935267214,0.7911076508205154
1988-12-06,0.9628698567007796,0.8275974697749396
1988-12-07,0.1943456106328139,0.8395278780254503
1988-12-08,-0.5552395795911206,0.8051389335557598
1988-12-09,0.1589547118715741,0.7937614990435162
1988-12-12,-0.1842687819287503,0.7620739792861481
1988-12-13,-0.0759696363360133,0.7354904636657089
1988-12-14,-0.3625688351834734,0.7083572836827895
1988-12-15,-0.3748248665596002,0.6936887807549814
1988-12-16,0.7301591691843424,0.6810347117720821
1988-12-19,0.9438092608517524,0.6881610237264393
1988-12-20,-0.5176338632267588,0.716302219207122
1988-12-21,-0.0324398802162209,0.7109074654167479
1988-12-22,-0.184036052168562,0.6849710285086341
1988-12-23,0.36052965381405,0.664376461586087
1988-12-27,-0.3749809979767878,0.6481487488603024
1988-12-28,0.0902673824615094,0.6397678227451937
1988-12-29,0.8338200284956285,0.6187950251719796
1988-12-30,-0.6031008697262099,0.6444314623918713
1989-01-03,-0.8715689649331313,0.6540604423268029
1989-01-04,1.4854061158348335,0.6913962321141497
1989-01-05,0.2073563903674772,0.7955141945249632
1989-01-06,0.2354298136757502,0.7644592915939682
1989-01-09,0.1103881693573182,0.736237376749553
1989-01-10,-0.2137688168169515,0.7081731459753942
1989-01-11,0.5796722575571519,0.6867424704098667
1989-01-12,0.4104905493358508,0.6810780174302831
1989-01-13,0.2468898259254901,0.6657320771022581
1989-01-16,0.0950756313965316,0.6453442153069426
1989-01-17,-0.2078694588203713,0.6239675830442043
1989-01-18,1.045480704514061,0.6093037357718235
1989-01-19,0.1325352039689234,0.6628906849850528
1989-01-20,-0.0976388036997082,0.6404932556360615
1989-01-23,-0.7458948890764632,0.6210559643921639
1989-01-24,1.392713588513811,0.6484884706775766
1989-01-25,0.2250661090864098,0.7469318261292158
1989-01-26,0.8780552317153576,0.7197735137118972
1989-01-27,0.7275757010309647,0.7364901371825044
1989-01-30,0.3974064485387081,0.7371409844912519
1989-01-31,0.8371959313200718,0.7164428813191508
1989-02-01,-0.1278272793717386,0.7294525395091677
1989-02-02,-0.084185010976976,0.7038189935120219
1989-02-03,0.0437866945400482,0.6791926013638175
1989-02-06,-0.3136518517008448,0.6551205526601931
1989-02-07,1.2053787244183505,0.6425877852620969
1989-02-08,-0.3276097696231503,0.7128490130451591
1989-02-09,-0.8710170502272818,0.6959417746125081
1989-02-10,-1.3739872787440628,0.7268958846257361
1989-02-13,0.1779183216772924,0.822524593760587
1989-02-14,-0.2498541485321337,0.7890719023237104
1989-02-15,0.8292830483657849,0.7626095635821891
1989-02-16,0.1935345094465662,0.7693403726683896
1989-02-17,0.659269146765084,0.73992055997747
1989-02-21,-0.2631842636626153,0.7347432309899632
1989-02-22,-1.727796801915645,0.7130739404325771
1989-02-23,0.3911025115546949,0.8736583380939491
1989-02-24,-1.6989886807067378,0.8420709224995863
1989-02-27,0.2400218307741154,0.9658599079275679
1989-02-28,0.3606780772571668,0.9236389840447315
1989-03-01,-0.6076724392372326,0.8873671121580954
1989-03-02,0.9843169853472457,0.8719798755534275
1989-03-03,0.4233071068683203,0.8807594121117927
1989-03-06,1.2389465269555988,0.8498798277760266
1989-03-07,-0.3193596697797743,0.8896012743909029
1989-03-08,0.0714317443819741,0.8581701565078846
1989-03-09,-0.0510174674006446,0.8213928375691353
1989-03-10,-0.3578633349475584,0.7877506127926263
1989-03-13,0.8296553508224256,0.7660404048716002
1989-03-14,-0.0609669324453688,0.7724097344115729
1989-03-15,0.5170585544057205,0.7423615847151234
1989-03-16,0.9293616537888252,0.7273762727041218
1989-03-17,-2.280003496765695,0.7485082059740695
1989-03-20,-0.9508967611834402,1.0092643674874395
1989-03-21,0.4851530013300087,1.0095656969261015
1989-03-22,-0.2887480509440241,0.9716420223878738
1989-03-23,-0.5211599090710709,0.9330986591549826
1989-03-27,0.5487016743571964,0.9081766426431385
1989-03-28,0.3504157107905193,0.8809314208753795
1989-03-29,0.2603042064556974,0.8474028681505614
1989-03-30,0.0581267346115855,0.8137643974434471
1989-03-31,0.800156184222181,0.7800134388330463
1989-04-03,0.5141639396555255,0.7821476973183461
1989-04-04,-0.3650560307501886,0.7635073668578901
1989-04-05,0.3144259863612046,0.7441875708353859
1989-04-06,-0.3211950393489726,0.7197096730575402
1989-04-07,0.6312773360681783,0.7018954853727778
1989-04-10,-0.0168335307485406,0.6984874838860526
1989-04-11,0.46340074173964,0.6733083255110321
1989-04-12,0.1673696636084532,0.6614730035552985
1989-04-13,-0.8700222523522902,0.6396684233629439
1989-04-14,1.6595641946241044,0.6790832681290488
1989-04-17,0.1193924255229817,0.8163880936005921
1989-04-18,1.4150984361735617,0.7827103915842011
1989-04-19,0.3685784345506982,0.857236983188663
1989-04-20,-0.3130375467906694,0.826057726180215
1989-04-21,1.1107561352420847,0.7992265346364404
1989-04-24,-0.2975848640600904,0.8309041684573361
1989-04-25,-0.6304461391379398,0.8030610592773617
1989-04-26,0.0586601105106031,0.7975104177051758
1989-04-27,0.8596812075566668,0.764889551286786
1989-04-28,0.0193882872780418,0.774221218827924
1989-05-01,-0.1680844416168839,0.743305369278147
1989-05-02,-0.3240233590653335,0.717673441595067
1989-05-03,0.0129838855900873,0.700172705806302
1989-05-04,-0.1266425422375364,0.6746430928855979
1989-05-05,-0.0520015835354609,0.6531944031919056
1989-05-08,-0.5247597283442037,0.63189614528642
1989-05-09,-0.2650560478986939,0.6360962266203578
1989-05-10,0.1996712103217798,0.6228461246106186
1989-05-11,0.375365406568666,0.604722965966167
1989-05-12,2.2198382590284176,0.5944859294752465
1989-05-15,0.7365135910009348,0.8745950651239535
1989-05-16,-0.2787297127649937,0.8619737408373436
1989-05-17,0.6953729812520394,0.8310515342497883
1989-05-18,0.1542183718862182,0.8195853721760419
1989-05-19,1.023143437415748,0.7860259974624991
1989-05-22,0.2300989014816481,0.8095588073715361
1989-05-23,-1.1432276807644817,0.7779472157198666
1989-05-24,0.257273475434926,0.8302730172039542
1989-05-25,0.0093994385171749,0.7977835613823888
1989-05-26,0.755351263931852,0.7652584098480678
1989-05-30,-0.7929638852696694,0.7651397390875895
1989-05-31,0.4596850579496763,0.7783682651651208
1989-06-01,0.451373466022844,0.7571881797800343
1989-06-02,1.0965492649825812,0.7373619472776344
1989-06-05,-1.0779164827567018,0.7764313348306306
1989-06-06,0.6839247085764167,0.8205223443081234
1989-06-07,0.83233391418191,0.8092371912953364
1989-06-08,-0.0611938839032649,0.8109927255190248
1989-06-09,-0.0183636014134955,0.7782094287969429
1989-06-12,-0.137843959791947,0.7472577709410225
1989-06-13,-0.7167566159170955,0.7205292386005803
1989-06-14,-0.0247065462862106,0.7317027950035984
1989-06-15,-1.1647722672447194,0.7041541884858002
1989-06-16,0.3959968212856534,0.772377541707193
1989-06-19,0.1679026970845213,0.7487694595726794
1989-06-20,-0.1990281572068818,0.7204307070520438
1989-06-21,-0.2399730011067957,0.6975192477401119
1989-06-22,0.5724957408168543,0.6779425175967563
1989-06-23,1.7468744777613607,0.6726534157551124
1989-06-26,-0.4277409159733764,0.8277995058745689
1989-06-27,0.5617981049518218,0.8064002991775834
1989-06-28,-0.8039798393265849,0.7883936341785942
1989-06-29,-1.8993909331568517,0.7998841622115155
1989-06-30,-0.533195027815667,0.9692420792152102
1989-07-03,0.3923358265898924,0.9420263512047556
1989-07-05,0.4407163604605536,0.9054881231253329
1989-07-06,0.2833970476341012,0.8734514153556433
1989-07-07,1.039521755590647,0.8385302836331532
1989-07-10,0.6626005486149888,0.8569901124574373
1989-07-11,0.5214592708698941,0.8408387543138177
1989-07-12,0.3127893301726595,0.8176490864933023
1989-07-13,0.0424441155775126,0.7875696110284908
1989-07-14,0.571174917935486,0.7556498730660899
1989-07-17,0.1806486023331804,0.742781377112768
1989-07-18,-0.3284163074343542,0.715077361592627
1989-07-19,1.3132061267363513,0.6980188917591238
1989-07-20,-0.6634419026757175,0.7735552814362404
1989-07-21,0.7140599252625043,0.7738048573478226
1989-07-24,-0.6660957597855525,0.7694122672577999
1989-07-25,0.0629140757230858,0.7703386400113168
1989-07-26,1.2412115819561798,0.7396313508571516
1989-07-27,1.15876908871877,0.7972085323027982
1989-07-28,0.0467751246055103,0.8349162282391931
1989-07-31,1.142070384544446,0.7997093346511757
1989-08-01,-0.6755274424457018,0.8350304288123336
1989-08-02,0.1714881732389723,0.829823176775561
1989-08-03,0.1160950685566287,0.7957701879245306
1989-08-04,-0.2381370167520564,0.7635061149296465
1989-08-07,1.5836917032290727,0.7385928129129724
1989-08-08,-0.0171725793985563,0.8484419402384172
1989-08-09,-0.6922441099289424,0.8125901344060712
1989-08-10,0.3768751289682578,0.8111037557161423
1989-08-11,-1.0130131261177808,0.7837045815205415
1989-08-14,-0.4885129533616072,0.8186889464133748
1989-08-15,0.4798107182140249,0.8016365544886729
1989-08-16,0.2752184519627412,0.779535722294353
1989-08-17,-0.3506666088487852,0.7511938405789316
1989-08-18,0.4576495495218985,0.7321787629359471
1989-08-21,-1.5611166774474237,0.7147968774609933
1989-08-22,0.1525207820879364,0.8446170258381797
1989-08-23,1.0234994916287632,0.8093028728411753
1989-08-24,1.9592068446208757,0.8298065288563566
1989-08-25,-0.284884253781426,0.982979734360799
1989-08-28,0.446907948948562,0.9435053274728934
1989-08-29,-0.6410917697482693,0.9088870696006035
1989-08-30,0.2312660939919043,0.89387105977588
1989-08-31,0.2278930778621418,0.8563716986005401
1989-09-01,0.6466452959954534,0.821405953952872
1989-09-05,-0.3313127706270165,0.8074404615145969
1989-09-06,-0.9461476628832652,0.7828759405485485
1989-09-07,-0.2551597982758379,0.8101719417035886
1989-09-08,0.1176295563259187,0.7822898331065816
1989-09-11,-0.3159033333614675,0.7509864786671686
1989-09-12,0.2986987461875393,0.73029671208518
1989-09-13,-0.9335151158635516,0.706382269769971
1989-09-14,-0.6680016153738416,0.7432594700812342
1989-09-15,0.5521486501918191,0.7472481933992872
1989-09-18,0.4828102895927284,0.7339473989489721
1989-09-19,-0.0519337634787001,0.7177594509264065
1989-09-20,-0.0230834821184965,0.6915648178193906
1989-09-21,-0.2224856079731694,0.6669657642521896
1989-09-22,0.3897444373264081,0.6492270010230271
1989-09-25,-0.81587560881843,0.6356671343713834
1989-09-26,0.0290390342147362,0.6690791897713658
1989-09-27,0.223378692432177,0.6458048057456641
1989-09-28,1.0090902804390254,0.6263909303262752
1989-09-29,0.157646121640296,0.6721143585473849
1989-10-02,0.4914158764175047,0.6493390815856988
1989-10-03,1.0884759556153656,0.6414429677344573
1989-10-04,0.626717713638925,0.6952046618612312
1989-10-05,0.0084040787103749,0.6921429851344773
1989-10-06,0.5057635813776529,0.6672368420800128
1989-10-09,0.2838903720591316,0.6585192778929109
1989-10-10,-0.1863834061549841,0.6398371030588673
1989-10-11,-0.5976710700236042,0.6230195445791132
1989-10-12,-0.4491923594839718,0.6347673162403158
1989-10-13,-6.312329817609092,0.6327289859816887
1989-10-16,2.7200530476217826,2.0259765057068044
1989-10-17,-0.4941465347469008,2.0818480036570257
1989-10-18,0.1757178721090475,1.9778599121050116
1989-10-19,1.5590598716305486,1.8732525415182895
1989-10-20,0.0086415702217703,1.8321972737663363
1989-10-23,-0.6734276299758358,1.7357266005338379
1989-10-24,-0.3282283652733673,1.6595492718100031
1989-10-25,-0.3497561670037269,1.577381680710162
1989-10-26,-1.343290593304116,1.5007993029610172
1989-10-27,-0.8529138790327515,1.4854884855048551
1989-10-30,0.0029874100705532,1.4359446164890488
1989-10-31,1.5664350863668974,1.3628777779206434
1989-11-01,0.246501345099994,1.3731219352847706
1989-11-02,-0.8003812524638683,1.3050636602224759
1989-11-03,-0.2544050658854734,1.2665842495098303
1989-11-06,-1.495039979930433,1.2073019610935272
1989-11-07,0.6592611044115314,1.2404442608064024
1989-11-08,0.9926366515617348,1.1933886900067456
1989-11-09,-0.4683392984884195,1.1702187914286302
1989-11-10,0.7488894144417795,1.1244605510614332
1989-11-13,0.1326108478430731,1.0909630095344365
1989-11-14,-0.460489525588807,1.0392534974072138
1989-11-15,0.7516337731471295,1.002747785245865
1989-11-16,0.0117389087609325,0.979573231243165
1989-11-17,0.3019685437657277,0.9348072298531286
1989-11-20,-0.6637651474366324,0.8960659024364488
1989-11-21,0.0706955676517246,0.8839148049445054
1989-11-22,0.6808558434308505,0.8453974003475814
1989-11-24,0.6006892570491341,0.831553132909902
1989-11-27,0.4756481495186058,0.8136952079200044
1989-11-28,0.046285305012721,0.7903980015814278
1989-11-29,-0.6295574488765499,0.7582757837326419
1989-11-30,0.6931636807257916,0.7573154059669346
1989-12-01,1.3321705669873898,0.7529736595402333
1989-12-04,0.2222093016787904,0.8209501365898925
1989-12-05,-0.5221247871561797,0.788366485076146
1989-12-06,-0.2950738585808642,0.7762751983626416
1989-12-07,-0.2758043168042917,0.752605305039649
1989-12-08,0.3159668583339371,0.7300183574645233
1989-12-11,-0.0372907520456395,0.7066968657368267
1989-12-12,0.9053492243862942,0.6811305576239931
1989-12-13,0.289572368413783,0.7059265963297615
1989-12-14,-0.5172838226216888,0.6836263010912816
1989-12-15,-0.22536361659768,0.6815728569429107
1989-12-18,-1.859302094581205,0.6627342338334814
1989-12-19,-0.3585257785683785,0.8638291591565724
1989-12-20,0.1109017739761838,0.8360432071695029
1989-12-21,0.5642673577309486,0.8009465513948522
1989-12-22,0.7627932397331749,0.7835658329649388
1989-12-26,-0.1757388809142776,0.7821143374957606
1989-12-27,0.5750281834888524,0.7537829220410853
1989-12-28,0.5318294230059523,0.7413357289532377
1989-12-29,0.7754894035311549,0.7273232624302319
1990-01-02,1.7642013542667694,0.7331868167970037
1990-01-03,-0.258888768712388,0.8755595669351757
1990-01-04,-0.8650296055993341,0.8429294542585797
1990-01-05,-0.9804141692825744,0.8539116172224732
1990-01-08,0.4504310201034913,0.8755134863043832
1990-01-09,-1.185670450553149,0.8461623196007647
1990-01-10,-0.6629090560708141,0.893146204220806
1990-01-11,0.3506560350697559,0.8812104196184222
1990-01-12,-2.49846136926424,0.8476693844614794
1990-01-15,-0.8656762161967081,1.12163054650907
1990-01-16,1.1066140224280183,1.1035199255164274
1990-01-17,-0.9879918554624888,1.0982502609333276
1990-01-18,0.2338722921569845,1.0924848023953695
1990-01-19,0.2834594451993614,1.0418409703511147
1990-01-22,-2.619894748920321,0.9954255297323098
1990-01-23,0.3716013541803816,1.2487667447313053
1990-01-24,-0.4079282843833426,1.190878961092281
1990-01-25,-1.2737543749252476,1.1412561703052768
1990-01-26,-0.0859050155018754,1.158338137954794
1990-01-29,-0.1843243489425161,1.1029329754766646
1990-01-30,-0.684997939422494,1.052663712052884
1990-01-31,1.8710405680441935,1.027817432125556
1990-02-01,-0.0881566413655981,1.1243654026613021
1990-02-02,0.6457419815749371,1.0711360146209732
1990-02-05,0.2806383085365011,1.0361080750780765
1990-02-06,-0.6621246572370496,0.9900127260092082
1990-02-07,1.233037830250289,0.9691091144413995
1990-02-08,-0.2369872732644114,0.9917628931961404
1990-02-09,0.198026910824337,0.9502130708644342
1990-02-12,-1.0667597447360022,0.9083397509804815
1990-02-13,0.2843754680377027,0.9323171523137646
1990-02-14,0.2986355035374727,0.8933138587521113
1990-02-15,0.8637045077341019,0.8573841820542818
1990-02-16,-0.6500864332275141,0.856672460222737
1990-02-20,-1.4318208763168343,0.8472992848349032
1990-02-21,-0.0976044993612424,0.9279817986860355
1990-02-22,-0.6030295585177108,0.8876951412963231
1990-02-23,-0.4770396969847891,0.8719549079175986
1990-02-26,1.3847895933975496,0.849606624629235
1990-02-27,0.4826003878661508,0.908164576651915
1990-02-28,0.4923380247003645,0.8777219575001343
1990-03-01,0.255774203112845,0.8500997693930624
1990-03-02,0.837982492595376,0.8161655265093197
1990-03-05,-0.5378982350853619,0.8176607108296771
1990-03-06,1.2476534311658825,0.8039098896290627
1990-03-07,-0.2904164148993671,0.851745988571759
1990-03-08,0.9804800205341784,0.8220318444822362
1990-03-09,-0.69006360563481,0.8364166066648877
1990-03-12,0.2187469820757402,0.832252098021399
1990-03-13,-0.7915061626791966,0.7988020967353572
1990-03-14,0.2585924794703329,0.8078360260449646
1990-03-15,0.3555911539259242,0.7769925899359245
1990-03-16,1.1294558949327382,0.751423354200551
1990-03-19,0.4726885293452837,0.7924274083273313
1990-03-20,-0.5721783053358439,0.770729926023293
1990-03-21,-0.5372067039831637,0.7639403230695091
1990-03-22,-1.199246813329243,0.7552442709158311
1990-03-23,0.4547417656271205,0.8191017538095354
1990-03-26,0.1215095825286494,0.7943676869794707
1990-03-27,1.139704321582237,0.7622447768234936
1990-03-28,0.1463058051760315,0.8028664926285037
1990-03-29,-0.354426018709234,0.77038648235137
1990-03-30,-0.2497338244433479,0.7499471021969378
1990-04-02,-0.3654342766517732,0.7265301567876016
1990-04-03,1.4479844532570223,0.7104142285966639
1990-04-04,-0.7448279054631552,0.8042957965463391
1990-04-05,-0.1055954302148032,0.8083296027705289
1990-04-06,-0.1909562473864436,0.7764538708158536
1990-04-09,0.3786074166960823,0.7489866661402567
1990-04-10,0.2048497159432892,0.7265247938519865
1990-04-11,-0.0438585050477294,0.7004615017898385
1990-04-12,0.7052699870766596,0.6754439155139975
1990-04-16,0.1160950685566287,0.6809962601419998
1990-04-17,-0.0174052276500465,0.6570578199883741
1990-04-18,-1.1555399924562295,0.6350179629781633
1990-04-19,-0.774890780121325,0.7154742296740152
1990-04-20,-0.8823459328022328,0.7331205510458928
1990-04-23,-1.221927757126289,0.7600780469334109
1990-04-24,-0.2086459895493473,0.8262807996466442
1990-04-25,0.5042398001755074,0.7956463690850841
1990-04-26,0.2676938607672097,0.775314265904377
1990-04-27,-1.1510264331761468,0.7470838116584734
1990-04-30,0.5121929368641513,0.8056579680413796
1990-05-01,0.4373771345364601,0.7849082163773965
1990-05-02,0.6689422300948523,0.7621237252194963
1990-05-03,0.3253480395742987,0.7554395099596438
1990-05-04,0.8368519466587669,0.7304600725956111
1990-05-07,0.6304104094008389,0.7417181496719232
1990-05-08,0.4336781104194804,0.7342218928674797
1990-05-09,0.2482152900243504,0.7154554963426992
1990-05-10,0.2796128060746733,0.6912220830479016
1990-05-11,2.3512889682269686,0.6697701807665637
1990-05-14,0.7782140442054949,0.9507078618065565
1990-05-15,-0.1325758544358419,0.9339967603787326
1990-05-16,-0.0790644362019257,0.8939123796594727
1990-05-17,0.1326806467015178,0.8556527122378731
1990-05-18,0.0479512141098698,0.8193812255525613
1990-05-21,0.9429754658812084,0.7852423474971054
1990-05-22,0.1200376119952152,0.8003544727361459
1990-05-23,0.2396523098952939,0.7677998178125923
1990-05-24,-0.2452292904709312,0.7394289634790765
1990-05-25,-1.07436401140695,0.7166731598957737
1990-05-29,1.6973989425201352,0.7700096005113807
1990-05-30,0.0582088860991847,0.8918295643068224
1990-05-31,0.10248740988819,0.8527662933839969
1990-06-01,0.5328613601665486,0.8164737614916286
1990-06-04,1.1607637580731631,0.7959387564533018
1990-06-05,-0.207067601424128,0.8340782696066497
1990-06-06,-0.4592745031290675,0.802824836437066
1990-06-07,-0.497177987773737,0.7853872826774315
1990-06-08,-1.2301716466685062,0.7719031877725475
1990-06-11,0.81073644023076,0.8371642366485749
1990-06-12,1.269455715062505,0.834072042794857
1990-06-13,-0.3692833615418524,0.8799917443781919
1990-06-14,-0.5496029315560018,0.8514340575015827
1990-06-15,0.0027582330525316,0.8353740701872036
1990-06-18,-1.6755275228869877,0.8002807602681584
1990-06-19,0.4445373433132774,0.9295885425190724
1990-06-20,0.175594029365205,0.8959062881115734
1990-06-21,0.3807820666775863,0.8573708192371235
1990-06-22,-1.4080435413872907,0.826618324394977
1990-06-25,-0.8816840567770317,0.9076432455643537
1990-06-26,-0.0709854230676485,0.9127300452722815
1990-06-27,0.8710510494430834,0.8730872028683716
1990-06-28,0.6986826873646096,0.8713391043736184
1990-06-29,0.1089874024420202,0.8563302615117743
1990-07-02,0.4236640308839816,0.8198331188875361
1990-07-03,0.1722926941897122,0.7936512259940559
1990-07-05,-1.2516957702700702,0.7621522961567204
1990-07-06,0.767409095519967,0.8322422156260252
1990-07-09,0.3064257299767904,0.8261221098982496
1990-07-10,-0.8463616302477663,0.7952305047391802
1990-07-11,1.3208743409683243,0.810141116356565
1990-07-12,1.1587208722419868,0.8666226483850861
1990-07-13,0.5104057801030532,0.8944910635160535
1990-07-16,0.4454995080892012,0.866414027662432
1990-07-17,-0.3883457542599784,0.8375506877628783
1990-07-18,-0.9019625028416162,0.8132791601350644
1990-07-19,0.301561785302588,0.8316990257989793
1990-07-20,-1.0207459378304653,0.8002597720557622
1990-07-23,-1.757560150485442,0.8337686603025298
1990-07-24,0.1350052187077572,0.9693723138818138
1990-07-25,0.3647147416301464,0.9255164066621215
1990-07-26,-0.3309940401361602,0.8892398451079033
1990-07-27,-0.6964153611750377,0.8583083510029057
1990-07-30,0.5952105417352564,0.8524178959058056
1990-07-31,0.1686121290162113,0.832404610485754
1990-08-01,-0.1770497737750045,0.7981332250777587
1990-08-02,-1.1428633664149632,0.7686534987524403
1990-08-03,-1.9014346789468328,0.8224654285876933
1990-08-06,-3.071092689086857,0.9863312956142486
1990-08-07,0.1195332027952282,1.3357086534378475
1990-08-08,1.0457980484701062,1.2687569559018157
1990-08-09,0.4688257913785924,1.2427471103282655
1990-08-10,-1.308760422165261,1.1880139262663088
1990-08-13,0.9846474346139932,1.203153827879953
1990-08-14,0.1621923011993411,1.178522584380946
1990-08-15,0.1972133682439993,1.1215374053975746
1990-08-16,-2.2813043087077176,1.0685153899326059
1990-08-17,-1.3813881981229992,1.2401336142016348
1990-08-20,0.2072168206971419,1.2566556366819308
1990-08-21,-2.045068571014609,1.1952759184482311
1990-08-22,-1.663545445111038,1.3029015526823902
1990-08-23,-3.043800814756442,1.3429234384020572
1990-08-24,1.4388311510429046,1.584144632046177
1990-08-27,3.1379436871567945,1.5598660037714969
1990-08-28,-0.0311167443020826,1.7504691283433313
1990-08-29,0.8830029980512492,1.6589123759183797
1990-08-30,-1.7048199608290908,1.592541877748784
1990-08-31,1.2007586283064051,1.6015139653110984
1990-09-04,0.1641752972513404,1.5578983912377848
1990-09-05,0.4015629935807304,1.47785980089602
1990-09-06,-1.218910386724274,1.4061725870209867
1990-09-07,0.9132491354862162,1.3894987626269473
1990-09-10,-0.548809655232868,1.3446835495224594
1990-09-11,-0.1836079142677915,1.290032379372641
1990-09-12,0.466143346992649,1.227807454187908
1990-09-13,-1.2133883438955737,1.1739861769887796
1990-09-14,-0.5727992561029347,1.1810761867192112
1990-09-17,0.2962506035484664,1.139396619223755
1990-09-18,0.2608600552782724,1.086864318250243
1990-09-19,-0.6297249908017392,1.0370477955895667
1990-09-20,-1.6304000745069542,1.009981674477165
1990-09-21,-0.0513820362637926,1.0902463402735794
1990-09-24,-2.185474765935984,1.0387907644255177
1990-09-25,1.1977016440242363,1.20071084963106
1990-09-26,-1.043514382965462,1.1934729689083974
1990-09-27,-1.3497874505227612,1.1828534409644311
1990-09-28,1.6737851347813189,1.2029572926993295
1990-10-01,2.863370483289955,1.245127840742915
1990-10-02,0.085690401589356,1.4586080509526427
1990-10-03,-1.2160816460474602,1.384133035490279
1990-10-04,0.4134052427438512,1.3693719611882746
1990-10-05,-0.3812953999585666,1.3048037582177836
1990-10-08,0.6336259003500159,1.2465669742139416
1990-10-09,-2.709598550341654,1.1978994805922263
1990-10-10,-1.5557932575040576,1.4143922202591488
1990-10-11,-1.65482441798292,1.4285443595389928
1990-10-12,1.5349030615209172,1.4515069571744068
1990-10-15,1.0609164107627624,1.4488999554905369
1990-10-16,-1.4315605712640436,1.4085371820977142
1990-10-17,-0.0535415806862192,1.4108906213421508
1990-10-18,2.309442745588513,1.3396347874402577
1990-10-19,2.180546665492723,1.4447088036170326
1990-10-22,0.7269972405536487,1.5153201190948924
1990-10-23,-0.7654152793940984,1.4518819292235734
1990-10-24,0.076811561391432,1.3999905864354936
1990-10-25,-0.7803859954135908,1.3290163411746214
1990-10-26,-1.776010098152403,1.2874080005857296
1990-10-29,-0.9330872985370288,1.343260301920892
1990-10-30,0.7195438731985044,1.3103291296118438
1990-10-31,-0.0197340917111161,1.2610598106828657
1990-11-01,0.9885154855079104,1.198704238612116
1990-11-02,1.560946628279016,1.1747532296932048
1990-11-05,0.8747869538569628,1.2074880585014989
1990-11-06,-0.9485710962576588,1.174953075173862
1990-11-07,-1.8166668050348544,1.1583037337646296
1990-11-08,0.5214886166087188,1.239552324661178
1990-11-09,1.9731887065780749,1.1868380024301677
1990-11-12,1.8130122135740143,1.270250002933023
1990-11-13,-0.568155805742752,1.3199011406098913
1990-11-14,0.8557045764613547,1.2678520409007683
1990-11-15,-1.060536742978389,1.2292156843073359
1990-11-16,0.0315407029511714,1.2164956673864362
1990-11-19,0.6976118699553451,1.1566934093534724
1990-11-20,-1.2700080312411264,1.1177997966726398
1990-11-21,0.2280867795550939,1.1373469945203087
1990-11-23,-0.2947073793631237,1.0837394428776188
1990-11-26,0.4464799382480919,1.037597621086205
1990-11-27,0.5010950426709495,0.9961675582507558
1990-11-28,-0.047164183616638,0.9598976408133437
1990-11-29,-0.4823688648999039,0.9168372140874868
1990-11-30,1.8164058393911235,0.8910565912510612
1990-12-03,0.5817583128444581,1.006013865540685
1990-12-04,0.6918314803887368,0.972747821134027
1990-12-05,1.087979774497743,0.9483313562508187
1990-12-06,-0.2579725179885441,0.958377085460026
1990-12-07,-0.401939370487046,0.9197723162728417
1990-12-10,0.3472270249765629,0.8896370484089051
1990-12-11,-0.7477220813650878,0.8553770741696548
1990-12-12,1.1422081665503006,0.8540836110083541
1990-12-13,-0.2577613075114703,0.8817767037881287
1990-12-14,-0.7681057636116154,0.8486535146850097
1990-12-17,-0.2450887554378955,0.849871447774966
1990-12-18,1.228542566956159,0.8186640538447
1990-12-19,0.0454447305246349,0.8617781526529713
1990-12-20,-0.0242358521165168,0.8247414577590739
1990-12-21,0.4925463278856384,0.7905821345591434
1990-12-24,-0.5592113478889627,0.7700568450812206
1990-12-26,0.2875559172625333,0.762365913259074
1990-12-27,-0.7767728779013711,0.7356566464058292
1990-12-28,0.1308938161619631,0.7509208524902308
1990-12-31,0.4552774411663709,0.7219729128881657
1991-01-02,-1.1482267674415931,0.7053496317900209
1991-01-03,-1.4004820279171135,0.7709638540767523
1991-01-04,-0.2830891616719476,0.8616627467991826
1991-01-07,-1.7472625820959102,0.8309252089357104
1991-01-08,-0.1713388584471175,0.9654203777612876
1991-01-09,-1.088790509244132,0.9240102127468566
1991-01-10,0.9712253585176696,0.9483776477077615
1991-01-11,0.2223108754055501,0.9474089572147574
1991-01-14,-0.873012855793152,0.906109581894736
1991-01-15,0.3960340999245381,0.910554073962732
1991-01-16,0.7747307671246528,0.8764263930960302
1991-01-17,3.6642058424536015,0.8664871026495236
1991-01-18,1.2905388705675944,1.3738611956494173
1991-01-21,-0.3527912756642376,1.357366141957666
1991-01-22,-0.8341343904965708,1.2948218063155064
1991-01-23,0.5770513273633762,1.259320939069284
1991-01-24,1.3744806202015072,1.2073642953466257
1991-01-25,0.384589736370245,1.2160536976822243
1991-01-28,-0.0119055332854699,1.16061720675801
1991-01-29,-0.0565592891041884,1.1044377132696663
1991-01-30,1.4983678403360612,1.0521290466678086
1991-01-31,0.881960342771445,1.0942570457786014
1991-02-01,-0.2561953445996329,1.0719517285540525
1991-02-04,1.5302830237533371,1.0254788952221499
1991-02-05,0.8347714004681398,1.0754458390656896
1991-02-06,1.9201800672739533,1.0515106029725667
1991-02-07,-0.4338210020972991,1.151006125363664
1991-02-08,0.7906552452273486,1.105177892225887
1991-02-11,2.536088707357146,1.0758024821982257
1991-02-12,-0.8391468783066983,1.2718054200689057
1991-02-13,0.9584534152269406,1.2385501171273978
1991-02-14,-1.309272932287455,1.208964630005899
1991-02-15,1.320114181390234,1.2216835440251337
1991-02-19,0.0893810295508695,1.2234658070972406
1991-02-20,-1.157215432595761,1.163265976893292
1991-02-21,-0.0465720034274364,1.166095272425791
1991-02-22,0.1861413256318226,1.1098114434572062
1991-02-25,0.4393495656802358,1.0574025263946694
1991-02-26,-1.2190796153758372,1.014325161601477
1991-02-27,1.349686564213908,1.0414220603286322
1991-02-28,-0.1823554655061627,1.0676544715636658
1991-03-01,0.9219887578006132,1.0196556280359932
1991-03-04,-0.3081956122229817,1.0072925929636194
1991-03-05,1.981169220502214,0.9668893803398709
1991-03-06,-0.1461004609169122,1.0925818435461085
1991-03-07,-0.0691441788309058,1.0422510609618472
1991-03-08,-0.2557046474344685,0.9940548988987947
1991-03-11,-0.5321563927470121,0.9528894832916912
1991-03-12,-0.7887072242824182,0.9269623782011447
1991-03-13,1.2194640798670284,0.9216768455381343
1991-03-14,-0.2860716359326102,0.9490258068633709
1991-03-15,0.0240925025812309,0.9120039399862185
1991-03-18,-0.3969459476997691,0.8716387975372756
1991-03-19,-1.494542276463691,0.8450498866937849
1991-03-20,0.3621512370960465,0.9355557157429034
1991-03-21,-0.3648817814060907,0.8984822037422612
1991-03-22,0.2452183385713133,0.8682959573621937
1991-03-25,0.6374478987451749,0.8328502663376575
1991-03-26,1.734326087265083,0.8172231907094875
1991-03-27,-0.2527724879889189,0.9346222424907411
1991-03-28,-0.0346416411111514,0.8975337449697391
1991-04-01,-1.0502195562195047,0.8585032647091082
1991-04-02,2.1844268529115074,0.887283440261342
1991-04-03,-0.1476709188743223,1.066762475823071
1991-04-04,0.2187889741005478,1.0181377467757775
1991-04-05,-1.1680250947872817,0.972088180373305
1991-04-08,0.8753188055362879,0.9989934895062065
1991-04-09,-1.3560086789432837,0.9849694473959212
1991-04-10,-0.1098160485342611,1.0324721693323544
1991-04-11,1.1934425977459533,0.9854512894609644
1991-04-12,0.7308421428120289,1.0018168391533862
1991-04-15,0.207463026582907,0.977377186968153
1991-04-16,1.672752078362551,0.9338390374359157
1991-04-17,0.7274485696993995,1.0183299501285643
1991-04-18,-0.5109768965619227,0.9922729579061003
1991-04-19,-1.102690030001925,0.9619582897977418
1991-04-22,-0.8495117144376004,0.9829606274747367
1991-04-23,0.2123999527410208,0.9770738662609841
1991-04-24,0.2616021934679004,0.9336319983658867
1991-04-25,-0.9212568196123284,0.8940234634793044
1991-04-26,-0.0606673076121557,0.9045108850158226
1991-04-29,-1.4242642320182743,0.8652914405823695
1991-04-30,0.4485969274010284,0.9415836917256126
1991-05-01,1.3101869921395235,0.9071750073392647
1991-05-02,0.0604567438632066,0.9472169452310817
1991-05-03,0.0735561394555338,0.9044824758799059
1991-05-06,-0.1892549310970557,0.864594253211067
1991-05-07,-0.728806835714777,0.8306320571495882
1991-05-08,0.3148865215124257,0.8303498552367403
1991-05-09,1.244499934398729,0.7993998872844887
1991-05-10,-1.9790128903149875,0.8475421494567689
1991-05-13,0.2711017025857782,1.0191577931328228
1991-05-14,-1.3736592209284877,0.9739887287253527
1991-05-15,-0.8241140909512294,1.0253856735906863
1991-05-16,0.9773810375295992,1.0131768714993035
1991-05-17,0.0537248401115598,1.0059958637619495
1991-05-20,-0.029547549372814,0.9594327716297758
1991-05-21,0.821268424135827,0.9162406315714096
1991-05-22,0.2235401118050158,0.9060109119227623
1991-05-23,-0.3275010572365027,0.8675361969811582
1991-05-24,0.6724721576534018,0.8381111930484721
1991-05-28,1.1719482197292557,0.8243634494190876
1991-05-29,0.2223023658946742,0.8596906548441884
1991-05-30,1.0834748174208773,0.8243860655032005
1991-05-31,0.7389405779243675,0.8494730133166113
1991-06-03,-0.4550751659972126,0.8394420586930956
1991-06-04,-0.0824973826767895,0.8185896203148171
1991-06-05,-0.6857923032314788,0.785586315830588
1991-06-06,-0.3798504548426325,0.7864506136539232
1991-06-07,-1.100845185335657,0.7659642339587032
1991-06-10,-0.2269091610954792,0.8146636997588012
1991-06-11,0.6529552396883308,0.7854664282811125
1991-06-12,-1.161421000991529,0.7753258734335815
1991-06-13,0.259853513115833,0.8305171910191917
1991-06-14,1.2264612046112913,0.7980713274709094
1991-06-17,-0.5666192920195162,0.8441024475757029
1991-06-18,-0.4059496671568306,0.8298643699247743
1991-06-19,-0.9287828240734256,0.8071237976066794
1991-06-20,0.0879447593822748,0.8292211522760713
1991-06-21,0.6187166147290006,0.7944717977326657
1991-06-24,-1.8192270110033664,0.7811228229713437
1991-06-25,-0.078212640714619,0.9406068556167789
1991-06-26,0.2532881430054174,0.8991914646082821
1991-06-27,0.7533642235588573,0.8617710002121893
1991-06-28,-0.8691481949673695,0.8516324322543414
1991-07-01,1.8049322187985173,0.8619862684679136
1991-07-02,-0.1191469973235362,0.9812677151092805
1991-07-03,-1.1028387524113403,0.9377683348519514
1991-07-05,0.2006931346073326,0.9618963038723012
1991-07-08,1.02658169333168,0.9192841422195919
1991-07-09,-0.4853844472838434,0.9266829686251598
1991-07-10,-0.0984226000052836,0.9002630871639232
1991-07-11,0.3268223074311324,0.8618663831867144
1991-07-12,0.8663319216317285,0.8289809331368589
1991-07-15,0.5612137375879739,0.8315931637928355
1991-07-16,-0.2225351612036491,0.8113726986296891
1991-07-17,-0.0944031611342158,0.782278304867468
1991-07-18,1.0932213784181817,0.7520609190719244
1991-07-19,-0.2988590698694364,0.7885047311395091
1991-07-22,-0.349367146447428,0.7640234231466301
1991-07-23,-0.9077830598358152,0.7438632564533414
1991-07-24,-0.205788202958821,0.7722147937053159
1991-07-25,0.6108436023610924,0.745527640318633
1991-07-26,-0.0078748323083746,0.736269888737985
1991-07-29,0.5810929501082547,0.7082362457279001
1991-07-30,0.919680326623199,0.7005391808552004
1991-07-31,0.2892177915787378,0.7242398443236051
1991-08-01,-0.1780812796711548,0.7004970823342075
1991-08-02,0.0154972387084488,0.6784764325921748
1991-08-05,-0.549052229810944,0.6545526673011636
1991-08-06,1.4336047947722486,0.658226093775573
1991-08-07,-0.0153607514975437,0.7612455717844823
1991-08-08,-0.3179954022466904,0.7314754975971425
1991-08-09,-0.5666936499255226,0.7125101567190749
1991-08-12,0.2322146500849346,0.7112905071907487
1991-08-13,0.4115036248078131,0.6869760795729977
1991-08-14,0.0718387713682564,0.6711666236229477
1991-08-15,-0.1463001784261244,0.6477163726567303
1991-08-16,-0.9678619203683044,0.6289538313152981
1991-08-19,-2.391029331372919,0.6830371647230231
1991-08-20,0.783174125812537,0.9918779303099651
1991-08-21,2.89882998095565,0.9717849741100877
1991-08-22,0.1892752382512384,1.2670298350908842
1991-08-23,0.7231162904667193,1.2048087194412245
1991-08-26,-0.0812180741295949,1.1635859916892834
1991-08-27,-0.2007875885830904,1.10779695606684
1991-08-28,0.9066839457637912,1.0575630855376499
1991-08-29,-0.0428725969756365,1.0404151033891225
1991-08-30,-0.2626617378118671,0.9920708982871935
1991-09-03,-0.8329357775883244,0.9512534591036811
1991-09-04,-0.5574587876151883,0.9472214634668036
1991-09-05,-0.2130602531952918,0.9232751988002369
1991-09-06,-0.0102818009586432,0.8858134442860948
1991-09-09,-0.1363043070201968,0.8473725483641175
1991-09-10,-1.0373535369410114,0.8133503423299359
1991-09-11,0.1377246455597699,0.846950227998359
1991-09-12,0.5825787152344646,0.8113214366961461
1991-09-13,-0.97285865442175,0.7941357776628755
1991-09-16,0.5692991330987748,0.8229223304565303
1991-09-17,-0.0726062628463117,0.8039207051104007
1991-09-18,0.3728455556478566,0.7717988826346105
1991-09-19,0.1601020657512906,0.7472936270949617
1991-09-20,0.0928498194420562,0.718951833728815
1991-09-23,-0.5169038518942992,0.6920348863803609
1991-09-24,0.4627486550950441,0.6890730258616056
1991-09-25,-0.2143035396375731,0.6757653648227875
1991-09-26,-0.1008610843356428,0.6569837733907194
1991-09-27,-0.1527716476812544,0.6363095542777534
1991-09-30,0.5066159273502878,0.6186739633774113
1991-10-01,0.3448969675505248,0.6148213389614874
1991-10-02,-0.2418138226755714,0.6022296041081174
1991-10-03,-0.9809477779790876,0.5909390956808223
1991-10-04,-0.8410437748099144,0.6539438430175373
1991-10-07,-0.4600731085936771,0.6875906048947202
1991-10-08,0.3078296515197301,0.6809422310317776
1991-10-09,-1.0218383045253936,0.6612532428065779
1991-10-10,0.9903032330433688,0.7170317218104345
1991-10-11,0.2362269901831372,0.7463931846664299
1991-10-14,1.3074435971971083,0.7195279326167503
1991-10-15,1.1678911571409905,0.7900990848118647
1991-10-16,0.4567385322073141,0.8299885437431489
1991-10-17,-0.2242773811611733,0.8044782097597686
1991-10-18,0.1478765630727863,0.7759568323987794
1991-10-21,-0.6338545530996325,0.7453980975961342
1991-10-22,-0.5630927034096497,0.7461855358132436
1991-10-23,0.0283630126032856,0.7411810181297899
1991-10-24,-0.7425539820236556,0.7125897759738835
1991-10-25,-0.2261872856114896,0.7272939051869052
1991-10-28,1.375190156260785,0.7047890349811129
1991-10-29,0.5019272951533374,0.7884093181055732
1991-10-30,0.3773347152512868,0.7685656228664491
1991-10-31,-0.1298632096204379,0.7444933012435283
1991-11-01,-0.2883513371573998,0.7177799727674375
1991-11-04,-0.2661231193940502,0.6985821021751099
1991-11-05,-0.4030884785926327,0.6800037414114458
1991-11-06,0.3236273892225603,0.6703267889737082
1991-11-07,0.9570183643159088,0.6520899156532025
1991-11-08,-0.2110288106017975,0.687123709933761
1991-11-11,0.058518459677496,0.6672916329931934
1991-11-12,0.9166233333088024,0.6441121021514521
1991-11-13,0.168737289392986,0.6755324140570794
1991-11-14,-0.0654474868367144,0.6526676081326104
1991-11-15,-3.727171091713692,0.6316300572650958
1991-11-18,0.6824174549489896,1.2996490420053188
1991-11-19,-1.5222685028647382,1.249390708146285
1991-11-20,-0.2348479565052583,1.2801486053935498
1991-11-21,0.4033801819966682,1.219559215447204
1991-11-22,-1.0367675111431274,1.1644001728530093
1991-11-25,-0.2129181351693692,1.1561255617545676
1991-11-26,0.6956075200071412,1.1030115236870224
1991-11-27,-0.3737539177147364,1.0681830243253363
1991-11-29,-0.3538284260507193,1.0258572478734556
1991-12-02,1.6336153294628946,0.9857883740541648
1991-12-03,-0.1154316854812368,1.0556703204035012
1991-12-04,-0.2338894755799543,1.0072254971481993
1991-12-05,-0.7076291239588755,0.9645291872068712
1991-12-06,0.4520864309111122,0.9491677055348032
1991-12-09,-0.2218222944766952,0.9143383615778696
1991-12-10,-0.0952221473233272,0.8777532689972555
1991-12-11,-0.052933216650909,0.8408437763240444
1991-12-12,1.0141609704579593,0.8058744781784639
1991-12-13,0.7623893927346314,0.8258201375880441
1991-12-16,-0.0026035570782598,0.8199514246775631
1991-12-17,-0.448384813205568,0.7859551135442787
1991-12-18,0.1931614890938071,0.7693532121001448
1991-12-19,-0.2506586097403632,0.7399259765414307
1991-12-20,1.1747158178919586,0.7173406226803165
1991-12-23,2.495472688427016,0.769697233429152
1991-12-24,0.6305313277771494,1.0464606443916233
1991-12-26,1.3703809173503296,1.0125536513038875
1991-12-27,0.3993583864492784,1.0449702721898768
1991-12-30,2.113034588493625,1.0014203820688234
1991-12-31,0.4686169045109524,1.1413892077023169
1992-01-02,0.0407535036480514,1.0935121742509315
1992-01-03,0.4972485878161101,1.04137079720892
1992-01-06,-0.3296324262504557,1.0016282095429734
1992-01-07,-0.1340733701157964,0.9623887483879746
1992-01-08,0.1675672940340189,0.9204166556359172
1992-01-09,-0.1172705395702826,0.880129589261868
1992-01-10,-0.6028477802319593,0.8434411970491654
1992-01-13,-0.1832585783389941,0.8318263657972341
1992-01-14,1.4614903782615871,0.8000571121506805
1992-01-15,0.0784552234385408,0.8781670671846893
1992-01-16,-0.6102661715988332,0.8400542805700604
1992-01-17,0.1553021957868317,0.8293065530597706
1992-01-20,-0.5986464773084929,0.7950834782348769
1992-01-21,-0.8974657832773516,0.7878694908217344
1992-01-22,1.3216823002870357,0.8090963710757494
1992-01-23,-0.7610291184233271,0.865860338278044
1992-01-24,0.1252395351119564,0.8646015987047841
1992-01-27,-0.1180104779466262,0.8276571615370838
1992-01-28,-0.0072290571653215,0.7946496404067859
1992-01-29,-1.1196034037500149,0.7624488031725057
1992-01-30,0.3114506368399878,0.8141875932981504
1992-01-31,-0.6923470754465028,0.7843230635855023
1992-02-03,0.183304667483305,0.7858951112569919
1992-02-04,1.0493446377285154,0.7551147420433045
1992-02-05,-0.0024187233374693,0.7858909233435846
1992-02-06,-0.0048302475865125,0.7542717997475729
1992-02-07,-0.6618954652371541,0.7249166538062187
1992-02-10,0.6498077621887487,0.7304423375826402
1992-02-11,-0.002411815417468,0.7255115740298361
1992-02-12,0.8111816334293049,0.6982186407908804
1992-02-13,-0.8281028548572967,0.7109211225374951
1992-02-14,-0.2929160585724724,0.7348780381452497
1992-02-18,-1.2441323613750483,0.7144685297487873
1992-02-19,0.2157827493663962,0.7924628026243116
1992-02-20,1.372013374278353,0.7617875960512318
1992-02-21,-0.5985505519319675,0.8339038353829132
1992-02-24,0.2039569376596136,0.8228884114730961
1992-02-25,-0.4424299330730052,0.7898277050352611
1992-02-26,1.186740444507396,0.7725295309534869
1992-02-27,-0.3593835990940075,0.8174880743865608
1992-02-28,-0.2806750652015774,0.7934237697561997
1992-03-02,-0.0605950433866897,0.7678056419753396
1992-03-03,0.0969329744164153,0.7380828627926772
1992-03-04,-0.856270176812862,0.709797257271675
1992-03-05,-0.6913090924793304,0.7370651199393949
1992-03-06,-0.510515269466431,0.7438711242840438
1992-03-09,0.1902029893435295,0.7352279720802618
1992-03-10,0.4137484490565338,0.7082427029919265
1992-03-11,-0.7053785035081026,0.6907133943337989
1992-03-12,-0.0346529680992206,0.7044486238116529
1992-03-13,0.4816384307268318,0.6790176470609781
1992-03-16,0.1354341472684795,0.6677139424852337
1992-03-17,0.7818885916420866,0.6449809181228544
1992-03-18,-0.1050389568169822,0.6615163971117526
1992-03-19,0.1587383961180915,0.6405793475158011
1992-03-20,0.3653639540214174,0.6202664620392555
1992-03-23,-0.338521321639727,0.6081260527296463
1992-03-24,-0.2515905938893772,0.6014087871935925
1992-03-25,-0.3331742129789456,0.5906502328633308
1992-03-26,0.083395807668817,0.5853365852555972
1992-03-27,-1.0747454638839935,0.5686580792832926
1992-03-30,-0.1239925763320547,0.6505853610093184
1992-03-31,0.1710700783676979,0.6309768611280029
1992-04-01,0.133678734618047,0.611629136442895
1992-04-02,-0.9270283568126628,0.5932620895270158
1992-04-03,0.2618261726277981,0.6481494554102957
1992-04-06,1.001075987690717,0.6296121050033224
1992-04-07,-1.8740046553786496,0.6737530731426691
1992-04-08,-0.8983601271883537,0.8743774672216872
1992-04-09,1.5444164748343066,0.8849206406765209
1992-04-10,0.906915833384964,0.9596242640378083
1992-04-13,0.4417688091178868,0.9519681474165083
1992-04-14,1.541938760772585,0.916524469054199
1992-04-15,0.9388568770223346,0.985389455078215
1992-04-16,-0.0576677813614961,0.9777859576768005
1992-04-20,-1.41853601341571,0.9336590154915557
1992-04-21,0.0195058968015416,0.9973724386775967
1992-04-22,-0.1097497160442576,0.9514221197064031
1992-04-23,0.4358387091599002,0.9097565980857716
1992-04-24,-0.628799104602559,0.8772026943142308
1992-04-27,-0.1394490068514613,0.8642680564702512
1992-04-28,0.1614495058121398,0.829126055950777
1992-04-29,0.7087832463858298,0.7949902316514111
1992-04-30,0.7086195266445083,0.788040336771458
1992-05-01,-0.5849133018636203,0.7817751166660316
1992-05-04,1.056145250663505,0.7748450581833618
1992-05-05,-0.016793361171396,0.8036211705555129
1992-05-06,-0.0119928008195191,0.7708670554085124
1992-05-07,-0.2257885338722487,0.7403825859941495
1992-05-08,0.0480783014238679,0.7168301683889976
1992-05-11,0.584755543991416,0.6899665898044784
1992-05-12,-0.5270818145870374,0.684340653091125
1992-05-13,0.0384282393282685,0.6829725814256083
1992-05-14,-0.7979881667007936,0.6586264310000259
1992-05-15,-0.7409915152273789,0.6865461729200256
1992-05-18,0.6610793891837827,0.7044278363991651
1992-05-19,0.858684354273583,0.703074728868045
1992-05-20,-0.2356403074685615,0.7199402590961065
1992-05-21,-0.6739257804105944,0.6983749220131854
1992-05-22,0.3435639871497903,0.7081246351366135
1992-05-26,-0.6323962233103531,0.6875561976829538
1992-05-27,0.1845625113750633,0.694738628951555
1992-05-28,1.1026584526566323,0.6706815668974687
1992-05-29,-0.3340949728724359,0.7212890971880948
1992-06-01,0.4683805365141535,0.703983416748298
1992-06-02,-0.9147843881349288,0.689650113370219
1992-06-03,0.2632556780582009,0.7267904021067144
1992-06-04,-0.3213112778165061,0.7020918850798848
1992-06-05,0.0532213804518702,0.6857969728582589
1992-06-08,-0.0290323729234873,0.6612240149407435
1992-06-09,-0.8015364040324077,0.6389927731665325
1992-06-10,-0.6876237018968083,0.6702038902175688
1992-06-11,0.4410120635158492,0.684759126512178
1992-06-12,0.173427816645027,0.6706540736694533
1992-06-15,0.129260128347559,0.6482419637890758
1992-06-16,-0.4813048913420341,0.6269366991441505
1992-06-17,-1.4952528651845671,0.6281698975570468
1992-06-18,-0.3237019605427304,0.7683815413897
1992-06-19,0.6736095356795454,0.7466247362691498
1992-06-22,-0.0669135363412065,0.7418607023846666
1992-06-23,0.1585293719757139,0.714113534622909
1992-06-24,-0.0495153265110906,0.6881863150225109
1992-06-25,-0.178447858478577,0.664169381902834
1992-06-26,0.0818322291340767,0.6450711011309264
1992-06-29,1.3515857433862424,0.6236470643307223
1992-06-30,-0.1958163293335897,0.7209223680989271
1992-07-01,1.1546716975041753,0.6978660620880444
1992-07-02,-0.2692091305999214,0.7508294504756342
1992-07-06,0.5014502485465774,0.7281134229598565
1992-07-07,-1.1373130307046897,0.7134943843347611
1992-07-08,0.2733563924799443,0.7760747743458838
1992-07-09,0.9581551175386412,0.7479392781772252
1992-07-10,0.0941024689065721,0.7694474102642332
1992-07-13,0.0602780046806818,0.7389007850851652
1992-07-14,0.6750365191641604,0.7104363835614292
1992-07-15,-0.1389555730699837,0.709561725235764
1992-07-16,0.1054352713613101,0.685716621457842
1992-07-17,-0.4608999035424506,0.661338109628849
1992-07-20,-0.4509442823034316,0.6573937775997855
1992-07-21,0.0024192494368295,0.6531405301260377
1992-07-22,-0.6863253320097079,0.6312262885723243
1992-07-23,0.2794606806524395,0.6507393188119712
1992-07-24,-0.1165453883418645,0.6325486670086328
1992-07-27,-0.0145777286080832,0.6142034943888778
1992-07-28,1.4426179519290765,0.5954892782061002
1992-07-29,1.1217794259135483,0.7152761633206709
1992-07-30,0.3994574578672387,0.7610033729628555
1992-07-31,0.0683805635866056,0.7384543952806888
1992-08-03,0.2072307100881706,0.7100336583149774
1992-08-04,-0.1718785524238126,0.6852572054336132
1992-08-05,-0.5126661612871616,0.6642500615978146
1992-08-06,-0.3796976739151426,0.6638960644982613
1992-08-07,-0.4073984341790015,0.6543011674375033
1992-08-10,0.1288342139616028,0.6473832571419755
1992-08-11,-0.124062313533144,0.6261398458151751
1992-08-12,-0.2677238122018496,0.6085141510850717
1992-08-13,-0.011965815476565,0.5978857068780109
1992-08-14,0.5205094215976533,0.5804564298449784
1992-08-17,0.1974631173448722,0.5816324336024556
1992-08-18,0.142505751145674,0.5668712074245961
1992-08-19,-0.7504219463904336,0.5523027876161446
1992-08-20,0.0167391531736538,0.5909590071251462
1992-08-21,-0.8186248251699964,0.5738582953375966
1992-08-24,-1.0005303727942945,0.6175840160706939
1992-08-25,0.2164543414140033,0.6783325738546584
1992-08-26,0.4605458075520923,0.6561858924234797
1992-08-27,0.0048338686083545,0.6457727486738595
1992-08-28,0.3162834623090131,0.6244088416919851
1992-08-31,-0.1954462874056382,0.6097707381395516
1992-09-01,0.4915100919972643,0.5958534484519971
1992-09-02,0.4580077834757603,0.5933284684095858
1992-09-03,0.0,0.5888643099450129
1992-09-04,-0.2155593047677707,0.5720552708850853
1992-09-08,-0.6349800452359533,0.5623463443510274
1992-09-09,0.4622018190715977,0.5859734527158754
1992-09-10,0.8585450174333369,0.5825261727397124
1992-09-11,-0.088150669842539,0.6164642808751771
1992-09-14,1.3470056553380123,0.5987558922485215
1992-09-15,-1.301731943494733,0.7010638800933054
1992-09-16,0.0357332861466977,0.7906529712540444
1992-09-17,0.0023764357861312,0.7585287614215089
1992-09-18,0.7118650122019734,0.7288190161929416
1992-09-21,-0.186961612791545,0.7289865201913861
1992-09-22,-1.191511528805016,0.7050173473226682
1992-09-23,0.0718895252092309,0.7769905074754767
1992-09-24,0.2464378452377464,0.7458286508200972
1992-09-25,-0.9894163663926406,0.7192510883370512
1992-09-28,0.5463481610316397,0.7610821326206547
1992-09-29,0.043193751594786,0.7461671014493703
1992-09-30,0.2396358753407645,0.7171836591216109
1992-10-01,-0.3620666604877708,0.6926008316200047
1992-10-02,-1.4079305712171395,0.6793172769443848
1992-10-05,-0.7090132547881829,0.7911263582569908
1992-10-06,-0.0957384911267637,0.7934148125775546
1992-10-07,-0.7221831671646574,0.762422163606279
1992-10-08,0.8620743043906954,0.7691468284479085
1992-10-09,-1.2561699008127278,0.7782035551580303
1992-10-12,1.1801146075416562,0.8460273519420138
1992-10-13,0.4554665105778238,0.8792272546761244
1992-10-14,0.0171026972652667,0.8498088007645965
1992-10-15,0.0561707979615875,0.8136562720370423
1992-10-16,0.5186732771580287,0.7799119341409158
1992-10-19,0.7862531374621059,0.7617165244005594
1992-10-20,0.1204152029445577,0.7646532929546123
1992-10-21,0.0457203727690382,0.7346248647629819
1992-10-22,-0.1854195901785564,0.7064698822589893
1992-10-23,-0.1930007337258133,0.6842114089100437
1992-10-26,0.9756637871588688,0.6639784709822399
1992-10-27,0.0788828283712667,0.6994508134792687
1992-10-28,0.3911227370418499,0.6739074875912652
1992-10-29,0.1736003188041411,0.6582494626056913
1992-10-30,-0.5193314511426863,0.6368002521470748
1992-11-02,0.9674100285602626,0.6399955239291273
1992-11-03,-0.6716738857758944,0.6781855786244588
1992-11-04,-0.6714308058381213,0.6901772126116941
1992-11-05,0.2944549409317539,0.7006793641162171
1992-11-06,-0.1818379726714397,0.6789510421856472
1992-11-09,0.2415801278393835,0.6587678529671817
1992-11-10,0.0071663691584935,0.6387904271259209
1992-11-11,0.8515588812000119,0.6179514762369915
1992-11-12,0.1585627331990995,0.645707783731952
1992-11-13,-0.1041056400094139,0.6249898903080313
1992-11-16,-0.4151303017628397,0.6069518827850405
1992-11-17,-0.335735464561026,0.6053816600784542
1992-11-18,0.8502443066675065,0.5987662681832859
1992-11-19,0.1795665382714088,0.6292215789806657
1992-11-20,0.7150804631741531,0.6101699927445847
1992-11-23,-0.3592520151144407,0.6245592671190057
1992-11-24,0.5793313444738889,0.6174951640332664
1992-11-25,0.3734933041773298,0.6190787970965117
1992-11-27,0.2257524002500388,0.607434794887989
1992-11-30,0.2762598657598054,0.5912183094508882
1992-12-01,-0.1322323556881451,0.5779572146609395
1992-12-02,-0.2068120032505798,0.5646257670341653
1992-12-03,0.004649689055548,0.5552234360120943
1992-12-04,0.4988568864657494,0.5411707944928567
1992-12-07,0.749395351027267,0.5451288303668441
1992-12-08,0.3851873842604882,0.5721218982962792
1992-12-09,-0.3071134523929386,0.5654869037778432
1992-12-10,-0.2321018721432348,0.5611344147840942
1992-12-11,-0.209588992794337,0.553205895309352
1992-12-14,-0.2054109774990263,0.5449934743033897
1992-12-15,-0.062395632425948,0.5373740923673619
1992-12-16,-0.2430345986718697,0.5258156906861926
1992-12-17,0.9020197833263464,0.5218931605524745
1992-12-18,1.334556007357956,0.5717540630857171
1992-12-21,-0.1315192291532095,0.6784854593898876
1992-12-22,-0.0885380800653982,0.6568601801761926
1992-12-23,-0.2911273656791292,0.6359316131174811
1992-12-24,0.1684092898381159,0.6239722925287788
1992-12-28,-0.1410811523412166,0.6051369783836925
1992-12-29,-0.2667754147120446,0.5897460903139574
1992-12-30,0.1916050586986832,0.5808161971007494
1992-12-31,-0.7112458083810405,0.565989625057864
1993-01-04,-0.0757640632857265,0.597689062980458
1993-01-05,-0.2391595086179165,0.5812591726033974
1993-01-06,0.0414319180053366,0.5717722118139937
1993-01-07,-0.8760479089547061,0.5561469845409996
1993-01-08,-0.3908035390349278,0.6107993116278937
1993-01-11,0.4418668617445023,0.607143501618159
1993-01-12,0.0208810626691631,0.6003158200266384
1993-01-13,0.4606093802180638,0.5824358345834194
1993-01-14,0.6697617952548451,0.5792490671519329
1993-01-15,0.2771746864144421,0.5932380018295468
1993-01-18,-0.0709384718492132,0.5798330935698588
1993-01-19,-0.3922138708383885,0.5647930417721173
1993-01-20,-0.4052992918582817,0.5661151985950901
1993-01-21,0.4879956172578161,0.568251337070873
1993-01-22,0.1422660025526604,0.5684097067918463
1993-01-25,0.8903004603388085,0.553708154583058
1993-01-26,-0.0136364282895848,0.5963343334450335
1993-01-27,-0.4191124875303238,0.5790484708479506
1993-01-28,0.1254646919007859,0.5807814581375091
1993-01-29,0.027351184719556,0.5648258075112875
1993-02-01,0.8487490611095956,0.5498225792539763
1993-02-02,0.0067788491519331,0.5878321620597671
1993-02-03,1.045252430597954,0.5710527741268505
1993-02-04,0.5263372081938545,0.6317447265528922
1993-02-05,-0.1402363950424603,0.62790754108357
1993-02-08,-0.2408588719298368,0.6105895936945158
1993-02-09,-0.5642818331482213,0.5985006156382839
1993-02-10,0.2018988564446519,0.610171909581215
1993-02-11,0.3199485109387294,0.5931340389818415
1993-02-12,-0.6904037832464831,0.5814007072636185
1993-02-16,-2.4292838296077184,0.6083701058339003
1993-02-17,-0.140684718987139,0.9566310621412
1993-02-18,-0.3236234738748568,0.9151728753258328
1993-02-19,0.535725508247066,0.8820002690965979
1993-02-22,0.2346259728131287,0.8561924138097675
1993-02-23,-0.1011453473472365,0.8213733970759164
1993-02-24,1.3863909161424774,0.7884905596332369
1993-02-25,0.3328772528198457,0.8578097103481643
1993-02-26,0.2348392316882108,0.8254051409889248
1993-03-01,-0.3094672828677778,0.7927625529659765
1993-03-02,1.3237451236461053,0.7683988300079101
1993-03-03,0.3031826887864498,0.8324176093787956
1993-03-04,-0.4282882778445827,0.8009724384813403
1993-03-05,-0.275339815012869,0.7818866362703173
1993-03-08,1.9094308774065865,0.7569579457576343
1993-03-09,-0.0681980344740785,0.9197205912448636
1993-03-10,0.4238348591360731,0.8795718375482289
1993-03-11,-0.573593218499524,0.8488030363486059
1993-03-12,-0.8610566621375413,0.8346105995605283
1993-03-15,0.3550602093216338,0.846194109691993
1993-03-16,-0.0132914398523257,0.8153659181813085
1993-03-17,-0.6802439496594771,0.7817646847492388
1993-03-18,0.7953867840771882,0.7825653327787289
1993-03-19,-0.3791333282610904,0.7840019228144544
1993-03-22,-0.2891884195674039,0.7636839654438917
1993-03-23,-0.0267356882367327,0.7407707837466901
1993-03-24,-0.1538758882743436,0.7125834517544379
1993-03-25,0.6251752984458261,0.6889049455080907
1993-03-26,-0.6899201894603522,0.6863819114336125
1993-03-29,0.6655169575119584,0.6991344737640157
1993-03-30,0.2658601428619567,0.6987015868782812
1993-03-31,-0.066395422762659,0.6762482444128897
1993-04-01,-0.3037854222478984,0.6534024740281382
1993-04-02,-1.998512863383484,0.6405120193125124
1993-04-05,0.2036923284537247,0.8781586584883976
1993-04-06,-0.2558165110527169,0.8412486367855886
1993-04-07,0.3552498499486597,0.8110494267185889
1993-04-08,-0.2012310933907517,0.7828598672589473
1993-04-12,1.4670956215528892,0.755224941904518
1993-04-13,0.1893974667887359,0.8428675023554236
1993-04-14,-0.1247377440546877,0.8081678373367478
1993-04-15,-0.05796931612464,0.7766861112772767
1993-04-16,0.1203576375317272,0.7462898851007558
1993-04-19,-0.3302124813131132,0.7175785364206412
1993-04-20,-0.5288139413932986,0.7003954789176222
1993-04-21,-0.3308097044347732,0.6974748903665452
1993-04-22,-0.9444211665164428,0.6820674495885279
1993-04-23,-0.5544841193281519,0.7240908797900848
1993-04-26,-0.8017755955271054,0.7206920327904024
1993-04-27,1.0257679585060349,0.7404843671268322
1993-04-28,0.002278289113669,0.7706047064678685
1993-04-29,0.1984299224790023,0.7400354939202511
1993-04-30,0.2957611856326033,0.7128454834070984
1993-05-03,0.5143588135795782,0.6901994448245893
1993-05-04,0.3587095644758299,0.6798376043321163
1993-05-05,0.1057882388113735,0.6622205909912307
1993-05-06,-0.2838496239511405,0.6396214690487483
1993-05-07,-0.2145539175016495,0.6269639454690387
1993-05-10,0.1107185078779338,0.6123076805744783
1993-05-11,0.3516838481612995,0.5936413551284212
1993-05-12,0.098970374423376,0.5832784928997283
1993-05-13,-1.2601496606307157,0.5668638093159666
1993-05-14,0.0751002138318568,0.6805227650281745
1993-05-17,0.1841050524755779,0.6563774680173559
1993-05-18,-0.0113519610495898,0.6352649565363823
1993-05-19,1.633121448849757,0.6148543874442134
1993-05-20,0.6724860565196694,0.7645845081079573
1993-05-21,-1.059769194514624,0.7579204006256961
1993-05-24,0.483309736765864,0.8026010391195673
1993-05-25,0.1895537385831016,0.7805972958170343
1993-05-26,1.017419208568774,0.7502981082887134
1993-05-27,-0.2274105461717123,0.7780720446837951
1993-05-28,-0.4919135125861814,0.7516564185812369
1993-06-01,0.8052927691969584,0.7409781186145071
1993-06-02,0.0044111430051868,0.7479931000405537
1993-06-03,-0.3001118554644678,0.7190256097089421
1993-06-04,-0.5384740081325726,0.7002615880010835
1993-06-07,-0.5279867720148472,0.6981030255501538
1993-06-08,-0.6678668945665966,0.6953577229575713
1993-06-09,0.2403188920532048,0.7048978349940899
1993-06-10,-0.0897692718932606,0.6812723300451239
1993-06-11,0.4212241512145568,0.6584719841899876
1993-06-14,0.1005579464691442,0.6456771328181231
1993-06-15,-0.3221556898991299,0.624310680325808
1993-06-16,0.2595959130167124,0.6150870009246873
1993-06-17,0.2477798219892676,0.5992198763767348
1993-06-18,-1.0894317389084294,0.5843278104910153
1993-06-21,0.5708541319334769,0.6651690212323831
1993-06-22,-0.065013407413733,0.6610596309473614
1993-06-23,-0.6163395094440624,0.6393613996459439
1993-06-24,0.7709532763590058,0.650848750299478
1993-06-25,0.2191879799934849,0.6655315451641721
1993-06-28,0.9450289781936532,0.6444493133616807
1993-06-29,-0.2570532696317398,0.6792052747559413
1993-06-30,-0.0355082362960997,0.6618617355070499
1993-07-01,-0.3357259083800116,0.6396613662584366
1993-07-02,-0.7107270665395462,0.6297599831964321
1993-07-06,-0.9940694562158304,0.6520657198663985
1993-07-07,0.3166478409297458,0.7056515147015435
1993-07-08,1.3034898162465662,0.6842829045492156
1993-07-09,-0.1182111755999743,0.761054127518274
1993-07-12,0.1939662488917125,0.7328518965079549
1993-07-13,-0.1984270866697943,0.7061102572357821
1993-07-14,0.4431217984289825,0.6843094741676585
1993-07-15,-0.1912566719407854,0.670357078656923
1993-07-16,-0.7754491444782753,0.6511878928779478
1993-07-19,0.062795485182686,0.677618976223122
1993-07-20,0.2865649496236874,0.6536648127369548
1993-07-21,-0.0290679348337445,0.6354703928170653
1993-07-22,-0.5988607884807682,0.6152388818768497
1993-07-23,0.5809723033109906,0.628073835947403
1993-07-26,0.4441008044261347,0.628628059495885
1993-07-27,-0.1894523465109538,0.6198598544309282
1993-07-28,-0.2345215779691826,0.6048455519000802
1993-07-29,0.6797186545464813,0.592987986995229
1993-07-30,-0.4697372447474845,0.606167237121068
1993-08-02,0.4497467206909067,0.6087873246989726
1993-08-03,-0.1956828134444962,0.6022719719927898
1993-08-04,-0.16261361125259,0.5890190614269949
1993-08-05,-0.0914502959938179,0.5757102273144438
1993-08-06,0.1226542664369319,0.5614703877437837
1993-08-09,0.453638438330527,0.5470943252256026
1993-08-10,-0.2821666657063104,0.5471716951297715
1993-08-11,0.224462372456797,0.5432241698761682
1993-08-12,-0.3335486022513533,0.5325234587091645
1993-08-13,0.2624900151014699,0.5332910800679985
1993-08-16,0.4963867361034725,0.524758813579558
1993-08-17,0.1656525413118035,0.5304299428366637
1993-08-18,0.6401472896177456,0.5194154236816624
1993-08-19,0.0854787892387208,0.5385198848168486
1993-08-20,-0.0591698402639632,0.5257780017062716
1993-08-23,-0.2040823321773638,0.5151848031250905
1993-08-24,0.9923530675475594,0.5104049136400992
1993-08-25,0.0782728318099826,0.5754867828627872
1993-08-26,0.1975756798136523,0.5595938243931091
1993-08-27,-0.1085093078815593,0.5467239830223142
1993-08-30,0.2948671639017407,0.5354474595178162
1993-08-31,0.3587416976917984,0.5279873000524884
1993-09-01,-0.0884858677777849,0.5243162062521376
1993-09-02,-0.4002398420231925,0.514521615518215
1993-09-03,0.0086726232625949,0.5222481262457275
1993-09-07,-0.6131403047764195,0.5110114332896917
1993-09-08,-0.4086667514559229,0.539891096198184
1993-09-09,0.1859664943738579,0.545269331371093
1993-09-10,0.9181764674952272,0.5333774331463705
1993-09-13,0.0736098104942419,0.5833205313743623
1993-09-14,-0.4685686220990039,0.5667669583865301
1993-09-15,0.3689667141929943,0.5738285532902861
1993-09-16,-0.4712153666933731,0.5661746969713946
1993-09-17,-0.1306832928510077,0.5735290142829551
1993-09-20,-0.8272465623294508,0.5605358070024165
1993-09-21,-0.4625505132312223,0.6077151080962111
1993-09-22,0.7149565542996812,0.6095990339936781
1993-09-23,0.3369979387399263,0.6240495576810541
1993-09-24,-0.0240307968752514,0.6102967300324615
1993-09-27,0.907086245980233,0.5920017199160252
1993-09-28,-0.0584815884446949,0.6303719294933794
1993-09-29,-0.3081495108377704,0.6109723035319886
1993-09-30,-0.2567882469534906,0.6022307592209278
1993-10-01,0.5107554219306922,0.5916457310487387
1993-10-04,0.0130059090407502,0.5909035860847976
1993-10-05,-0.0303475471279446,0.5738304486617392
1993-10-06,-0.0997943487896707,0.5586013703281407
1993-10-07,-0.3391597275748261,0.5460438455361564
1993-10-08,0.2457896146126622,0.5457216022493344
1993-10-11,0.1237545773306564,0.5354633445019057
1993-10-12,0.0520586203459795,0.5233303905363934
1993-10-13,0.0802061852563621,0.5118186013470022
1993-10-14,1.150477286118534,0.5013909270723823
1993-10-15,0.570316171243907,0.5938694114746196
1993-10-18,-0.2238900192776581,0.5973776379835388
1993-10-19,-0.4793240390965452,0.5857232539476431
1993-10-20,-0.0300304912890176,0.5914510567716755
1993-10-21,-0.1524585026826137,0.5747602776163779
1993-10-22,-0.4501254373472854,0.5623551470972074
1993-10-25,0.2005506385872204,0.5684136582924534
1993-10-26,0.0215348597358777,0.5548539226937647
1993-10-27,0.0667443733115372,0.5407167324745764
1993-10-28,0.6692917377447863,0.5277115010421859
1993-10-29,0.0213723516565361,0.5486164779550488
1993-11-01,0.2711024983784553,0.5350092765429878
1993-11-02,-0.1407947959813904,0.5266381557142833
1993-11-03,-1.1637804415695798,0.518196598193818
1993-11-04,-1.201522076292527,0.6273365642403589
1993-11-05,0.4536280422731335,0.7167148562539217
1993-11-08,0.1391602850658236,0.7004622625322322
1993-11-09,0.0260705935062677,0.6753012195588204
1993-11-10,0.7337330019066974,0.6515678911148696
1993-11-11,-0.2331678921939718,0.6625548415234088
1993-11-12,0.5926549707290996,0.645613430472627
1993-11-15,-0.3530181298321365,0.6451753959544632
1993-11-16,0.6426722602041137,0.6357550510173389
1993-11-17,-0.4143621839954848,0.6404503898383401
1993-11-18,-0.2563474042111978,0.6353745375865966
1993-11-19,-0.2202477650342821,0.6217838002286431
1993-11-22,-0.7529357995395525,0.6078103346060825
1993-11-23,0.4129709157556637,0.6380094077214165
1993-11-24,0.288066259074074,0.6266401516789482
1993-11-26,0.1512853306541298,0.6107524725440342
1993-11-29,-0.2508225828093272,0.5926993948210965
1993-11-30,-0.0238143428621308,0.5827059045287628
1993-12-01,0.0216538414592253,0.5666538339561101
1993-12-02,0.2637776022682345,0.5515256155663499
1993-12-03,0.383627474123423,0.5413589610754665
1993-12-06,0.3307089762432091,0.537699053750692
1993-12-07,0.0707288125115186,0.5316368492055943
1993-12-08,-0.1007451371807027,0.519426433292636
1993-12-09,-0.453538423213865,0.5104049601138323
1993-12-10,-0.0538729266988234,0.5231550105928766
1993-12-13,0.3808013211424922,0.5126924538272143
1993-12-14,-0.5685046149832275,0.511851169303402
1993-12-15,-0.2638127227431527,0.5356820781871037
1993-12-16,0.3242615115315221,0.5318738692367989
1993-12-17,0.6539645001180736,0.5260739917285167
1993-12-20,-0.1137055941459955,0.5456412878617005
1993-12-21,-0.1181374382476057,0.5346084383312448
1993-12-22,0.4331930905911969,0.5247011617321055
1993-12-23,0.0128378213100647,0.525848126573278
1993-12-27,0.6738347777232454,0.5142628226548327
1993-12-28,0.0849713038797544,0.5375825216120552
1993-12-29,-0.0764754632695741,0.524918669669305
1993-12-30,-0.413103358143685,0.5147776500257464
1993-12-31,-0.4684054759713631,0.5235147201559884
1994-01-03,-0.2167659584780014,0.5359026710559538
1994-01-04,0.311051526725764,0.529676486995533
1994-01-05,0.1412553513429196,0.5234788900701204
1994-01-06,-0.0920095250684314,0.5126472820409174
1994-01-07,0.593371959753611,0.5040141573051772
1994-01-10,1.136314736144412,0.5206634302752502
1994-01-11,-0.2401484487165718,0.6061456667196033
1994-01-12,0.0084379508959365,0.5944245529643358
1994-01-13,-0.3591680064779018,0.5770968001471698
1994-01-14,0.5151064670927789,0.574813567255617
1994-01-17,-0.3395908988306256,0.5762103320162101
1994-01-18,0.2005197694240344,0.5727538386517841
1994-01-19,0.010539833147088,0.5588209118617078
1994-01-20,0.1432713868522848,0.5444187071800777
1994-01-21,-0.0547561901188495,0.5317804056392061
1994-01-24,-0.5809732283986759,0.5205661061403227
1994-01-25,-0.2227170106113046,0.5444485673776239
1994-01-26,0.4829901177172004,0.5376740353821922
1994-01-27,0.8103123708275619,0.5408528990862779
1994-01-28,0.3452840289565393,0.575610118761638
1994-01-31,0.6060505584239855,0.56661859537853
1994-02-01,-0.4140513961939807,0.576336650427735
1994-02-02,0.4950000529458516,0.577991271656117
1994-02-03,-0.2679954147060828,0.5775940511810344
1994-02-04,-2.2935807448375938,0.5698803882048405
1994-02-07,0.4142049937494039,0.9024180181855508
1994-02-08,-0.1506182812493844,0.8695630588955093
1994-02-09,0.3644769483716454,0.8342952993679463
1994-02-10,-0.8155501107392931,0.8046819989672309
1994-02-11,0.2662096575910633,0.815354847882397
1994-02-14,0.0106375539178073,0.7841549216559501
1994-02-15,0.4858090758239287,0.7525794289376131
1994-02-16,0.0571282519577878,0.7349331720125178
1994-02-17,-0.5195503706796603,0.7067529714503502
1994-02-18,-0.5650141146481925,0.7024724327622369
1994-02-22,0.8028556223303532,0.7021902494083154
1994-02-23,-0.1634536305454983,0.7135936378110374
1994-02-24,-1.3754947259843344,0.6901081529073865
1994-02-25,0.3891091997565872,0.7939999948126757
1994-02-28,0.2293176815347898,0.7684024379783779
1994-03-01,-0.5796645951561301,0.7397544218333155
1994-03-02,0.0796330668259253,0.7367017959074349
1994-03-03,-0.3880041466991497,0.708437660773316
1994-03-04,0.3729415195633238,0.6952071214916111
1994-03-07,0.4658439040943786,0.6769116713916387
1994-03-08,-0.2208426738028638,0.6648850522789355
1994-03-09,0.2529623131013153,0.647255859068106
1994-03-10,-0.6788725245567618,0.6285266931530676
1994-03-11,0.5460401285525456,0.6476247508389142
1994-03-14,0.2034658379761431,0.6435406158909922
1994-03-15,-0.0813366639198545,0.6238385196624378
1994-03-16,0.5147227071520462,0.6053885711394305
1994-03-17,0.3147825589782279,0.6034726015281204
1994-03-18,0.0339724967301678,0.5906038303089636
1994-03-21,-0.5363974115451114,0.5734544157183623
1994-03-22,0.0554717083937865,0.5856816644618906
1994-03-23,-0.0554717083937884,0.5689025484727767
1994-03-24,-0.8982903773744586,0.5544879656923098
1994-03-25,-0.815205570032887,0.6126035353454915
1994-03-28,-0.1260046182761418,0.6495188540162837
1994-03-29,-1.6482901934736407,0.6300482746709967
1994-03-30,-1.5434140887344303,0.7989385602692153
1994-03-31,0.0493652629573139,0.9065201102071918
1994-04-04,-1.548590457536595,0.866475362782314
1994-04-05,2.112316876729174,0.9610673212361617
1994-04-06,-0.0535557397127509,1.109884993745873
1994-04-07,0.6296433454400643,1.0572023800290158
1994-04-08,-0.8418942648553782,1.0224142212577434
1994-04-11,0.6176344393934788,1.011928785092002
1994-04-12,-0.5125674857937079,0.9800484861708071
1994-04-13,-0.2931202737655989,0.9507989536062852
1994-04-14,0.0268854445109117,0.9138936714176816
1994-04-15,-0.0448176505615727,0.8733946496638373
1994-04-18,-0.8372396059576801,0.8361002113475263
1994-04-19,0.0180829582060636,0.8451672694691804
1994-04-20,-0.1311514240775374,0.809327599804738
1994-04-21,1.520203413650676,0.7779004054851886
1994-04-22,-0.2454385818744784,0.8692073707172273
1994-04-25,1.128471577842728,0.8365916315692727
1994-04-26,-0.1857207967905766,0.8651069751245299
1994-04-28,-0.6148923354864037,0.8310139094198514
1994-04-29,0.4022177484958107,0.8214855625249892
1994-05-02,0.4668479198312658,0.7942811459822919
1994-05-03,0.0022095393764801,0.772140602974895
1994-05-04,-0.2895824203462896,0.7414628503495131
1994-05-05,-0.0752953940108364,0.7203657964732608
1994-05-06,-0.7918185299239436,0.6943408199391841
1994-05-09,-1.2357763730146305,0.7165834861648137
1994-05-10,0.8307776600578156,0.7929111397009732
1994-05-11,-1.0186047577722113,0.7963354634918313
1994-05-12,0.5105993178449665,0.8301550083257255
1994-05-13,0.0878520238064254,0.8072780428307252
1994-05-16,0.0787674514948075,0.7740460998881091
1994-05-17,1.091905544019276,0.7431108486513032
1994-05-18,0.9567559829149664,0.7807362960264292
1994-05-19,0.6130760720700047,0.7978383148246673
1994-05-20,-0.3423302699743019,0.7838056394884418
1994-05-23,-0.378805274388929,0.7616645943242375
1994-05-24,0.3546187864533046,0.7432255367829645
1994-05-25,0.3358393738885012,0.7202675684957098
1994-05-26,0.1576530270727917,0.6984274258828302
1994-05-27,0.0590533637077481,0.6736583759795925
1994-05-31,-0.1816501565248276,0.6499982783115378
1994-06-01,0.2472307991980508,0.6321703872110055
1994-06-02,0.0043678467139517,0.614506997434235
1994-06-03,0.5404382370145208,0.5955972984865756
1994-06-06,-0.2720320252369957,0.5966010082195025
1994-06-07,-0.1461172948386458,0.5872947909121039
1994-06-08,-0.2512907700337894,0.5735867672408576
1994-06-09,0.1748760573134699,0.5654072691528698
1994-06-10,0.1767597979673835,0.5515314561116192
1994-06-13,0.0937038033696958,0.5388898422523044
1994-06-14,0.7097361250607415,0.5261681449084509
1994-06-15,-0.3813759639671332,0.5516021376055229
1994-06-16,0.2861682434318114,0.5535972859051815
1994-06-17,-0.756208747229925,0.544082128286689
1994-06-20,-0.649942905992017,0.584851122954396
1994-06-21,-0.9130904432829854,0.606889574937498
1994-06-22,0.3869845533934321,0.6574126805128258
1994-06-23,-0.7665739972165668,0.6429967876482366
1994-06-24,-1.530685992501296,0.6695990747388032
1994-06-27,1.013368782465312,0.8053538147104731
1994-06-28,-0.2775954294633815,0.825282016689389
1994-06-29,0.349110243190425,0.7970853638305139
1994-06-30,-0.7534548240006951,0.7697385143266924
1994-07-01,0.4334848367612066,0.7785516043585485
1994-07-05,0.0380884212591484,0.7561033313621389
1994-07-06,-0.0537793255258697,0.7264169813077225
1994-07-07,0.5030697746630047,0.6996089749513046
1994-07-08,0.2605957216739906,0.6876773802765114
1994-07-11,-0.33199087069462,0.6659375046612593
1994-07-12,-0.0245500275479272,0.653404941456902
1994-07-13,0.173974875286257,0.6317237423030492
1994-07-14,1.0375406439757444,0.6123685873438998
1994-07-15,0.1652765438863002,0.6643194050652024
1994-07-18,0.2331254333656675,0.6422608286686932
1994-07-19,-0.2992073093363706,0.6233832744825124
1994-07-20,-0.4991902375421714,0.6129939933942868
1994-07-21,0.2233949364901724,0.6172225083920224
1994-07-22,0.1104094128352979,0.6001323242632649
1994-07-25,0.251281799220544,0.5824403727895906
1994-07-26,-0.1961227725746415,0.5691009603177865
1994-07-27,-0.1744016058554239,0.5588363594063525
1994-07-28,0.3683207733858631,0.5486478496956434
1994-07-29,0.8811058715585429,0.543414693625209
1994-08-01,0.5983025977035147,0.5866263903484227
1994-08-02,-0.0976620851856688,0.5932679880584804
1994-08-03,0.1930597098620979,0.5776932728184789
1994-08-04,-0.6631580079518434,0.5631639790729845
1994-08-05,-0.2861852050076703,0.5897708946667576
1994-08-08,0.1748712550682895,0.5818524171041743
1994-08-09,0.0065513105093637,0.5665855263091106
1994-08-10,0.5183898612061504,0.5515620509990119
1994-08-11,-0.308967569154809,0.555817143020407
1994-08-12,0.6646269191210327,0.5525592260793409
1994-08-15,-0.153816000245686,0.5695619856564079
1994-08-16,0.8162073932683499,0.5576628647862326
1994-08-17,0.0344027305893272,0.5904458467665343
1994-08-18,-0.4308772726362551,0.5733079274768398
1994-08-19,0.1100457023583569,0.5765772922691189
1994-08-22,-0.2937335484632848,0.560807009909301
1994-08-23,0.4725799719114776,0.5561454974899138
1994-08-24,0.9683622111847282,0.5565377409562525
1994-08-25,-0.2027536889654875,0.6091014011512872
1994-08-26,1.214607316743965,0.5955276074497046
1994-08-29,0.1665999727679065,0.6768573346426433
1994-08-30,0.3113651939349643,0.6538567385734211
1994-08-31,-0.1219086895552014,0.6365277649366156
1994-09-01,-0.4891070399651865,0.6179980552984282
1994-09-02,-0.4617918698137309,0.6208405403694955
1994-09-06,0.1845458740262468,0.6212289474376091
1994-09-07,-0.1845458740262404,0.602916842465936
1994-09-08,0.4554517110038443,0.5891838396021184
1994-09-09,-1.0538537031607915,0.5849776367726001
1994-09-12,-0.4216663648126181,0.6601207505668004
1994-09-13,0.2784601698317344,0.6535737255574011
1994-09-14,0.2755452461020657,0.635117752628458
1994-09-15,1.2738506647528582,0.6180900510412242
1994-09-16,-0.7653303988766852,0.7039546668746748
1994-09-19,-0.0721829963842889,0.7221000521200485
1994-09-20,-1.60353267750492,0.6958937925919223
1994-09-21,-0.4108900363911105,0.8380686707282936
1994-09-22,-0.0411826749132172,0.814909436916613
1994-09-23,-0.3474661088540796,0.7816048251224114
1994-09-26,0.2498657169268996,0.7598920025583179
1994-09-27,0.2665556803294869,0.7323503320824348
1994-09-28,0.6020168561695272,0.7073184383207263
1994-09-29,-0.5609036885274752,0.701191050544004
1994-09-30,0.1016273896879539,0.700713990454813
1994-10-03,-0.2098548533503673,0.6751914849007187
1994-10-04,-1.5606035194229773,0.6562915398887782
1994-10-05,-0.2356559968853935,0.801036612096939
1994-10-06,-0.2561055170606187,0.7731577284045613
1994-10-07,0.6038897813099292,0.7481612908528522
1994-10-10,0.8620182413851228,0.7381692636897662
1994-10-11,1.4597536275588507,0.7509558278601995
1994-10-12,-0.0687256691919688,0.8383216842713381
1994-10-13,0.4971845099991655,0.8037334359048384
1994-10-14,0.2796482814050432,0.782349510683391
1994-10-17,-0.0298519603952156,0.7539202677916462
1994-10-18,-0.2775914745622378,0.7248151433734699
1994-10-19,0.558671540789004,0.704560269627014
1994-10-20,-0.7320239400085402,0.6956939178432827
1994-10-21,-0.4207170031246622,0.7114741422088038
1994-10-24,-0.8771667681502184,0.6999401000084274
1994-10-25,0.151787231134715,0.7310314263479513
1994-10-26,0.2358917601101839,0.7037658991946856
1994-10-27,0.6957734794863234,0.6801168202408204
1994-10-28,1.6858241676905688,0.6843069181380339
1994-10-31,-0.3001699538491174,0.8250279764418454
1994-11-01,-0.8354891110470395,0.7977427163823044
1994-11-02,-0.4085880808031748,0.8112391775670456
1994-11-03,0.2996500340132242,0.7901916325084515
1994-11-04,-1.2105212091742514,0.7617531465113354
1994-11-07,0.1707480913491539,0.8260437987943121
1994-11-08,0.5556019480031076,0.7922441947278214
1994-11-09,-0.0537028106516416,0.7751116002749799
1994-11-10,-0.2215600014654898,0.7447704045719056
1994-11-11,-0.4359444514258146,0.7207244060771456
1994-11-14,0.7949292462189133,0.7092856098072182
1994-11-15,-0.2169568676594613,0.7190709754565302
1994-11-16,0.126792332413114,0.6968855991838773
1994-11-17,-0.4412426120818931,0.671856881372247
1994-11-18,-0.4540365155531926,0.6654715731296301
1994-11-21,-0.689308417847592,0.6606164045822237
1994-11-22,-1.807641024898016,0.6765662025489766
1994-11-23,-0.0355555800422363,0.8630087521756027
1994-11-25,0.5231587082197612,0.8263259801507222
1994-11-28,0.4125981013535734,0.8044318877912292
1994-11-29,0.2221438118156352,0.7789872976680066
1994-11-30,-0.3256854232125443,0.7494142270735031
1994-12-01,-1.0569422752728892,0.7293164554567871
1994-12-02,0.9709402958297266,0.7782265054494063
1994-12-05,0.0044163004039412,0.7971402141253634
1994-12-06,-0.0463404737512543,0.7646879378139864
1994-12-07,-0.415767760133122,0.7349988110360246
1994-12-08,-1.2892177112272236,0.7210026329639863
1994-12-09,0.3384051462554349,0.8045628349615234
1994-12-12,0.5600027544116495,0.7762795800086386
1994-12-13,0.1511733418494613,0.7608324807879071
1994-12-14,1.0650638398673904,0.7313960331206494
1994-12-15,0.0812899206982932,0.7675110515067617
1994-12-16,0.756997404748873,0.7370470197133501
1994-12-19,-0.1941692397314554,0.740162143487067
1994-12-20,-0.1770467561077399,0.7155566214332552
1994-12-21,0.5476073226534116,0.6923234606677725
1994-12-22,0.0152307380755587,0.6839020944203874
1994-12-23,0.0326247460494924,0.6595724060074133
1994-12-27,0.5724865865152261,0.6370085181805007
1994-12-28,-0.3487415169688106,0.6359559494342528
1994-12-29,0.0672490240591611,0.6271591359926613
1994-12-30,-0.4128519203416275,0.6070816740761324
1995-01-03,-0.0348447632122848,0.6053358591482312
1995-01-04,0.3478958399729074,0.5875803459748203
1995-01-05,-0.080342031810076,0.5775982792916079
1995-01-06,0.0738303961673896,0.5629447985784236
1995-01-09,0.0325539389017533,0.548076859499085
1995-01-10,0.1842812247423474,0.5344647139552208
1995-01-11,-0.0043297190101898,0.523490726939932
1995-01-12,-0.0043299064829618,0.5122642009893982
1995-01-13,0.9335858707109856,0.5020364525586157
1995-01-16,0.7291428337115885,0.5601662779779493
1995-01-17,0.1426360727185759,0.5827477233235496
1995-01-18,-0.0723581255284057,0.5668546774105115
1995-01-19,-0.5893253101852631,0.5529434985885271
1995-01-20,-0.4658038972169883,0.5730753233100008
1995-01-23,0.2235136408933404,0.579162669185172
1995-01-24,0.0085819224803556,0.5652774084890203
1995-01-25,0.3385875109765487,0.5503477238201291
1995-01-26,0.1880835113810826,0.5434371167851954
1995-01-27,0.4410330413175842,0.531755511178523
1995-01-30,-0.4004701984228614,0.5326527792012345
1995-01-31,0.4068474219667763,0.5382391660541461
1995-02-01,-0.0042557622280917,0.5362616128742134
1995-02-02,0.5067949740136427,0.5239163533198405
1995-02-03,1.2318295291448034,0.5304964277651437
1995-02-06,0.5188689851421475,0.6296939107963976
1995-02-07,-0.0686141896363244,0.6255516116573983
1995-02-08,0.0790030982489656,0.6067158974956421
1995-02-09,-0.2080343580214849,0.5882912131859959
1995-02-10,0.2641272313321901,0.5767788175611337
1995-02-13,0.0394560220039286,0.5643613710584091
1995-02-14,0.1866820524684364,0.5493563759193465
1995-02-15,0.4115487841413316,0.5371222784966123
1995-02-16,0.1402393953925153,0.5355491598959412
1995-02-17,-0.6720524869152118,0.5236365211359276
1995-02-21,0.1554903957146401,0.5573905888554186
1995-02-22,0.4856447579583029,0.5438359812001662
1995-02-23,0.3786083077909596,0.5465144095696841
1995-02-24,0.2461451680661754,0.5420527219984111
1995-02-27,-0.8848497663381631,0.532140065960235
1995-02-28,0.737239139202741,0.5926886765673929
1995-03-01,-0.3576466725738061,0.6116032221767995
1995-03-02,-0.1071280957695625,0.6057143529368805
1995-03-03,0.0597616914289364,0.5893341397369242
1995-03-06,0.043250389659003,0.57226073773236
1995-03-07,-0.7253991541450465,0.5565917600980069
1995-03-08,0.211346145206216,0.5914648486457825
1995-03-09,0.0041372272163749,0.5762112746254957
1995-03-10,1.3179600454892926,0.5604070795447346
1995-03-13,0.0979932033955144,0.6670776389735958
1995-03-14,0.577865332869914,0.644054550953787
1995-03-15,-0.205126090303769,0.6426582598097922
1995-03-16,0.7150915721043568,0.6262914278700067
1995-03-17,0.0221984101454291,0.6386388656519645
1995-03-20,0.1250480433355191,0.6177249853616572
1995-03-21,-0.2158992980559704,0.5987696156421531
1995-03-22,0.1211228302687529,0.5866474094840759
1995-03-23,0.0564729996369535,0.5701595710666545
1995-03-24,1.0071081683696037,0.5546568413454263
1995-03-27,0.4441508155906942,0.6130285788602773
1995-03-28,0.1390093928962267,0.6057634397274896
1995-03-29,-0.1549123043816477,0.5879374870846019
1995-03-30,-0.179042739806106,0.574461304077718
1995-03-31,-0.3011199022126344,0.5630357409119688
1995-04-03,0.2274208311845909,0.5585780870873319
1995-04-04,0.6732262155247922,0.5465966643178818
1995-04-05,0.0652975539155575,0.5652682427860198
1995-04-06,0.1008212908264389,0.5501831677482372
1995-04-07,0.0671658011361145,0.5365476055538251
1995-04-10,0.116435548788569,0.5239022324761102
1995-04-11,-0.2923365057894606,0.5126969045569469
1995-04-12,0.3238898118648522,0.5129636451437709
1995-04-13,0.4053522884241118,0.5090263832087013
1995-04-17,-0.6106239535409255,0.5100833303381688
1995-04-18,-0.1502738326540017,0.5388216179483641
1995-04-19,-0.0890797128355251,0.5295809742759559
1995-04-20,0.0732511310883926,0.5193247794038528
1995-04-21,0.6312991617382863,0.5082010336503501
1995-04-24,0.8615895381055281,0.5279903422121796
1995-04-25,-0.1541554993669534,0.5713565117662307
1995-04-26,0.1092934233097003,0.559309801735103
1995-04-27,0.1734566814718726,0.5449751256115678
1995-04-28,0.2256306110919061,0.5328362232141918
1995-05-01,-0.087468482432291,0.5231113577293154
1995-05-02,0.1165997467270953,0.513400537800402
1995-05-03,1.0856434603801424,0.5031314910669256
1995-05-04,0.011526687489611,0.5844092158158324
1995-05-05,-0.0807147279218016,0.5678756689717603
1995-05-08,0.735584266993704,0.5540577705607806
1995-05-09,-0.0763755204767881,0.5782107916598047
1995-05-10,0.1526811133336428,0.5634201310223571
1995-05-11,0.0019089309568178,0.5493038540436683
1995-05-12,0.2247777338872781,0.5357777976472917
1995-05-15,0.4158409636381634,0.5257594055573231
1995-05-16,0.0852352404794442,0.5256639372331549
1995-05-17,-0.2122691142209341,0.514038232461017
1995-05-18,-1.4312555140919958,0.5097593210075185
1995-05-19,-0.0750916294138154,0.6725547778680466
1995-05-22,0.8553659335900404,0.6501453559556768
1995-05-23,0.9389566058753248,0.6737371719602142
1995-05-24,0.0037757275568779,0.7033989890393926
1995-05-25,-0.0037757275568787,0.6776869611883276
1995-05-26,-0.938956605875323,0.6539515734673004
1995-05-30,-0.0133699992453386,0.6998528099738721
1995-05-31,1.8581788668994963,0.6745396471168528
1995-06-01,0.0168650599950344,0.8505044079405026
1995-06-02,-0.1838613029678148,0.8143054270141413
1995-06-05,0.5785873145544493,0.7838278489043828
1995-06-06,-0.009333481718539,0.7688544890869918
1995-06-07,-0.4528927392920275,0.7384919656665486
1995-06-08,-0.1464184124578895,0.7264778720783654
1995-06-09,-0.8318476389765487,0.7015335575089817
1995-06-12,0.5553370689736676,0.7272035768327916
1995-06-13,0.969140133039877,0.7159641921428624
1995-06-14,0.0783170379806642,0.7430539798370409
1995-06-15,0.1210936231128011,0.7143274985684115
1995-06-16,0.5032782695747924,0.687951734591219
1995-06-19,0.9935022364522772,0.6771163734344223
1995-06-20,-0.0440268297560617,0.7127471007646529
1995-06-21,-0.1836615333837266,0.6868168192099565
1995-06-22,1.2949410547118658,0.6660620943742449
1995-06-23,-0.2470949703531198,0.7451789854815819
1995-06-26,-1.0202708544586878,0.7220382811627554
1995-06-27,-0.3129166540303165,0.7673595151395065
1995-06-28,0.423119187823367,0.7451913780696533
1995-06-29,-0.1579984475016604,0.7250007282541433
1995-06-30,0.1616735092946447,0.7004818293375522
1995-07-03,0.4286397971731447,0.6756169505798362
1995-07-05,0.0310655468241451,0.6616740250109003
1995-07-06,1.2222591150352136,0.6389548965559005
1995-07-07,0.4286913359834591,0.7124647223690852
1995-07-10,0.1472767474111587,0.695304393582454
1995-07-11,-0.4334607676688424,0.6706288762716603
1995-07-12,1.0953142409540046,0.6638362757442745
1995-07-13,0.0196071540844044,0.7146287949289905
1995-07-14,-0.1980543496485562,0.688000751043631
1995-07-17,0.5041754636489267,0.667636158938281
1995-07-18,-0.759908178504175,0.6587800696672191
1995-07-19,-1.3484559472374449,0.6824159350331316
1995-07-20,0.4635501826791691,0.7835635390542333
1995-07-21,0.0144544766653427,0.762144341331839
1995-07-24,0.5422233083177079,0.7321081598040431
1995-07-25,0.7998344163947383,0.7195792871668436
1995-07-26,0.0908533492088667,0.7285993712185536
1995-07-27,0.6407351317851802,0.700968962734704
1995-07-28,-0.4059710582493687,0.6983834779868876
1995-07-31,-0.1546672056058648,0.6871560377099196
1995-08-01,-0.4314855377405972,0.6654822398134722
1995-08-02,-0.1502140502109977,0.6590652396655238
1995-08-03,-0.0089459609946917,0.6394993625780852
1995-08-04,0.0339991308540702,0.6187354471169866
1995-08-07,0.1948268799593499,0.5993345223585523
1995-08-08,0.0642590010585714,0.5830307790055553
1995-08-09,-0.1214164337266454,0.5664773039674648
1995-08-10,-0.4045996597667954,0.553825037723651
1995-08-11,-0.420656919395095,0.5572886087303319
1995-08-14,0.8306106836594749,0.5615884134515454
1995-08-15,-0.2092413265692063,0.5954727507321439
1995-08-16,0.250319905845468,0.583366544858079
1995-08-17,-0.1662170905544816,0.5699160042614342
1995-08-18,0.0304125100153189,0.5584218521506944
1995-08-21,-0.1969063418368256,0.5439425672546706
1995-08-22,0.252325889900659,0.5360516942745083
1995-08-23,-0.4262727085868875,0.5269001860871689
1995-08-24,0.0574210160590967,0.5352388255334831
1995-08-25,0.4724504330089422,0.5226912367352914
1995-08-28,-0.1876402868964472,0.5268060172485763
1995-08-29,0.1697890971130176,0.5201558546625058
1995-08-30,0.1641478661730345,0.5101466368184636
1995-08-31,0.1710050261917848,0.500930333366399
1995-09-01,0.3482258284507037,0.4927086304633626
1995-09-05,0.9408558311805016,0.4921390534683456
1995-09-06,0.1755402753850773,0.553344738596331
1995-09-07,0.0210432845940016,0.5405202239712237
1995-09-08,0.4182118853806948,0.5276076605488528
1995-09-11,0.2145459104326669,0.5274639559316068
1995-09-12,0.4520159744577665,0.5179028919692154
1995-09-13,0.3912493233253902,0.5210962286756757
1995-09-14,0.8327730641202732,0.519982919513664
1995-09-15,-0.0445619007731487,0.5610266169713614
1995-09-18,-0.0994676542606881,0.5470919738730109
1995-09-19,0.2450779973159774,0.5355381666978711
1995-09-20,0.4389542654640759,0.5261865445594238
1995-09-21,-0.6445767153083664,0.5275554336164661
1995-09-22,-0.2180797362281202,0.5574583395455153
1995-09-25,0.0137540766077697,0.5492260924934904
1995-09-26,-0.0687788105271404,0.5356139225008003
1995-09-27,-0.0636578167187333,0.5243443329640198
1995-09-28,0.8278350146677198,0.513971847777866
1995-09-29,-0.2495168284075526,0.5554274846393079
1995-10-02,-0.4613563397426127,0.5489034127594862
1995-10-03,0.1065333766795224,0.5575036578039783
1995-10-04,-0.1495186183756952,0.543296037436391
1995-10-05,0.1993015356066006,0.5336173399736637
1995-10-06,-0.0240343740899241,0.5230848197879882
1995-10-09,-0.7098207308091834,0.5121335294773925
1995-10-10,-0.1470686187038828,0.5524759478979567
1995-10-11,0.3353565645013006,0.541877155371087
1995-10-12,0.6261983063589982,0.5356315460514222
1995-10-13,0.2398124553439976,0.551161272835119
1995-10-16,-0.2518087660217989,0.5402183354120027
1995-10-17,0.64113192013684,0.5353096058343938
1995-10-18,0.112410484609109,0.5523280978258049
1995-10-19,0.5449549429392706,0.5386155029072652
1995-10-20,-0.5415470731910466,0.5465158090295198
1995-10-23,-0.4093794094680189,0.5627322667419545
1995-10-24,0.2526427597808559,0.5655516169343585
1995-10-25,-0.6963197829979335,0.5537402319385809
1995-10-26,-0.9920802372805172,0.5855892887516994
1995-10-27,0.5153920105993908,0.6512742954761516
1995-10-30,0.6105161498354877,0.6447331082272596
1995-10-31,-0.3004938942820237,0.6457865612443562
1995-11-01,0.4666602113008625,0.63341352803855
1995-11-02,0.937022423059307,0.6255268073949163
1995-11-03,0.1440386318419086,0.6622475748330757
1995-11-06,-0.3579192304946276,0.6400398869173377
1995-11-07,-0.3643264206353691,0.631399149091874
1995-11-08,0.9150959020873052,0.6239810418633508
1995-11-09,0.2616080804489054,0.6582752743384216
1995-11-10,-0.0910705254251442,0.6389093292617094
1995-11-13,-0.0708820007172589,0.6194545234898923
1995-11-14,-0.5094857545744824,0.601151608505194
1995-11-15,0.7893628893721583,0.6076123863933981
1995-11-16,0.5674496455845845,0.6299614354600968
1995-11-17,0.4559816806193218,0.6292816265041631
1995-11-20,-0.5380542647202085,0.6211499024120364
1995-11-21,0.5663774331747475,0.6277229966685197
1995-11-22,-0.3070091508771463,0.627201998045626
1995-11-24,0.2620137676369026,0.6168746261383947
1995-11-27,0.2247645804331182,0.6009339172319098
1995-11-28,0.8495053943690082,0.5852345567333992
1995-11-29,0.1960320563002117,0.6176711169607131
1995-11-30,-0.3742792166489646,0.5998880613433627
1995-12-01,0.2655976129690454,0.5962479109494602
1995-12-04,1.0977798306364357,0.5821821157453144
1995-12-05,0.6496904426808056,0.6483801034526673
1995-12-06,0.4039234531575907,0.652231966593162
1995-12-07,-0.6486874924441486,0.6391073654297246
1995-12-08,0.2123775932992717,0.653757449317828
1995-12-11,0.3298368491519789,0.6334453227851491
1995-12-12,-0.1195171272359933,0.6185741594354394
1995-12-13,0.4691735242332859,0.6014493196985627
1995-12-14,-0.7702251991020309,0.5968757118776439
1995-12-15,-0.094052526287552,0.6307912302452529
1995-12-18,-1.558307968088935,0.6120522912006233
1995-12-19,0.8402161706757257,0.7687120994944977
1995-12-20,-0.9836909620882982,0.7757540775024667
1995-12-21,0.7480922108210949,0.8084015138601051
1995-12-22,0.2388702372252965,0.8031668194523508
1995-12-26,0.3832788522325802,0.7722029362086539
1995-12-27,0.037440736862582,0.7480828158606145
1995-12-28,-0.0667454827269316,0.7189715739715893
1995-12-29,0.2942967981676938,0.6929090797439973
1996-01-02,0.7762864492984379,0.6717935995411229
1996-01-03,0.0950085593414938,0.6843643151321058
1996-01-04,-0.5843336443940845,0.6600191304771115
1996-01-05,-0.1603989629402813,0.6661081684623633
1996-01-08,0.283361983968536,0.6462796521043935
1996-01-09,-1.467562154277542,0.6285865498680344
1996-01-10,-1.8163856202040511,0.7635795762203168
1996-01-11,0.7009897470153215,0.9271384399259149
1996-01-12,-0.1461195582211414,0.9072530488992989
1996-01-15,-0.3312154399493833,0.8692687252862572
1996-01-16,1.426868603827035,0.839867051366133
1996-01-17,-0.3407955699786041,0.9058469117288281
1996-01-18,0.3079172108312443,0.8740663773020438
1996-01-19,0.5884969214859646,0.839753120484829
1996-01-22,0.256279740186544,0.820434061478243
1996-01-23,-0.0995027582735179,0.7886263826419228
1996-01-24,1.1632731372278504,0.7580459261034885
1996-01-25,-0.4737302700786854,0.8022865677516388
1996-01-26,0.7411273142910609,0.7857772438986363
1996-01-29,0.4173857689270918,0.7823125603437249
1996-01-30,0.9455101624457064,0.7588326499962836
1996-01-31,0.927211506836138,0.7775614527888025
1996-02-01,0.382902100166431,0.792022348713849
1996-02-02,-0.411205949712484,0.7663314615356809
1996-02-05,0.8753045831763827,0.749280107129691
1996-02-06,0.7610188273605749,0.7620191958539505
1996-02-07,0.5554417808488898,0.7627322195574132
1996-02-08,0.940284821860266,0.7482255190836447
1996-02-09,0.0457145161127463,0.7677789165662361
1996-02-12,0.7709766470100767,0.7372510117567241
1996-02-13,-0.1422134685178386,0.7415773139631935
1996-02-14,-0.749191261188721,0.7153829103979078
1996-02-15,-0.6519281925068309,0.7304049597129784
1996-02-16,-0.5141282604525849,0.7344172141305843
1996-02-20,-1.1376477472832591,0.7269579811910786
1996-02-21,1.156164369960717,0.7871897844006899
1996-02-22,1.6466078841211311,0.8260713022598203
1996-02-23,0.0333902514405716,0.9273921283452766
1996-02-26,-1.316511043764227,0.8859823085073509
1996-02-27,-0.4962685237933032,0.9437509550519108
1996-02-28,-0.38545086820482,0.9165402029143281
1996-02-29,-0.6722830451104983,0.8858904421843629
1996-03-01,0.6133273396279159,0.8753625975556618
1996-03-04,0.994464947261759,0.8544606474747272
1996-03-05,0.762284505802489,0.8663148165526523
1996-03-06,-0.5796020310617729,0.8564110504401089
1996-03-07,0.2527515431574838,0.8419299322121785
1996-03-08,-3.131207759703415,0.8085057106897671
1996-03-11,1.023945662087681,1.2386592505418197
1996-03-12,-0.4588481352536007,1.2137309827811076
1996-03-13,0.2288986795938678,1.1644969515459278
1996-03-14,0.3626658795488908,1.1091767545204114
1996-03-15,0.0873426810458273,1.0602005588996475
1996-03-18,1.7340987810966066,1.0102165089385584
1996-03-19,-0.1472042759168365,1.0899999415149548
1996-03-20,-0.2627429346688917,1.0398559483383363
1996-03-21,-0.121612742766227,0.995747521920171
1996-03-22,0.2200311207628763,0.9513296555362898
1996-03-25,-0.0891881260694903,0.9097284052324773
1996-03-26,0.4497275891120457,0.870544713375809
1996-03-27,-0.6237150729026665,0.8415456628589439
1996-03-28,0.0046275451624225,0.8316528934090203
1996-03-29,-0.5315055982821708,0.79680476341229
1996-04-01,1.266918201361114,0.7845628203307725
1996-04-02,0.2337726040818852,0.8380467785103067
1996-04-03,0.0945734485213897,0.8044861916039201
1996-04-04,-0.0030523627244121,0.7714788320598075
1996-04-08,-1.7876016870172622,0.7408832073371252
1996-04-09,-0.3187098466120522,0.9051468764279292
1996-04-10,-1.3624214101610128,0.8725269162097127
1996-04-11,-0.3668928013614054,0.9387905365567936
1996-04-12,0.872325564571828,0.9056292819732722
1996-04-15,0.903690985296582,0.9005914926298377
1996-04-16,0.3899079549508751,0.898757955122716
1996-04-17,-0.5269697160766305,0.8652739211007764
1996-04-18,0.3112310203704694,0.8465113892181514
1996-04-19,0.2265919554346971,0.8142749286548214
1996-04-22,0.4362102072562324,0.7822539827015016
1996-04-23,0.5679257342418794,0.7596309354971639
1996-04-24,-0.2166367937232093,0.7461885573218806
1996-04-25,0.4144179943483044,0.7218608623830199
1996-04-26,0.0903335126457154,0.7032102597080656
1996-04-29,0.1070572859609758,0.677437574504172
1996-04-30,0.0015301592046942,0.6536935511588363
1996-05-01,0.0626604306557461,0.6317434737441688
1996-05-02,-1.7258297649538468,0.6112996676808382
1996-05-03,-0.2723715875493215,0.8014874256995294
1996-05-06,-0.1278823858286281,0.7749162217547636
1996-05-07,-0.3987258174647627,0.7459100281181499
1996-05-08,1.0147955206271062,0.7299422660605263
1996-05-09,0.1038564201125939,0.7602952576009725
1996-05-10,1.0250371845556066,0.7304557007403785
1996-05-13,1.4342484967399365,0.761931785876411
1996-05-14,0.6163737465868881,0.8432406916909382
1996-05-15,-0.0270458268832858,0.8253278989276591
1996-05-16,-0.0856979976828594,0.7911537877368728
1996-05-17,0.6088067200728147,0.7601478695469479
1996-05-20,0.6318741911343543,0.7493491797649736
1996-05-21,-0.0579555318631526,0.7412076908314256
1996-05-22,0.8377871609558657,0.7133744458002996
1996-05-23,-0.3573463941589904,0.7268233308651592
1996-05-24,0.3706155909616025,0.7102471054892413
1996-05-28,-0.9298717137329496,0.6906023825204646
1996-05-29,-0.6417148154214536,0.7294565504820073
1996-05-30,0.5628463785120766,0.7326778945038821
1996-05-31,-0.3848421503252613,0.7214109841531907
1996-06-03,-0.2154403069316077,0.7068284548026708
1996-06-04,0.7282317323433285,0.6855655543818797
1996-06-05,0.8704725405175756,0.6919898535216498
1996-06-06,-0.800609989812231,0.7115319630679401
1996-06-07,0.0415895331297782,0.7324132664612821
1996-06-10,-0.1709476568283696,0.7044235100406591
1996-06-11,-0.1771984547339063,0.681874205763865
1996-06-12,-0.2880566688546658,0.6613056078918274
1996-06-13,-0.1675435932121164,0.6469266360289998
1996-06-14,-0.3103997016938339,0.6288825271144254
1996-06-17,-0.1036810436880272,0.6185819002843834
1996-06-18,-0.4671390261810985,0.6010564244658608
1996-06-19,-0.0151018239381185,0.6040429301120002
1996-06-20,0.0211400713049996,0.586149128921001
1996-06-21,0.7133612295440258,0.5694156843929362
1996-06-24,0.300960588748196,0.5890466766796896
1996-06-25,-0.0553334089246589,0.5769032352199801
1996-06-26,-0.6137100650968991,0.5618120722929376
1996-06-27,0.6241821301881213,0.5832455320127365
1996-06-28,0.3106406567987179,0.5925333937867913
1996-07-01,0.7797976347130573,0.5804676351053516
1996-07-02,-0.3364266039374149,0.6056331739792081
1996-07-03,-0.1797848834154979,0.5990345051565257
1996-07-05,-2.249992899469372,0.585463890348059
1996-07-08,-0.7481102521201034,0.9009795190942673
1996-07-09,0.3381077060418507,0.8949710342680387
1996-07-10,0.1998761067063405,0.8600447129340751
1996-07-11,-1.5963733575100243,0.8243207007854612
1996-07-12,0.0805071083915644,0.9350737570689118
1996-07-15,-2.569129267916905,0.8931737839191569
1996-07-16,-0.2273132106076917,1.1672125998928589
1996-07-17,0.9030212809783354,1.1137057056699584
1996-07-18,1.4855889001001406,1.0911667474451252
1996-07-19,-0.753345969438509,1.1263485634298065
1996-07-22,-0.7795655884437983,1.0997158662603024
1996-07-23,-1.0946968587004076,1.077236853256042
1996-07-24,-0.0350964806234559,1.0836245384315217
1996-07-25,0.7187002791409883,1.0324504314526048
1996-07-26,0.7466143857701891,1.0046703121780278
1996-07-29,-0.7878177608901514,0.9810015349184089
1996-07-30,0.6871200225551185,0.9702250754471122
1996-07-31,0.7355688093838741,0.9457312704201383
1996-08-01,1.56130943174637,0.926502693016239
1996-08-02,1.90022869718044,0.9963643024367503
1996-08-05,-0.341721908632525,1.103286491895657
1996-08-06,0.3251187170408119,1.057338604314277
1996-08-07,0.2683627119360005,1.0108512039602724
1996-08-08,-0.2366605648104882,0.9661785058558691
1996-08-09,-0.0739873164262011,0.9263889684800825
1996-08-12,0.5527729828818033,0.8858681160527991
1996-08-13,-0.8401456976948054,0.8606429560112119
1996-08-14,0.27982254385426,0.8671430561675761
1996-08-15,0.0347408128263073,0.8325783169081452
1996-08-16,0.4414341833896964,0.7975493513970611
1996-08-19,0.2057374751644524,0.7739300669612289
1996-08-20,-0.1336087681609762,0.7443992576551016
1996-08-21,-0.0931791093053889,0.7177818744376356
1996-08-22,0.8399802862345962,0.6922766489494794
1996-08-23,-0.5457045812236283,0.7086121258402993
1996-08-26,-0.4733648729304059,0.7061420720013165
1996-08-27,0.3788709880899779,0.6985861027602894
1996-08-28,-0.2388845614680018,0.6802669832478133
1996-08-29,-1.1208583506279668,0.6620730467254521
1996-08-30,-0.8263488959882326,0.731849970653823
1996-09-03,0.4178409168485683,0.7527952921194134
1996-09-04,0.1358459037275627,0.7317319359441211
1996-09-05,-0.945562076346366,0.7042267323485688
1996-09-06,0.956239703028231,0.7429158175894931
1996-09-09,1.2247799188495854,0.7648849603641302
1996-09-10,0.007530720446625,0.8160089802707599
1996-09-11,0.5213831565195047,0.782225187251088
1996-09-12,0.5782903471831141,0.7639821845381628
1996-09-13,1.3893873075425676,0.7508020070870388
1996-09-16,0.5042080488151711,0.8275360286998581
1996-09-17,-0.1521637317484591,0.8045435948394785
1996-09-18,-0.2154824922169359,0.7739478962250192
1996-09-19,0.2242672936760215,0.7474445437081206
1996-09-20,0.588314246319284,0.7202307239751999
1996-09-23,-0.0800938986420197,0.711861993231149
1996-09-24,-0.1268131471624218,0.6865558779855127
1996-09-25,0.0320876946534333,0.6641804080507469
1996-09-26,0.0043695385502731,0.6412674957080058
1996-09-27,0.0481056957318214,0.6202559267743435
1996-09-30,0.1659990235320854,0.600708346259232
1996-10-01,0.2542848278510868,0.5837137350043391
1996-10-02,0.7128984317072009,0.570360351535916
1996-10-03,-0.1773852936091371,0.5898138542520884
1996-10-04,1.2451377810851494,0.5769624218232494
1996-10-07,0.2676546041876552,0.6673287730719092
1996-10-08,-0.3846230652522107,0.6474159535106123
1996-10-09,-0.5581924067616052,0.6397067899255786
1996-10-10,-0.30617839999553,0.6458641852706701
1996-10-11,0.8672193754103861,0.6337787062539711
1996-10-14,0.4101992623966562,0.6610121942693369
1996-10-15,-0.1379651474047497,0.6474210123999027
1996-10-16,0.2615484079021518,0.6284438117827232
1996-10-17,0.365597283622572,0.611520569117438
1996-10-18,0.5402735786612628,0.600182767600443
1996-10-21,-0.13655977823108,0.6006745580967716
1996-10-22,-0.4631358162256841,0.5855252990299539
1996-10-23,0.0990228386429311,0.5899526252570484
1996-10-24,-0.7066123093273048,0.5729929546065755
1996-10-25,-0.1952659389011543,0.6030741878620584
1996-10-28,-0.5235350989647959,0.5897347128526378
1996-10-29,0.6062517073963265,0.598779341613045
1996-10-30,-0.0855641203789586,0.6046674695809251
1996-10-31,0.621547757260868,0.5878688713224643
1996-11-01,-0.2129109925984204,0.5963641879225567
1996-11-04,0.4197044002153441,0.5843312967130759
1996-11-05,1.0430372074586531,0.5784377967456151
1996-11-06,1.4526972649003154,0.63739389143363
1996-11-07,0.4214182200171871,0.7485313905863773
1996-11-08,0.4347004508774593,0.7279846190348742
1996-11-11,0.1435694469191252,0.7097968281379802
1996-11-12,-0.3161286539843702,0.6839939426497836
1996-11-13,0.214967984472333,0.6690159043439861
1996-11-14,0.6475779398809447,0.647561861613792
1996-11-15,0.2361711629635909,0.6513286567483345
1996-11-18,-0.0813724859062076,0.6318017467367834
1996-11-19,0.6949761795969716,0.6127127444792768
1996-11-20,0.2409027522644936,0.6248494560882225
1996-11-21,-0.1614330339391998,0.6076072406365344
1996-11-22,0.8018897459044055,0.5926549868686604
1996-11-25,1.102450966907913,0.6185030996464335
1996-11-26,-0.1414427678105945,0.6783834631624016
1996-11-27,-0.1270744543709586,0.6570302081904748
1996-11-29,0.2671949718856939,0.6369865900432449
1996-12-02,-0.0607859487607839,0.6195330879630814
1996-12-03,-1.1004560847281435,0.601039516081829
1996-12-04,-0.4258873839466499,0.6800394205890342
1996-12-05,-0.0966741102450349,0.6718221421058055
1996-12-06,-0.6442197187925639,0.6498950913819967
1996-12-09,1.364370184128234,0.66274361778607
1996-12-10,-0.2965382198890601,0.7534382876782232
1996-12-11,-0.9151626086438648,0.7316707615721421
1996-12-12,-1.5551006806926275,0.7626113147873588
1996-12-13,-0.0905350272995412,0.8801232653465064
1996-12-16,-1.0568432419876472,0.8429762389858659
1996-12-17,0.6993708902772721,0.8746722902376903
1996-12-18,0.7546791626866717,0.85940415710791
1996-12-19,1.925197463034967,0.8495957509596891
1996-12-20,0.4161551460576541,0.992005203317311
1996-12-23,-0.2607335709411764,0.9527246419093113
1996-12-24,0.5487575242436837,0.914605146694748
1996-12-26,0.6357625569798669,0.8868480243319757
1996-12-27,0.1282512802998986,0.8663249815583156
1996-12-30,-0.3892398246602011,0.8292878923398296
1996-12-31,-1.754370349139896,0.805734590046765
1997-01-02,-0.5048199479046716,0.9474252808296163
1997-01-03,1.484164941881509,0.9203898190112457
1997-01-06,-0.0508136603207573,0.9807156641500696
1997-01-07,0.7435613433971238,0.9363238911628476
1997-01-08,-0.641967985233394,0.9184883553526221
1997-01-09,0.8568101404922306,0.9026465018453813
1997-01-10,0.6141300365015303,0.8966248739363485
1997-01-13,0.0013179328063465,0.8739561659759775
1997-01-14,1.2235377899262665,0.8362420019228703
1997-01-15,-0.216133978277934,0.8760902527053661
1997-01-16,0.3318247324235342,0.8420628109005764
1997-01-17,0.8305759532583463,0.8107764278528483
1997-01-20,0.0682644804941272,0.8122081606388243
1997-01-21,0.7720804487045008,0.7785767246915429
1997-01-22,0.4474350018381982,0.778440958233357
1997-01-23,-1.1088537293479577,0.756658790208133
1997-01-24,-0.90951714119835,0.8079255617243138
1997-01-27,-0.7163634136078026,0.8278368221325881
1997-01-28,0.0,0.8267813949334338
1997-01-29,0.9730005965879972,0.7922963506154317
1997-01-30,1.499380301396969,0.8096264911546983
1997-01-31,0.2534488107991344,0.8915567864531779
1997-02-03,0.0724789865765733,0.854668182831203
1997-02-04,0.3210720227920032,0.8181309757241234
1997-02-05,-1.40094157412687,0.7882708690597039
1997-02-06,0.2399845934974205,0.8755920025318047
1997-02-07,1.198958500142404,0.839528860887288
1997-02-10,-0.5244495996344498,0.8759048481180293
1997-02-11,0.528252822433354,0.8560532268893399
1997-02-12,1.6554413935318537,0.8319692860898117
1997-02-13,1.1210378387313058,0.9334766377437943
1997-02-14,-0.4122732347686971,0.9486537046919099
1997-02-18,0.9613739680816438,0.9167735191647529
1997-02-19,-0.4666062649961008,0.9183345271211505
1997-02-20,-1.1997992699852418,0.8915725497123137
1997-02-21,-0.1283793662448065,0.9334627326563006
1997-02-24,1.0558095047922569,0.8933350786543693
1997-02-25,0.21574182684799,0.9066931444939349
1997-02-26,-0.7850689121407897,0.8680344074738036
1997-02-27,-1.3256461944521352,0.8686520393845285
1997-02-28,-0.5359779221720753,0.9305095837936342
1997-03-03,0.5661581602862136,0.9066794273053329
1997-03-04,-0.5497202607812356,0.880474668094502
1997-03-05,1.3861356706138728,0.8618206521836511
1997-03-06,-0.4286024120067983,0.9185544298900192
1997-03-07,0.7994870584354343,0.889807280515592
1997-03-10,1.072535486383785,0.880470776395097
1997-03-11,-0.2843093239616044,0.8971324028883035
1997-03-12,-0.8764622743737379,0.8638107544852871
1997-03-13,-1.844678694619995,0.8734447681306443
1997-03-14,0.4561727718855447,1.0148178138499726
1997-03-17,0.3197272567469615,0.9753706713946142
1997-03-18,-0.7632386403616276,0.9342930886917421
1997-03-19,-0.493828546696671,0.9261602240749763
1997-03-20,-0.3978525070087459,0.9002519507888128
1997-03-21,0.1850903572129809,0.871445166293436
1997-03-24,0.8622380042943973,0.8347078279778389
1997-03-25,-0.2303866052212753,0.8363231512887341
1997-03-26,0.1810610558334194,0.8056310282780992
1997-03-27,-2.124882752971888,0.7734133061153164
1997-03-31,-2.189507421903289,0.9939891039895734
1997-04-01,0.3322901228663326,1.1670985553358575
1997-04-02,-1.2624813215305488,1.1135569038186925
1997-04-03,0.0279949048010384,1.1328209361808146
1997-04-04,1.0051691068615216,1.0782276991606188
1997-04-07,0.5565668186074084,1.0668654757169216
1997-04-08,0.5221657844197678,1.0278046006559247
1997-04-09,-0.723124566529686,0.9901052048496535
1997-04-10,-0.2975694095150356,0.9735055600856474
1997-04-11,-2.7662378839925483,0.935130921807488
1997-04-14,0.8208549020106146,1.2367526837705856
1997-04-15,1.4668741236983385,1.1985173871759078
1997-04-16,1.1605674270145214,1.2178063142599376
1997-04-17,-0.2307756494323866,1.2056406935807935
1997-04-18,0.5981272042004251,1.1497267767395785
1997-04-21,-0.7820820040727962,1.10646022752084
1997-04-22,1.855450748072455,1.0835591357625343
1997-04-23,-0.1252989930603198,1.167905747129961
1997-04-24,-0.3184868192287973,1.1124166141778928
1997-04-25,-0.7562429200959538,1.0650693566933869
1997-04-28,0.9867958581018854,1.044030087366571
1997-04-29,2.691908695079189,1.0345357026718696
1997-04-30,0.9138943749608056,1.270134541254214
1997-05-01,-0.3512785850729343,1.2349272419048942
1997-05-02,1.7921598378717092,1.1803728706322982
1997-05-05,2.108083843092293,1.2405326123650209
1997-05-06,-0.3051741797699654,1.3338530883830995
1997-05-07,-1.4774714856905702,1.2715174730815817
1997-05-08,0.5672820840037526,1.2945022047717876
1997-05-09,0.5495344549492007,1.2397393185882721
1997-05-12,1.5495538541532872,1.1880602312112665
1997-05-13,-0.5422559892360349,1.217755741719232
1997-05-14,0.3486734272059055,1.1718743279528194
1997-05-15,0.6961059522659069,1.1184098612267892
1997-05-16,-1.4513041470778385,1.082400775968727
1997-05-19,0.4233292139233314,1.1275037002312773
1997-05-20,1.0018357570843552,1.0790684474552499
1997-05-21,-0.2748346628606092,1.0673505036843751
1997-05-22,-0.4405954022574614,1.021723690417451
1997-05-23,1.3514348079924945,0.9856089605132524
1997-05-27,0.3158992919941662,1.0194943447845526
1997-05-28,-0.2946516917708553,0.9753184959815602
1997-05-29,-0.3701326660590704,0.9367145844366909
1997-05-30,0.4963507427112952,0.9038486751765328
1997-06-02,-0.2266020807145406,0.8743697755054849
1997-06-03,-0.1040293384662264,0.8407808261313102
1997-06-04,-0.6371672107388571,0.8065852157170688
1997-06-05,0.394408409818504,0.8012078617872039
1997-06-06,1.7138863506763382,0.7752615774728877
1997-06-09,0.5694601340086993,0.8986741447745437
1997-06-10,0.27312523739792,0.8733008924795682
1997-06-11,0.4957225487179693,0.8381367891249649
1997-06-12,1.5847196114797,0.8138464989912216
1997-06-13,1.1042867536632055,0.9079493232351218
1997-06-16,0.0705030739568672,0.9245214248899899
1997-06-17,0.0581504997557725,0.8832959398604412
1997-06-18,-0.6010722349261277,0.8448050548323062
1997-06-19,0.9994199453799778,0.8329316472337148
1997-06-20,0.0790366739563109,0.8479101405328396
1997-06-23,-2.259679903471987,0.8118497177994165
1997-06-24,1.9967346030936983,1.0479026962166254
1997-06-25,-0.8233859371898345,1.1597001716621667
1997-06-26,-0.599097800707257,1.135010881138285
1997-06-27,0.4088132219228614,1.098241232021318
1997-06-30,-0.2437288947225933,1.0513383293694158
1997-07-01,0.663228868087667,1.0059136999915177
1997-07-02,1.448444827177715,0.9770330104985325
1997-07-03,1.4157630719942238,1.0239134983054177
1997-07-07,-0.5160931149592495,1.0600914954955838
1997-07-08,0.7154772867478499,1.0247323877240195
1997-07-09,-1.2276432435649287,0.9973983190745087
1997-07-10,0.6852256232177778,1.027712301452141
1997-07-11,0.3168565027752945,0.9983271940131654
1997-07-14,0.1852814290134076,0.9556080987793748
1997-07-15,0.8003778695073349,0.9131976304783508
1997-07-16,1.163061611306602,0.901652007509003
1997-07-17,-0.533139200011912,0.9253438210219377
1997-07-18,-1.7662389395394162,0.9017800488149583
1997-07-21,-0.2581703359494773,1.023665586746662
1997-07-22,2.278484011689948,0.98053174762725
1997-07-23,0.2758581753143315,1.1537255967610047
1997-07-24,0.3985374736334248,1.0998706607326112
1997-07-25,-0.1607171682166361,1.0525422229526853
1997-07-28,-0.249564540750872,1.005094950306561
1997-07-29,0.621691629521538,0.9629865750110851
1997-07-30,1.0556527672285798,0.9352456159740967
1997-07-31,0.2118976516259916,0.943629212318402
1997-08-01,-0.754163070029517,0.9024100522150444
1997-08-04,0.3330778377057642,0.8967559330564397
1997-08-05,0.2175898247748144,0.8615502331750289
1997-08-06,0.831296025928697,0.8260287683475527
1997-08-07,-0.9552735027023392,0.8258681015534479
1997-08-08,-1.8730046833824936,0.8483928643345908
1997-08-11,0.3699494220415932,1.0006710797237786
1997-08-12,-1.1236825492783729,0.9592712722466368
1997-08-13,-0.4879520267233841,0.9829110189552499
1997-08-14,0.2978142587287486,0.9521149784802458
1997-08-15,-2.625072320877974,0.9120757691803253
1997-08-18,1.2882759933403127,1.191689527851537
1997-08-19,1.4707928479540038,1.1937156066656154
1997-08-20,1.430307645307315,1.214011951776937
1997-08-21,-1.534034381339454,1.2276036697600285
1997-08-22,-0.163368851869591,1.2625605490469505
1997-08-25,-0.366654961104575,1.2017085328655996
1997-08-26,-0.7789731227795382,1.1498843161583672
1997-08-27,0.074449581257689,1.1229590638137805
1997-08-28,-1.1038072776654055,1.0689757187726363
1997-08-29,-0.4658562186928209,1.0771987043430797
1997-09-02,3.0773394154381086,1.0381051998124424
1997-09-03,0.0301780993699726,1.3493417099061744
1997-09-04,0.3238783931430523,1.2814247272666028
1997-09-05,-0.1957081941001104,1.22037994802463
1997-09-08,0.2311544546597008,1.1627777643458481
1997-09-09,0.2595407877540103,1.107599590525556
1997-09-10,-1.5750700084267186,1.0564155664008599
1997-09-11,-0.7032057721623179,1.1213262241941928
1997-09-12,1.2327895075400197,1.0918281991637853
1997-09-15,-0.4490975210343954,1.0996283172720736
1997-09-16,2.7738302409293443,1.05813352949312
1997-09-17,-0.2795679798640682,1.3029607568562966
1997-09-18,0.453897067907694,1.2419555415726538
1997-09-19,0.3393439613233641,1.186802945313472
1997-09-22,0.5162800331761962,1.1321467200381206
1997-09-23,-0.3669998275421972,1.0866802500630417
1997-09-24,-0.7857004169097512,1.0427928543369185
1997-09-25,-0.6980523870772565,1.0259516940366127
1997-09-26,0.7763706694839941,1.0043218247182795
1997-09-29,0.8553962661127589,0.9826586912419247
1997-09-30,-0.6376885348138799,0.9686628815257785
1997-10-01,0.8545788662355719,0.9479983144698401
1997-10-02,0.5271819629659477,0.9372758361862475
1997-10-03,0.474686005509299,0.9066592024444233
1997-10-06,0.7906212373252064,0.8759788296052229
1997-10-07,1.066575133926564,0.867313920932343
1997-10-08,-0.9484136331471934,0.884994915667202
1997-10-09,-0.3312009139174544,0.8993055081410121
1997-10-10,-0.3757245021100295,0.8676228402686719
1997-10-13,0.115756998954637,0.8403331965529971
1997-10-14,0.2249357323776058,0.8049751903707857
1997-10-15,-0.4710813044136259,0.7735851649727016
1997-10-16,-1.0900820460122425,0.7594979684809456
1997-10-17,-1.1677471461919935,0.8078368188879046
1997-10-20,1.2054249832476285,0.8585435116526852
1997-10-21,1.7293994255633434,0.892963158615463
1997-10-22,-0.390571148803024,0.9937595029591578
1997-10-23,-1.8550108152736204,0.9575086196554753
1997-10-24,-0.9564987828747108,1.0820324667007009
1997-10-27,-7.112747282045278,1.0751886472231664
1997-10-28,4.988691536939769,2.4032686357199466
1997-10-29,-0.2922313763299033,2.7225671255915214
1997-10-30,-1.6984872949444494,2.577141798859777
1997-10-31,1.20333658094066,2.4951055200860877
1997-11-03,2.629614599486132,2.386113863560392
1997-11-04,0.1883250490101433,2.3891545282725577
1997-11-05,0.2123684092479198,2.2609322691740252
1997-11-06,-0.5029791037180465,2.1402143436768157
1997-11-07,-1.1278376046065255,2.032899371857209
1997-11-10,-0.6902404105233197,1.9578232594823768
1997-11-11,0.2872797250286621,1.8676839628741055
1997-11-12,-1.94788005571332,1.7705183143840229
1997-11-13,1.1741420730289842,1.7840836004089449
1997-11-14,1.2672190613441885,1.7242226212362526
1997-11-17,1.9045185543017085,1.6749865892673783
1997-11-18,-0.8458875407656602,1.684057381282684
1997-11-19,0.6755898654660725,1.6193433899813279
1997-11-20,1.5119199896762394,1.546849944233676
1997-11-21,0.4276694017896468,1.5323630543981674
1997-11-24,-1.7196347704706607,1.457886073344979
1997-11-25,0.4374232330711763,1.4843177017606135
1997-11-26,0.0862049520651217,1.4130833798766966
1997-11-28,0.3943299103143221,1.3413397438447512
1997-12-01,2.007143926092963,1.278080252466909
1997-12-02,-0.3175041158971682,1.351404026332295
1997-12-03,0.5224705178314841,1.288266715035015
1997-12-04,-0.3764403050906317,1.2322869746789034
1997-12-05,1.0925610568273745,1.178728623458418
1997-12-08,-0.144442281038583,1.1647242419881048
1997-12-09,-0.6730833304406958,1.1097356431155043
1997-12-10,-0.6157650635921362,1.0793081875691097
1997-12-11,-1.5431016718053894,1.047911620121727
1997-12-12,-0.1624444535203889,1.1099179546060296
1997-12-15,1.043426013955043,1.058762190797256
1997-12-16,0.4815056595955856,1.0525814215696798
1997-12-17,-0.2585878474017106,1.0114043186297856
1997-12-18,-1.0662093067033722,0.9691257545901704
1997-12-19,-0.895862992271062,0.9853520822765964
1997-12-22,0.7282384809487609,0.9832470555013918
1997-12-23,-1.5395249405191982,0.9602369400355014
1997-12-24,-0.6870301158669057,1.0362384850866195
1997-12-26,0.4023213388443135,1.0129533734982992
1997-12-29,1.7875239692640763,0.9717248191044834
1997-12-30,1.8179631895409056,1.0662224218320304
1997-12-31,-0.0422439106007713,1.14823619801052
1998-01-02,0.4739208571064881,1.0930364929916652
1998-01-05,0.2079831611828034,1.048707319960545
1998-01-06,-1.0794219078528444,1.0005030586556465
1998-01-07,-0.2672791184964854,1.0142953804645958
1998-01-08,-0.8281094439770588,0.9720780456198135
1998-01-09,-3.011257228471355,0.9654929450957479
1998-01-12,1.2341491885370215,1.3091007227408105
1998-01-13,1.3651952368056923,1.2941715978299086
1998-01-14,0.6094075938434987,1.2923896932939634
1998-01-15,-0.7555058058430928,1.239445991624821
1998-01-16,1.1274885527825091,1.2034982920273176
1998-01-20,1.761797835975672,1.1899664364182645
1998-01-21,-0.7992181839634991,1.2448194922092726
1998-01-22,-0.803584708391218,1.21119889881528
1998-01-23,-0.5675185523040231,1.1806868508943806
1998-01-26,-0.0668583220219957,1.138770448627678
1998-01-27,1.253411542805462,1.0843911451105428
1998-01-28,0.8672121117151637,1.0951070347159257
1998-01-29,0.8181576712973662,1.0716861984696908
1998-01-30,-0.530069447043768,1.0469519176875326
1998-02-02,2.1186217692749105,1.013340771961836
1998-02-03,0.4712857938926162,1.1516585510846735
1998-02-04,0.0894256508644054,1.1031691971245308
1998-02-05,-0.3342601133200657,1.0504683217645576
1998-02-06,0.8849307694583417,1.0079370629440565
1998-02-09,-0.1700308562964395,0.9938013841679366
1998-02-10,0.8148851133957847,0.9504469401105671
1998-02-11,0.0980863425170689,0.9364422475744404
1998-02-12,0.4040809581580077,0.8945169301784245
1998-02-13,-0.3962365300958221,0.8618643839065567
1998-02-17,0.2613979864014611,0.836022576242945
1998-02-18,0.9071275967001708,0.8032199637526216
1998-02-19,-0.3688608877341092,0.8125838515965279
1998-02-20,0.5750280494436031,0.789377940570644
1998-02-23,0.3792852045866501,0.773682204639239
1998-02-24,-0.7328263845672457,0.749284346055498
1998-02-25,1.190291688214699,0.7585499330741742
1998-02-26,0.5517418953412401,0.8061842566397581
1998-02-27,0.0638626026234583,0.7876051475301405
1998-03-02,-0.1564123762742116,0.7556822729887093
1998-03-03,0.4114905335404069,0.7287962464686935
1998-03-04,-0.4468117592429905,0.7094271214984383
1998-03-05,-1.179424461081383,0.6997580659054601
1998-03-06,1.974474417398124,0.7709515612975564
1998-03-09,-0.3206722683868357,0.9421114200157988
1998-03-10,1.1282522332134022,0.9068393741458806
1998-03-11,0.3957365494219079,0.9260841212620856
1998-03-12,0.1356229176643255,0.8908151947020915
1998-03-13,-0.1225195568620138,0.85218379449764
1998-03-16,0.9926179937639228,0.8175390440692174
1998-03-17,0.1092671062940865,0.8337300946622099
1998-03-18,0.4681577019142191,0.7987818553040678
1998-03-19,0.387997386813622,0.7763360678968303
1998-03-20,0.8607156101883294,0.7520815198850191
1998-03-23,-0.3289717977048806,0.763045157224269
1998-03-24,0.917685456139558,0.7419743040023102
1998-03-25,-0.3370182817809413,0.7599545080593028
1998-03-26,-0.1026004030759989,0.7395260273369063
1998-03-27,-0.4881177000827121,0.7125869440810062
1998-03-30,-0.1681071449946734,0.7054294220387632
1998-03-31,0.7424840636846992,0.6827159880198804
1998-04-01,0.5792155514955982,0.6907681332984793
1998-04-02,1.0645642302887024,0.6846681219653068
1998-04-03,0.2398832433099232,0.7279738919745277
1998-04-06,-0.1176380937516004,0.7025784128903693
1998-04-07,-1.0605502326394822,0.6787461018345572
1998-04-08,-0.7145493637570136,0.7367818938279789
1998-04-09,0.8154398309530849,0.7457932323687724
1998-04-13,-0.0882832161618462,0.753189620301771
1998-04-14,0.544618028990913,0.7249719365847914
1998-04-15,0.3194485551428072,0.7132556399119978
1998-04-16,-1.0011264264058752,0.6913794746631242
1998-04-17,1.3044240612677953,0.7392088916938824
1998-04-20,0.0828050380036505,0.8057132033677511
1998-04-21,0.2684081599595602,0.7725709131021554
1998-04-22,0.3429010829171299,0.7445629374634123
1998-04-23,-0.9741853510779328,0.721057184613867
1998-04-24,-1.0487222144482635,0.7606998976461379
1998-04-27,-1.946798213038632,0.8035432551960772
1998-04-28,-0.1317020607895481,0.9807718390016422
1998-04-29,0.8725915772180173,0.9375258595833579
1998-04-30,1.55280837939391,0.9292769980832511
1998-05-01,0.8285793681353992,0.9974878587973518
1998-05-04,0.0954001788469204,0.9801082951466933
1998-05-05,-0.5872410988041952,0.9353088520847667
1998-05-06,-0.952976095926248,0.9142539161282032
1998-05-07,-0.8890751578197567,0.9255057903653178
1998-05-08,1.1800724999688923,0.9292830893539038
1998-05-11,-0.1354536531397571,0.9512611923908559
1998-05-12,0.8234298397073976,0.9100641083359736
1998-05-13,0.274758748514098,0.9006097547567886
1998-05-14,-0.1332591431008737,0.8635734476377062
1998-05-15,-0.7762506740858484,0.8283495928850532
1998-05-18,-0.2628105891385764,0.8325511264525577
1998-05-19,0.3340414329032,0.8032532441768055
1998-05-20,0.8561592585789966,0.7749221082368979
1998-05-21,-0.3957603590011062,0.7827383074084808
1998-05-22,-0.3748173218199671,0.7634109438663723
1998-05-26,-1.4924319525785883,0.7446102896277398
1998-05-27,-0.1637543247575782,0.8556964645246531
1998-05-28,0.4904495772857762,0.8217141995919651
1998-05-29,-0.6196297997339911,0.7984984674466012
1998-06-01,0.0146699225728113,0.7925608744725627
1998-06-02,0.2051086045000489,0.7603749770730777
1998-06-03,-0.964183160127856,0.7318181186513214
1998-06-04,1.1113448516807014,0.7685895175985471
1998-06-05,1.7232387271670615,0.8047750532535769
1998-06-08,0.1668462956883105,0.9230848887210874
1998-06-09,0.2408154199355182,0.8826105848396779
1998-06-10,-0.5496075330094198,0.8460772337888933
1998-06-11,-1.6041301135142194,0.8305044646485641
1998-06-12,0.3884358922317947,0.9411980310123718
1998-06-15,-2.0066354570696583,0.9045856043444094
1998-06-16,0.9775515500526776,1.0668912215436739
1998-06-17,1.778879546887592,1.0543897124926112
1998-06-18,-0.0668621598995755,1.1329186930789863
1998-06-19,-0.5183445061270838,1.0789088849221067
1998-06-22,0.2323140028658476,1.0422201766917474
1998-06-23,1.464913914696189,0.994812440008561
1998-06-24,1.1889851508435811,1.0411200260713946
1998-06-25,-0.3182779795018354,1.0504067090572122
1998-06-26,0.346515843777864,1.0073254827973679
1998-06-29,0.4657368532823928,0.9647836557618604
1998-06-30,-0.4092742686897182,0.9293539452873627
1998-07-01,1.2898963120825466,0.89882194097525
1998-07-02,-0.1864953222318988,0.93760580555957
1998-07-06,0.9471508340276522,0.8984537744372721
1998-07-07,-0.2309632025351893,0.9007281271989841
1998-07-08,1.009898159026706,0.8653797240189809
1998-07-09,-0.6727034302131389,0.877468442161317
1998-07-10,0.4967871307879596,0.8677939411688749
1998-07-13,0.0738337020918154,0.8411719085135735
1998-07-14,1.0577334272467231,0.8055580726888986
1998-07-15,-0.2354965565923792,0.8303041925925645
1998-07-16,0.7783599963787977,0.8002256502072054
1998-07-17,0.2328396217153366,0.7983096622620118
1998-07-20,-0.2235506712760376,0.767564342719619
1998-07-21,-1.6201846788077938,0.7418217511866201
1998-07-22,-0.0850087229677008,0.8754281792865022
1998-07-23,-2.112209760736143,0.8385175596317727
1998-07-24,0.0920873368132166,1.0375809365961957
1998-07-27,0.5655410677353717,0.9890576536353359
1998-07-28,-1.495523324386167,0.956297196769156
1998-07-29,-0.4460340725784639,1.0268053616569144
1998-07-30,1.5642946415527823,0.9905602961707195
1998-07-31,-1.9685836655474889,1.0503005072252716
1998-08-03,-0.7371011599113052,1.1739242966532213
1998-08-04,-3.691775622027561,1.1422007735161537
1998-08-05,0.8646296935803177,1.5724413523055207
1998-08-06,0.7553904491176193,1.5113331327433546
1998-08-07,-0.0165256635808095,1.4494102698618054
1998-08-10,-0.5808693186120947,1.3756145406514608
1998-08-11,-1.3159339209899252,1.3201894517850739
1998-08-12,1.415590291077535,1.3210433160776687
1998-08-13,-0.8623838491523228,1.3211250592989152
1998-08-14,-1.137708068555818,1.285288305173597
1998-08-17,1.9493580921088516,1.2735874356024075
1998-08-18,1.6046980767630517,1.3399960205527506
1998-08-19,-0.2855410181218908,1.3568635452276587
1998-08-20,-0.5900552277609008,1.2925688286374668
1998-08-21,-0.9535965852258512,1.2435006459553963
1998-08-24,0.6361308453742267,1.2208598954837733
1998-08-25,0.4319110386110654,1.1741554706688104
1998-08-26,-0.7955830107005094,1.1228433857037179
1998-08-27,-3.9125141250913695,1.099444470139932
1998-08-28,-1.4929713822340855,1.5949079637069548
1998-08-31,-7.043757403011401,1.5833947968719757
1998-09-01,3.790279144574931,2.624983397079091
1998-09-02,-0.3809097298299453,2.729543483184603
1998-09-03,-0.8333605357159969,2.584948757717222
1998-09-04,-0.8557673075362273,2.4599582888309492
1998-09-08,4.964596826288954,2.3436150147881705
1998-09-09,-1.7008194034796509,2.671685235497717
1998-09-10,-2.618971727446964,2.5824471463045207
1998-09-11,2.902804806824876,2.5738710642764175
1998-09-14,2.0267690172915884,2.5836668978161037
1998-09-15,0.7700611637287363,2.5162545357440265
1998-09-16,0.7488587608029232,2.390325552379779
1998-09-17,-2.5781926164172058,2.271486282906418
1998-09-18,0.1196719769625879,2.293095649900041
1998-09-21,0.3718228254464272,2.1700860552148638
1998-09-22,0.5590405867901245,2.0563052576906964
1998-09-23,3.4798198739667696,1.952835385003128
1998-09-24,-2.21650623810495,2.121450347827407
1998-09-25,0.1944966840543727,2.1229910330763344
1998-09-28,0.3764087978064852,2.0101023269388656
1998-09-29,0.03147033039559,1.905785122482078
1998-09-30,-3.098945416584644,1.8049970036209162
1998-10-01,-3.0570409670001037,1.9593237639100267
1998-10-02,1.6300051704454164,2.0816059894108494
1998-10-05,-1.4102544152376413,2.0278619677215257
1998-10-06,-0.4023998186657916,1.9706786309246647
1998-10-07,-1.4228488867207818,1.87123550537994
1998-10-08,-1.1647065804328651,1.8281510894658568
1998-10-09,2.567239140578164,1.7708529386670537
1998-10-12,1.3440500071478738,1.8431011844908907
1998-10-13,-0.2920975286931874,1.7893121940255399
1998-10-14,1.0728374147504969,1.6985254331010282
1998-10-15,4.088202208254856,1.6392540562142341
1998-10-16,0.8489058176278104,1.9782349690187473
1998-10-19,0.5635225750718463,1.8887214897212241
1998-10-20,0.1448548931747814,1.7955934354006515
1998-10-21,0.5614270631916418,1.7014290891346675
1998-10-22,0.7968703893705601,1.619895561584517
1998-10-23,-0.7267962509418431,1.5522838923892053
1998-10-26,0.1539813696998557,1.4911028994614488
1998-10-27,-0.6530510523017555,1.4149818656228064
1998-10-28,0.2578009694424187,1.3600805917669618
1998-10-29,1.656483752349743,1.292982497125609
1998-10-30,1.1663585180564215,1.32124069837653
1998-11-02,1.1699999569478037,1.299637289882964
1998-11-03,-0.0683941807462582,1.2803476695947558
1998-11-04,0.7024063837972139,1.217167712292172
1998-11-05,1.347838093842601,1.1739352295175551
1998-11-06,0.6294943750026504,1.1837873032069994
1998-11-09,-0.9519278631659366,1.1394735459102607
1998-11-10,-0.1717933385506075,1.1265113979579053
1998-11-11,-0.6482275848189569,1.074460390197184
1998-11-12,-0.2930352776013654,1.0454183304239641
1998-11-13,0.7158801917899691,1.001852684559827
1998-11-16,0.8976067913417509,0.9764655604716405
1998-11-17,0.3032673231557144,0.9663740560731846
1998-11-18,0.4518822248639332,0.9254924176987518
1998-11-19,0.7078554998324825,0.8924139510066772
1998-11-20,0.9446795276986252,0.8761057707549528
1998-11-23,2.0972221532937576,0.8806383086920225
1998-11-24,-0.4402816500464433,1.0459404530474379
1998-11-25,0.3274462097855761,1.0080024934663703
1998-11-27,0.4589753391424127,0.9648985843492298
1998-11-30,-2.436490555095252,0.9291865213895607
1998-12-01,0.9962008449167538,1.1655564886198262
1998-12-02,-0.3434887437109872,1.1451876556392286
1998-12-03,-1.8187867738286847,1.0964249768851284
1998-12-04,2.286420815018823,1.1885897963029493
1998-12-07,0.9270727704163438,1.3179437467428785
1998-12-08,-0.5335371872925541,1.2796639056035573
1998-12-09,0.1784441356868625,1.2289338452563532
1998-12-10,-1.572942115348899,1.1689617166950974
1998-12-11,0.1235216773376973,1.2166282037065197
1998-12-14,-2.1893190219833847,1.15699435626342
1998-12-15,1.8776353801127497,1.2941611320081652
1998-12-16,-0.0765679814498364,1.3483922458749986
1998-12-17,1.5406501072018963,1.2811203147681736
1998-12-18,0.6799025177707199,1.2982631926948935
1998-12-21,1.2388901093156923,1.2479881583724364
1998-12-22,0.0606696712366053,1.2395539742421082
1998-12-23,2.053440866502617,1.1783148291394452
1998-12-24,-0.1849446697795947,1.274560517616609
1998-12-28,-0.0636301530399515,1.213329902873786
1998-12-29,1.3229283877657234,1.154250203860123
1998-12-30,-0.7987951012610781,1.1638666798983806
1998-12-31,-0.2194147709155871,1.1370899272436534
1999-01-04,-0.0919701450494749,1.0853623177611285
1999-01-05,1.349059125599436,1.034669462989989
1999-01-06,2.189886692401159,1.061710475949979
1999-01-07,-0.2053433873820682,1.2014258955569
1999-01-08,0.4212473487898209,1.1452290186143816
1999-01-11,-0.8830379176363489,1.0955309522807668
1999-01-12,-1.9470210263938683,1.0812467454216068
1999-01-13,-0.4131106263548749,1.1953933191545265
1999-01-14,-1.8156449144760296,1.1456522337940784
1999-01-15,2.530837716962853,1.2288747085462461
1999-01-19,0.7005302808144316,1.389183573576338
1999-01-20,0.3683300260185319,1.3333743306437678
1999-01-21,-1.7225028921485923,1.2700046755060714
1999-01-22,-0.8104657830393575,1.3216975323448201
1999-01-25,0.7148815882362022,1.282502036680214
1999-01-26,1.4745190582961525,1.2350431896662988
1999-01-27,-0.7325288236186818,1.250739464804178
1999-01-28,1.7699961257013532,1.2124873049775253
1999-01-29,1.1214234148275624,1.265081359791006
1999-02-01,-0.5202480245369034,1.2451720329962077
1999-02-02,-0.8686487156186451,1.1963124903498812
1999-02-03,0.7955620207956756,1.1716232422319444
1999-02-04,-1.8710639354908745,1.1370963730356995
1999-02-05,-0.730740202796962,1.2296579284792464
1999-02-08,0.3519694222490721,1.1929858482304825
1999-02-09,-2.2465184925835597,1.1382278951659905
1999-02-10,0.6074588798675334,1.288542072643936
1999-02-11,2.4613861438468687,1.2357862592234354
1999-02-12,-1.925051195228341,1.3834011192016786
1999-02-16,0.9498445388233748,1.4440627077418084
1999-02-17,-1.4469586685446882,1.3971496970016035
1999-02-18,1.0766728028575918,1.4022621016497359
1999-02-19,0.1566680236662038,1.3668538059482809
1999-02-22,2.621840747563431,1.2982365559438376
1999-02-23,-0.0754888065430078,1.4589307509030345
1999-02-24,-1.407778085890905,1.384953895992316
1999-02-25,-0.6716254612827944,1.3875834373906075
1999-02-26,-0.5387947511782114,1.3355751404247718
1999-03-01,-0.1753834074718457,1.281133190532015
1999-03-02,-0.866090415963837,1.2193214054330883
1999-03-03,0.1793536446593019,1.1924155445484856
1999-03-04,1.5309483472933534,1.1347265013824117
1999-03-05,2.286277125993248,1.1693215195962767
1999-03-08,0.5675888823953716,1.3024527221940398
1999-03-09,-0.2255560577287818,1.2471580609467345
1999-03-10,0.5454530788181005,1.1884668558615332
1999-03-11,0.8388521949356046,1.1401935981190219
1999-03-12,-0.2384079845828071,1.1109683904526806
1999-03-15,0.9739334869484768,1.0614179867582512
1999-03-16,-0.0673394125537054,1.0491571765415373
1999-03-17,-0.6574064652108874,1.0004952264532092
1999-03-18,1.432882341633394,0.9783498835622254
1999-03-19,-1.3196724322540323,1.0230942815945898
1999-03-22,-0.1756368555344267,1.0606574777117719
1999-03-23,-2.725291833816146,1.012977920032009
1999-03-24,0.5097315942202638,1.2820916136164924
1999-03-25,1.6728438297045976,1.2260854444098925
1999-03-26,-0.5589231934668772,1.2649836885070214
1999-03-29,2.1111706427016097,1.2164509588512804
1999-03-30,-0.7215912139310645,1.314360965236098
1999-03-31,-1.1116726708976843,1.2704924814642953
1999-04-01,0.569747223213796,1.2580308586715303
1999-04-05,2.095809127958003,1.205873951246342
1999-04-06,-0.2447874066151942,1.3034145099988041
1999-04-07,0.6805885283716107,1.2415668225299696
1999-04-08,1.2797477296876645,1.1954425249040463
1999-04-09,0.3246258093301708,1.1962515562938996
1999-04-12,0.7595238080975959,1.140653255395736
1999-04-13,-0.6505632243595896,1.1064787677310037
1999-04-14,-1.5965933063986384,1.0749425798922583
1999-04-15,-0.4216795807645577,1.1397792790070034
1999-04-16,-0.2914607829330309,1.0942567587040088
1999-04-19,-2.2634852550357647,1.0473004558662147
1999-04-20,1.2860203295938253,1.2207603462971868
1999-04-21,2.2670663304898606,1.2194317398077792
1999-04-22,1.684674875227101,1.3398930917580152
1999-04-23,-0.1450817739520778,1.365379185952029
1999-04-26,0.2348321003323189,1.2978705925033218
1999-04-27,0.2027302832210457,1.2342883772536908
1999-04-28,-0.8762977894182675,1.174245256178611
1999-04-29,-0.5999170215246042,1.1520998995012366
1999-04-30,-0.5713140073082221,1.1140475795369233
1999-05-03,1.4462203465727277,1.0774062181949786
1999-05-04,-1.6846785798959794,1.10986560385397
1999-05-05,1.1428483375267562,1.1809479406268022
1999-05-06,-1.1390909885870972,1.1709428268907085
1999-05-07,0.967486744620845,1.1712199999678428
1999-05-10,-0.3500507120746083,1.148196143702042
1999-05-11,1.13580207920217,1.0994483641432047
1999-05-12,0.6170032696192335,1.0972186527076158
1999-05-13,0.2606613461245054,1.0587350108510352
1999-05-14,-2.2001662681522824,1.0107495795681456
1999-05-17,0.1262427010921185,1.1817391422043693
1999-05-18,-0.4616905093740054,1.1242857175893353
1999-05-19,0.8149311764240189,1.08154919549062
1999-05-20,-0.402527847542653,1.0557472429214791
1999-05-21,-0.6399072465026039,1.0154592022279596
1999-05-24,-1.793036430661807,0.9908685845885289
1999-05-25,-1.7174926393975842,1.0988012786122632
1999-05-26,1.57274210587678,1.1761946981587872
1999-05-27,-1.805806246989004,1.2100979443567812
1999-05-28,1.5817561285069712,1.2814848056337074
1999-06-01,-0.5839511317436866,1.3029697521045998
1999-06-02,0.0424900695521961,1.2528603660778344
1999-06-03,0.3646374260635243,1.1908066873725978
1999-06-04,2.147539456633619,1.1365030925735735
1999-06-07,0.5085910951654291,1.2544381299565572
1999-06-08,-1.296476378146882,1.200254148232204
1999-06-09,0.0993986059152995,1.2126802193448523
1999-06-10,-1.2069808923772247,1.1531788623181227
1999-06-11,-0.7071143040316779,1.1620026480152066
1999-06-14,0.0278234493087903,1.129378877918601
1999-06-15,0.5518004479872165,1.0750017836057235
1999-06-16,2.223099053722388,1.035128270945421
1999-06-17,0.7107811437429541,1.1861113001228833
1999-06-18,0.2191746195194066,1.1456623960573793
1999-06-21,0.4576828497190345,1.091397662078759
1999-06-22,-0.9773322849408236,1.0465946835671347
1999-06-23,-0.211315898547961,1.0452963056642885
1999-06-24,-1.3047427449105755,0.9994420085386986
1999-06-25,-0.0357244102196437,1.0385384947404976
1999-06-28,1.212102284806848,0.9902535114488097
1999-06-29,1.4984607301878332,1.0079928953091328
1999-06-30,1.5608805716027467,1.056552160017135
1999-07-01,0.5992021497325137,1.105761047451182
1999-07-02,0.7402157771673241,1.0657821006238126
1999-07-06,-0.223072881299571,1.0365499733893897
1999-07-07,0.5560392122590638,0.99157702451029
1999-07-08,-0.103211256143236,0.9581590070387224
1999-07-09,0.6333784708249962,0.9159377631413069
1999-07-12,-0.2983219123544768,0.8927772711273779
1999-07-13,-0.3967489197649747,0.8602927061106058
1999-07-14,0.3302604028617143,0.8346025316346055
1999-07-15,0.8155890919213112,0.8038152358735341
1999-07-16,0.6477206990358061,0.8046932332820261
1999-07-19,-0.787570341458358,0.792358334323131
1999-07-20,-2.1941843610886544,0.8017736026391425
1999-07-21,0.1589081317072246,1.0276677325646124
1999-07-22,-1.3371243055213191,0.9802328416859194
1999-07-23,-0.2965537770327212,1.0260737966478026
1999-07-26,-0.6788159172238883,0.9839631647858109
1999-07-27,1.1126770288036592,0.9647500750592
1999-07-28,0.1876711252895983,0.9753304795305074
1999-07-29,-1.8009446622056795,0.9316460981072453
1999-07-30,-0.9221946500845856,1.0528436583640892
1999-08-02,-0.0504313044993482,1.0460243064054948
1999-08-03,-0.4429807593360041,0.9973891451810061
1999-08-04,-1.282608141661868,0.9632272487348396
1999-08-05,0.6399317113168053,1.004818649322768
1999-08-06,-1.0267819263870603,0.9747121130187103
1999-08-09,-0.1916785725288405,0.986216854639356
1999-08-10,-1.2693877071883328,0.9438669525765189
1999-08-11,1.5871136398254986,0.9866533381095564
1999-08-12,-0.2899916576591778,1.0500637728775462
1999-08-13,2.248519503861917,1.0060816393335614
1999-08-16,0.2324638136268496,1.1679794627407512
1999-08-17,1.0011571309322729,1.1124910572916504
1999-08-18,-0.8457329722049935,1.0974823568348715
1999-08-19,-0.6964262279942868,1.0800971321131514
1999-08-20,0.9788830716663808,1.0536477789509195
1999-08-23,1.7509883055649478,1.042549525392967
1999-08-24,0.2408493470498299,1.1191811179384674
1999-08-25,1.332486507502712,1.0669326051506212
1999-08-26,-1.441823136425021,1.0880230546200744
1999-08-27,-1.013925335881944,1.1311646741935288
1999-08-30,-1.8149725763079831,1.1242879350572745
1999-08-31,-0.2730257575912162,1.211047352795541
1999-09-01,0.8040769397952495,1.1558128583218328
1999-09-02,-0.9025834048821436,1.1230888759047544
1999-09-03,2.849596307608839,1.1077212583900888
1999-09-07,-0.5015384658162334,1.3535125316276384
1999-09-08,-0.4675972904129752,1.2963033013246343
1999-09-09,0.2607919339470442,1.2416901527954274
1999-09-10,0.2963711472935955,1.1819935058582258
1999-09-13,-0.5586524745354107,1.1267209597757288
1999-09-14,-0.5849820587068314,1.0884386025259325
1999-09-15,-1.3804494827150822,1.0545482996174802
1999-09-16,0.0386891298095795,1.0949883369695084
1999-09-17,1.2766338892617892,1.042756224380277
1999-09-20,0.0082356725965357,1.0608608490212994
1999-09-21,-2.1150171803399345,1.0108751617361715
1999-09-22,0.2238314933787853,1.1670807060997739
1999-09-23,-2.3236016042540766,1.1115243251137517
1999-09-24,-0.2384929255194203,1.28059557969842
1999-09-27,0.46472867248419,1.2200575687498771
1999-09-28,-0.086540881690756,1.1667096037989424
1999-09-29,-1.084470678167232,1.110784683406095
1999-09-30,1.1242389187544557,1.1124649657951031
1999-10-01,0.007803303465867,1.1078284543792052
1999-10-04,1.6843431735998522,1.0548679151444305
1999-10-05,-0.2494293248822807,1.120356740660386
1999-10-06,1.8312150674930392,1.0704675675933248
1999-10-07,-0.5872050327387418,1.153628861527018
1999-10-08,1.3852790916515574,1.1147794732679566
1999-10-11,-0.060650608484074,1.135611066939155
1999-10-12,-1.6743464405215869,1.081369276828232
1999-10-13,-2.115840887007189,1.1556960913227203
1999-10-14,-0.1658256261446835,1.281536493656817
1999-10-15,-2.8458994906730224,1.2195378824229657
1999-10-18,0.5372679839536734,1.4554072029771337
1999-10-19,0.5716640065512697,1.3888687880718125
1999-10-20,2.2041552856145463,1.3278870398269411
1999-10-21,-0.4523892513873539,1.4200421071211569
1999-10-22,1.3956299800217198,1.356550317009824
1999-10-25,-0.6180485319522144,1.3510084446960093
1999-10-26,-0.910104399184748,1.2990426523306413
1999-10-27,1.1479077413535572,1.2683060444257133
1999-10-28,3.4658552714835924,1.250205331296349
1999-10-29,1.5148023486425162,1.5760394878195463
1999-11-01,-0.6485040254345817,1.5589217375557354
1999-11-02,-0.4722684947087761,1.4936975033325357
1999-11-03,0.5320723819233024,1.4260384343605317
1999-11-04,0.5674173198502998,1.3612484390020194
1999-11-05,0.5554589386682232,1.3019648522656428
1999-11-08,0.4935894269269814,1.2462483788788288
1999-11-09,-0.855493171153123,1.1920999039003208
1999-11-10,0.5973517744238546,1.1668365716738671
1999-11-11,0.5807807641558524,1.122291520282474
1999-11-12,1.051314267961334,1.0802457652026596
1999-11-15,-0.1196971170150344,1.0725525939478917
1999-11-16,1.8249074190172367,1.0230797623001329
1999-11-17,-0.6613032287464209,1.1136824576105793
1999-11-18,1.0036570388234978,1.0822072989577827
1999-11-19,-0.2065335069802077,1.070330675116172
1999-11-22,-0.0745748179508903,1.0226951578213763
1999-11-23,-1.153753057717248,0.975829451585768
1999-11-24,0.8817332783512611,1.0006495598885896
1999-11-26,-0.0324636305512451,0.9869617876548372
1999-11-29,-0.6224268507305625,0.9419906575051247
1999-11-30,-1.3530189129544474,0.9226672137463833
1999-12-01,0.6323025202648501,0.9793825894178365
1999-12-02,0.806633249651218,0.9509035711711034
1999-12-03,1.7070862849279884,0.9362415354166054
1999-12-06,-0.6980346239651467,1.0253524862483687
1999-12-07,-0.999825600514854,1.0037745070919735
1999-12-08,-0.376107442570106,1.009271736456955
1999-12-09,0.3008533937887188,0.9712779023006942
1999-12-10,0.6321847247124261,0.9300016176270658
1999-12-13,-0.1285241188053788,0.9055856737414841
1999-12-14,-0.8550981318123226,0.8673601510582442
1999-12-15,0.721459696666225,0.8745128909145282
1999-12-16,0.3848777058853672,0.8608125911792559
1999-12-17,0.1584613353983626,0.8299530829647183
1999-12-20,-0.2071109732993282,0.7957229387304543
1999-12-21,1.0759339419193434,0.7673064992967544
1999-12-22,0.1881788088406253,0.7994522438392851
1999-12-23,1.534677994579981,0.7677838738072804
1999-12-27,-0.0850636839767372,0.8634224809633537
1999-12-28,0.0384291398788228,0.8273380144189246
1999-12-29,0.3971034664203317,0.7926620336280457
1999-12-30,0.068991391820721,0.7674947943173098
1999-12-31,0.3258684246993932,0.7369985247162545
2000-01-03,-0.9594994700275008,0.7134730872596181
2000-01-04,-3.909917534093802,0.7524624677215881
2000-01-05,0.1920337961585907,1.4030507489883106
2000-01-06,0.0955221740056988,1.3325373328470684
2000-01-07,2.672994972987063,1.2656838469055045
2000-01-10,1.1127824873139451,1.4416809009056835
2000-01-11,-1.3148576788902815,1.4054277312377583
2000-01-12,-0.4396019678609714,1.3971964235271306
2000-01-13,1.2096245165416932,1.3347778916132962
2000-01-14,1.0614763497340869,1.3153598124853279
2000-01-18,-0.6855516976735141,1.2863700749504756
2000-01-19,0.0522156873622269,1.2426514088237364
2000-01-20,-0.7120612569861287,1.1812199086122233
2000-01-21,-0.291656813395358,1.1473298899614186
2000-01-24,-2.8022584228459118,1.0968088328921157
2000-01-25,0.6046483603040548,1.35700645309731
2000-01-26,-0.4221619766667546,1.2994135627968195
2000-01-27,-0.3946204024482488,1.2429117441333393
2000-01-28,-2.784081272973308,1.1892571685549442
2000-01-31,2.490485052912464,1.4214408186718765
2000-02-01,1.0571740915406744,1.5384742739691843
2000-02-02,-0.011356385074743,1.4906441610964172
2000-02-03,1.1185347697919614,1.41435786037462
2000-02-04,-0.0421133035721908,1.3808444424942092
2000-02-07,-0.0091276014316644,1.3113248516330693
2000-02-08,1.219849367259354,1.245839900706428
2000-02-09,-2.103511705975112,1.2359581253027772
2000-02-10,0.3620242852776449,1.3448737000430744
2000-02-11,-2.119229898918964,1.2806353750972674
2000-02-14,0.203088685354913,1.383928799775961
2000-02-15,0.8674947553079746,1.3146876100310707
2000-02-16,-1.0309372816680578,1.273042295314631
2000-02-17,0.0425058137474761,1.2536794882711246
2000-02-18,-3.084710308169203,1.1915755500973624
2000-02-22,0.4506673481115292,1.4801239030719764
2000-02-23,0.6281139106337607,1.4094911950504052
2000-02-24,-0.5349730316245382,1.3492400289150985
2000-02-25,-1.4940089385435542,1.2936840419460025
2000-02-28,1.0957078745980513,1.3157323050780176
2000-02-29,1.3535073096645704,1.289217823425386
2000-03-01,0.9302114728482016,1.2868736484924879
2000-03-02,0.1861728134993852,1.2513356472561756
2000-03-03,1.9642853797381483,1.190052828643214
2000-03-06,-1.2776701994211102,1.2716969671817049
2000-03-07,-2.596529712028953,1.274170934515781
2000-03-08,0.8140128606934441,1.4534057646713978
2000-03-09,2.5279570403423506,1.3983784327217095
2000-03-10,-0.4734054939684533,1.525065389141507
2000-03-13,-0.8241305233129576,1.4553957158097692
2000-03-14,-1.784372717541607,1.406504580244132
2000-03-15,2.3982619773033385,1.4468617354976308
2000-03-16,4.654577885905089,1.5464035208058833
2000-03-17,0.4105461314759303,2.0247763206059686
2000-03-20,-0.5367830413634725,1.9201502691978427
2000-03-21,2.5244513080495854,1.827310369203873
2000-03-22,0.4521628609461416,1.8864322995858462
2000-03-23,1.7642498044501167,1.7908461026019031
2000-03-24,0.0072007983406823,1.7743477173175786
2000-03-27,-0.2359619652895298,1.68125564998791
2000-03-28,-1.0641384406600805,1.5959735116321838
2000-03-29,0.0523855171532201,1.5508145536857256
2000-03-30,-1.3749849620433678,1.4708138352340066
2000-03-31,0.7138762685515928,1.4613079797177064
2000-04-03,0.4919225661762653,1.4010400638442093
2000-04-04,-0.7491613948027298,1.3366213148908874
2000-04-05,-0.4936119081060471,1.2925952765148323
2000-04-06,0.9348563512982748,1.2392688274015335
2000-04-07,0.9948095294857916,1.2080165964469634
2000-04-10,-0.7872111321383407,1.1836923770991936
2000-04-11,-0.2575662535388924,1.1544226575489371
2000-04-12,-2.2522936175410977,1.1024955509301846
2000-04-13,-1.833818082166074,1.2614898282006923
2000-04-14,-6.0045097522022965,1.3286025847789344
2000-04-17,3.2548110813340263,2.22940517414951
2000-04-18,2.8260296800704303,2.3227646816377026
2000-04-19,-0.985690838193474,2.353427912841873
2000-04-20,0.4940641519006725,2.24907830701825
2000-04-24,-0.3267740424217845,2.132690386131053
2000-04-25,3.2734293540990405,2.022080171142895
2000-04-26,-1.1196539243597152,2.1493841302824612
2000-04-27,0.2686382033973639,2.065414211891215
2000-04-28,-0.8562610676304283,1.956474716833881
2000-05-01,1.0833162628904172,1.8731785861914285
2000-05-02,-1.5069531532927791,1.801574418409442
2000-05-03,-2.180150116391077,1.7712655022776564
2000-05-04,-0.3915527488209627,1.8099310578682242
2000-05-05,1.6227264098328114,1.720009888219325
2000-05-08,-0.592270059019445,1.6981473699141258
2000-05-09,-0.8482924072715453,1.621334157332503
2000-05-10,-2.0815054047135644,1.5613148425082002
2000-05-11,1.774410644515053,1.6161560598909388
2000-05-12,0.9297324968961715,1.6188054370885752
2000-05-15,2.185713743258197,1.5576404920276035
2000-05-16,0.9375105396318106,1.6126742073859561
2000-05-17,-1.2519718264096238,1.5523620182793005
2000-05-18,-0.7341489575181015,1.5246039903153028
2000-05-19,-2.1279500834297727,1.4657643424060054
2000-05-22,-0.4437836972822325,1.5402478625194753
2000-05-23,-1.9362083559102845,1.4686406131142915
2000-05-24,1.8169184098520843,1.5186450708399353
2000-05-25,-1.2609113327974115,1.5367010024728718
2000-05-26,-0.2536655984128445,1.5110962494254476
2000-05-30,3.1733002241273844,1.4364791603726892
2000-05-31,-0.1301402293098524,1.6596662078882483
2000-06-01,1.966326987402928,1.5742219676126485
2000-06-02,1.9446456896420408,1.6016753364828893
2000-06-05,-0.6540169012008555,1.623440542131552
2000-06-06,-0.6692993404042076,1.5540361387555366
2000-06-07,0.923126844668116,1.4900638849288086
2000-06-08,-0.6607485476626416,1.4380897759241078
2000-06-09,-0.3234471699907343,1.3818989561943562
2000-06-12,-0.754405228380546,1.3169676013890739
2000-06-13,1.608021221744243,1.2747748467064042
2000-06-14,0.0748370883408386,1.2999540517222266
2000-06-15,0.5553891236846383,1.2350340418058554
2000-06-16,-0.9697050911417971,1.1839071702195967
2000-06-19,1.460139913271512,1.1680969821858695
2000-06-20,-0.6786129112329043,1.190409301774757
2000-06-21,0.2152263211684242,1.1537761112067675
2000-06-22,-1.8388167747017907,1.0989426222876602
2000-06-23,-0.7395562633629121,1.193573173826808
2000-06-26,0.9548626596742144,1.1603804038627514
2000-06-27,-0.3276148091889774,1.1374078497726103
2000-06-28,0.2939316191940989,1.0886542066731975
2000-06-29,-0.8580674562089075,1.0393776200180218
2000-06-30,0.8429461805284734,1.0285391880434456
2000-07-03,1.0218521276461745,1.0093602629415466
2000-07-05,-1.598929617329866,1.0064228812699587
2000-07-06,0.7192881877199921,1.0828533874737842
2000-07-07,1.5145545764216402,1.050978004698964
2000-07-10,-0.2220347550682792,1.0952481441431476
2000-07-11,0.3558271818368465,1.0463321834066865
2000-07-12,0.8097454201544736,1.0013919896995291
2000-07-13,0.1953935942965212,0.982303254275713
2000-07-14,0.9408493660190482,0.9382638087185998
2000-07-17,0.033770226184571,0.9356884439493178
2000-07-18,-1.115105945617103,0.8937299209324031
2000-07-19,-0.7917525979241625,0.925154467501105
2000-07-20,0.914185956935876,0.9203117825756488
2000-07-21,-1.033695083770937,0.9173086711165997
2000-07-24,-1.07999082984729,0.9365394762790659
2000-07-25,0.6928073285986649,0.9583186190444799
2000-07-26,-1.5067422285769314,0.9351941606669385
2000-07-27,-0.1929711278503244,1.0109045126421736
2000-07-28,-2.072203561206855,0.9669181669985699
2000-07-31,0.7675250620293993,1.125874455230089
2000-08-01,0.5068116172807686,1.0933694732558725
2000-08-02,0.0417113188203251,1.0502772294421836
2000-08-03,0.9587663196748386,1.0008793029911343
2000-08-04,0.711375339942963,0.9933762022677455
2000-08-07,1.1141175706899775,0.9684259115703905
2000-08-08,0.2349738799248673,0.9787187464076642
2000-08-09,-0.6719350214888085,0.9355460798753894
2000-08-10,-0.8605221070946711,0.9202741750097022
2000-08-11,0.7905641586007474,0.9219941330245714
2000-08-14,1.3309295881220085,0.9088664288842708
2000-08-15,-0.4791695036623892,0.9512091803298103
2000-08-16,-0.3090181578268623,0.9224704119284265
2000-08-17,1.090091920947978,0.8881973818003952
2000-08-18,-0.2911837030270272,0.905737689641552
2000-08-21,0.5188571343542924,0.8720332246566544
2000-08-22,-0.0900701347940382,0.8461658483345815
2000-08-23,0.5219522441311926,0.8113554920200783
2000-08-24,0.1552668191408988,0.7906537751697432
2000-08-25,-0.1234000485538184,0.7591399055283593
2000-08-28,0.5058718739776826,0.7311922568684134
2000-08-29,-0.2810913542595063,0.7165536844968361
2000-08-30,-0.4813399257303448,0.6971340173072298
2000-08-31,0.9992625399822191,0.6910311746148031
2000-09-01,0.2033909928443819,0.725253690893092
2000-09-05,-0.9042823704100792,0.6992563764949643
2000-09-06,-0.9888926610032612,0.7336662119220552
2000-09-07,0.6852001412039173,0.7731952921192033
2000-09-08,-0.5345346736805905,0.7666294654820822
2000-09-11,-0.3512343891048993,0.7574801196748823
2000-09-12,-0.489358622753845,0.737962894207015
2000-09-13,0.196841475218659,0.7284189930242616
2000-09-14,-0.272443776783442,0.7020596220319523
2000-09-15,-1.0221718934521251,0.683466207019018
2000-09-18,-1.4637860201737054,0.7354247988659047
2000-09-19,1.059778647554107,0.8438077595313886
2000-09-20,-0.5880712886379447,0.8637523529546107
2000-09-21,-0.1579041064424616,0.8491795783772893
2000-09-22,-0.0227815267742334,0.8155189436504039
2000-09-25,-0.6711091870692856,0.7819868765849431
2000-09-26,-0.8247833681979313,0.7819798531137608
2000-09-27,-0.0448538205449603,0.7963366390216985
2000-09-28,2.199161923055056,0.7643774987149086
2000-09-29,-1.504797562522097,0.9811596912254105
2000-10-02,-0.0194956242969308,1.0487883890515408
2000-10-03,-0.682578809750394,0.9997238276530309
2000-10-04,0.5495008622973145,0.9793589774581428
2000-10-05,0.136562623082401,0.9465640270861462
2000-10-06,-1.918332936055016,0.9042219780690014
2000-10-09,-0.4951921445981094,1.0511429833523667
2000-10-10,-1.0763632361505893,1.0154163705317394
2000-10-11,-1.6303582750874754,1.0271222773317246
2000-10-12,-2.5840455121106687,1.1044346822527502
2000-10-13,3.283640742377901,1.3214062845407453
2000-10-16,0.0327381261936722,1.5924349110357527
2000-10-17,-1.809497745525861,1.5099828430663453
2000-10-18,-0.5824440440586927,1.5398752117417527
2000-10-19,3.415336185901189,1.4732079396426894
2000-10-20,0.5865740397982498,1.7303861784414671
2000-10-23,-0.0823590308256553,1.647765355163718
2000-10-24,0.1682213178921447,1.562579240572172
2000-10-25,-2.4054449199316688,1.482290449688299
2000-10-26,-0.0337138662044313,1.5919629822564165
2000-10-27,1.1035028060664311,1.5097571446969094
2000-10-30,1.3735586682098206,1.4672018745813675
2000-10-31,2.174013303587748,1.4486455601519328
2000-11-01,-0.5739155817162054,1.5178283222232811
2000-11-02,0.4983253778122986,1.452310846422265
2000-11-03,-0.1141855982315385,1.3847725183979158
2000-11-06,0.3847665526959488,1.3156786287828617
2000-11-07,-0.0223421504775999,1.2538212854965343
2000-11-08,-1.5902322423898214,1.1919255929729362
2000-11-09,-0.6506714376939785,1.238449376148527
2000-11-10,-2.470013662903212,1.1964973470050688
2000-11-13,-1.0834607728647911,1.3714715929352639
2000-11-14,2.318136570591192,1.3471000116575036
2000-11-15,0.4948225879737868,1.452134721293535
2000-11-16,-1.266439019045086,1.384504525847712
2000-11-17,-0.3357600653106314,1.3740810437235043
2000-11-20,-1.852217322376188,1.3099806191450323
2000-11-21,0.351675698623508,1.3721713623746186
2000-11-22,-1.872167427473288,1.3059937746446977
2000-11-24,1.4571644470684244,1.3713440408510054
2000-11-27,0.5351664138539549,1.3699563567728104
2000-11-28,-0.9593904031944648,1.3089594956040498
2000-11-29,0.436150372729836,1.2808745633495702
2000-11-30,-2.031031130031256,1.2226282632068481
2000-12-01,0.0212935468455588,1.3233108194615946
2000-12-04,0.7378255132535632,1.2569906141667406
2000-12-05,3.818333720268016,1.2125898814753013
2000-12-06,-1.838767211567056,1.6229932067455894
2000-12-07,-0.5870059698293583,1.6423185514409353
2000-12-08,1.941505438901164,1.5689862814025042
2000-12-11,0.7497925487985166,1.5943643594888648
2000-12-12,-0.6556658664756471,1.5264768914828157
2000-12-13,-0.8194382562943504,1.4638142152270386
2000-12-14,-1.4113896457878423,1.414010048180212
2000-12-15,-2.1696411279964054,1.413830797215787
2000-12-18,0.8038303521842073,1.5019466538369872
2000-12-19,-1.3042648854882348,1.4429247223824195
2000-12-20,-3.179612679193636,1.4299605982418313
2000-12-21,0.7969797433423939,1.674503803302414
2000-12-22,2.409435072348548,1.6031536630663912
2000-12-26,0.7050389439815639,1.6797279929648763
2000-12-27,1.038551801890451,1.6043466603683953
2000-12-28,0.398021412730193,1.5502616423771645
2000-12-29,-1.050297197343172,1.474006387628898
2001-01-02,-2.84323345214164,1.4381019771667862
2001-01-03,4.888407020840131,1.6232726474589754
2001-01-04,-1.0608546388114073,2.1260720560230917
2001-01-05,-2.659283806587432,2.0407437806588447
2001-01-08,-0.1919652639159028,2.1001096661058334
2001-01-09,0.3804941248795059,1.9894748703602796
2001-01-10,0.954072765251826,1.8864402761257748
2001-01-11,1.026483635719767,1.8075360627484345
2001-01-12,-0.6252376353325712,1.7377099326918666
2001-01-16,0.6124301133249056,1.6595227947980793
2001-01-17,0.2123358397782718,1.582218085785402
2001-01-18,1.3819390779688845,1.501131814585565
2001-01-19,-0.4036364104246305,1.4800241975796453
2001-01-22,0.0268101573827583,1.4110641021968862
2001-01-23,1.2947319312044343,1.3394291911522371
2001-01-24,0.2862720279423331,1.326668715037368
2001-01-25,-0.4989365901461464,1.2620858562208583
2001-01-26,-0.1887629230125118,1.2111107097786986
2001-01-29,0.678170005523196,1.153962928464366
2001-01-30,0.6983436422109728,1.114260621708168
2001-01-31,-0.5635564807286338,1.0786990997249615
2001-02-01,0.5446274059599507,1.044397317196673
2001-02-02,-1.7628461911447508,1.0064634581754928
2001-02-05,0.3580241741748479,1.1067861969584618
2001-02-06,-0.1514868758901133,1.0578453646685335
2001-02-07,-0.844369052364719,1.0098736030749256
2001-02-08,-0.6254170660763811,1.0008348973777603
2001-02-09,-1.342526596679741,0.976567150797531
2001-02-12,1.1757894931235195,1.0236275986891548
2001-02-13,-0.8689772585958535,1.0336291122665646
2001-02-14,-0.2186195063210996,1.0242571468883033
2001-02-15,0.8090730929249642,0.9799994198972681
2001-02-16,-1.908628708319949,0.9628135514415543
2001-02-20,-1.7508953990654743,1.0949812643661814
2001-02-21,-1.8680859586076648,1.1776880729230093
2001-02-22,-0.1953736951163641,1.2628669955400735
2001-02-23,-0.5570924750844155,1.2025661095289017
2001-02-26,1.7338769191571488,1.158506461780338
2001-02-27,-0.7689396127662075,1.2144755452841465
2001-02-28,-1.4412471713944133,1.181421755600331
2001-03-01,0.1039863628340481,1.2118089112706132
2001-03-02,-0.5695982258483536,1.1523791035979463
2001-03-05,0.5841032455202131,1.11270586440422
2001-03-06,0.993112088261496,1.0715133457090642
2001-03-07,0.6431629893613798,1.0598232228391506
2001-03-08,0.2255951040818529,1.0255397930135406
2001-03-09,-2.5075725323942804,0.979113384832441
2001-03-12,-4.414078294443772,1.215141447913589
2001-03-13,1.4719630139540336,1.781003477948433
2001-03-14,-2.618189309370976,1.7414806057002299
2001-03-15,0.5854125517359441,1.8385517490460428
2001-03-16,-1.9819182794657757,1.749120976386479
2001-03-19,1.7473135776606017,1.7687315088090263
2001-03-20,-2.4372000192958607,1.7529325239467506
2001-03-21,-1.80862772659719,1.8248231662758152
2001-03-22,-0.4071995565797344,1.8186884877212908
2001-03-23,1.9713495936903385,1.7286089156411266
2001-03-26,1.121920054569309,1.738407746052216
2001-03-27,2.525347937182508,1.6789514511127301
2001-03-28,-2.473300853089892,1.7592454399762938
2001-03-29,-0.4641060904985464,1.8347839754190745
2001-03-30,1.0726709139390915,1.7451862581090074
2001-04-02,-1.254023999486656,1.6824033933088518
2001-04-03,-3.4998475022451245,1.643229257385461
2001-04-04,-0.2905325361392833,1.8943934716744482
2001-04-05,4.275291291739027,1.7972856066499492
2001-04-06,-2.018594837777301,2.1307539856114275
2001-04-09,0.808462583936063,2.112650624927154
2001-04-10,2.670621859203787,2.012977621090286
2001-04-11,-0.2133421718970636,2.0647543306957905
2001-04-12,1.499139355233697,1.9564372358404327
2001-04-16,-0.3232889182608421,1.9039136350150303
2001-04-17,1.0229948339488113,1.8068395859499313
2001-04-18,3.815322509881213,1.7368840240743904
2001-04-19,1.246472175351813,2.002911670001431
2001-04-20,-0.8579449399815879,1.9307211991751771
2001-04-23,-1.5093460052377403,1.8492611187036878
2001-04-24,-1.2236023629359138,1.8147704209531772
2001-04-25,1.581516957968027,1.7623727265502118
2001-04-26,0.4684853904600156,1.7330813634762436
2001-04-27,1.4898371931206402,1.6471648211279273
2001-04-30,-0.2869191603224831,1.6211440314060512
2001-05-01,1.3498341704493846,1.5404476997564545
2001-05-02,0.0781502095204331,1.5130769434558673
2001-05-03,-1.4984400130627271,1.435337649462056
2001-05-04,1.4337158275437674,1.4412856387453317
2001-05-07,-0.2450458589421953,1.4304816885734961
2001-05-08,-0.1829960093747652,1.3606725079077138
2001-05-09,-0.4497819936253592,1.2940396597581905
2001-05-10,-0.0286758651484411,1.238904244679414
2001-05-11,-0.76054583320409,1.1779661868667446
2001-05-14,0.2605639984349348,1.147417025313457
2001-05-15,0.04161909984873,1.093690640940814
2001-05-16,2.805552457975033,1.0415370568153723
2001-05-17,0.2720053922715442,1.2971492540684058
2001-05-18,0.2689432355072174,1.2341663192856405
2001-05-21,1.6024664084721572,1.1750773596318789
2001-05-22,-0.2631332512547939,1.2125955710145377
2001-05-23,-1.5648195622524033,1.157007182286839
2001-05-24,0.3191051471414715,1.2053842139275879
2001-05-25,-1.1886310588375482,1.1490801190549615
2001-05-29,-0.782459992146223,1.1565486976780488
2001-05-30,-1.5779356558458757,1.129285553377726
2001-05-31,0.6182367657796666,1.183354968170624
2001-06-01,0.3854657622684866,1.1385537827752277
2001-06-04,0.50953447410036,1.0882472672177759
2001-06-05,1.2906511100564182,1.0456292636422404
2001-06-06,-1.060467106196446,1.0648723860759859
2001-06-07,0.5441677248723177,1.06933892917139
2001-06-08,-0.9441752309571274,1.0295445558357876
2001-06-11,-0.8391059924567633,1.027070139776677
2001-06-12,0.1163204401009928,1.015900722113417
2001-06-13,-1.1411763938773378,0.9688873137142252
2001-06-14,-1.7656559095685551,0.9932143206701983
2001-06-15,-0.4527114710082972,1.0964847646064222
2001-06-18,-0.4895136092087169,1.0553780978740275
2001-06-19,0.3428243907661208,1.0190481942175194
2001-06-20,0.867104994474383,0.9756036866389504
2001-06-21,1.130012602445341,0.9631839331797363
2001-06-22,-0.949496321273554,0.9756965570444993
2001-06-25,-0.5523858751956685,0.9795502087052409
2001-06-26,-0.1511042458996914,0.952597487866462
2001-06-27,-0.4687374320122502,0.9116211327297761
2001-06-28,1.2415694507143689,0.8855199697696641
2001-06-29,-0.1485319113264489,0.9204040998118284
2001-07-02,1.0028092604268009,0.8815673256220934
2001-07-03,-0.1837202816089598,0.8910312498357353
2001-07-05,-1.239778139926692,0.8550518136860784
2001-07-06,-2.3778751934215294,0.9076416580614473
2001-07-09,0.6855443542898605,1.138712030126551
2001-07-10,-1.4502635743563457,1.1005612463061054
2001-07-11,-0.11347469386804,1.1429545261316556
2001-07-12,2.3414984234097416,1.0888772020325805
2001-07-13,0.6221636236980788,1.2479151043066417
2001-07-16,-1.0942533714401794,1.1986455725096659
2001-07-17,0.9921915461124284,1.19191605109303
2001-07-18,-0.5557044822974007,1.1688460906853935
2001-07-19,0.6034581514543652,1.1272268614101988
2001-07-20,-0.3437981475594382,1.0858566916726329
2001-07-23,-1.650406859089024,1.0411890587978603
2001-07-24,-1.6405470991123063,1.1189209729542824
2001-07-25,1.595194629485564,1.1826678897321958
2001-07-26,1.0395313211512855,1.2183127285199258
2001-07-27,0.2399496805141022,1.196390336163958
2001-07-30,-0.10786253410535,1.1392182785739668
2001-07-31,0.5555192543405518,1.0853003241131622
2001-08-01,0.3872904176774551,1.0448357856123092
2001-08-02,0.3956163689383959,1.000918021839269
2001-08-03,-0.5256489848173491,0.9603117453715577
2001-08-06,-1.14874735657115,0.9333973822744969
2001-08-07,0.326007735042001,0.9632824843648852
2001-08-08,-1.7480014949267868,0.9232049846733261
2001-08-09,-0.0084475937481698,1.0376399411748776
2001-08-10,0.5670733575997913,0.989221208964142
2001-08-13,0.0949005801395615,0.9565237433407328
2001-08-14,-0.3835177286675257,0.9132631608780473
2001-08-15,-0.7366529506445029,0.882777622954628
2001-08-16,0.3085178882578139,0.8776834314768661
2001-08-17,-1.6803443148875,0.8431289242147291
2001-08-20,0.8091365281536667,0.9635837190004231
2001-08-21,-1.2153030103248523,0.9479209012097167
2001-08-22,0.6932045817424317,0.9835783328067008
2001-08-23,-0.2767117637131845,0.9583303608232935
2001-08-24,1.9463667754720435,0.9203301851021235
2001-08-27,-0.4839056824065403,1.050287586685645
2001-08-28,-1.5123798461059843,1.0140703251635141
2001-08-29,-1.1211856303303616,1.077367420236403
2001-08-30,-1.715015190128704,1.0863498669466312
2001-08-31,0.4021844613325859,1.16548390021267
2001-09-04,-0.0564755390998746,1.1138612075801517
2001-09-05,-0.1059709380918615,1.0609541624328545
2001-09-06,-2.264473935776002,1.0120253365093812
2001-09-07,-1.8812873731179889,1.1940972285532427
2001-09-10,0.6206646640060623,1.2783742606343058
2001-09-17,-5.046795662810626,1.2268843631883528
2001-09-18,-0.5821884809079506,1.9377173336070395
2001-09-19,-1.6243709423848802,1.845169134921622
2001-09-20,-3.155251976718532,1.820497806988835
2001-09-21,-1.92177438972797,1.9804176162616791
2001-09-24,3.824259274960759,1.9687093875218922
2001-09-25,0.8751278426766528,2.1872962386881594
2001-09-26,-0.5180039919528648,2.085213125883224
2001-09-27,1.1423625360937937,1.9816400901606963
2001-09-28,2.168515635909315,1.9053081165086851
2001-10-01,-0.2298538239235396,1.9152335040116792
2001-10-02,1.223043093528238,1.8159196061962573
2001-10-03,1.9731262404344156,1.7565600479965535
2001-10-04,-0.2474451049697681,1.7634054099262653
2001-10-05,0.1634742837950908,1.6733851809443765
2001-10-08,-0.8379447200028666,1.5865007046206951
2001-10-09,-0.5369934018738904,1.5284979519244182
2001-10-10,2.267911842175475,1.4608445051071222
2001-10-11,1.5093852667844136,1.5404334022136514
2001-10-12,-0.5280796063004708,1.526362701017323
2001-10-15,-0.1531005961402244,1.45852175864036
2001-10-16,0.6912017833284514,1.3854344559234193
2001-10-17,-1.88084189541386,1.3294747936726623
2001-10-18,-0.7904203580733224,1.3924354238210286
2001-10-19,0.4546964493033415,1.3464579565196897
2001-10-22,1.518028199200593,1.2844790352230777
2001-10-23,-0.47087428503352,1.298856759325844
2001-10-24,0.0387028344981305,1.2441952226725548
2001-10-25,1.3627706761264229,1.1826772360299274
2001-10-26,0.4100354664347971,1.193026009077493
2001-10-29,-2.4106546045271102,1.1398026138156148
2001-10-30,-1.7314960040262073,1.317388602421401
2001-10-31,-0.0009445090562961,1.3635291754087742
2001-11-01,2.2688760107419914,1.2948396797298785
2001-11-02,0.2855411777992649,1.4018565891443746
2001-11-05,1.4283100883702895,1.3326134327912305
2001-11-06,1.442165687681226,1.3326545357882524
2001-11-07,-0.2738616513563872,1.3340128827222082
2001-11-08,0.2452618222911972,1.2708896049587686
2001-11-09,0.1581186611715765,1.209128763017648
2001-11-12,-0.1769023194877762,1.1502011223696937
2001-11-13,1.839320618887372,1.0967214256509648
2001-11-14,0.1859400777162265,1.1765541974524791
2001-11-15,0.0902169426756197,1.1199276100918847
2001-11-16,-0.314786663248987,1.0661740301313558
2001-11-19,1.0839936279118731,1.0218810465949146
2001-11-20,-0.7324400212031177,1.023235562897484
2001-11-21,-0.493928224634252,1.0042720674868995
2001-11-23,1.1637895729167196,0.9721073041683228
2001-11-26,0.6135906947333913,0.9870106528301638
2001-11-27,-0.6866362866131652,0.956889759556691
2001-11-28,-1.8420008155057117,0.940703603487278
2001-11-29,1.0296585725125815,1.0666675890948067
2001-11-30,-0.0657995796888704,1.05850198683128
2001-12-03,-0.841649215393885,1.009221706676437
2001-12-04,1.3100837071863545,1.0000236872070738
2001-12-05,2.2072836601092405,1.0272201023679217
2001-12-06,-0.2780809995695209,1.1772916312654105
2001-12-07,-0.7559921671188211,1.1244034741733793
2001-12-10,-1.5995192716303892,1.0981178454253377
2001-12-11,-0.2784784846049183,1.159705475974215
2001-12-12,0.0272611876302971,1.1079894402364507
2001-12-13,-1.5679766197094782,1.054957862517627
2001-12-14,0.3308819623699007,1.1191536256815917
2001-12-17,0.9984817742795103,1.068710944197975
2001-12-18,0.7517827232348779,1.0577361733898099
2001-12-19,0.5792881874600667,1.0298870735587153
2001-12-20,-0.8412407306602606,0.9946662198593098
2001-12-21,0.4341671186717037,0.9868930292638047
2001-12-24,-0.0209640566366498,0.9486260357630328
2001-12-26,0.4115027177954587,0.9060774256219569
2001-12-27,0.67288437415869,0.8728490482377629
2001-12-28,0.3356140248724933,0.8559485406028567
2001-12-31,-1.1208002315408978,0.8237654375473069
2002-01-02,0.5723683319385651,0.8659867188647914
2002-01-03,0.913820966062987,0.8434865336103686
2002-01-04,0.619392183206329,0.8488259177450814
2002-01-07,-0.6520083881542553,0.8306089645297867
2002-01-08,-0.3594821341845335,0.823972772422733
2002-01-09,-0.4810291761541906,0.7993905752390409
2002-01-10,0.1219916438481459,0.783594787499785
2002-01-11,-0.9512981955861712,0.7522347189127955
2002-01-14,-0.6295913875496008,0.7844510411024249
2002-01-15,0.6810765458505635,0.7807416898207511
2002-01-16,-1.6378520405579702,0.77311368909158
2002-01-17,0.9980500536555896,0.9022967695243566
2002-01-18,-0.9971623285766816,0.9088992650420675
2002-01-22,-0.7361227964756903,0.9253199123127716
2002-01-23,0.7893286045234099,0.9159022241943731
2002-01-24,0.3512738978946531,0.903261719205242
2002-01-25,0.0997607473846755,0.8681496412955909
2002-01-28,-0.0194119766041371,0.8307972630474451
2002-01-29,-2.903014700394928,0.7961769931177235
2002-01-30,1.1679180242276892,1.177982973152825
2002-01-31,1.4823542663659697,1.170449815420327
2002-02-01,-0.7103564186859824,1.1948979929701102
2002-02-04,-2.5048237435489957,1.1597938994518515
2002-02-05,-0.4046700773350976,1.3490952664629137
2002-02-06,-0.5990282300850029,1.288689061107008
2002-02-07,-0.308730347398157,1.2403343865228056
2002-02-08,1.474939474392453,1.1841528223011466
2002-02-11,1.4238313259156417,1.2060769452903548
2002-02-12,-0.4000961905916361,1.2199346301416918
2002-02-13,0.9892228247223758,1.1680326419118334
2002-02-14,-0.1816589661701154,1.1469103653246413
2002-02-15,-1.1077834836375688,1.093735595506032
2002-02-19,-1.9054196735832063,1.0995360461112418
2002-02-20,1.3423280246381113,1.2039056596960858
2002-02-21,-1.5631871250006664,1.2098025261003735
2002-02-22,0.8190626166710079,1.2505785520359676
2002-02-25,1.7815553217049178,1.2111449469989608
2002-02-26,-0.0045113215472967,1.2653826668175978
2002-02-27,0.0459619397472878,1.2026853099041588
2002-02-28,-0.2851220621873709,1.1437192805793064
2002-03-01,2.238193659848506,1.093251302299024
2002-03-04,1.9303840181350156,1.2342113057006785
2002-03-05,-0.6695693009899559,1.3041860934822167
2002-03-06,1.4405318712671682,1.2582560657560797
2002-03-07,-0.4508009010616361,1.2677537985877818
2002-03-08,0.5831589837769866,1.214454961825633
2002-03-11,0.3386783532078208,1.1658906290230744
2002-03-12,-0.2296691228402683,1.1125765210054392
2002-03-13,-0.9906654474038424,1.0627021673172272
2002-03-14,-0.0910158359580404,1.060896913283012
2002-03-15,1.1314362422677835,1.0117651620254324
2002-03-18,-0.0523208584054173,1.018756661168471
2002-03-19,0.4058494213817126,0.9719008278467833
2002-03-20,-1.5882290455983863,0.933691835405249
2002-03-21,0.1509465099049259,1.021487684603212
2002-03-22,-0.4247963704122044,0.9743764028047714
2002-03-25,-1.4759697779003194,0.9411126277266164
2002-03-26,0.5831686535411811,1.0114764662906515
2002-03-27,0.5334904674459322,0.977858878090962
2002-03-28,0.2452091465145393,0.944418073185732
2002-04-01,-0.0741064988848635,0.9037404278692156
2002-04-02,-0.8566626285034671,0.8647457162851406
2002-04-03,-1.0043569573342934,0.8723500024417312
2002-04-04,0.0834857900930352,0.8941645623441928
2002-04-05,-0.3210205585397316,0.8549924663906993
2002-04-08,0.2277612902201911,0.8262583849486634
2002-04-09,-0.6678303392647302,0.7934090829009648
2002-04-10,1.127093800175141,0.791902904324315
2002-04-11,-2.397439130394684,0.8265652293881398
2002-04-12,0.6610462073328417,1.0862850639935535
2002-04-15,-0.7643797235958176,1.0508895096238546
2002-04-16,2.314838607707869,1.0317214750299875
2002-04-17,-0.204046209783577,1.1991639595141674
2002-04-18,-0.1421859566596496,1.1430850554638197
2002-04-19,0.0622386924332482,1.0894391386692515
2002-04-22,-1.5531067125201046,1.037551525823059
2002-04-23,-0.6220616291123798,1.1025387773707798
2002-04-24,-0.712818876779094,1.0696344593100557
2002-04-25,-0.151974668629157,1.0451768243147712
2002-04-26,-1.398679014478052,0.9980450377693507
2002-04-29,-1.0150566091619933,1.048985318868802
2002-04-30,1.070795651211028,1.0509056954537035
2002-05-01,0.8819512806962408,1.0479491543325417
2002-05-02,-0.1750239805862305,1.029842498637168
2002-05-03,-1.031524983296207,0.9841882131117957
2002-05-06,-1.9529343513434487,0.9950527036323279
2002-05-07,-0.3025512886755084,1.127599333379174
2002-05-08,3.681774841373444,1.0787248233916151
2002-05-09,-1.4654278624167747,1.5058314409380562
2002-05-10,-1.6936513417258974,1.5009830033459863
2002-05-13,1.8380051041598384,1.5193905150415283
2002-05-14,2.092308699684628,1.5395963389130793
2002-05-15,-0.5675600107153393,1.5858741480714342
2002-05-16,0.654095824893372,1.515551432329641
2002-05-17,0.7583408730942015,1.4491501244269995
2002-05-20,-1.3382198218289814,1.3917371392767175
2002-05-21,-1.105105727304864,1.3870570184434898
2002-05-22,0.5669727159328478,1.3629409512826243
2002-05-23,1.0132409207079518,1.3035275005031488
2002-05-24,-1.2160276727984638,1.272149791328735
2002-05-28,-0.8589773282158751,1.268772932287733
2002-05-29,-0.6432644922662764,1.237104420024241
2002-05-30,-0.2813838338753309,1.1948558394354178
2002-05-31,0.2326654968281653,1.1409021045288492
2002-06-03,-2.510778918222929,1.0871367716754246
2002-06-04,0.000950114139799,1.2950734169868585
2002-06-05,0.8811046396816432,1.2305366330601086
2002-06-06,-1.9961702247038615,1.196497807411017
2002-06-07,-0.1575349991163369,1.2967230318332639
2002-06-10,0.3119088855630685,1.2336437533859697
2002-06-11,-1.6768655471583804,1.1753854635031011
2002-06-12,0.6549180408375339,1.2352031751243127
2002-06-13,-1.0542916396383086,1.188325724693486
2002-06-14,-0.2270869624141374,1.1791486327049365
2002-06-17,2.828754512479371,1.1248621517178985
2002-06-18,0.093567362958642,1.3621489792644925
2002-06-19,-1.6674125328220637,1.2934953317883346
2002-06-20,-1.352253507426956,1.3352446649072591
2002-06-21,-1.718966411805787,1.337945846779499
2002-06-24,0.3612727412517391,1.3797859765369433
2002-06-25,-1.684258719901702,1.3133356539186973
2002-06-26,-0.2677362683760665,1.3543942985007715
2002-06-27,1.7422542621819808,1.2898370528171426
2002-06-28,-0.0828097878251334,1.328313676876973
2002-07-01,-2.1619741078265013,1.2623285511910172
2002-07-02,-2.145391195362674,1.3751324093041923
2002-07-03,0.6203716192900638,1.4661801958120466
2002-07-05,3.607151547841261,1.4018111886969349
2002-07-08,-1.2258533442125268,1.7126593525589724
2002-07-09,-2.502963938534363,1.6688736399130284
2002-07-10,-3.4552144296682985,1.7617926583625256
2002-07-11,0.746824033702075,1.9798716441036153
2002-07-12,-0.6469202376315163,1.886546754776607
2002-07-15,-0.3762288280677478,1.7994502700450556
2002-07-16,-1.8682461584747103,1.709810126036723
2002-07-17,0.5644765501472655,1.7221208399283043
2002-07-18,-2.739036837838281,1.6393742275284535
2002-07-19,-3.9107281543326815,1.7700475963128774
2002-07-22,-3.3464414088565317,2.0637852053225716
2002-07-23,-2.73887646973144,2.2093978851930562
2002-07-24,5.5744300086781005,2.256168342507958
2002-07-25,-0.5647683762642759,2.7137811516081953
2002-07-26,1.6742769572254284,2.5735624690394387
2002-07-29,5.266657592569263,2.483633025836283
2002-07-30,0.4240359807039844,2.832384307630479
2002-07-31,0.974430737280289,2.680961394815345
2002-08-01,-3.001987117799916,2.5511114258383554
2002-08-02,-2.3352863334735607,2.585192435608425
2002-08-05,-3.4897957804021087,2.550552756633056
2002-08-06,2.9479733821624494,2.6413911935775674
2002-08-07,1.981244982962769,2.648278107296464
2002-08-08,3.219840356906479,2.5723100971509805
2002-08-09,0.350586612504229,2.616049409137582
2002-08-12,-0.5340908779561914,2.4761781675170584
2002-08-13,-2.19134676341581,2.3493931622841107
2002-08-14,3.926592009259359,2.3250455842702262
2002-08-15,1.1492831297458543,2.4942517905429176
2002-08-16,-0.1592216077143471,2.382974133863125
2002-08-19,2.33374170554417,2.2556566725264586
2002-08-20,-1.4056487627908718,2.2440030787383227
2002-08-21,1.2645977349959243,2.1693530609107845
2002-08-22,1.3953791536835125,2.085964344032317
2002-08-23,-2.294751441212088,2.0162839063204987
2002-08-26,0.7507436073546675,2.0376761209606298
2002-08-27,-1.3947765903818603,1.940811563816738
2002-08-28,-1.829824214914384,1.8897635246943338
2002-08-29,-0.0076274411963601,1.8788688782345977
2002-08-30,-0.188669969685001,1.779727285576555
2002-09-03,-4.242339429995484,1.6878611379567168
2002-09-04,1.7365041581542155,2.0634370975268825
2002-09-05,-1.6078876884529298,2.0191551761448423
2002-09-06,1.6660707232347711,1.9771146195368663
2002-09-09,1.0062013388429862,1.9350564562361858
2002-09-10,0.7304693315016768,1.8552174132705455
2002-09-11,-0.0142938688135996,1.7693184806215239
2002-09-12,-2.5096553340929875,1.6765875489345676
2002-09-13,0.3264472778256881,1.769206056869758
2002-09-16,0.1448673175396407,1.6784014152461273
2002-09-17,-1.9925579155947,1.5911126841788112
2002-09-18,-0.4658693507558172,1.631422012819903
2002-09-19,-3.052586322072577,1.5546582464933287
2002-09-20,0.2451585333254364,1.7498255636326012
2002-09-23,-1.3924436611466149,1.6591285588516689
2002-09-24,-1.74355553457417,1.6327564339543708
2002-09-25,2.45589312978232,1.641109203846127
2002-09-26,1.8045985962022224,1.718049221304675
2002-09-27,-3.279101266239068,1.712680922098305
2002-09-30,-1.4720340855098002,1.9122660888201382
2002-10-01,3.924281795629962,1.8692844107525877
2002-10-02,-2.3870046023859417,2.1246586206700018
2002-10-03,-1.0881373553519444,2.1431667829978505
2002-10-04,-2.2686560504886213,2.0580114799111384
2002-10-07,-1.9296106939168385,2.0718551604216295
2002-10-08,1.675718842577852,2.0516444122124176
2002-10-09,-2.766613289814817,2.0037962907336455
2002-10-10,3.4368305564888963,2.081296803059458
2002-10-11,3.831515325417132,2.2217003100011716
2002-10-14,0.7299819005761639,2.394811221532223
2002-10-15,4.624935832453217,2.275173824347804
2002-10-16,-2.440840356570623,2.5611354331225975
2002-10-17,2.205674947233797,2.53816955260517
2002-10-18,0.5885741408169234,2.4882871139072367
2002-10-21,1.718541286405438,2.3596343118731173
2002-10-22,-1.0682379565699471,2.289165010700605
2002-10-23,0.6695475435134607,2.192851169391991
2002-10-24,-1.5337878307867137,2.083893892978933
2002-10-25,1.7021475707138043,2.030716247183621
2002-10-28,-0.8300430148164086,1.9866890773509596
2002-10-29,-0.911769711671531,1.9002008985050398
2002-10-30,0.9656784918521018,1.823389890305679
2002-10-31,-0.5572877593899489,1.7494115183858412
2002-11-01,1.7014841320024658,1.6680397817147976
2002-11-04,0.8168854113023245,1.658293677624489
2002-11-05,0.7720479968744898,1.5889190255279595
2002-11-06,0.910208823907956,1.5223552588290479
2002-11-07,-2.3117399785440327,1.467254129492766
2002-11-08,-0.8801746066798628,1.566260637178254
2002-11-11,-2.095019718133086,1.5121073096027038
2002-11-12,0.768562250277899,1.575551201319718
2002-11-13,-0.0475771924015324,1.5097566505423963
2002-11-14,2.4335194203291945,1.432522920401832
2002-11-15,0.6129777692192472,1.5394357864706298
2002-11-18,-1.0463120579778833,1.4699465501903306
2002-11-19,-0.4028712996013078,1.4341080750646842
2002-11-20,1.9228744401268,1.3680866445558324
2002-11-21,2.122475787139622,1.4174367229037155
2002-11-22,-0.3443660280864257,1.4846302650912742
2002-11-25,0.2490054356224836,1.4137260937099356
2002-11-26,-2.119049015884691,1.3432184633665911
2002-11-27,2.7601658999426766,1.435857841747464
2002-11-29,-0.2730403650863829,1.5910171819749255
2002-12-02,-0.1902855159449281,1.511883151569369
2002-12-03,-1.485520513320732,1.4360994929758166
2002-12-04,-0.3448767112179138,1.44068755252089
2002-12-05,-1.2093615806547986,1.3725795001824863
2002-12-06,0.6245957444590386,1.358380687114124
2002-12-09,-2.2425997271028626,1.3014859187986956
2002-12-10,1.3860905064269249,1.419166732253373
2002-12-11,0.056373046407111,1.4063918424597048
2002-12-12,-0.3741969459544805,1.3350138415851855
2002-12-13,-1.35117982956279,1.2745646616461215
2002-12-16,2.3247089835741592,1.2839530659705434
2002-12-17,-0.8172621845138583,1.401146888585427
2002-12-18,-1.323237528625631,1.356059242375447
2002-12-19,-0.7739264971933619,1.353752544363795
2002-12-20,1.293270276840668,1.309823296992341
2002-12-23,0.1806881274973349,1.299900219290075
2002-12-24,-0.5486545312232814,1.235569996344162
2002-12-26,-0.3153529737852179,1.1886909101673935
2002-12-27,-1.6158384433054074,1.1361106845280788
2002-12-30,0.4547549304138501,1.194000783790588
2002-12-31,0.0488847470141309,1.1420796161439384
2003-01-02,3.2660779741822408,1.0868802612615402
2003-01-03,-0.0484152283104231,1.4218068386840195
2003-01-06,2.222553665158527,1.349855787249192
2003-01-07,-0.6566129492672003,1.4409434569451078
2003-01-08,-1.4185718611712492,1.3843527339188086
2003-01-09,1.920060580196416,1.388098181195253
2003-01-10,0.0,1.434352446768152
2003-01-13,-0.1413287911582527,1.3613916393527001
2003-01-14,0.5812929118617343,1.2940755933095571
2003-01-15,-1.4530931016391218,1.23988378864467
2003-01-16,-0.3950196888387922,1.2641371634016505
2003-01-17,-1.4116164167858547,1.2090659200739422
2003-01-21,-1.582690238645093,1.2326255950518505
2003-01-22,-1.0487202275181196,1.2726028983562552
2003-01-23,1.0171737971112749,1.2547083693421952
2003-01-24,-2.966925270955569,1.2278592623292752
2003-01-27,-1.629178385249297,1.4840220209463046
2003-01-28,1.2966029443826306,1.4976736188124822
2003-01-29,0.6756085188473634,1.4700406893833342
2003-01-30,-2.311436673158044,1.4075629536367873
2003-01-31,1.3044896679016544,1.516556627872652
2003-02-03,0.5384559885174526,1.4878206185297065
2003-02-04,-1.4187950142553594,1.4192163023156046
2003-02-05,-0.5449845022301613,1.4191825989219713
2003-02-06,-0.6469515204079759,1.3592137853452688
2003-02-07,-1.0144971214753329,1.308052525320189
2003-02-10,0.7540552236937189,1.2841633930633478
2003-02-11,-0.8131296944902043,1.2385666568319844
2003-02-12,-1.2768117118207325,1.2063790269345611
2003-02-13,-0.1601415419246122,1.2160975246706056
2003-02-14,2.1208134445614224,1.1581142954599943
2003-02-18,1.9311856336077744,1.2679194759654608
2003-02-19,-0.7121386071817133,1.3328261241670982
2003-02-20,-0.9546958954540238,1.2870199778614908
2003-02-21,1.313755874821075,1.260537058977215
2003-02-24,-1.8551733389043052,1.2575502260795106
2003-02-25,0.7168735061912846,1.3280782923328025
2003-02-26,-1.3228555286300596,1.2773897731699642
2003-02-27,1.1689063978690684,1.2836346201239928
2003-02-28,0.4611454575361189,1.265774118513951
2003-03-03,-0.7565881065893376,1.2092683214287856
2003-03-04,-1.5475933472308012,1.1758578392792962
2003-03-05,0.951671449528586,1.2194591915262767
2003-03-06,-0.9382919685983232,1.1910518122365017
2003-03-07,0.8225461554722081,1.1720765905198942
2003-03-10,-2.616921121529518,1.1391618446476264
2003-03-11,-0.8394475599230986,1.3533984624693014
2003-03-12,0.4311775502897432,1.3134518510968392
2003-03-13,3.387670793320656,1.2529461125790404
2003-03-14,0.1645472102123125,1.5625203555144136
2003-03-17,3.481355607000204,1.482209291324911
2003-03-18,0.4233119365493321,1.7490653751373275
2003-03-19,0.8698862860555134,1.6611877272096849
2003-03-20,0.1886007082035928,1.5940332725249704
2003-03-21,2.2716697858611123,1.5120301770298559
2003-03-24,-3.5867071493772107,1.5843697726563926
2003-03-25,1.2087773698511244,1.8646037795329649
2003-03-26,-0.5490935416151999,1.8006418493233758
2003-03-27,-0.1645116651062916,1.7157213779659353
2003-03-28,-0.579673852680565,1.6273442311345019
2003-03-31,-1.7901028803951842,1.5547274127143436
2003-04-01,1.2070492085123463,1.5770037401316932
2003-04-02,2.5780778962752664,1.535862829015798
2003-04-03,-0.5064468234289504,1.6458423139992318
2003-04-04,0.2734535282983263,1.5694443206589939
2003-04-07,0.1228143650809882,1.4898360478903805
2003-04-08,-0.1865540320781061,1.4136183515298526
2003-04-09,-1.4103460334560431,1.3437790021493783
2003-04-10,0.6434326234618374,1.3512364148309304
2003-04-11,-0.3770413101379845,1.2956111329435767
2003-04-14,1.931021317726776,1.2378463656823828
2003-04-15,0.6283682258609843,1.3073402987090268
2003-04-16,-1.231155944986838,1.2541436604689802
2003-04-17,1.541628625690498,1.2540963321048832
2003-04-21,-0.1758531023583988,1.2746104161791265
2003-04-22,2.14716023106121,1.2132154160991941
2003-04-23,0.8358949618774869,1.316921948818596
2003-04-24,-0.8293119512326398,1.2732787638397676
2003-04-25,-1.394312316572739,1.2392517075405163
2003-04-28,1.7677552473808775,1.2572436215653795
2003-04-29,0.3273896797779724,1.3032035246204146
2003-04-30,-0.1002903941149517,1.2408558129737086
2003-05-01,-0.0676400160083197,1.1804558288933424
2003-05-02,1.4926813678558364,1.123465150190165
2003-05-05,-0.3802624692331942,1.1551412162947787
2003-05-06,0.8425928003602796,1.1069716887789485
2003-05-07,-0.5118030395229842,1.0808276153854328
2003-05-08,-1.0108768772651344,1.0436644249989726
2003-05-09,1.4177391736409863,1.045776390478711
2003-05-12,1.245678912932096,1.0791940478341029
2003-05-13,-0.2977625078551852,1.0897361807726023
2003-05-14,-0.3210026745469151,1.0432802627629845
2003-05-15,0.783689004237993,1.0007897723651697
2003-05-16,-0.2506646213160596,0.9799380445617463
2003-05-19,-2.5233601618067265,0.93960224782656
2003-05-20,-0.1130170250695113,1.1901256484069809
2003-05-21,0.4004022944009453,1.1330603196530504
2003-05-22,0.9109164321114696,1.0835508110204741
2003-05-23,0.1447625419073617,1.0643178223033554
2003-05-27,1.9377706387686573,1.0143981336086079
2003-05-28,0.1827049680268822,1.1236037847020266
2003-05-29,-0.3762715392624655,1.0702800781488004
2003-05-30,1.4582939974265974,1.027902001998724
2003-06-02,0.3532574646307761,1.0686103082533542
2003-06-03,0.4704529108941448,1.022095634840333
2003-06-04,1.4996698227585568,0.9826755306568082
2003-06-05,0.3946639276500611,1.0352103919244962
2003-06-06,-0.2406598920196461,0.9921858986133841
2003-06-09,-1.204890812146559,0.9507108745855644
2003-06-10,0.90883636738249,0.9847489351040632
2003-06-11,1.2752860158620625,0.9747457006594484
2003-06-12,0.1032098751345552,1.0013528007245243
2003-06-13,-0.996427628937111,0.9552090916037239
2003-06-16,2.213810384766681,0.9659670203613709
2003-06-17,0.0909793305253878,1.131231240314368
2003-06-18,-0.1553057108564282,1.0767704086336103
2003-06-19,-1.535354493299519,1.0276338936682492
2003-06-20,0.0994770179439832,1.091832298510007
2003-06-23,-1.4211309324765902,1.0398839368898223
2003-06-24,0.1842152823243611,1.0874227219857875
2003-06-25,-0.8301180320273589,1.0364192914423072
2003-06-26,1.0708159797852024,1.0236193267613558
2003-06-27,-0.9785848748285318,1.0235717880434954
2003-06-30,-0.1763421890036724,1.0248710042759823
2003-07-01,0.7992609360683223,0.9795757152533869
2003-07-02,1.156853766024282,0.9617240256400476
2003-07-03,-0.8133604913024198,0.977170677368829
2003-07-07,1.881346140052808,0.9688444835118901
2003-07-08,0.3399210064132708,1.0782412468646534
2003-07-09,-0.5601870071837125,1.0307309261672992
2003-07-10,-1.357190119870671,1.0000550540911093
2003-07-11,0.950260046028829,1.0454767028385636
2003-07-14,0.5714271995592051,1.0328630161853858
2003-07-15,-0.3432659981358797,0.997036723468596
2003-07-16,-0.6347400891690437,0.9586361549155766
2003-07-17,-1.2511471261658864,0.938661756464298
2003-07-18,1.173657372512836,0.9799650558153336
2003-07-21,-1.4725556198844163,0.9949376025027361
2003-07-22,0.9466693661065904,1.0559805654523062
2003-07-23,0.0505888560923095,1.0420688457338783
2003-07-24,-0.7116032794080435,0.9931892167908765
2003-07-25,1.7250531155822024,0.9754667026576356
2003-07-28,-0.2165170384060533,1.0600696189543497
2003-07-29,-0.7291793872162242,1.0133555331691264
2003-07-30,-0.1811075172215334,0.9950577560276587
2003-07-31,0.2851662708710753,0.9518642524483265
2003-08-01,-1.0312376876165157,0.9115382407871611
2003-08-04,0.2720351827634523,0.9312356138472413
2003-08-05,-1.7821303454706765,0.8920206334152676
2003-08-06,0.1676545338155906,1.0186358410336271
2003-08-07,0.7253254530505021,0.9718767326920743
2003-08-08,0.3555892377021268,0.9496634895936756
2003-08-11,0.3064072010588275,0.9113887603680445
2003-08-12,0.990393263719186,0.8743947934833335
2003-08-13,-0.6401977186592457,0.8834842300509561
2003-08-14,0.6563557693260349,0.8707869223817811
2003-08-15,0.0161492792649182,0.8529831807064147
2003-08-18,0.9113770757476484,0.8166182720070283
2003-08-19,0.2607262285548578,0.8248179946969989
2003-08-20,-0.2047275905896333,0.7928015764798445
2003-08-21,0.2964741838714095,0.7645294406227675
2003-08-22,-1.0228880904442752,0.7379225458843428
2003-08-25,0.065435297580108,0.7810558077625739
2003-08-26,0.3034465555052555,0.74959531770321
2003-08-27,0.0060192583832658,0.7243427598442939
2003-08-28,0.6051186744037782,0.6970777013219733
2003-08-29,0.5142098324289219,0.6922079838404586
2003-09-02,1.377359751941786,0.6816478025253396
2003-09-03,0.4179191612316912,0.770385325812936
2003-09-04,0.165506617338273,0.7478906548952582
2003-09-05,-0.6421496186530918,0.7195811208907686
2003-09-08,0.9985324149892691,0.7239515240944874
2003-09-09,-0.824414882264681,0.7532757461075985
2003-09-10,-1.2044843941237446,0.7712175441317904
2003-09-11,0.542584232141206,0.8330013302298879
2003-09-12,0.2171959268529451,0.8116078820099618
2003-09-15,-0.3757191570332629,0.7795903810659977
2003-09-16,1.419693741454061,0.7594658740427327
2003-09-17,-0.3259859861945398,0.8390635097142636
2003-09-18,1.317826515972403,0.8117714003774029
2003-09-19,-0.316001883365113,0.8675733870344506
2003-09-22,-1.3093198756223727,0.8376716616088941
2003-09-23,0.6053113846697271,0.9025330786670505
2003-09-24,-1.92803536018335,0.8788513946414256
2003-09-25,-0.6071601170082328,1.0334759515733536
2003-09-26,-0.6419680828852999,1.005322921147606
2003-09-29,0.971345945988507,0.981738043140287
2003-09-30,-1.0596635023890757,0.9772665951495965
2003-10-01,2.209414777544981,0.9918216221874906
2003-10-02,0.1981908137684299,1.150259606708168
2003-10-03,0.937525269730636,1.095429446010102
2003-10-06,0.4360049641707883,1.077093355871034
2003-10-07,0.4726112646978274,1.0325292068992364
2003-10-08,-0.5277283320142506,0.9924427978716124
2003-10-09,0.4776778457734371,0.9630320213255454
2003-10-10,-0.0645151301417698,0.9282271149828241
2003-10-13,0.6998091228799304,0.8874626127136528
2003-10-14,0.3943050577315539,0.8710542227187406
2003-10-15,-0.2595096212525177,0.8397797252176411
2003-10-16,0.3157088883736722,0.8098207482348968
2003-10-17,-1.0290175994216977,0.7804098789151445
2003-10-20,0.514406837000929,0.8178138135942872
2003-10-21,0.1291404087563267,0.7961626037837356
2003-10-22,-1.50938324056159,0.7639798062505908
2003-10-23,0.3304091577473251,0.8735766839599992
2003-10-24,-0.4712310410105174,0.8399536617553361
2003-10-27,0.2155270305798549,0.8199949723026697
2003-10-28,1.5073083026475456,0.7873498711551044
2003-10-29,0.1260152225262273,0.8747860665234709
2003-10-30,-0.1116960557373322,0.8371565757126422
2003-10-31,0.3594521265225859,0.8033565969593213
2003-11-03,0.7877881670353122,0.7759024485805494
2003-11-04,-0.5463348747970752,0.77740743397817
2003-11-05,-0.1368076530603818,0.7680580008870723
2003-11-06,0.591509210142308,0.7397607889612208
2003-11-07,-0.4585031069093424,0.7297273127244276
2003-11-10,-0.580863191620655,0.718898561255977
2003-11-11,-0.051587548441891,0.7181423479266819
2003-11-12,1.1363081883396915,0.6919145241553456
2003-11-13,-0.0113366570349649,0.7434202959210217
2003-11-14,-0.7644395575324582,0.714897311817641
2003-11-17,-0.6418393523646264,0.7315367512785294
2003-11-18,-0.912516832111608,0.7345367664587463
2003-11-19,0.7984205998370383,0.7647574371933646
2003-11-20,-0.8467811760956592,0.768434169367616
2003-11-21,0.1575698721317819,0.7867757336265246
2003-11-24,1.60971654518563,0.7555656204241875
2003-11-25,0.1718978964221185,0.8659518892085037
2003-11-26,0.4317433443866976,0.8294085556464328
2003-11-28,-0.0236222344456424,0.8028251331792706
2003-12-01,1.120148181010298,0.7701867683402491
2003-12-02,-0.3276021552696881,0.8072033517776913
2003-12-03,-0.1773538053813163,0.7824906758528327
2003-12-04,0.4675677049765602,0.7541766220287567
2003-12-05,-0.7713902437453731,0.7354267099325992
2003-12-08,0.7321272282934284,0.7501735985207392
2003-12-09,-0.8565518753596266,0.7497283681796418
2003-12-10,-0.106642972705257,0.7715619774588356
2003-12-11,1.1416488246889036,0.7423520827347764
2003-12-12,0.2731540835872265,0.7863084090736358
2003-12-15,-0.5695125452045471,0.7574098306896195
2003-12-16,0.6616359448140289,0.7517569592027188
2003-12-17,0.1254851736396092,0.7455630235205423
2003-12-18,1.172872808273277,0.7169498876424417
2003-12-19,-0.0477555302636169,0.7691252966615437
2003-12-22,0.3923645732691492,0.7391356801317621
2003-12-23,0.2814195063169291,0.7180533631981844
2003-12-24,-0.1808152247175734,0.694552163755472
2003-12-26,0.1689529784631514,0.6730886569947617
2003-12-29,1.2324587594046723,0.6504147025664093
2003-12-30,0.0144232110311278,0.7231823738811213
2003-12-31,0.2052638719891723,0.6959539971291594
2004-01-02,-0.3098600424399039,0.6722060553983733
2004-01-05,1.2319150312860785,0.6579488569765333
2004-01-06,0.129131296210238,0.7291564869466494
2004-01-07,0.2364367420891018,0.7017697755857977
2004-01-08,0.4950824141421063,0.6782876604536189
2004-01-09,-0.8927335654944548,0.6678580645833878
2004-01-12,0.4775269467397349,0.7056530306055406
2004-01-13,-0.5345926491083228,0.6916816013594344
2004-01-14,0.8260369092161453,0.6901241550488777
2004-01-15,0.1352470406548642,0.7053193207523695
2004-01-16,0.684889837587539,0.679752180412733
2004-01-20,-0.0930340218770337,0.6830501206100825
2004-01-21,0.7741478687196239,0.6601789929619075
2004-01-22,-0.3211835584894349,0.67399427355259
2004-01-23,-0.2091361991880664,0.6601616592488074
2004-01-26,1.2033603951130558,0.6424779948321683
2004-01-27,-0.984599379170542,0.7124606700857969
2004-01-28,-1.3703063806122504,0.7547515512262006
2004-01-29,0.4976612278462383,0.8440393225538853
2004-01-30,-0.2631052074532332,0.8193672603757937
2004-02-02,0.3644570817602933,0.7910769858557822
2004-02-03,0.0678045998096321,0.7647491104911383
2004-02-04,-0.8406502013905583,0.7344454819973771
2004-02-05,0.1835783517287929,0.7565917223906804
2004-02-06,1.2477361864295755,0.7279278502351447
2004-02-09,-0.2584764301568278,0.788446950968443
2004-02-10,0.5014542394726692,0.7623529132320529
2004-02-11,1.0610936569044465,0.7447175115308604
2004-02-12,-0.4892081107810367,0.7783821719976541
2004-02-13,-0.5483169493580089,0.7650225555167413
2004-02-17,0.970993507301498,0.7570267182979592
2004-02-18,-0.4478543257261682,0.7787196078437238
2004-02-19,-0.4141055198369874,0.7627286652268984
2004-02-20,-0.2575168857733746,0.7461599103002994
2004-02-23,-0.2730731337193691,0.7233470257263794
2004-02-24,-0.16666300221781,0.7030184518425356
2004-02-25,0.4012760212374236,0.6804505001792776
2004-02-26,0.108363291943891,0.6647097474335354
2004-02-27,0.0026121559825353,0.6419406727484795
2004-03-01,0.9587610302174582,0.6208898734523487
2004-03-02,-0.5960786977165636,0.6610560298455324
2004-03-03,0.1678213109540661,0.6680671591768196
2004-03-04,0.3330560153749792,0.6457607583496124
2004-03-05,0.1721646336489629,0.6299634007221081
2004-03-08,-0.838527733463617,0.6107159019896418
2004-03-09,-0.5787281873593576,0.6508408309256403
2004-03-10,-1.4740971479313585,0.6575035254850802
2004-03-11,-1.5340969821738988,0.7861722579400942
2004-03-12,1.23825113607057,0.8949827488896791
2004-03-15,-1.4453755361638922,0.9281436016668896
2004-03-16,0.5606722104589951,0.9964583635118703
2004-03-17,1.1680903574334842,0.962889994123418
2004-03-18,-0.1273383232376009,0.9793664696928424
2004-03-19,-1.1236099690318035,0.9361357481601417
2004-03-22,-1.3042208225709502,0.9627958637850664
2004-03-23,-0.1324661173771135,1.0071135229137897
2004-03-24,-0.2397858840762669,0.9621321606869319
2004-03-25,1.62328707457067,0.9227150669126742
2004-03-26,-0.1019175023386993,1.0020231970364801
2004-03-29,1.2920796755779218,0.9568775605543496
2004-03-30,0.4027646938784567,0.9877844951868662
2004-03-31,-0.0701256526086978,0.9483414698538531
2004-04-01,0.5278205467613143,0.9063057666403157
2004-04-02,0.8478589928296738,0.8781502206558844
2004-04-05,0.7642651144618704,0.8738998507477576
2004-04-06,-0.2096734294798575,0.8634088819922965
2004-04-07,-0.6667598441336015,0.8301039834482212
2004-04-08,-0.1061546272259737,0.8246929821383178
2004-04-12,0.5147705540932425,0.791667350820719
2004-04-13,-1.3857368818181142,0.772244478186403
2004-04-14,-0.1124992893466938,0.8604065906950727
2004-04-15,0.0593636618158541,0.8249960785813751
2004-04-16,0.5098440128641153,0.7904703497672605
2004-04-19,0.1065843112075956,0.7708798564702158
2004-04-20,-1.5679254026921736,0.7403044874478033
2004-04-21,0.5298233308886093,0.8651701999998569
2004-04-22,1.3993115096298263,0.8404228354751196
2004-04-23,0.0587514205613413,0.9024933835704599
2004-04-26,-0.4454890241813623,0.8627176905568729
2004-04-27,0.2269450876466077,0.8393727550595876
2004-04-28,-1.3890789272212254,0.8055805299313066
2004-04-29,-0.7619783185308593,0.8877569124239487
2004-04-30,-0.5933742694365864,0.8842713358675136
2004-05-03,0.916042636230619,0.8681788818746169
2004-05-04,0.1841772288478733,0.8709564324841305
2004-05-05,0.1766988161861904,0.834239389185365
2004-05-06,-0.6745694593364456,0.7999514609734791
2004-05-07,-1.382053775480007,0.7983165825623264
2004-05-10,-1.059562514437771,0.8808275477788752
2004-05-11,0.763320003992029,0.9076453845790258
2004-05-12,0.1669223813448215,0.8938609803884897
2004-05-13,-0.0765902615567176,0.8553541412181467
2004-05-14,-0.0675130510591733,0.8196990832654774
2004-05-17,-1.064325670081422,0.7863925754201672
2004-05-18,0.6793599149768805,0.8272438713149324
2004-05-19,-0.2577723776329879,0.8149957516040235
2004-05-20,0.0468244390869831,0.7868421215852915
2004-05-21,0.4004235965336309,0.754968745662068
2004-05-24,0.1690270719088986,0.7329493323337255
2004-05-25,1.597528516923898,0.7057839854317864
2004-05-26,0.1696500468750559,0.825524746935841
2004-05-27,0.5670376762131064,0.7917464545169323
2004-05-28,-0.0535224159259136,0.7753475614403699
2004-06-01,0.0463804904031475,0.7449871127801707
2004-06-02,0.3374641288739712,0.7160848737732752
2004-06-03,-0.744994864233399,0.6946406458429661
2004-06-04,0.5234151229250962,0.7118847184057026
2004-06-07,1.5838313508713902,0.7000578897534483
2004-06-08,0.1542109908978366,0.8187997596492154
2004-06-09,-0.9544871132276814,0.7852951012844195
2004-06-10,0.4533048431152937,0.8132060077125758
2004-06-14,-0.9886126422388992,0.7888777867355063
2004-06-15,0.5954007362582969,0.8202282188261607
2004-06-16,0.1368352355665815,0.8030445807186607
2004-06-17,-0.1332983097370596,0.7704523152225199
2004-06-18,0.2620097582006364,0.7418967066468706
2004-06-21,-0.4167161717527547,0.7160160284530517
2004-06-22,0.3629594705709495,0.7038130244073035
2004-06-23,0.8470668230836185,0.6843777529016336
2004-06-24,-0.2985093589967401,0.7024674010408365
2004-06-25,-0.5467927269987727,0.6850277768811189
2004-06-28,-0.09525423036741,0.685151832343555
2004-06-29,0.2511490979224847,0.6621646925493316
2004-06-30,0.4075485050745605,0.6421808553504166
2004-07-01,-1.0485715738500614,0.6301476345338543
2004-07-02,-0.3158326739292393,0.6954521435538904
2004-07-06,-0.8181777434566554,0.6794583605087564
2004-07-07,0.1897478525346468,0.7066939840041843
2004-07-08,-0.8278583129612459,0.6818279129308189
2004-07-09,0.3330521881276837,0.7098281493211919
2004-07-12,0.1382852793648545,0.6887214484071249
2004-07-13,0.0708717329101138,0.6644295868585091
2004-07-14,-0.329653355821438,0.6414870624174724
2004-07-15,-0.4309911715561727,0.6310727373397672
2004-07-16,-0.4800493678889253,0.628108328844388
2004-07-19,-0.0444982480753397,0.6291151427115441
2004-07-20,0.7033089079845094,0.6095940818403425
2004-07-21,-1.3430125117174374,0.622917708674626
2004-07-22,0.2702273935774714,0.7370752363461757
2004-07-23,-0.9747965503679163,0.7117857013675296
2004-07-26,-0.1962894632787929,0.7529461926586561
2004-07-27,0.987663290261116,0.7274255346975003
2004-07-28,0.0538831553386254,0.7550116164955629
2004-07-29,0.4563169830570782,0.7253883546648126
2004-07-30,0.1171507050304058,0.7085234002371136
2004-08-02,0.4437751914570244,0.6825408948397839
2004-08-03,-0.6282051661861334,0.6687815986973655
2004-08-04,-0.0964315141991336,0.6778020413842587
2004-08-05,-1.6455019335206773,0.6554061660445101
2004-08-06,-1.5601766647242776,0.8164015133894444
2004-08-09,0.1174155597206104,0.9229835361532026
2004-08-10,1.2890470057401044,0.8820584537993239
2004-08-11,-0.3016481436145039,0.9231884720048027
2004-08-12,-1.174388536288709,0.8885889216998646
2004-08-13,0.1475607602008251,0.927799220986452
2004-08-16,1.3562677597921216,0.8868019280233358
2004-08-17,0.2193374653673491,0.9356649428651145
2004-08-18,1.2366556279305565,0.8951049518663701
2004-08-19,-0.3604159986895391,0.9280613895804405
2004-08-20,0.6503548950728367,0.8954313810385686
2004-08-23,-0.2433807338341168,0.8750721078399073
2004-08-24,0.0465253601396027,0.8419616042046587
2004-08-25,0.7968622154363251,0.8062726330934404
2004-08-26,0.0117648819955049,0.8052738142067323
2004-08-27,0.2422254493345388,0.7722138744779882
2004-08-30,-0.7811827145077261,0.7435783019014426
2004-08-31,0.462013065367888,0.758295588723028
2004-09-01,0.1511249684150345,0.7389112322331556
2004-09-02,1.1150113177674372,0.7110613852596237
2004-09-03,-0.419371527634213,0.7565948943694029
2004-09-07,0.6863815755776745,0.7408752433151459
2004-09-08,-0.4495982352485438,0.7376993979351928
2004-09-09,0.1888426335716845,0.7255482287869127
2004-09-10,0.4941399647370169,0.6992556769706045
2004-09-13,0.168899766519991,0.6868241488528799
2004-09-14,0.2227013208305026,0.6631010017892242
2004-09-15,-0.7079640999058967,0.6422944922377588
2004-09-16,0.2789829107506611,0.6625910695174106
2004-09-17,0.448485351862951,0.6434164399643532
2004-09-20,-0.5642665338214696,0.6335031709670481
2004-09-21,0.63070141613393,0.6409220194832614
2004-09-22,-1.403587195393221,0.6440314766039448
2004-09-23,-0.4680710946743261,0.7635799221322371
2004-09-24,0.157766423354196,0.7502174017926242
2004-09-27,-0.5954007917978772,0.721631900037233
2004-09-28,0.5909032301847805,0.7217742893012471
2004-09-29,0.4260939723815224,0.7134345475969917
2004-09-30,-0.019744751784841,0.6960625902840917
2004-10-01,1.5066573183751386,0.6710928017893488
2004-10-04,0.3238272074267087,0.7834579406409107
2004-10-05,-0.0608079210805892,0.7562829139793713
2004-10-06,0.6650556912393899,0.7273946069497736
2004-10-07,-1.0032225687499832,0.7239465043617422
2004-10-08,-0.7555120625710654,0.7667852082393547
2004-10-11,0.2003089852329478,0.7761443613973423
2004-10-12,-0.2270515437695603,0.7463530850688653
2004-10-13,-0.7327233030814119,0.7223779383786041
2004-10-14,-0.93462705073405,0.7348849953536464
2004-10-15,0.4440372959780712,0.7676502335894991
2004-10-18,0.5238078807163645,0.7465941149638667
2004-10-19,-0.9732889155441314,0.7316276138790909
2004-10-20,0.0389737334916136,0.7695417166619576
2004-10-21,0.2560873759713254,0.7388981841671257
2004-10-22,-0.9762908943220158,0.7130872103108515
2004-10-25,-0.0858182409064229,0.7542317420351253
2004-10-26,1.4769741930593296,0.7258939947389681
2004-10-27,1.279706499569654,0.821125743799809
2004-10-28,0.1810974219785502,0.8703861011537939
2004-10-29,0.2445041080019105,0.8336642266563208
2004-11-01,0.0274301968011335,0.8006426473696424
2004-11-02,0.0044270037300915,0.7678421269917194
2004-11-03,1.1118167905890102,0.7374557401281284
2004-11-04,1.6027357888423872,0.7784100937218704
2004-11-05,0.3866249772795957,0.8826897412797766
2004-11-08,-0.1098238049090609,0.8502697733219091
2004-11-09,-0.0695636815078217,0.8155161800186628
2004-11-10,-0.1005523855696226,0.7825324032968926
2004-11-11,0.9048162623096716,0.7524102304987093
2004-11-12,0.9068467860586732,0.7677318097034512
2004-11-15,-0.0304044239180576,0.7813514696456066
2004-11-16,-0.7104016316032263,0.7502921899196635
2004-11-17,0.5523022908414389,0.7573288986474115
2004-11-18,0.1361331205948454,0.7431181014505754
2004-11-19,-1.122416222607588,0.7147878406306286
2004-11-22,0.587843175777874,0.7750454298092759
2004-11-23,-0.0254907303997434,0.7614628256708212
2004-11-24,0.4087060812071601,0.7317712843711509
2004-11-26,0.0752842931308754,0.7120257535635702
2004-11-29,-0.3455910280641383,0.6855441856405474
2004-11-30,-0.4038451679006934,0.6719825222718813
2004-12-01,1.4840559419618788,0.663118772885364
2004-12-02,-0.0873358651324854,0.7735083838299859
2004-12-03,0.0705511589729841,0.7437977835401678
2004-12-06,-0.0772685182882421,0.7149967636734773
2004-12-07,-1.1135114976819829,0.689406130072878
2004-12-08,0.4864758897237687,0.7529793026375663
2004-12-09,0.5421426409419167,0.7353346168447283
2004-12-10,-0.104321848187489,0.7225034021015706
2004-12-13,0.8949775217871275,0.696868762552873
2004-12-14,0.3913271987402067,0.7183760969486102
2004-12-15,0.1942606433847041,0.6989574455058667
2004-12-16,-0.2083921695699376,0.6747609050222165
2004-12-17,-0.751648864084824,0.65584244889204
2004-12-20,0.037681164753962,0.6789814497972763
2004-12-21,0.8999624816466412,0.6549361185068105
2004-12-22,0.3411979436247485,0.682837254759165
2004-12-23,0.0462915745797303,0.6642491212720956
2004-12-27,-0.4314584720309152,0.641302020855836
2004-12-28,0.7128529166534989,0.6373175811320778
2004-12-29,-0.0074238370186028,0.6480876983722837
2004-12-30,0.008248673778874,0.6266434761571915
2004-12-31,-0.1344073574073107,0.6067465145083045
2005-01-03,-0.8152562047846815,0.5910210226962666
2005-01-04,-1.1740004384716105,0.6314324127918165
2005-01-05,-0.3634439193279408,0.7155360382549334
2005-01-06,0.3499726889387917,0.7002790176704626
2005-01-07,-0.1432195683594164,0.6806037026222211
2005-01-10,0.3416928383706967,0.6591241300978137
2005-01-11,-0.6118245472381096,0.6425438693232622
2005-01-12,0.3973499066449696,0.6532143748119696
2005-01-13,-0.8667580994090578,0.6396735260558453
2005-01-14,0.5986604031937076,0.6786796173314188
2005-01-18,0.96282709254362,0.6752169981857188
2005-01-19,-0.9535422983762518,0.707456601370528
2005-01-20,-0.7813441684863667,0.7466358901901939
2005-01-21,-0.6435479320456572,0.7609875922318079
2005-01-24,-0.3534023051619929,0.760906842450446
2005-01-25,0.3996329851615026,0.7412106012107182
2005-01-26,0.4832419632938723,0.7202773088488479
2005-01-27,0.0408837995714989,0.705320572838466
2005-01-28,-0.2719682678708843,0.6793102656342639
2005-01-31,0.8424693022826933,0.6626168361894345
2005-02-01,0.686726715863026,0.6831103411142937
2005-02-02,0.317292909969953,0.6861883744845557
2005-02-03,-0.2769465505019701,0.6664128321011207
2005-02-04,1.0982520503199091,0.6510582200474311
2005-02-07,-0.1089559183575703,0.7044633664659702
2005-02-08,0.0482590104529293,0.6802911505207933
2005-02-09,-0.8612258457473676,0.656132056171985
2005-02-10,0.4202617764653276,0.6918807461055722
2005-02-11,0.6901750205170698,0.6760788407904299
2005-02-14,0.0696650824547266,0.6802433922606667
2005-02-15,0.3294334262127831,0.6561045817940799
2005-02-16,0.0181759423647278,0.6392829667705904
2005-02-17,-0.7954922070865406,0.618338984977521
2005-02-18,0.0699289747905968,0.651964019978232
2005-02-22,-1.4611959979605211,0.6299703659688564
2005-02-23,0.5591699832857658,0.7634322934627332
2005-02-24,0.7862777725995748,0.7490931003766756
2005-02-25,0.9263777602271862,0.7534474140340444
2005-02-28,-0.6434901002669486,0.770861687593161
2005-03-01,0.5642127938093622,0.7697183473610678
2005-03-02,-0.0272736618104389,0.755122850048417
2005-03-03,0.0322252928973915,0.725904361919268
2005-03-04,0.9578361866919956,0.6984070814607909
2005-03-07,0.2606869420683149,0.7266918067870672
2005-03-08,-0.4810340527826947,0.7019305778791213
2005-03-09,-1.023734532231883,0.6953279968176588
2005-03-10,0.1854097544981847,0.7454867942984337
2005-03-11,-0.7612148101110925,0.7176638781037905
2005-03-14,0.5608866091690017,0.7336193655613439
2005-03-15,-0.7552253930440114,0.722137093948383
2005-03-16,-0.8114700226148561,0.7369182641166444
2005-03-17,0.1799632767785662,0.7556142637423775
2005-03-18,-0.0470562585375787,0.726962724878905
2005-03-21,-0.4946433602739591,0.7000227645927135
2005-03-22,-1.0248546209256062,0.6945867347430554
2005-03-23,0.0699645425590822,0.7450191834323768
2005-03-24,-0.0947106721432445,0.716129107184963
2005-03-28,0.2438493140166367,0.6907779264888143
2005-03-29,-0.7625179181011431,0.6683359285506971
2005-03-30,1.367862973137081,0.6909392436693814
2005-03-31,-0.0694384752181236,0.7762508146832536
2005-04-01,-0.6517880949263398,0.7460514339440969
2005-04-04,0.2724477316724463,0.7483051681260182
2005-04-05,0.447084278556942,0.7222256515829855
2005-04-06,0.2265887253641403,0.7051551599140362
2005-04-07,0.5953233066958343,0.6811759049171743
2005-04-08,-0.8380014491591885,0.6772094144818731
2005-04-11,0.0008474198803386,0.7070439176327915
2005-04-12,0.5529884802782767,0.6810827680590368
2005-04-13,-1.183132550562878,0.6741224248094285
2005-04-14,-1.0052134263021657,0.7508573991566393
2005-04-15,-1.686186196276537,0.7897819971722431
2005-04-18,0.2936282269934283,0.9233873191765888
2005-04-19,0.5916292813629376,0.8852269714576253
2005-04-20,-1.3343570060666856,0.8622088661946625
2005-04-21,1.954398680302204,0.9263459347609109
2005-04-22,-0.6773139368705897,1.0563238003776974
2005-04-25,0.8624972960833317,1.0306581974686144
2005-04-26,-0.8876748450908203,1.0127081849057504
2005-04-27,0.3942496392166545,1.0070327677671909
2005-04-28,-1.1445623573942096,0.9659538295254217
2005-04-29,1.1851956462206028,0.991038123547165
2005-05-02,0.4579598925333747,1.005864826902846
2005-05-03,-0.0852216655406016,0.9671300256945212
2005-05-04,1.239305156034736,0.9240467573363178
2005-05-05,-0.2572113341297634,0.9533350401542444
2005-05-06,-0.109218460463223,0.9150617615859008
2005-05-09,0.6373966172402125,0.8758387710402807
2005-05-10,-1.076315086971956,0.8563767823137616
2005-05-11,0.4184280247109813,0.8884721272107189
2005-05-12,-1.0083888412137036,0.8568195621849929
2005-05-13,-0.4590579075786052,0.8811117961529353
2005-05-16,1.0035599091202396,0.8569871091219081
2005-05-17,0.6933254635373273,0.8694493540462555
2005-05-18,0.996889548132164,0.8542440405943675
2005-05-19,0.4645135445231884,0.8663669689731082
2005-05-20,-0.1512315038010651,0.8383460539644396
2005-05-23,0.3843636265639544,0.8052982656270234
2005-05-24,0.0175851841596387,0.7786346265881012
2005-05-25,-0.3405876080396173,0.7474147451012081
2005-05-26,0.637453131772754,0.7282120050997084
2005-05-27,0.096814743655359,0.7225802530952933
2005-05-31,-0.6091379853434455,0.6954199956484538
2005-06-01,0.8956805725932198,0.6996270426273461
2005-06-02,0.1720390824511471,0.7208395993920276
2005-06-03,-0.6890819980251237,0.6946146027355289
2005-06-06,0.1245015026845046,0.7062702557211273
2005-06-07,-0.0208788316931622,0.680521367528994
2005-06-08,-0.2165587433034947,0.6567299082453478
2005-06-09,0.5226267957247287,0.6396169667907257
2005-06-10,-0.2350998409679674,0.6347245885730523
2005-06-13,0.2259309081521192,0.6202488492513666
2005-06-14,0.257000961982868,0.6029758860072312
2005-06-15,0.2215253311707825,0.5880521217507948
2005-06-16,0.3623526250350597,0.5733529865717117
2005-06-17,0.4942512444624592,0.5654085822963633
2005-06-20,-0.0706916730218183,0.5663201139967661
2005-06-21,-0.2049620033747776,0.5524199110936558
2005-06-22,0.0222468091279343,0.5440777154017159
2005-06-23,-1.0892156085218303,0.5308532512225356
2005-06-24,-0.7657968670771707,0.6238599606346082
2005-06-27,-0.0738798421939694,0.6531587878805711
2005-06-28,0.9096068495660192,0.6322339652803699
2005-06-29,-0.1432461671167803,0.6646110631697214
2005-06-30,-0.7126235441053447,0.6444004904105833
2005-07-01,0.2607114052726541,0.6649056587492339
2005-07-05,0.8793852803795384,0.644979041702063
2005-07-06,-0.8375334165637525,0.671975717470119
2005-07-07,0.2449049655565163,0.7025201438549933
2005-07-08,1.161138179782478,0.6791952479223726
2005-07-11,0.6235331585299627,0.7362889101386227
2005-07-12,0.2268974529875082,0.7288323008620916
2005-07-13,0.088331890838511,0.7030660310278096
2005-07-14,0.2620602356418461,0.6772942299664374
2005-07-15,0.1157132095024646,0.6564178901130614
2005-07-18,-0.5545053245331578,0.6343452290965736
2005-07-19,0.6708890992640745,0.6408060559800972
2005-07-20,0.4747306199091748,0.6473510883829137
2005-07-21,-0.6628063888680193,0.6386153066843562
2005-07-22,0.5396819235282299,0.6547373611454618
2005-07-25,-0.3776351891558406,0.6494889673547259
2005-07-26,0.1731577935090858,0.6411430405332823
2005-07-27,0.4562502872513562,0.6210264218793493
2005-07-28,0.558752002041879,0.6137088930568845
2005-07-29,-0.7700039576876156,0.6141222645129149
2005-08-01,0.0947485512339227,0.6453660610110467
2005-08-02,0.7074137786163408,0.6239857378961624
2005-08-03,0.0739240526585375,0.635891444604003
2005-08-04,-0.7400617130228753,0.6151497850210594
2005-08-05,-0.7667679991179147,0.6427816388116638
2005-08-08,-0.2686241126164497,0.6694366328621466
2005-08-09,0.6722344610712961,0.6534377036338727
2005-08-10,-0.1828889635260019,0.6586364694503641
2005-08-11,0.7037130459696325,0.6401393357495415
2005-08-12,-0.6012532273180848,0.6497166858152387
2005-08-15,0.2824363312543445,0.6585395663817037
2005-08-16,-1.184586679317268,0.6398076727240172
2005-08-17,0.0737851983626701,0.7238044540379769
2005-08-18,-0.1000279428975898,0.6964577930414562
2005-08-19,0.0565820267256068,0.672704081953528
2005-08-22,0.1654777541679866,0.6491143794344507
2005-08-23,-0.3394403944289071,0.6282403255175341
2005-08-24,-0.6592036186235425,0.6196335860260448
2005-08-25,0.2295686603122758,0.6378863671401405
2005-08-26,-0.6014586766805522,0.6192690219872595
2005-08-29,0.5940377442203705,0.6318449363780605
2005-08-30,-0.3197434047984468,0.6330061277034664
2005-08-31,0.9815803774647128,0.6228320365214044
2005-09-01,0.1031982962391605,0.6655833370498477
2005-09-02,-0.2926655374129036,0.6427089808331975
2005-09-06,1.2539882199711907,0.6302146615888932
2005-09-07,0.2405079165705973,0.7103725371392672
2005-09-08,-0.3800559147012174,0.6863316556406149
2005-09-09,0.7933192791395705,0.674659201956707
2005-09-12,-0.0741262753738635,0.6885420395738391
2005-09-13,-0.7573673921888471,0.6648908940378871
2005-09-14,-0.3286679455365361,0.6874068395517694
2005-09-15,0.0464335506602796,0.6727744488835284
2005-09-16,0.8257581395948801,0.6491821626555191
2005-09-19,-0.5581391440806682,0.6697125706639272
2005-09-20,-0.7894521231179437,0.6724490954442187
2005-09-21,-0.9162993799830818,0.6974449404713619
2005-09-22,0.3645671793169123,0.7335807613619113
2005-09-23,0.0551496930232202,0.7117855131773253
2005-09-26,0.0279701361116905,0.6852896181564562
2005-09-27,0.0024702356686383,0.6607995944934693
2005-09-28,0.1011268462216317,0.6382981141393241
2005-09-29,0.8827817434815387,0.6175079039999142
2005-09-30,0.0920015885151024,0.6489429037336866
2005-10-03,-0.171867183020373,0.6272705101265572
2005-10-04,-1.001985374354899,0.6110039891730941
2005-10-05,-1.4999041934534425,0.6732051603965556
2005-10-06,-0.4104085030942367,0.8025122492940716
2005-10-07,0.3694443864339434,0.782300145695562
2005-10-10,-0.7192008635452506,0.7568414193497794
2005-10-11,-0.2073991965193739,0.763935568833736
2005-10-12,-0.6086612731748998,0.7379308310206734
2005-10-13,-0.0713595908554969,0.7374157728071369
2005-10-14,0.8233895771379748,0.7100649310031668
2005-10-17,0.2970569754105139,0.7225021977527616
2005-10-18,-1.010038058975644,0.6991418224411259
2005-10-19,1.4845038560093755,0.7468579486820789
2005-10-20,-1.5133641676906875,0.8389107218775318
2005-10-21,0.1518558511769907,0.9335079897095327
2005-10-24,1.6637869183025955,0.8921736000133975
2005-10-25,-0.2370669386532537,0.9830836947602366
2005-10-26,-0.4321788096966069,0.9421344815161881
2005-10-27,-1.053048217155628,0.9117122914932685
2005-10-28,1.6413885701011692,0.9337459380693438
2005-10-31,0.7150528449828979,1.0136971460406707
2005-11-01,-0.3527311213989366,0.9872602830059277
2005-11-02,0.9927610493678476,0.9499343488215359
2005-11-03,0.4255094722214066,0.9507373331054259
2005-11-04,0.0163989087439092,0.9147620854447112
2005-11-07,0.2185918605323468,0.8742404146233157
2005-11-08,-0.3457112258799154,0.8378580035087168
2005-11-09,0.1689099138900648,0.8115310656216373
2005-11-10,0.8410797282881278,0.7787224082825775
2005-11-11,0.3049878965987544,0.7846906480053444
2005-11-14,-0.077777498176056,0.7568244691285353
2005-11-15,-0.3857449824625265,0.7281601839987528
2005-11-16,0.1788418746649066,0.7130272133640513
2005-11-17,0.9369543885684766,0.6874942411937027
2005-11-18,0.4391670522724698,0.7149484305157441
2005-11-21,0.5257415724039091,0.6981009861582245
2005-11-22,0.5071395717316795,0.6877090670091931
2005-11-23,0.3466788026831465,0.6771335929138703
2005-11-25,0.2083789648192422,0.6592417505895962
2005-11-28,-0.8544215188562845,0.638405664357255
2005-11-29,0.0015920484557712,0.6760803847636595
2005-11-30,-0.6382253629954913,0.6524250315784588
2005-12-01,1.2083804199621733,0.6643809907723516
2005-12-02,0.0324073219063235,0.7308916584041634
2005-12-05,-0.2366276682576343,0.7030318165544748
2005-12-06,0.127483727667013,0.6828722343423852
2005-12-07,-0.5021653100799183,0.6589013803245085
2005-12-08,-0.1217589862909708,0.6583008106752661
2005-12-09,0.2806947864745591,0.6380195626717704
2005-12-12,0.0841383154016426,0.6209221738350738
2005-12-13,0.5538295312984911,0.6013922681707249
2005-12-14,0.4180778582455103,0.6027755725797834
2005-12-15,-0.1415311027309853,0.594991646285896
2005-12-16,-0.2852345883930445,0.5804772696809295
2005-12-19,-0.5856130419099415,0.5734020048979621
2005-12-20,-0.0238177464847968,0.590369211467867
2005-12-21,0.2513505394688519,0.5736870571266645
2005-12-22,0.4211895217280327,0.561114747018824
2005-12-23,0.0425767362105668,0.5576424086788191
2005-12-27,-0.9599309229902498,0.5431938510867554
2005-12-28,0.1296376168455956,0.6126755006694786
2005-12-29,-0.2984969814584248,0.5941755738958209
2005-12-30,-0.4898703356058071,0.5865052208368973
2006-01-03,1.6296964341378817,0.5930232909020722
2006-01-04,0.3665964386255771,0.7483774619104331
2006-01-05,0.0015720458048537,0.7254782399064678
2006-01-06,0.935551838421723,0.6981594723141359
2006-01-09,0.3649695996218134,0.7239530307033472
2006-01-10,-0.0356675622353004,0.7029524751955045
2006-01-11,0.3475497476943338,0.677645108980161
2006-01-12,-0.6294004875159206,0.6597461917751043
2006-01-13,0.1204448836657688,0.6699674450584027
2006-01-17,-0.3641209037951744,0.6469034758696234
2006-01-18,-0.3904942983087808,0.637980035911091
2006-01-19,0.5548253263319995,0.6315698016476698
2006-01-20,-1.8496322409992527,0.629782196479784
2006-01-23,0.1845283766660529,0.8395275426249534
2006-01-24,0.2402548411444657,0.8049859337657858
2006-01-25,-0.1722218211682101,0.7739216832604746
2006-01-26,0.7208907535489939,0.7461019508737903
2006-01-27,0.773401437250556,0.7451610503220706
2006-01-30,0.1144431617966671,0.7488118645111396
2006-01-31,-0.3983980099300531,0.7198703218782311
2006-02-01,0.1857536385185309,0.7062123664096019
2006-02-02,-0.9102005775588268,0.6813100750906235
2006-02-03,-0.5373019460362076,0.719172014479585
2006-02-06,0.0782894973074496,0.7149599953025754
2006-02-07,-0.8127666010110246,0.6882727401439398
2006-02-08,0.8625561733288215,0.7136571666997416
2006-02-09,-0.1478590368712153,0.7295649783053524
2006-02-10,0.2536747815164882,0.704423702580126
2006-02-13,-0.3265022504588939,0.68118413048946
2006-02-14,0.9982823043985454,0.6669899554519931
2006-02-15,0.3498276451837249,0.7047655942803481
2006-02-16,0.7301408539075194,0.6847171235977112
2006-02-17,-0.1661102641883317,0.6914117698721198
2006-02-21,-0.3275892937654234,0.6697395870943111
2006-02-22,0.7485389902519992,0.6566264195056492
2006-02-23,-0.3782279549742235,0.6683990628964975
2006-02-24,0.1272700670312287,0.6582897669620349
2006-02-27,0.3630621795035809,0.6361873298795833
2006-02-28,-1.0455326977436477,0.6225209139469404
2006-03-01,0.8227392693299463,0.688850179396344
2006-03-02,-0.1627648676222426,0.7038749781495257
2006-03-03,-0.1482733095977112,0.6811251434849518
2006-03-06,-0.6992821869927277,0.6597449346630887
2006-03-07,-0.1863645342863235,0.6768220128417798
2006-03-08,0.2027887120114596,0.6569610145166916
2006-03-09,-0.4892776729698087,0.6361815680627209
2006-03-10,0.7197621493560185,0.6370291646921645
2006-03-13,0.2112577727036599,0.648485079663722
2006-03-14,1.034245657662246,0.6285656781705674
2006-03-15,0.4260755580596741,0.6772417558407635
2006-03-16,0.1771186496393506,0.6630211809651586
2006-03-17,0.1469845381414607,0.641263129842975
2006-03-20,-0.1661386180891845,0.6207231759066966
2006-03-21,-0.6033101043218729,0.6048152160381397
2006-03-22,0.6002514715950028,0.6194084022453806
2006-03-23,-0.2585632377503073,0.6224432008885279
2006-03-24,0.0982797745531337,0.6101070542904177
2006-03-27,-0.1028938455009137,0.5915175936399671
2006-03-28,-0.645899872572224,0.5762181156221247
2006-03-29,0.7441935488966642,0.5990412108620011
2006-03-30,-0.2028331583160994,0.6178127000141346
2006-03-31,-0.4146253429841803,0.6034835009773089
2006-04-03,0.2267973429724808,0.602244052173492
2006-04-04,0.6237198100456351,0.5864898391633845
2006-04-05,0.4301841324002345,0.5953427656606787
2006-04-06,-0.1923239116313828,0.5889789523222018
2006-04-07,-1.03973529590452,0.5767692639677737
2006-04-10,0.0864153811547859,0.6514539893058636
2006-04-11,-0.7781154126378512,0.629559169126634
2006-04-12,0.1204066548337026,0.6594400609292614
2006-04-13,0.0776024005504899,0.6371794441610321
2006-04-17,-0.2944350733115137,0.6163499771114028
2006-04-18,1.6933204646026203,0.6063619600106422
2006-04-19,0.2025076501805496,0.7701794276750329
2006-04-20,0.1167248972276318,0.740860153841204
2006-04-21,-0.0137208904868349,0.7125105824186329
2006-04-24,-0.2420445581025627,0.6862635062886933
2006-04-25,-0.4881512597334564,0.6676993596429232
2006-04-26,0.2815370297147241,0.6650996938593577
2006-04-27,0.3296157680539232,0.6458040628421506
2006-04-28,0.0679314969938932,0.6298632942870332
2006-05-01,-0.4144087356689018,0.6095757317634934
2006-05-02,0.6125912703046048,0.6076779902632353
2006-05-03,-0.3883503643349785,0.6130658686892744
2006-05-04,0.3152232936836416,0.6090139674810429
2006-05-05,1.0242666122685788,0.59567474775686
2006-05-08,-0.0830038734127436,0.6487985363784331
2006-05-09,0.0362276749305588,0.628392027088031
2006-05-10,-0.1729643723628145,0.6082258462019655
2006-05-11,-1.288067467835875,0.5936153832641603
2006-05-12,-1.1304817461096426,0.7054293177321196
2006-05-15,0.2521530784402824,0.7684980955356894
2006-05-16,-0.1871231272629041,0.7403750798494161
2006-05-17,-1.698449398254566,0.7155319657637901
2006-05-18,-0.6721550408601831,0.8699817721754525
2006-05-19,0.4128357614962439,0.8610001446845905
2006-05-22,-0.39224146258121,0.8311968319394594
2006-05-23,-0.4359477610648544,0.8076395178204706
2006-05-24,0.1582403218007078,0.7884158256516175
2006-05-25,1.130594031131146,0.7570978619426563
2006-05-26,0.5703043365720523,0.7973730539117062
2006-05-30,-1.597655965752121,0.7806733191041888
2006-05-31,0.8079200028414162,0.9012508971538135
2006-06-01,1.2223327369858277,0.8914479723875042
2006-06-02,0.1950333247538197,0.9232378743298386
2006-06-05,-1.7960022017338575,0.8831280904518892
2006-06-06,-0.1138777310743057,1.014021977776602
2006-06-07,-0.611109137700848,0.9682723292483724
2006-06-08,0.1416048446352157,0.9458908647988206
2006-06-09,-0.4485655970165158,0.9036372965458106
2006-06-12,-1.193721749259257,0.8771056496528903
2006-06-13,-1.117384593032396,0.9203944663697379
2006-06-14,0.517588478216243,0.9484502411359624
2006-06-15,2.1012754739616786,0.9165163525208041
2006-06-16,-0.3684651440967768,1.0737984996802927
2006-06-19,-0.915860746773235,1.0308738807217663
2006-06-20,-0.0008071577965939,1.0257635401407315
2006-06-21,0.9693820144398816,0.9780663573971093
2006-06-22,-0.5284643397792973,0.9738062799469991
2006-06-23,-0.0883479111898875,0.945947667475431
2006-06-26,0.4857655020670141,0.9043171467828517
2006-06-27,-0.9125527128600108,0.874314257366629
2006-06-28,0.5472449647681757,0.8862793417219212
2006-06-29,2.1335769185163973,0.860727078095142
2006-06-30,-0.2099859604977492,1.0377173660858947
2006-07-03,0.7834128700747955,0.9923381820255979
2006-07-05,-0.7275252437706834,0.9722205883853354
2006-07-06,0.2491108826707996,0.9576184239609283
2006-07-07,-0.6772833620935191,0.9161255191712082
2006-07-10,0.1468707389671119,0.9030717981503561
2006-07-11,0.4008311513638601,0.8637216418420904
2006-07-12,-1.0928527604668774,0.8332435373714742
2006-07-13,-1.3051548192745042,0.8706179793469043
2006-07-14,-0.490630577568679,0.9293736269258132
2006-07-17,-0.1384197330362514,0.9030237860147796
2006-07-18,0.1917976706762714,0.8651706450387183
2006-07-19,1.8385064331204768,0.828964715484198
2006-07-20,-0.8513649549338661,0.9612486464266128
2006-07-21,-0.7102058166951474,0.9577688224055213
2006-07-24,1.6488454880015904,0.943232140191691
2006-07-25,0.6300915845493745,1.022571358600684
2006-07-26,-0.0378342531319662,0.9905153257957768
2006-07-27,-0.4108137624991621,0.9453587739489535
2006-07-28,1.207851619971792,0.9136635593377089
2006-07-31,-0.1479342153265696,0.9407702063341162
2006-08-01,-0.4506237112435881,0.9005310146483817
2006-08-02,0.5093535034171588,0.8743597527146595
2006-08-03,0.223639116973828,0.8478299004232701
2006-08-04,-0.0711067002883572,0.8133791168607826
2006-08-07,-0.2810008238870877,0.7805680247384914
2006-08-08,-0.3368372259265255,0.755971404742576
2006-08-09,-0.4358771040950483,0.7358660019080986
2006-08-10,0.4618338861988249,0.7230192025556549
2006-08-11,-0.3994465346949095,0.7066512199374981
2006-08-14,0.1159763227049737,0.6942617578999692
2006-08-15,1.3603517555473534,0.669327855269863
2006-08-16,0.7632783631721066,0.7579748342357625
2006-08-17,0.1581178797474585,0.7593225595178409
2006-08-18,0.3708062857582507,0.7300834145583621
2006-08-21,-0.3677204235229472,0.7088248375804709
2006-08-22,0.1001353353987705,0.694400603577908
2006-08-23,-0.4498760349021232,0.6693372953453189
2006-08-24,0.2371580108853858,0.6638000864490022
2006-08-25,-0.074877394949862,0.6433036534410205
2006-08-28,0.5152416785938775,0.6231727263666474
2006-08-29,0.1918605642752365,0.6194482144130553
2006-08-30,0.0835334909658773,0.60143093079656
2006-08-31,-0.1188145781091462,0.5834494966674939
2006-09-01,0.5499463994837352,0.5692549713128925
2006-09-05,0.1707140885465104,0.5739491151724945
2006-09-06,-0.994072887125942,0.5592657609049854
2006-09-07,-0.4810584977398314,0.6305991423102935
2006-09-08,0.3779516785635686,0.6314128354867272
2006-09-11,0.0477201965123477,0.6188715125377818
2006-09-12,1.0304209566623772,0.5994334248852269
2006-09-13,0.38539093735431,0.6527254886375958
2006-09-14,-0.1358906207768862,0.6386458981720932
2006-09-15,0.2564555076311261,0.6203229264962548
2006-09-18,0.1151163757380079,0.6039181552435969
2006-09-19,-0.2683048555375884,0.5859650172585529
2006-09-20,0.5706071034442843,0.5774701263397389
2006-09-21,-0.5410119989902893,0.5828808191458292
2006-09-22,-0.246884627333857,0.5943489259830373
2006-09-25,0.8776510314245869,0.584015396597543
2006-09-26,0.7496114733216496,0.620035086733419
2006-09-27,0.0179570241218129,0.6365669354967377
2006-09-28,0.1711878396564572,0.6158351698367761
2006-09-29,-0.2265672135253866,0.597703721638325
2006-10-02,-0.3396884177235413,0.5861371170587055
2006-10-03,0.2093500975871098,0.5816769984164891
2006-10-04,1.198830157743166,0.5672014316057652
2006-10-05,0.2234222484696683,0.6522286629852019
2006-10-06,-0.2686098653359275,0.6323022696000946
2006-10-09,0.0792569884558926,0.6195591009302398
2006-10-10,0.2041367595884203,0.6001155750573355
2006-10-11,-0.2567236216697791,0.5839615175689095
2006-10-12,0.9495869261272885,0.5750713482475589
2006-10-13,0.2045146573991786,0.621760238867264
2006-10-16,0.2515881363474249,0.6038349788124266
2006-10-17,-0.3666164318479104,0.5886680597127978
2006-10-18,0.1282121858067292,0.585675809639286
2006-10-19,0.0848894286278234,0.5693494035863502
2006-10-20,0.1199034115850298,0.5539954607449962
2006-10-23,0.6133456455451609,0.5402212006117997
2006-10-24,0.0261389304691764,0.5539350526065681
2006-10-25,0.3507733603266655,0.5398523531441399
2006-10-26,0.4950744808794787,0.5345737798558335
2006-10-27,-0.8487547836851526,0.539003873376891
2006-10-30,0.0428333989383209,0.5930639477232419
2006-10-31,0.0007175734218364,0.5756938856953318
2006-11-01,-0.737862425334979,0.5599611309756317
2006-11-02,-0.0343741859766559,0.5958088230131301
2006-11-03,-0.2225709266821042,0.5788209579580349
2006-11-06,1.1282575026932746,0.5687986405386345
2006-11-07,0.2215243341597526,0.6423384838647967
2006-11-08,0.2080508269778957,0.6231567010637747
2006-11-09,-0.5347249472951695,0.6052001397899063
2006-11-10,0.1862888647065484,0.6133709986013054
2006-11-13,0.2545832920179789,0.59573133408932
2006-11-14,0.6336282710039514,0.5813497985603876
2006-11-15,0.2401598181758242,0.5917152004436458
2006-11-16,0.228160832990462,0.5772329589779944
2006-11-17,0.1028177162961428,0.5636445638118017
2006-11-20,-0.0499661775804919,0.5488879100705867
2006-11-21,0.1648093909236073,0.5360874180597728
2006-11-22,0.2335368784049262,0.5245551990815271
2006-11-24,-0.3662235340602542,0.5158390038201384
2006-11-27,-1.3647789970175506,0.5207878422107513
2006-11-28,0.3438472176622492,0.6668645147641563
2006-11-29,0.9159499819874408,0.6497185922844092
2006-11-30,0.0821413790701674,0.6802269499845021
2006-12-01,-0.2802695817626109,0.6561287587746207
2006-12-04,0.8845949539756106,0.6418297937873484
2006-12-05,0.3994519694966535,0.669873514955292
2006-12-06,-0.1315565235804857,0.654965913253234
2006-12-07,-0.3978450122078701,0.6352057799079879
2006-12-08,0.1810301583367398,0.629551265727955
2006-12-11,0.2267240979036943,0.6105013175645542
2006-12-12,-0.1047922221211886,0.5940556232562345
2006-12-13,0.1168167687964415,0.5785903602377941
2006-12-14,0.8651922436740064,0.562720172696533
2006-12-15,0.1121774518763465,0.6006502932002769
2006-12-18,-0.3235568496471714,0.5829326955612453
2006-12-19,0.2155924984594354,0.5778084111842307
2006-12-20,-0.1418015509807603,0.5638247915819398
2006-12-21,-0.3680717164277038,0.5520340609810581
2006-12-22,-0.5330432553268684,0.5530340988965526
2006-12-26,0.4342830626287104,0.5675713315042048
2006-12-27,0.6990781099262332,0.5642419069065956
2006-12-28,-0.1479876542664995,0.5831181065179706
2006-12-29,-0.4523302629615828,0.5698328737939253
2007-01-03,-0.1199388642525353,0.5751974708145984
2007-01-04,0.1227532497215299,0.5617444626097875
2007-01-05,-0.6103167832470129,0.5473464273409608
2007-01-08,0.2217857077497428,0.5704780539951625
2007-01-09,-0.0516809499364646,0.5572945231157709
2007-01-10,0.1938471807337008,0.5438005777969143
2007-01-11,0.6319861629223327,0.5322240466492231
2007-01-12,0.4841427093058067,0.5487675217320672
2007-01-16,0.0817460872325575,0.5507865844890305
2007-01-17,-0.089433741840016,0.5369757998250974
2007-01-18,-0.2975161375757787,0.5260646519329053
2007-01-19,0.2891281554245473,0.5252164525007935
2007-01-22,-0.5291886366783456,0.5184949997376852
2007-01-23,0.3535707111787036,0.5373116415021814
2007-01-24,0.8465536428398069,0.5324296560088864
2007-01-25,-1.133378773070705,0.5730898654009985
2007-01-26,-0.1208659535429596,0.6635274771209895
2007-01-29,-0.1097550811566401,0.6428094429733453
2007-01-30,0.5755498607645567,0.623468317652866
2007-01-31,0.6571245841597129,0.6241048759357941
2007-02-01,0.5339451523831852,0.6314022879673162
2007-02-02,0.1693016252195719,0.6281318760677524
2007-02-05,-0.0967074802488095,0.6089797386761644
2007-02-06,0.0697763937016067,0.5920772775845328
2007-02-07,0.1394068946924395,0.5747996274254464
2007-02-08,-0.1179963006150226,0.5595211973527164
2007-02-09,-0.7102376113371196,0.5473803583084837
2007-02-12,-0.3266712097896208,0.581898326319146
2007-02-13,0.7568774732917578,0.5770655315652072
2007-02-14,0.7615012063124971,0.600218007939755
2007-02-15,0.1037055499453231,0.6206288113951121
2007-02-16,-0.0872161360529513,0.6012434393331034
2007-02-20,0.2840277783407165,0.5847636371927071
2007-02-21,-0.1405437971554358,0.572351936141765
2007-02-22,-0.0857924353369557,0.559767934246201
2007-02-23,-0.3570038956787483,0.5467641376053912
2007-02-26,-0.1254893239734268,0.5475702049943646
2007-02-27,-3.5342660843100724,0.5367147915981293
2007-02-28,0.5545484952734019,1.2080256530840252
2007-03-01,-0.2597805977300521,1.15874537982801
2007-03-02,-1.1468261829749615,1.1065914129351173
2007-03-05,-0.9452209514841424,1.1147654778004954
2007-03-06,1.5374780717887004,1.1036753272083704
2007-03-07,-0.2468314486799026,1.143277289914359
2007-03-08,0.7101347730782964,1.0918083098246552
2007-03-09,0.0677392272920847,1.0586852126888142
2007-03-12,0.2676698622496704,1.00875451862455
2007-03-13,-2.057857550740609,0.9642072837718493
2007-03-14,0.666888016495876,1.1213064868299092
2007-03-15,0.3676979959512594,1.0835133544302702
2007-03-16,-0.3835655701215665,1.0363929377486596
2007-03-19,1.0835569042727349,0.9967314498622979
2007-03-20,0.6313481911504475,1.0008173957204893
2007-03-21,1.6936643202980273,0.9705586250966753
2007-03-22,-0.0348483047308206,1.0515026708847144
2007-03-23,0.109379160276004,1.002377909397986
2007-03-26,0.0967434525865559,0.9561992576575944
2007-03-27,-0.6203560368758968,0.9129678362787604
2007-03-28,-0.7997684815493823,0.8961176966013487
2007-03-29,0.3732748516689657,0.8950115924415375
2007-03-30,-0.1174685237514386,0.8612192702147821
2007-04-02,0.2593696866817386,0.8258455142765057
2007-04-03,0.9237307072510436,0.7937228260108187
2007-04-04,0.1112198740916586,0.8058512947496582
2007-04-05,0.304531397039247,0.7728470000516575
2007-04-09,0.0588550367099576,0.7458582166808524
2007-04-10,0.261322602696913,0.7168921716663045
2007-04-11,-0.6594524912466886,0.6928995257774238
2007-04-12,0.6187116686112808,0.7019441944901705
2007-04-13,0.3481931165325918,0.6975841085396298
2007-04-16,1.059854287315681,0.678058740138969
2007-04-17,0.2143013111473107,0.7218280950280149
2007-04-18,0.0692952791006442,0.6963110817628131
2007-04-19,-0.1202773657771309,0.6709732062822229
2007-04-20,0.9218086660297052,0.6496537241356359
2007-04-23,-0.2306644470370378,0.6808574884832674
2007-04-24,-0.0351205549623648,0.6622852341132817
2007-04-25,1.0088033702708323,0.6400473690986569
2007-04-26,-0.0782724506617998,0.6834597597344723
2007-04-27,-0.0120504975632885,0.6602710454671598
2007-04-30,-0.7861748709062836,0.6379318725618306
2007-05-01,0.2647687987313794,0.6675093697792608
2007-05-02,0.6451588538502733,0.6474947380795474
2007-05-03,0.4315751619413164,0.6510663603587044
2007-05-04,0.2147587075633329,0.639497882517063
2007-05-07,0.2560437459192035,0.6203793709068509
2007-05-08,-0.1166651195633774,0.6039571518480398
2007-05-09,0.3218216510912948,0.5879698221855931
2007-05-10,-1.4054581884656236,0.5767818354373339
2007-05-11,0.9595315462487676,0.7143601890753642
2007-05-14,-0.1794584178452379,0.7405883589043369
2007-05-15,-0.1304834544834399,0.7154955142453023
2007-05-16,0.8589542804573146,0.6909833718797721
2007-05-17,-0.0918444171688858,0.7094474200045455
2007-05-18,0.6588724214163112,0.6845426691455864
2007-05-21,0.1542054937372437,0.6851468207953314
2007-05-22,-0.0642774553430921,0.6613299477385483
2007-05-23,-0.1207960891085956,0.6395982514428866
2007-05-24,-0.9749940652956228,0.6207911030450098
2007-05-25,0.5437868634530784,0.6773359821638913
2007-05-29,0.1568972258167277,0.6701206959044101
2007-05-30,0.79519076731304,0.6474870855082917
2007-05-31,0.0254840749242193,0.665051835643707
2007-06-01,0.3730063260024788,0.6420960536655165
2007-06-04,0.1846899828252176,0.6283683461639242
2007-06-05,-0.5361416122665549,0.6094846373959087
2007-06-06,-0.8903259242367221,0.6172686939455775
2007-06-07,-1.772596154552924,0.6629664405763454
2007-06-08,1.1306236827796718,0.8465449282553227
2007-06-11,0.0961254356284557,0.8739465737240816
2007-06-12,-1.0739177694170063,0.8361842361414158
2007-06-13,1.507009586153037,0.8708576926965882
2007-06-14,0.4804742099217193,0.9427149840407111
2007-06-15,0.650555553085301,0.9095498368220204
2007-06-18,-0.121410562125395,0.8879801450342776
2007-06-19,0.1729278410380235,0.8508281287315396
2007-06-20,-1.3694428381801145,0.8153384775977524
2007-06-21,0.6161392441565994,0.8927737100821445
2007-06-22,-1.2979689827432703,0.8705509801246993
2007-06-25,-0.3213060312434161,0.9283527956621112
2007-06-26,-0.3243450262866244,0.8941149195661451
2007-06-27,0.8968996323785083,0.8625446427106899
2007-06-28,-0.0418323007466117,0.8642101462710382
2007-06-29,-0.1568586791380063,0.8275097205404214
2007-07-02,1.0639364857749432,0.7953710178489509
2007-07-03,0.3573857444479607,0.8221954498285815
2007-07-05,0.0347529431044252,0.7932400541508989
2007-07-06,0.3298550721416329,0.7609368853204238
2007-07-09,0.0920901885555024,0.7356878218287672
2007-07-10,-1.42870247254699,0.7075495672697439
2007-07-11,0.570510424265772,0.8163581329814958
2007-07-12,1.8875707510562436,0.7979996813240838
2007-07-13,0.3096608437751028,0.9462543502949091
2007-07-16,-0.1921316668940251,0.9069190989383995
2007-07-17,-0.0096824613633028,0.8700416241097336
2007-07-18,-0.206745981076958,0.8326623162639802
2007-07-19,0.4459094012305411,0.8015028238556995
2007-07-20,-1.2296153790126367,0.7777720416434059
2007-07-23,0.4857468831634159,0.8419184124149721
2007-07-24,-2.0003161459610794,0.8168299888120331
2007-07-25,0.4654761912206715,1.0005450807874157
2007-07-26,-2.361514831842795,0.9624878502801091
2007-07-27,-1.6120829482687424,1.1751068937124995
2007-07-30,1.0201791310726158,1.2267415092513239
2007-07-31,-1.2727292908787835,1.2026045532317686
2007-08-01,0.7216566833712894,1.2123460430375952
2007-08-02,0.434981680259466,1.1704729070177302
2007-08-03,-2.694578841666203,1.1195038797732944
2007-08-06,2.386408016486739,1.3530719097149455
2007-08-07,0.6140474654544519,1.4669605094597005
2007-08-08,1.3973752789070897,1.4023053125095288
2007-08-09,-3.009806670758095,1.392219235791508
2007-08-10,0.0378465724980619,1.6157135349047507
2007-08-13,-0.049541086599718,1.5318808923226006
2007-08-14,-1.8323395498988104,1.4533395882177578
2007-08-15,-1.400545824953103,1.4930992039116546
2007-08-16,0.3243520983883055,1.4836210129772
2007-08-17,2.42695665225198,1.4100153680152294
2007-08-20,-0.0269682815299314,1.5198393724382915
2007-08-21,0.1085465275582073,1.441884343966139
2007-08-22,1.16448208805781,1.3684780026708803
2007-08-23,-0.1072891793787411,1.342395936991237
2007-08-24,1.1469018050261517,1.2758120012692522
2007-08-27,-0.8539951913098606,1.2569198759877442
2007-08-28,-2.3752942896165807,1.2259216938737905
2007-08-29,2.168505098090459,1.3788954219790772
2007-08-30,-0.4189774778312817,1.457978618351029
2007-08-31,1.1154303290853471,1.390909362860045
2007-09-04,1.041380907704796,1.359204792716138
2007-09-05,-1.156777363141079,1.3250194886108233
2007-09-06,0.4242872517797467,1.3110173443147162
2007-09-07,-1.7053037079487448,1.250479455607548
2007-09-10,-0.1273623892153689,1.3028364618890034
2007-09-11,1.3540236395020917,1.2389380800614502
2007-09-12,0.0047616152104553,1.2420789023435994
2007-09-13,0.838431615381002,1.1807747305103606
2007-09-14,0.0202175617601972,1.1481378993815845
2007-09-17,-0.5133568991712144,1.0926054865915407
2007-09-18,2.878958164080636,1.054625666637978
2007-09-19,0.6067959764234634,1.3208932225630803
2007-09-20,-0.6745938475255173,1.2658653046135548
2007-09-21,0.4598464335745744,1.22311626225572
2007-09-24,-0.5270307770366357,1.1694062082014334
2007-09-25,-0.0342688518638791,1.126352272665939
2007-09-26,0.5396714632315107,1.072466811702564
2007-09-27,0.3899482069183578,1.032247321979009
2007-09-28,-0.3027999733853694,0.9892791531503096
2007-10-01,1.3202159881824789,0.9499641183936613
2007-10-02,-0.0265079453376737,0.9851119362572448
2007-10-03,-0.4562248537264931,0.9402132076375416
2007-10-04,0.210872673598282,0.9111506071553651
2007-10-05,0.9514881229474792,0.8721064018819873
2007-10-08,-0.322169799390635,0.8777285518666318
2007-10-09,0.8063646659190855,0.847307083069272
2007-10-10,-0.1713797949295538,0.8427997124889566
2007-10-11,-0.5171809293999425,0.8099268418373871
2007-10-12,0.4742959110705808,0.7955032406937532
2007-10-15,-0.8416732385427675,0.7736319759300184
2007-10-16,-0.6594866980535926,0.7907736935879633
2007-10-17,0.1759846754610529,0.7888498749475209
2007-10-18,-0.0752946305293071,0.7577462604118738
2007-10-19,-2.594931140710293,0.7289742318673169
2007-10-22,0.3791176519172483,1.0664285119285335
2007-10-23,0.8764339431983929,1.0207901878613694
2007-10-24,-0.2444407502362128,1.0047939109983075
2007-10-25,-0.0976794601235322,0.9625590848041898
2007-10-26,1.369345687603249,0.919959385613749
2007-10-29,0.3705771083571753,0.9654369971146775
2007-10-30,-0.6484372289334848,0.9265172648023425
2007-10-31,1.1920661356754998,0.9103947632602059
2007-11-01,-2.6778888689808897,0.9361609536007736
2007-11-02,0.0801886680887067,1.2190723945936306
2007-11-05,-0.4967093437071673,1.1591206792049813
2007-11-06,1.1977204894451745,1.1154133017187995
2007-11-07,-2.980972636157473,1.1171956595629837
2007-11-08,-0.0576178474867469,1.4066351600178542
2007-11-09,-1.43900618120116,1.3356669548020685
2007-11-12,-1.0038452592368512,1.3469395485103535
2007-11-13,2.867778438776126,1.318750645410905
2007-11-14,-0.7094477743350598,1.515989465152281
2007-11-15,-1.3300488548972065,1.4565615385623647
2007-11-16,0.5216680351984778,1.4444959344555872
2007-11-19,-1.7614482080618146,1.378172660101065
2007-11-20,0.4476163998967163,1.4196176565900591
2007-11-21,-1.605507806431886,1.3527419847831859
2007-11-23,1.6749426122977584,1.3796721198806594
2007-11-26,-2.3512966551297514,1.3992363043470535
2007-11-27,1.4819795556490158,1.5154509393296585
2007-11-28,2.8159623399831912,1.501464591909897
2007-11-29,0.0476361425261982,1.6526800533949761
2007-11-30,0.774018490674295,1.5666627140094211
2007-12-03,-0.5904735888843634,1.501721843684683
2007-12-04,-0.6561737772241493,1.4379688359434522
2007-12-05,1.5075915045568595,1.3815697277390648
2007-12-06,1.4924972509290384,1.383893132421849
2007-12-07,-0.1779503551010379,1.3845118027450558
2007-12-10,0.7481894107170777,1.31632347722755
2007-12-11,-2.5595871370425174,1.268032831870901
2007-12-12,0.6031879025493236,1.4424185645698504
2007-12-13,0.122357552030208,1.3790025994065493
2007-12-14,-1.3841622651711092,1.309441027558051
2007-12-17,-1.5134854466995853,1.3181676759620575
2007-12-18,0.6260159463819628,1.3393230063864956
2007-12-19,-0.1361756812645433,1.2838018648731906
2007-12-20,0.4888236191244567,1.2212050457545218
2007-12-21,1.653242266561838,1.1685839296577902
2007-12-24,0.8044560385114575,1.21306522556883
2007-12-26,0.0808309033147075,1.1757464403322848
2007-12-27,-1.4385263354659774,1.1184788893191648
2007-12-28,0.1502640562007862,1.1569707142716512
2007-12-31,-0.687516831107418,1.1012329380247239
2008-01-02,-1.4543083003997033,1.0724195189669534
2008-01-03,0.0,1.11933420739101
2008-01-04,-2.485797022395527,1.0656825389655071
2008-01-07,0.3218075231744636,1.2744701071745883
2008-01-08,-1.8522757462586332,1.2138229065743236
2008-01-09,1.3532109841889144,1.2908763233159812
2008-01-10,0.7916711897125965,1.2883285760070786
2008-01-11,-1.3688651328566237,1.2444230580194722
2008-01-14,1.0811976648879809,1.259126010693393
2008-01-15,-2.5240900594804327,1.236641495788865
2008-01-16,-0.5627885721787484,1.4119016900439023
2008-01-17,-2.952417654491263,1.3531675522709583
2008-01-18,-0.6063769329588801,1.5756972045749875
2008-01-22,-1.114705738766174,1.5075697287227066
2008-01-23,2.121552966457579,1.4733925275234419
2008-01-24,1.001243825754608,1.5323481310024378
2008-01-25,-1.599923900826646,1.4816172006857893
2008-01-28,1.7396130410481234,1.4925418196987137
2008-01-29,0.6140880526633927,1.5055823546687876
2008-01-30,-0.4775378708849709,1.4383634052029854
2008-01-31,1.6633152629790866,1.3745365940411325
2008-02-01,1.2163219167380697,1.3934794090338616
2008-02-04,-1.051799001944954,1.3691178098202277
2008-02-05,-3.2518473415344133,1.3425309856063345
2008-02-06,-0.7652849389237927,1.6220897268936043
2008-02-07,0.7854842639587953,1.557801772544269
2008-02-08,-0.4212580221777428,1.4939884268939347
2008-02-11,0.5871726706863655,1.4246629124332297
2008-02-12,0.7239627380711977,1.3618493443811814
2008-02-13,1.351235803840717,1.3090610137081973
2008-02-14,-1.3512358038407142,1.3044151611354093
2008-02-15,0.0837397379674806,1.3104320334424826
2008-02-19,-0.0896675900364629,1.2448909950352252
2008-02-20,0.830627798826117,1.18411764704345
2008-02-21,-1.295086452748304,1.150717869234782
2008-02-22,0.7849720529112649,1.1689089668284032
2008-02-25,1.3718145806112505,1.1339682072491633
2008-02-26,0.6894091743071527,1.151010590119782
2008-02-27,-0.0919867449763841,1.112119488343021
2008-02-28,-0.8982092990434256,1.0597165290903359
2008-02-29,-2.7463395019370087,1.050174202989183
2008-03-03,0.05334101903081,1.312643104658418
2008-03-04,-0.3453585425228547,1.2469335348666604
2008-03-05,0.5224655309318044,1.1913970643276541
2008-03-06,-2.225985852476442,1.1420286242445001
2008-03-07,-0.8445928205016419,1.2881841577006554
2008-03-10,-1.558428579266265,1.2539185742663126
2008-03-11,3.645713261332977,1.2882164538331566
2008-03-12,-0.9036278359461816,1.6388851789050363
2008-03-13,0.5113823424050402,1.580576045774713
2008-03-14,-2.100227439149456,1.5052388424509882
2008-03-17,-0.8999054083631237,1.5703292690424098
2008-03-18,4.153489642900969,1.5169972585797158
2008-03-19,-2.4586996626083604,1.9021135429348877
2008-03-20,2.366228612414184,1.956104162236708
2008-03-24,1.520524258521512,1.9808311207820817
2008-03-25,0.2301247732709045,1.9277729773270331
2008-03-26,-0.8804405138629654,1.826484750137116
2008-03-27,-1.1526658548939026,1.7533346191152763
2008-03-28,-0.7981957531415771,1.701227394758631
2008-03-31,0.567113539282709,1.6329251559772409
2008-04-01,3.5267092136393354,1.5558957733329213
2008-04-02,-0.1935942931411036,1.8132194862137179
2008-04-03,0.1300791782277431,1.719434790079422
2008-04-04,0.079567972142592,1.6296626383947481
2008-04-07,0.156038049182299,1.5450204358859316
2008-04-08,-0.5113082927238636,1.4656942272344047
2008-04-09,-0.8124990899776953,1.401273607631427
2008-04-10,0.4464073140925598,1.3558953403134948
2008-04-11,-2.0584597439500687,1.293071286074936
2008-04-14,-0.338952276199069,1.3855861050875928
2008-04-15,0.4589329186817172,1.3208350238780635
2008-04-16,2.243764859546432,1.260645509435711
2008-04-17,0.0622720593669985,1.370058053618479
2008-04-18,1.7976453606154177,1.3008719692375008
2008-04-21,-0.1554732801477157,1.3444053313286706
2008-04-22,-0.8849273303171198,1.2783395152986552
2008-04-23,0.289572084308319,1.2476326573022989
2008-04-24,0.6421614900284472,1.1880577646530706
2008-04-25,0.647373652873597,1.1440256513361047
2008-04-28,-0.1052154891209574,1.1035166052789238
2008-04-29,-0.389627325560662,1.0518383315669517
2008-04-30,-0.3853718408086887,1.011306090106869
2008-05-01,1.6995468403442282,0.9735442777815488
2008-05-02,0.3230375437438833,1.0548060263556192
2008-05-05,-0.4543891610429601,1.0084364737494644
2008-05-06,0.7622805755977705,0.9739767099168501
2008-05-07,-1.827985274237049,0.9540456330879958
2008-05-08,0.3662835326675613,1.0749238646775825
2008-05-09,-0.6748165663026326,1.028342389380373
2008-05-12,1.096049229248502,1.0049275462656522
2008-05-13,-0.0384745351908804,1.0092846313627148
2008-05-14,0.3997583280623469,0.9629128881494796
2008-05-15,1.0528841196037528,0.9251345588956699
2008-05-16,0.1249617102144524,0.9344217576757633
2008-05-19,0.08976426143178,0.892790941099275
2008-05-20,-0.9316856535458926,0.8537333386453566
2008-05-21,-1.6183786536071223,0.8701708512960998
2008-05-22,0.2613959343079893,0.9748871995441237
2008-05-23,-1.3298434194715,0.9324782789393297
2008-05-27,0.6822892512121779,0.9846206248233652
2008-05-28,0.3955058916479667,0.9586201938700244
2008-05-29,0.5320756886204072,0.9210024026223713
2008-05-30,0.1515018374346011,0.891897076821431
2008-06-02,-1.0559822954777744,0.8533472164925213
2008-06-03,-0.5804642134554054,0.883499371156775
2008-06-04,-0.0326749732421311,0.8665998652400914
2008-06-05,1.9308535254153512,0.8296442863086364
2008-06-06,-3.1376338018537795,0.9778219447212142
2008-06-09,0.0793373654629412,1.3445766541949347
2008-06-10,-0.2441048502009588,1.2769530956689479
2008-06-11,-1.703868102064929,1.2167718243054333
2008-06-12,0.3274332291770189,1.273860788387702
2008-06-13,1.493418918259099,1.2133678844305344
2008-06-16,0.0080866526610842,1.2336852292208995
2008-06-17,-0.6794362473468583,1.1728854933665722
2008-06-18,-0.9759291491304708,1.1377004583206538
2008-06-19,0.374530209313213,1.1269075112844946
2008-06-20,-1.8716929874510455,1.077072723441538
2008-06-23,0.0053071430313939,1.1805552697186887
2008-06-24,-0.2818810495015579,1.123052896335168
2008-06-25,0.5826400535617632,1.0738729586537308
2008-06-26,-2.9805014810582438,1.0354918748796091
2008-06-27,-0.3724356139002652,1.349608528341147
2008-06-30,0.1266422760193225,1.288150913413452
2008-07-01,0.3828625653153847,1.2241351822562847
2008-07-02,-1.83713449871704,1.168127154660779
2008-07-03,0.1093324404224355,1.2505853080069649
2008-07-07,-0.8420790350197398,1.1887877253083268
2008-07-08,1.6936119626383928,1.162860373254679
2008-07-09,-2.3039556424807297,1.213120447823893
2008-07-10,0.6965436311526433,1.3572290504551692
2008-07-11,-1.115189535208209,1.303501865511139
2008-07-14,-0.9068857497041092,1.2880996007562244
2008-07-15,-1.0961111207184446,1.258082687747879
2008-07-16,2.475460487471305,1.245524438842712
2008-07-17,1.1940981372926736,1.3934178916405993
2008-07-18,0.0285686175584439,1.3673399354056708
2008-07-21,-0.0539579568169281,1.2983370838373849
2008-07-22,1.3401856087015562,1.2339284221237699
2008-07-23,0.4055930696717993,1.2362896671718722
2008-07-24,-2.339598696581199,1.1800963996215244
2008-07-25,0.4158848046300203,1.3368410766321153
2008-07-28,-1.877165431708631,1.2744158181676752
2008-07-29,2.3087430794461805,1.3452365241746287
2008-07-30,1.6534539279929734,1.4492450054114145
2008-07-31,-1.3230903287162037,1.4584520272497368
2008-08-01,-0.5594012357643428,1.4455854712916982
2008-08-04,-0.9006523604902408,1.384395482733185
2008-08-05,2.8314087237507635,1.3458351433779778
2008-08-06,0.3348736157926132,1.5309767300842247
2008-08-07,-1.8096496701488596,1.4546622231005846
2008-08-08,2.361186756964235,1.4916258264220594
2008-08-11,0.6918740696878146,1.5788732584931837
2008-08-12,-1.2123868402247893,1.509688562878883
2008-08-13,-0.2919921838887153,1.4827244698448034
2008-08-14,0.5506612147370432,1.4106713477927344
2008-08-15,0.4067649803148502,1.3475073054160516
2008-08-18,-1.5212941748937443,1.284164747130884
2008-08-19,-0.935855756629458,1.3103813472527328
2008-08-20,0.6178207156833316,1.2804786373115733
2008-08-21,0.2491856843660088,1.2287201144332398
2008-08-22,1.1268937664792815,1.1696545880721967
2008-08-25,-1.9820570527915715,1.1594167911705977
2008-08-26,0.3679594428953406,1.264217145086411
2008-08-27,0.7950961127648376,1.2052469756999085
2008-08-28,1.473110654423011,1.1680006696313092
2008-08-29,-1.3818705278780865,1.191741563271617
2008-09-02,-0.4100911602328969,1.2142149524618617
2008-09-03,-0.2037152152935799,1.163066057451668
2008-09-04,-3.0378857722846977,1.1093023070002352
2008-09-05,0.4420977784567912,1.412455981060425
2008-09-08,2.0302661013164878,1.3458892929928075
2008-09-09,-3.473448601838737,1.4118780654930447
2008-09-10,0.6130591871801976,1.7149168251833213
2008-09-11,1.371193763772892,1.6340885652196044
2008-09-12,0.2119286882382651,1.5999223511758216
2008-09-15,-4.828298467905812,1.5177770093208955
2008-09-16,1.7371525271791657,2.0655041648292576
2008-09-17,-4.82880326718849,2.021089554417581
2008-09-18,4.242880631709865,2.4198849894135424
2008-09-19,3.9467377977745945,2.6186812477583348
2008-09-22,-3.898680450101769,2.744231463228942
2008-09-23,-1.575611173219346,2.8590089370400276
2008-09-24,-0.1979686016337657,2.74851806279723
2008-09-25,1.9465810036084243,2.600605574601977
2008-09-26,0.3376721569391682,2.5261322485130253
2008-09-29,-9.218959234553594,2.391287769558999
2008-09-30,5.2758158003825,3.610087810283442
2008-10-01,-0.4554344139591543,3.762349809082466
2008-10-02,-4.112494871855385,3.5595320158403587
2008-10-03,-1.3598565792345263,3.594291845570185
2008-10-06,-3.927926970654148,3.424507797753805
2008-10-07,-5.910779118196403,3.455315496655802
2008-10-08,-1.1397406925517295,3.7340888822157208
2008-10-09,-7.922406331313588,3.5480215551343712
2008-10-10,-1.1828976472150512,4.135663961731469
2008-10-13,10.957196759533849,3.926526266096645
2008-10-14,-0.5336349813536966,4.971500850218229
2008-10-15,-9.4695124884235,4.701051801038293
2008-10-16,4.162882229094104,5.2991767344589125
2008-10-17,-0.6232205932727285,5.15995168470454
2008-10-20,4.658287732523133,4.879928093363467
2008-10-21,-3.128399253606988,4.818203675792879
2008-10-22,-6.295307968785188,4.654147867043826
2008-10-23,1.2554897845818158,4.8013250051075556
2008-10-24,-3.512077795125516,4.551638856869541
2008-10-27,-3.2279789320129515,4.435204633253302
2008-10-28,10.245735847393652,4.307953359998504
2008-10-29,-1.114090717751644,5.112387352826563
2008-10-30,2.5476650236373044,4.843666834718742
2008-10-31,1.5248545898600414,4.6391151607961865
2008-11-03,-0.2532248295049081,4.406529548707178
2008-11-04,4.001447845739003,4.165315983391376
2008-11-05,-5.411525893116384,4.1147537127024165
2008-11-06,-5.15712082795199,4.227516758029022
2008-11-07,2.84461819721001,4.296647429111862
2008-11-10,-1.273389618685711,4.147903033235431
2008-11-11,-2.228720025294257,3.9407368706732044
2008-11-12,-5.328886594572081,3.7883703837614355
2008-11-13,6.692259078968742,3.9354925184543563
2008-11-14,-4.259349062086725,4.229923537759169
2008-11-17,-2.6149349993598614,4.20623374197712
2008-11-18,0.9790290485441312,4.056781358837751
2008-11-19,-6.310549598420712,3.844377178981621
2008-11-20,-6.948184541277702,4.114707181588016
2008-11-21,6.1328001115067465,4.4311162775033415
2008-11-24,6.271423081455647,4.575681939661433
2008-11-25,0.6529413613966316,4.7175664275006515
2008-11-26,3.471840142238202,4.461634889513253
2008-11-28,0.9596913918806832,4.341977849781939
2008-12-01,-9.353652163820918,4.112538321369182
2008-12-02,3.916366397642246,4.8220147531627955
2008-12-03,2.550804791981371,4.704843293045734
2008-12-04,-2.974649977384212,4.510013039640207
2008-12-05,3.5849090941538373,4.3598578948141125
2008-12-08,3.766888346678524,4.257240190538203
2008-12-09,-2.338894447632593,4.1781019365254854
2008-12-10,1.1824007505509535,4.0147809287349
2008-12-11,-2.8938762495764387,3.8098877427177795
2008-12-12,0.7003831230512167,3.7104054457590796
2008-12-15,-1.2766830411484198,3.5126423271269287
2008-12-16,5.008481578859222,3.3449289128844275
2008-12-17,-0.9639170015611964,3.501361687014941
2008-12-18,-2.1389823129044907,3.324211625345633
2008-12-19,0.2932591981723352,3.212284317271632
2008-12-22,-1.8471576686337163,3.037917474477108
2008-12-23,-0.9764984984231136,2.929814098647608
2008-12-24,0.5764496357789292,2.7880831949847713
2008-12-26,0.5341881620716299,2.641580711926466
2008-12-29,-0.38801175284807,2.5028711930451903
2008-12-30,2.4114018863220665,2.3715792051432008
2008-12-31,1.4059048160206564,2.3552626429136403
2009-01-02,3.111881625446231,2.266065311438204
2009-01-05,-0.4679288447595494,2.3366462987698093
2009-01-06,0.7786737413759767,2.21670256271298
2009-01-07,-3.0469120220572425,2.1094832799787406
2009-01-08,0.3391315691974653,2.207346473508429
2009-01-09,-2.1533214293202936,2.0909542596923036
2009-01-12,-2.2822587628668867,2.0896045812465527
2009-01-13,0.1756515215766487,2.1012665150653493
2009-01-14,-3.40324644901829,1.9895177227026897
2009-01-15,0.1328299166952238,2.156089341636984
2009-01-16,0.7533131556373145,2.0409843373748715
2009-01-20,-5.426201462391315,1.9439953783235684
2009-01-21,4.257205806919397,2.4804991885462395
2009-01-22,-1.5278446440878557,2.6708725332930805
2009-01-23,0.5363250283092427,2.571391764516847
2009-01-26,0.5537850154850269,2.436825259033304
2009-01-27,1.0866329534482322,2.3105052446358307
2009-01-28,3.300683868264074,2.208763233741853
2009-01-29,-3.3681064466673822,2.311002048544375
2009-01-30,-2.305282101067711,2.4207302789248892
2009-02-02,-0.0532909974890164,2.399521635832736
2009-02-03,1.5709938442946172,2.2705677795914925
2009-02-04,-0.7517697439794895,2.1975277585197523
2009-02-05,1.6233188600758928,2.0941967056370183
2009-02-06,2.65406819353971,2.0389199124290345
2009-02-09,0.1484091719280034,2.0854353213046415
2009-02-10,-5.036866949414839,1.9744627039411617
2009-02-11,0.7923477223390516,2.424997501756283
2009-02-12,0.1737655357920974,2.3052861485844867
2009-02-13,-1.0048008389114624,2.1817915475096723
2009-02-17,-4.662949981810491,2.0898742842113966
2009-02-18,-0.0950817478245573,2.44163771918332
2009-02-19,-1.2096896898495146,2.3104898564351473
2009-02-20,-1.1478592263616476,2.219719334935863
2009-02-23,-3.531531749022496,2.132196803384037
2009-02-24,3.93200492217266,2.292712730534052
2009-02-25,-1.0715025437918897,2.468187460088483
2009-02-26,-1.5905676845763752,2.3598946435355272
2009-02-27,-2.384648417029285,2.2879955508301357
2009-03-02,-4.774188875107267,2.2880411146998147
2009-03-03,-0.6427378038351219,2.6140611002532603
2009-03-04,2.347535830991525,2.48166394891158
2009-03-05,-4.346330218569738,2.448789390124074
2009-03-06,0.1215314395986425,2.673809956817327
2009-03-09,-1.007424513030657,2.529101152469206
2009-03-10,6.17186323188922,2.4140814072151078
2009-03-11,0.2442830735847224,2.943232762704741
2009-03-12,3.992107486845256,2.783782147719199
2009-03-13,0.7709235009042813,2.891241780617985
2009-03-16,-0.3522120560965446,2.742780985199736
2009-03-17,3.1634259452989566,2.5969924422900186
2009-03-18,2.064339177691497,2.6315310069599573
2009-03-19,-1.3064127999233972,2.562814346397344
2009-03-20,-1.996742895118435,2.4591781183377543
2009-03-23,6.836638735773641,2.4082958006763944
2009-03-24,-2.062636109659859,3.0703665371649627
2009-03-25,0.9580332245017488,2.9732652739272183
2009-03-26,2.3052602239829927,2.824878650033469
2009-03-27,-2.0524717385895697,2.757492133465659
2009-03-30,-3.5439323427820706,2.685069196813226
2009-03-31,1.3044168377756995,2.7642102113694262
2009-04-01,1.6421043179743084,2.64169676981526
2009-04-02,2.8322225961306,2.5447884514678405
2009-04-03,0.9684722294469392,2.550678249274965
2009-04-06,-0.8367275616680818,2.428799876881405
2009-04-07,-2.414366931764816,2.3137585222281083
2009-04-08,1.1714557086847552,2.313940717398043
2009-04-09,3.734709062073376,2.215762779932574
2009-04-13,0.2530165856026846,2.375952205977612
2009-04-14,-2.026851722493524,2.2489286961031585
2009-04-15,1.2470930388817558,2.2199557028145662
2009-04-16,1.5419309485732728,2.1320252170962597
2009-04-17,0.4957054226539451,2.068070312002754
2009-04-20,-4.373220914165703,1.9624807942214386
2009-04-21,2.102938421614601,2.292858945001924
2009-04-22,-0.7711320225478271,2.25710760633247
2009-04-23,0.9873443065781582,2.15066273401932
2009-04-24,1.6657834020331603,2.055351479633733
2009-04-27,-1.0117587499046197,2.0064457649673955
2009-04-28,-0.2744297639849314,1.9271062946079613
2009-04-29,2.1379853727164115,1.827777635917312
2009-04-30,-0.0950519220744608,1.8433938426778969
2009-05-01,0.5381880325807842,1.7467990654178263
2009-05-04,3.3307243587725845,1.6617802064545542
2009-05-05,-0.3798929477293887,1.8627808494712148
2009-05-06,1.725461832941929,1.7693677544413846
2009-05-07,-1.3290338985760624,1.7515738182636695
2009-05-08,2.378390237911349,1.711925437566025
2009-05-11,-2.1747190202753868,1.7691277388142697
2009-05-12,-0.0979334983476185,1.8074478486114427
2009-05-13,-2.7263198536612703,1.712981342355042
2009-05-14,1.029843199277203,1.8293971824086699
2009-05-15,-1.1475676904067544,1.758172993146902
2009-05-18,2.9936594996533383,1.7053454196957465
2009-05-19,-0.1738346019872554,1.8460573202747346
2009-05-20,-0.5144672688046908,1.7500852251587544
2009-05-21,-1.6899558030336284,1.6672777418348514
2009-05-22,-0.1498332508169961,1.6665563515682147
2009-05-26,2.596220760015714,1.5809246040894638
2009-05-27,-1.9153424774368055,1.6859898437944092
2009-05-28,1.5301255166552454,1.7059889617309802
2009-05-29,1.3483445887851124,1.6777624028020277
2009-06-01,2.548994386142355,1.6380782427971254
2009-06-02,0.1981336974747815,1.727657035328372
2009-06-03,-1.383446575070985,1.637825895283908
2009-06-04,1.1418220142166204,1.612713938812882
2009-06-05,-0.2517857488816695,1.5643005668922614
2009-06-08,-0.1011065454445716,1.4863869428357888
2009-06-09,0.3497059761173111,1.4109969120215387
2009-06-10,-0.348640137996811,1.3423551602721506
2009-06-11,0.6093297249542561,1.280663640253589
2009-06-12,0.1396020848219574,1.2285358175049228
2009-06-15,-2.405559125359691,1.168265211521514
2009-06-16,-1.280190102788595,1.3385862955545162
2009-06-17,-0.1382523466782429,1.3341294655680644
2009-06-18,0.8375815004882053,1.2684482322193447
2009-06-19,0.310935822324291,1.228687858485018
2009-06-22,-3.107836433082392,1.1707252658015617
2009-06-23,0.2304068499517782,1.469772861370459
2009-06-24,0.650324882432666,1.395629330624368
2009-06-25,2.1217583998248744,1.337218319255906
2009-06-26,-0.1478920348603416,1.4165835214755884
2009-06-29,0.9024296841261898,1.3459787795258795
2009-06-30,-0.8567351633166496,1.3039408903348966
2009-07-01,0.4352444623651701,1.2691617634652281
2009-07-02,-2.9577684825958017,1.211655446067885
2009-07-06,0.2562462104257053,1.4703643117823313
2009-07-07,-1.987978536288478,1.3965085257031398
2009-07-08,-0.1669931167934997,1.4632525461755317
2009-07-09,0.3540946062317481,1.3900741874073443
2009-07-10,-0.4029938077684044,1.3228274119419794
2009-07-13,2.4627948777227284,1.2641049440671097
2009-07-14,0.5301983236099628,1.406265545648782
2009-07-15,2.919943487510086,1.3427095072775732
2009-07-16,0.8604634691705462,1.5434991782695127
2009-07-17,-0.0382735133209433,1.4842675311617544
2009-07-20,1.136670246273114,1.4084997174398177
2009-07-21,0.3620714522427704,1.3767948720187546
2009-07-22,-0.0534419376249969,1.3105494191197773
2009-07-23,2.3022599224313,1.2453891109220692
2009-07-24,0.3037543443477206,1.3663271307328761
2009-07-27,0.2977389125970083,1.2995850440113712
2009-07-28,-0.2609847107349429,1.2368937075984396
2009-07-29,-0.4573406026934335,1.1796782013705978
2009-07-30,1.182538418815718,1.132783246237541
2009-07-31,0.0739509083783554,1.1312776596242582
2009-08-03,1.522560782728123,1.076771610994588
2009-08-04,0.3007570422106501,1.118343369368628
2009-08-05,-0.2917844617166379,1.0672724023516416
2009-08-06,-0.5640532654178876,1.0221649389517073
2009-08-07,1.334970053225195,0.9924008379980291
2009-08-10,-0.3350556724880154,1.0234476654991285
2009-08-11,-1.2740935609429689,0.9828521702412876
2009-08-12,1.1459230792871828,1.0206107607899622
2009-08-13,0.68564507961441,1.02800695858775
2009-08-14,-0.8567949977279208,0.9986222516653875
2009-08-17,-2.4559960849173303,0.9917544627837801
2009-08-18,1.0094533393885528,1.21438290867422
2009-08-19,0.6837483447019445,1.1905645150627577
2009-08-20,1.0889227984113456,1.1483818037979732
2009-08-21,1.8451479725420383,1.1370500697974544
2009-08-24,-0.0545945918983783,1.21101991498337
2009-08-25,0.2366663818367554,1.1520026386791853
2009-08-26,0.0116719955652977,1.0975917385065874
2009-08-27,0.2777900271591285,1.0452624116613236
2009-08-28,-0.1990307732377177,0.9985017241037419
2009-08-31,-0.810919854038207,0.9554968514870792
2009-09-01,-2.2372226316806487,0.9491572837715899
2009-09-02,-0.3301884345751011,1.1420634241886756
2009-09-03,0.8498582450941842,1.0930768330940333
2009-09-04,1.3032243708161282,1.0686326972692157
2009-09-08,0.8806045829839774,1.0863802500991249
2009-09-09,0.7752259025442713,1.0646829117618548
2009-09-10,1.0368292776658143,1.0377310934651651
2009-09-11,-0.1351338988591167,1.0331469082207305
2009-09-14,0.631910740710653,0.986497536113825
2009-09-15,0.3130436490644552,0.9574208444322614
2009-09-16,1.5207308062442324,0.9174028235299987
2009-09-17,-0.3064329005571477,0.9831884665105156
2009-09-18,0.2633867594107786,0.944432680222643
2009-09-21,-0.3413114207888716,0.9041258900366441
2009-09-22,0.6553348588268071,0.8724966464026962
2009-09-23,-1.01195584531233,0.8544742301079347
2009-09-24,-0.9556548191774188,0.8794746315502191
2009-09-25,-0.6109360827818335,0.8952098234721293
2009-09-28,1.7652853549567058,0.8793291213527659
2009-09-29,-0.2232065642896416,0.9885294294436083
2009-09-30,-0.3333852135212442,0.9468225785526233
2009-10-01,-2.609721149328096,0.9116947821343796
2009-10-02,-0.4515705309363511,1.1882577899375568
2009-10-05,1.476545396032476,1.1405189897669508
2009-10-06,1.36124155690534,1.168137862811559
2009-10-07,0.2707936560526622,1.1800208090031798
2009-10-08,0.7442145876693546,1.1243928383221333
2009-10-09,0.5624810543572637,1.0906273108343276
2009-10-12,0.4376777568566423,1.0500814091928214
2009-10-13,-0.2791504630813565,1.0074580392283519
2009-10-14,1.7393743058258575,0.9660831956591455
2009-10-15,0.4148850316393222,1.0544759616690957
2009-10-16,-0.8131023468328601,1.0107712005208707
2009-10-19,0.9361366739513968,0.9991052499038133
2009-10-20,-0.6258649187024325,0.9899022160017549
2009-10-21,-0.889323391718201,0.9666034616879171
2009-10-22,1.058737435850814,0.9659119575588014
2009-10-23,-1.225331535289976,0.9710924757217337
2009-10-26,-1.1786514446438598,1.0047134847828536
2009-10-27,-0.3323307116675381,1.0285556126736022
2009-10-28,-1.97343861452413,0.9874995930976788
2009-10-29,2.227012433396776,1.1250476718738103
2009-10-30,-2.8466028015250755,1.2576644364400162
2009-11-02,0.643565319102102,1.4841994041255717
2009-11-03,0.2423064313306145,1.4194982933753097
2009-11-04,0.1042077241505182,1.3485507548063895
2009-11-05,1.9052887220614023,1.2807550500085245
2009-11-06,0.2500124319576515,1.3404183462011234
2009-11-09,2.1995084915274346,1.2744191927402857
2009-11-10,-0.0063992141384837,1.3749714330240028
2009-11-11,0.5019357795690984,1.3056120079366926
2009-11-12,-1.0312359059078018,1.2477726959377966
2009-11-13,0.5722887256427731,1.2308294263664656
2009-11-16,1.436397656849818,1.1806668390152688
2009-11-17,0.0918983911623726,1.1988818992575971
2009-11-18,-0.046835078426778,1.140208738133258
2009-11-19,-1.3516805711666349,1.085551542060735
2009-11-20,-0.3220102206201698,1.118336783703837
2009-11-23,1.352391393433508,1.0706994846813511
2009-11-24,-0.0533449520903749,1.093481288114343
2009-11-25,0.4494006880236033,1.041838245815364
2009-11-27,-1.7383699967934212,1.000214540901655
2009-11-30,0.3785818430065039,1.0980255157075431
2009-12-01,1.2002902588402555,1.0502360687749974
2009-12-02,0.0342639998839418,1.0595934512076401
2009-12-03,-0.8437597492034073,1.0096122495002
2009-12-04,0.5494312254292437,1.0005493218018022
2009-12-07,-0.2471432926803079,0.9661303025818914
2009-12-08,-1.0304492069516176,0.926651643887867
2009-12-09,0.3665645395977853,0.9443663793579699
2009-12-10,0.5822720019583755,0.9068076560249467
2009-12-11,0.3676328028912493,0.8814692315688241
2009-12-14,0.6935296207216682,0.8484726831051773
2009-12-15,-0.5562408837016108,0.8352285181393766
2009-12-16,0.112759409490769,0.8210998593978013
2009-12-17,-1.188091353803201,0.7870466814934202
2009-12-18,0.5812952040880973,0.8438756458705935
2009-12-21,1.0448977120226208,0.8237716680662357
2009-12-22,0.3557213499394716,0.8447028580265725
2009-12-23,0.2296020686836971,0.8140077992293643
2009-12-24,0.5242407471724702,0.7820677965549037
2009-12-28,0.1153415281841075,0.7640000340144815
2009-12-29,-0.1402034088609116,0.7339772134896111
2009-12-30,0.0195410477235408,0.7083047751778367
2009-12-31,-1.0100435863962351,0.6821416050999244
2010-01-04,1.5916082167126386,0.7326991124967543
2010-01-05,0.3110831966759719,0.8451942606140321
2010-01-06,0.0545371887823413,0.8130490342793176
2010-01-07,0.3993218354654243,0.7793463678944803
2010-01-08,0.2877583075096213,0.7553237731015587
2010-01-11,0.174523162858463,0.7291530560775074
2010-01-12,-0.942544643894456,0.7023523379023597
2010-01-13,0.8291456333360419,0.7409572783965318
2010-01-14,0.2423486421414183,0.7502133132637709
2010-01-15,-1.0882126301208588,0.7232085634948618
2010-01-19,1.2422151207737095,0.7773049033962556
2010-01-20,-1.0654386601861303,0.8287017937592009
2010-01-21,-1.9126657272987804,0.863438525056227
2010-01-22,-2.238977963010898,1.0190830683158427
2010-01-25,0.4587559053796009,1.194921940583724
2010-01-26,-0.4212057847785588,1.1430687637277779
2010-01-27,0.4868282868611808,1.0972948763035242
2010-01-28,-1.188812553427926,1.0531490922646487
2010-01-29,-0.9877799049982582,1.071991630031686
2010-02-01,1.4165305546369655,1.068943486991852
2010-02-02,1.28895204452028,1.0991201837222802
2010-02-03,-0.5489350382538535,1.1117192100674018
2010-02-04,-3.1635856049806907,1.0740824508670133
2010-02-05,0.2892930360826602,1.414005221545484
2010-02-08,-0.8902803100374193,1.3440759247071932
2010-02-09,1.295584177358637,1.3081716041628275
2010-02-10,-0.2235069428007423,1.2986190263291233
2010-02-11,0.9633882335101288,1.2366201155841583
2010-02-12,-0.2748366119941131,1.2075421122159713
2010-02-16,1.7840653536261433,1.152583598514892
2010-02-17,0.4229004596710373,1.215934341429077
2010-02-18,0.6563157733795463,1.1615696751683273
2010-02-19,0.2184234863591005,1.1201881524309492
2010-02-22,-0.1046405124920322,1.0675343423828048
2010-02-23,-1.21766449451987,1.0181610429028918
2010-02-24,0.9673519697189884,1.0445976497698555
2010-02-25,-0.2083208552865154,1.033448395605405
2010-02-26,0.1404392556857944,0.9883148826076729
2010-03-01,1.0107257423603735,0.9432654043441309
2010-03-02,0.2327731002886269,0.9464531340467066
2010-03-03,0.0429109521400398,0.9054032078320732
2010-03-04,0.3729156079571379,0.8654378512620703
2010-03-05,1.391028280160398,0.8338037630096558
2010-03-08,-0.0175611432176536,0.8958579983731174
2010-03-09,0.1711272023972104,0.8567944268933924
2010-03-10,0.451435490421295,0.8208696841053814
2010-03-11,0.4033374313505969,0.7958413513139614
2010-03-12,-0.0217369570092697,0.7706828184505518
2010-03-15,0.0452092623435897,0.7402965809550404
2010-03-16,0.7749014983159959,0.7117328769577992
2010-03-17,0.5804795332563638,0.7193529819808177
2010-03-18,-0.0325899126689094,0.7105310294615839
2010-03-19,-0.5099426451612706,0.6846242059944045
2010-03-22,0.5082359099180065,0.6819042774467549
2010-03-23,0.7145377784800172,0.6719438994842422
2010-03-24,-0.5508447887288308,0.6787257221604235
2010-03-25,-0.1705621083328679,0.6798636544931123
2010-03-26,0.0737450615988413,0.6592456641109801
2010-03-29,0.5667146312798056,0.636705409353314
2010-03-30,0.0042658462930388,0.6352535324258916
2010-03-31,-0.327824231803275,0.6147107098240211
2010-04-01,0.7386454005524301,0.6067247861870556
2010-04-05,0.7896729443087884,0.6239033336893958
2010-04-06,0.1682878875349027,0.6440438696635656
2010-04-07,-0.5894042967262019,0.6236142406220752
2010-04-08,0.3368661430854927,0.6345127781878189
2010-04-09,0.666166829683167,0.6198417355452639
2010-04-12,0.1765050857140109,0.6284505145827955
2010-04-13,0.0685166039836841,0.6094029925971002
2010-04-14,1.1088363099908616,0.5907306365216877
2010-04-15,0.084218399117682,0.6568706837724829
2010-04-16,-1.6257982418547083,0.6345505644734151
2010-04-19,0.4511140739529798,0.7977363451413805
2010-04-20,0.8026045737071379,0.7745540386448153
2010-04-21,-0.101951643570197,0.7775090654930323
2010-04-22,0.2261320643090196,0.7477763360487973
2010-04-23,0.7098267683218249,0.720578847342519
2010-04-26,-0.4305704355093108,0.7214702389959067
2010-04-27,-2.3659640178701644,0.709622633288007
2010-04-28,0.6441958378180899,1.0028123587753475
2010-04-29,1.2860180281289573,0.9731044362844644
2010-04-30,-1.6787810139866297,1.001139251211813
2010-05-03,1.303525745326214,1.0899464551537983
2010-05-04,-2.412719995741821,1.1051414142968514
2010-05-05,-0.6608341800780098,1.2911345964724719
2010-05-06,-3.2888440643963666,1.245725780646836
2010-05-07,-1.5426646180907493,1.5589336129101814
2010-05-10,4.303470414561544,1.5557280204095083
2010-05-11,-0.3403075918466228,1.9594596026584687
2010-05-12,1.3645992401824485,1.8593896077200232
2010-05-13,-1.221949988922511,1.8056477026680735
2010-05-14,-1.8978981387949807,1.7538822709484458
2010-05-17,0.1108753621008436,1.7642168891155932
2010-05-18,-1.429763178499772,1.6717491912937728
2010-05-19,-0.5143468860015589,1.6472580919948991
2010-05-20,-3.9755795837766255,1.571029894042972
2010-05-21,1.4912632585704335,1.9270940430839494
2010-05-24,-1.299204632368772,1.876467434808425
2010-05-25,0.035387476465256,1.8241260610707464
2010-05-26,-0.5677078693651669,1.7280809301702935
2010-05-27,3.2347311768677054,1.648441732618726
2010-05-28,-1.2451892345405802,1.8367077737777189
2010-06-01,-1.7314353324598772,1.783967696592323
2010-06-02,2.551442810834267,1.774873910820163
2010-06-03,0.4043191983442443,1.8445744374157462
2010-06-04,-3.5017442089831103,1.7505706236881189
2010-06-07,-1.3624466165715647,1.9786304310026133
2010-06-08,1.091626764351899,1.922219548689898
2010-06-09,-0.5959396741888011,1.847514739036916
2010-06-10,2.907984566617691,1.7611522285950352
2010-06-11,0.4370115742617509,1.8801127150888173
2010-06-14,-0.1806293931756723,1.784601504088388
2010-06-15,2.322245059850045,1.692342374082104
2010-06-16,-0.0556089354095426,1.745450160537537
2010-06-17,0.1282185812389404,1.654319414045588
2010-06-18,0.1316264138454906,1.5683688916939245
2010-06-21,-0.3864297943398893,1.4875170831160869
2010-06-22,-1.620122508698942,1.4175750958667952
2010-06-23,-0.298993926106872,1.438129963482865
2010-06-24,-1.6946283204951271,1.3690271839087298
2010-06-25,0.2855281931545411,1.4039182833382615
2010-06-28,-0.203600961065444,1.3345481855486816
2010-06-29,-3.150823034220892,1.2699041016403483
2010-06-30,-1.016445397333528,1.5496366592138657
2010-07-01,-0.3245713309244112,1.5051192542213387
2010-07-02,-0.4673271754301508,1.4324312620162492
2010-07-06,0.5344725887457726,1.3686376302853647
2010-07-07,3.085002300826384,1.307704654537284
2010-07-08,0.936865495165787,1.5457115461159663
2010-07-09,0.7178063766629461,1.490313976480935
2010-07-12,0.0732633605952817,1.428206868427748
2010-07-13,1.5261822735573063,1.3555316419092251
2010-07-14,-0.0155143664793419,1.3625656568900855
2010-07-15,0.1195388556413606,1.293998337461181
2010-07-16,-2.924290970075012,1.2295879477193736
2010-07-19,0.5964069587908596,1.4773537863031811
2010-07-20,1.1351874168992775,1.4113714514729647
2010-07-21,-1.2902699582286208,1.3793089915104508
2010-07-22,2.2263687822425644,1.3715429254712228
2010-07-23,0.8186420184344789,1.4596224515109615
2010-07-26,1.113790871672976,1.4043749165635493
2010-07-27,-0.104990830751979,1.3713856036618306
2010-07-28,-0.6946032638280119,1.3030029583644425
2010-07-29,-0.4167292220516642,1.258509318044954
2010-07-30,0.006349719619899,1.2045786564569902
2010-08-02,2.178352878116676,1.1455822743979918
2010-08-03,-0.4807894641330393,1.2665173173182271
2010-08-04,0.6032878060028029,1.2144839955533622
2010-08-05,-0.1269329843214742,1.166775103395652
2010-08-06,-0.3710915566397296,1.1113818802167177
2010-08-09,0.5468087107405527,1.0659154701065683
2010-08-10,-0.5985281603927614,1.0264889443903704
2010-08-11,-2.8583405997961564,0.9983939585497377
2010-08-12,-0.5393266400071398,1.2989511733210226
2010-08-13,-0.4031690712189038,1.247107958131121
2010-08-16,0.0120451288711514,1.193468176772163
2010-08-17,1.2118489601347648,1.135139678840814
2010-08-18,0.148168048593926,1.1361023418082201
2010-08-19,-1.708043585689712,1.0816582551889848
2010-08-20,-0.3669753922919338,1.1606089230731398
2010-08-23,-0.40484907945532,1.1115926801223468
2010-08-24,-1.4618768361991257,1.0673971352791365
2010-08-25,0.3283944691638116,1.1159869602481456
2010-08-26,-0.7714466580892417,1.0656931587091034
2010-08-27,1.645071040328303,1.0456920913714327
2010-08-30,-1.4828611113085737,1.1074089362533064
2010-08-31,0.0390718088492601,1.1528030903856197
2010-09-01,2.9077736386750197,1.0969416920682582
2010-09-02,0.903985298673457,1.3568534169364643
2010-09-03,1.3132393793160997,1.3140502100929885
2010-09-07,-1.1537491412768317,1.3054615807611594
2010-09-08,0.6418059490903166,1.2931333405833425
2010-09-09,0.4820652058996721,1.2415129521004917
2010-09-10,0.4851545040690317,1.187295389122873
2010-09-13,1.106912660314444,1.13685147804187
2010-09-14,-0.0713373929606734,1.1281994067804955
2010-09-15,0.353488380226877,1.0745348507284898
2010-09-16,-0.036441005584664,1.0276284228069155
2010-09-17,0.0826514114932464,0.9800523688760605
2010-09-20,1.5095287889557545,0.9352118677264855
2010-09-21,-0.2567313120713856,0.9965343501990476
2010-09-22,-0.4837172794451643,0.9552278354113444
2010-09-23,-0.8366240177841381,0.9264095004767566
2010-09-24,2.0972915547808246,0.9253179833394402
2010-09-27,-0.5683553181933576,1.079817485558539
2010-09-28,0.4838660735848585,1.0456895438111307
2010-09-29,-0.2591112883144724,1.0050988147935809
2010-09-30,-0.3088486706455259,0.963270936188243
2010-10-01,0.4406714359894575,0.9260268133597793
2010-10-04,-0.8067386519721716,0.8924542631696882
2010-10-05,2.064672250716406,0.8923559769247181
2010-10-06,-0.0672230459595621,1.0489888000093384
2010-10-07,-0.164787558179349,1.0003364088113211
2010-10-08,0.6103613171284074,0.9564322768632024
2010-10-11,0.0145826273187111,0.9285941303470284
2010-10-12,0.3811483664149656,0.8871622251117591
2010-10-13,0.7095785561559261,0.8542175036468359
2010-10-14,-0.3648032184403023,0.8415749469158245
2010-10-15,0.2025432873275127,0.8158358402824951
2010-10-18,0.721763469070623,0.7832482869618365
2010-10-19,-1.6004644029054833,0.7784959127434227
2010-10-20,1.0469082613678415,0.9000436878994743
2010-10-21,0.1772336952799177,0.9116967187983721
2010-10-22,0.2386408784290639,0.8721162318623794
2010-10-25,0.214467014688162,0.8362673948864946
2010-10-26,0.0016885142218022,0.8024545732370186
2010-10-27,-0.2694209639216564,0.7696473517428186
2010-10-28,0.1124217236756492,0.7454451587662803
2010-10-29,-0.0439383813568332,0.7167305724250944
2010-11-01,0.0946085717253016,0.6905041560441324
2010-11-02,0.7729336064693736,0.6656976626179135
2010-11-03,0.3671306443685746,0.6787012133143975
2010-11-04,1.9099304409664533,0.6615425737675451
2010-11-05,0.3915079053611362,0.8516485448956419
2010-11-08,-0.2123209822860658,0.8217237700731612
2010-11-09,-0.8084894540661062,0.7915374356514331
2010-11-10,0.4366533579725262,0.8030938093997699
2010-11-11,-0.4251149890857143,0.7788106537007092
2010-11-12,-1.1878766244753407,0.7614662766558926
2010-11-15,-0.1218177309455082,0.8226402761475295
2010-11-16,-1.6338157414688126,0.7900651765597742
2010-11-17,0.0212140375987729,0.9146174367102344
2010-11-18,1.5240583543647692,0.8740878428605953
2010-11-19,0.2537151911910495,0.9478021693190036
2010-11-22,-0.1576608885061295,0.9070648765526164
2010-11-23,-1.4387031590549966,0.8693443993037467
2010-11-24,1.481271551861717,0.9469946794384857
2010-11-26,-0.749659142423389,1.002679380477756
2010-11-29,-0.1379810265237083,0.9868770940547812
2010-11-30,-0.6088715610163862,0.9433397464292547
2010-12-01,2.138662226312978,0.9229921407271555
2010-12-02,1.273710016062085,1.0853081226537311
2010-12-03,0.2599854016351503,1.0979783104584735
2010-12-06,-0.1299082103300364,1.047424746577317
2010-12-07,0.0514947584458007,0.9997505712481379
2010-12-08,0.3694925752614823,0.9535910580649549
2010-12-09,0.3835383567009256,0.9154724202518495
2010-12-10,0.5983703744360294,0.8805464149416254
2010-12-13,0.0048319150458452,0.8583138489409974
2010-12-14,0.0910541684680049,0.821640694739169
2010-12-15,-0.5135617015335396,0.7874270187491722
2010-12-16,0.6166045704273937,0.774843177791471
2010-12-17,0.083645445989307,0.7631852573034987
2010-12-20,0.2545111460542946,0.7330371569061201
2010-12-21,0.60119938497866,0.7076284652566645
2010-12-22,0.3373857625542624,0.7014112628409841
2010-12-23,-0.1645681777604647,0.6811495575053759
2010-12-27,0.061250962481097,0.6602442255712967
2010-12-28,0.0771026595142012,0.637602431539111
2010-12-29,0.1008636510664864,0.6167383239071685
2010-12-30,-0.150935769641743,0.5976397401171633
2010-12-31,-0.0190807652683977,0.5831956000354223
2011-01-03,1.125129414776139,0.5670456028374199
2011-01-04,-0.1313924652635054,0.6404718835423979
2011-01-05,0.4994676074308498,0.6218757405614214
2011-01-06,-0.2125214370637225,0.6172173342095432
2011-01-07,-0.1846485769081899,0.6033257455878249
2011-01-10,-0.1377275180819885,0.5895609755519243
2011-01-11,0.3718206258407198,0.5753950755157117
2011-01-12,0.8967253798850817,0.5677380308778615
2011-01-13,-0.1712211240459357,0.6088064896658621
2011-01-14,0.7357410347301483,0.5940852794429982
2011-01-18,0.1375464266183254,0.6126571945699523
2011-01-19,-1.0167165793385584,0.5942569740262774
2011-01-20,-0.1295798403833902,0.6618755564035864
2011-01-21,0.2410637604260442,0.6415116142427482
2011-01-24,0.5819315234595438,0.6229101403150671
2011-01-25,0.0263427773618527,0.624102051492309
2011-01-26,0.4212024148480004,0.6043055323666203
2011-01-27,0.2241791060799816,0.5965512123123892
2011-01-28,-1.8013805424182845,0.5812045897468202
2011-01-31,0.7633349932881147,0.7972666624977275
2011-02-01,1.6555791837834375,0.7944159655023603
2011-02-02,-0.2726230259362927,0.9038414388003273
2011-02-03,0.235143229012668,0.8696176842312697
2011-02-04,0.2880111062752558,0.8338719867746716
2011-02-07,0.6220782345952653,0.8018993125088134
2011-02-08,0.4176020375839696,0.7880876729384519
2011-02-09,-0.2789653077800705,0.7641549115470192
2011-02-10,0.0749212207498601,0.7407753962941279
2011-02-11,0.5492261501886461,0.7122028010753935
2011-02-14,0.2382084644068833,0.7019827178517298
2011-02-15,-0.3240154691578971,0.6785284224326228
2011-02-16,0.6237938698850808,0.6644401077635872
2011-02-17,0.3070970880380493,0.6644064523647932
2011-02-18,0.1922872722024487,0.6460450256239196
2011-02-22,-2.0742204920454523,0.6259061997377977
2011-02-23,-0.6130715010508628,0.8853160488703768
2011-02-24,-0.0994871961242903,0.870496876809972
2011-02-25,1.0495248165324718,0.8341574448363942
2011-02-28,0.5545679951233037,0.8542432226798491
2011-03-01,-1.586486179105863,0.8317301867405364
2011-03-02,0.1613897889520178,0.9393170335974476
2011-03-03,1.7072434579238578,0.8976976262353081
2011-03-04,-0.740538978936872,0.9941484026252164
2011-03-07,-0.8376215256269803,0.9784620085189054
2011-03-08,0.8883161530176172,0.9720277157398785
2011-03-09,-0.1362631392970809,0.9616279464937089
2011-03-10,-1.9051280476330656,0.9197482740297264
2011-03-11,0.7055564524569619,1.060844154081627
2011-03-14,-0.6067696956773772,1.0299493185663318
2011-03-15,-1.1263544394845546,1.0020651134932521
2011-03-16,-1.9687481949372252,1.0205761816692576
2011-03-17,1.3309266231874255,1.1503225665138708
2011-03-18,0.4300939582545809,1.1611999355328237
2011-03-21,1.487466793018228,1.1107015177081527
2011-03-22,-0.355688534103817,1.1434732726110894
2011-03-23,0.2909742258502921,1.0952407182282233
2011-03-24,0.9297393435475378,1.045470609585507
2011-03-25,0.3156151002188939,1.0312349246386627
2011-03-28,-0.2751618499391395,0.9862620547286594
2011-03-29,0.7035239607301627,0.9462411010255825
2011-03-30,0.6662462626235184,0.9248449770312052
2011-03-31,-0.1831177104975248,0.9029329742639362
2011-04-01,0.4950712944456071,0.8661040100088246
2011-04-04,0.0345150180851755,0.839533330915603
2011-04-05,-0.018007145753026,0.8040281193098653
2011-04-06,0.2181296758153027,0.7712558055399953
2011-04-07,-0.1521162699225294,0.7421625686815614
2011-04-08,-0.4012483000974196,0.7161794842451213
2011-04-11,-0.279728829140217,0.7030256338923063
2011-04-12,-0.7807095445724583,0.6846742867710132
2011-04-13,0.0190217490310104,0.7070233242659559
2011-04-14,0.008367309086169,0.6809569279854023
2011-04-15,0.3917728825568013,0.6568881619514675
2011-04-18,-1.1078997728577973,0.6427487726985165
2011-04-19,0.5714810218094469,0.7143689553199428
2011-04-20,1.3424435132347328,0.7054172917819134
2011-04-21,0.5262908499655702,0.7839071531869684
2011-04-25,-0.1593939550095812,0.7657962563093877
2011-04-26,0.8939507790192993,0.7382335286504869
2011-04-27,0.6230397799828821,0.7542323612738198
2011-04-28,0.3549118471434546,0.7449870876738011
2011-04-29,0.2298019742020782,0.7219006097499746
2011-05-02,-0.1754249109045456,0.6967235901147091
2011-05-03,-0.338502637105266,0.6749176849848209
2011-05-04,-0.6878914252832363,0.6619263884574139
2011-05-05,-0.9111217180694527,0.6775647275297162
2011-05-06,0.3812642995876722,0.7161223578831066
2011-05-09,0.4533870101931406,0.6964484866578274
2011-05-10,0.804161600966336,0.6819665261576201
2011-05-11,-1.1173689687885626,0.6960043516892565
2011-05-12,0.4883493672167491,0.7589224670106074
2011-05-13,-0.8100047045425268,0.7408665183509463
2011-05-16,-0.6223718638095737,0.7588974239921935
2011-05-17,-0.0368628523330036,0.7572776380484659
2011-05-18,0.8765271983703135,0.7280078894771561
2011-05-19,0.2175572589167488,0.7435199838185808
2011-05-20,-0.7717974612614023,0.7164530655138199
2011-05-23,-1.1997264840988668,0.7336521264664964
2011-05-24,-0.0827722645331466,0.8014715380517926
2011-05-25,0.3178113156669572,0.7696823777182682
2011-05-26,0.3945322767699228,0.7433569254500896
2011-05-27,0.4072615318765918,0.7220245518003053
2011-05-31,1.053701485636789,0.7030253491461581
2011-06-01,-2.304822570064041,0.742066042887349
2011-06-02,-0.1225586114047521,1.0103292175051273
2011-06-03,-0.978149266519151,0.9649643698028679
2011-06-06,-1.0818516013722312,0.9727807868641678
2011-06-07,-0.0956865042667683,0.9902007414488213
2011-06-08,-0.4195664421607697,0.9457414963313475
2011-06-09,0.7350409328991669,0.9144297822424928
2011-06-10,-1.407848288184634,0.8979944527684917
2011-06-13,0.0668532559501226,0.9662223619023624
2011-06-14,1.253291348510731,0.9222498485904774
2011-06-15,-1.7585569507258008,0.9533934776910423
2011-06-16,0.1752797975682748,1.0633671815241532
2011-06-17,0.3040390291799793,1.0138037276886358
2011-06-20,0.5380689090158733,0.9697231711219885
2011-06-21,1.33341790614636,0.9371209982001114
2011-06-22,-0.6489459844407727,0.9756627227842131
2011-06-23,-0.2831992858193941,0.9551371355649678
2011-06-24,-1.1795077176858442,0.9175807995927694
2011-06-27,0.9142536655730836,0.9532514369493593
2011-06-28,1.2861292735996777,0.9468502371965257
2011-06-29,0.8248633534913172,0.978434399481435
2011-06-30,1.0068371595162744,0.9625460835474351
2011-07-01,1.4306869106082432,0.9632613845603553
2011-07-05,-0.1337072545078201,1.0099643660392172
2011-07-06,0.1001057819605282,0.9648166532855463
2011-07-07,1.0399582892092554,0.9210359111432042
2011-07-08,-0.6985458106936123,0.9295323306161999
2011-07-11,-1.8256166936573937,0.9167967524996579
2011-07-12,-0.4443369829837216,1.0452126612124657
2011-07-13,0.3101027109122117,1.0075124223772394
2011-07-14,-0.6738782369334765,0.9640024863246827
2011-07-15,0.5539055540283085,0.9462503176891984
2011-07-18,-0.8163117539368405,0.9162468032505164
2011-07-19,1.617714964684356,0.914448694008774
2011-07-20,-0.0671058407399806,0.994431519284654
2011-07-21,1.3455262786265243,0.9493202112262534
2011-07-22,0.0907439513112766,0.9875807847057275
2011-07-25,-0.5658995223243947,0.9422773487757305
2011-07-26,-0.411342006232854,0.9192705307880266
2011-07-27,-2.051772480729147,0.8896218643013286
2011-07-28,-0.3239207155505587,1.0637708708194855
2011-07-29,-0.6471427287173138,1.0199514750366359
2011-08-01,-0.4140860866230743,0.9954428258897778
2011-08-02,-2.5888909190623943,0.9600952408452738
2011-08-03,0.5003145952717516,1.217625019778203
2011-08-04,-4.90016550437416,1.1656466297814227
2011-08-05,-0.057508298927246,1.8677117756771664
2011-08-08,-6.895836939262512,1.7694420827661523
2011-08-09,4.631744106338802,2.6936622052131374
2011-08-10,-4.515679702747438,2.9017776121043974
2011-08-11,4.525059436377156,3.0743186562226303
2011-08-12,0.5247875067275939,3.2078494114701375
2011-08-15,2.1550727976033657,3.036230763858275
2011-08-16,-0.9786275177620172,2.940876710795923
2011-08-17,0.0946938139812665,2.798527053632021
2011-08-18,-4.561859893236344,2.6466919983500845
2011-08-19,-1.5122756128207964,2.8684078489189497
2011-08-22,0.0258007873224272,2.7538617279854294
2011-08-23,3.371024838647401,2.6045413847129635
2011-08-24,1.3034651368546804,2.6613541862615446
2011-08-25,-1.568793473796148,2.545676559023964
2011-08-26,1.5008418274915636,2.457939294878348
2011-08-29,2.788750501216433,2.3665225209162424
2011-08-30,0.2344275023769241,2.388051374456571
2011-08-31,0.4909908712070555,2.2601888718873098
2011-09-01,-1.1942460792303735,2.143086020145646
2011-09-02,-2.5607017291752765,2.0635979202282355
2011-09-06,-0.7464076457609709,2.108509613901121
2011-09-07,2.8243824959147195,2.010693331892261
2011-09-08,-1.066889038730246,2.08116960247903
2011-09-09,-2.706856251096215,1.9993330906851472
2011-09-12,0.6941568182022928,2.0700637215751017
2011-09-13,0.9078726180354302,1.9693840328582919
2011-09-14,1.338976051823038,1.882830776007651
2011-09-15,1.704104671810514,1.8255140974008126
2011-09-16,0.5690475561935461,1.8004312997870031
2011-09-19,-0.985094868808036,1.7129172507459256
2011-09-20,-0.1662386452724142,1.6536523614279819
2011-09-21,-2.9830995087147443,1.568992459813898
2011-09-22,-3.2402456759229787,1.7500144255844474
2011-09-23,0.6063588829469748,1.9360780265334994
2011-09-26,2.306802129696945,1.8411801005353796
2011-09-27,1.0631665357294655,1.8733329187887713
2011-09-28,-2.090819585269548,1.8006674837458962
2011-09-29,0.8081486435358656,1.825801812800976
2011-09-30,-2.529127447886567,1.7447412891475622
2011-10-03,-2.886360290378494,1.829574737525936
2011-10-04,2.223930613115467,1.9492159632181203
2011-10-05,1.7707918945510777,1.9598396901242583
2011-10-06,1.813816846648048,1.9276578207269932
2011-10-07,-0.819681118762265,1.902109716534687
2011-10-10,3.3555643919288363,1.8208912174123402
2011-10-11,0.0543855637252652,1.9948361282329043
2011-10-12,0.9747046937638062,1.8888797669837194
2011-10-13,-0.2978102395136133,1.8107631746112114
2011-10-14,1.7230948802478143,1.7187938906114468
2011-10-17,-1.955993759944958,1.705841849955863
2011-10-18,2.021304938031121,1.7278184582265936
2011-10-19,-1.2729818787026608,1.7428399682780407
2011-10-20,0.4543839821084399,1.6998485032511548
2011-10-21,1.863406749243458,1.6156451710369781
2011-10-24,1.279080668037179,1.6272621258726077
2011-10-25,-2.024834619938208,1.5869229859104865
2011-10-26,1.048143054408723,1.6315363538369816
2011-10-27,3.3716591168134338,1.5759295465096619
2011-10-28,0.0389153528541357,1.801892772806282
2011-10-31,-2.504861661297761,1.707140424099179
2011-11-01,-2.834005962159464,1.7944538536838839
2011-11-02,1.5976363304397203,1.912539951562458
2011-11-03,1.8607607200930412,1.8709545819558497
2011-11-04,-0.6299819537189565,1.8550662516435419
2011-11-07,0.6276008211166596,1.7694004639030219
2011-11-08,1.1667310321725162,1.6855651370067846
2011-11-09,-3.7385347098988095,1.6329287871434244
2011-11-10,0.8587201099481742,1.9287271801639239
2011-11-11,1.9293223004513556,1.8428641221061417
2011-11-14,-0.9596036687554768,1.8361485132078301
2011-11-15,0.480559827730043,1.7663367950755613
2011-11-16,-1.6755798341954984,1.678664113561659
2011-11-17,-1.6942671987706432,1.6753522762047814
2011-11-18,-0.0394756490472428,1.6741789250776173
2011-11-21,-1.882457110494877,1.5871464315341248
2011-11-22,-0.4149438857005794,1.6155308366279748
2011-11-23,-2.2342970458596256,1.5382780178118036
2011-11-25,-0.2689119300250522,1.6156893587174848
2011-11-28,2.882107903860992,1.534968707313874
2011-11-29,0.2211206969396991,1.690016149051334
2011-11-30,4.240343833622763,1.6026113220991536
2011-12-01,-0.1910469577852648,1.9805468496531506
2011-12-02,-0.0241015373327281,1.8768822439997812
2011-12-05,1.02344632992658,1.7779152292396487
2011-12-06,0.1105137906526291,1.7100705274807697
2011-12-07,0.201632078265752,1.6207738072137412
2011-12-08,-2.1368498950929857,1.5372932827767591
2011-12-09,1.6742412907085384,1.602368922307484
2011-12-12,-1.502638690477899,1.5969128546493503
2011-12-13,-0.8723953020305214,1.586067083615241
2011-12-14,-1.141325149713759,1.5299806020150133
2011-12-15,0.3237852858081692,1.4957967846512834
2011-12-16,0.3210989101900451,1.4214358416689135
2011-12-19,-1.180219845855773,1.3515958785027333
2011-12-20,2.938929593094407,1.3369754336930708
2011-12-21,0.1947608164854339,1.5423141920130214
2011-12-22,0.8231577169829831,1.4634463142665166
2011-12-23,0.8994480783105518,1.4081473598614638
2011-12-27,0.0079104819039186,1.3610852237789612
2011-12-28,-1.2556506256502389,1.292512153429779
2011-12-29,1.0650172463280614,1.2906508112358759
2011-12-30,-0.4300570740064627,1.2641036726467674
2012-01-03,1.5355483670177896,1.2102768652136167
2012-01-04,0.0187906344437293,1.2355674191196075
2012-01-05,0.2939392669493865,1.1746182613583998
2012-01-06,-0.2540185002539133,1.1197703195827904
2012-01-09,0.2259044362608636,1.0700404589656407
2012-01-10,0.88465236130604,1.0207209635884225
2012-01-11,0.0309549344632173,1.005353715921051
2012-01-12,0.2333882738569188,0.9588562454033835
2012-01-13,-0.4960204447869401,0.916983485819866
2012-01-17,0.3546657768174128,0.8919555628569278
2012-01-18,1.104668913022228,0.8577660524557444
2012-01-19,0.4926501717244015,0.8807722539177403
2012-01-20,0.0669235793285626,0.8529245863708216
2012-01-23,0.047123192204085,0.816495766969416
2012-01-24,-0.1026343825223596,0.7825568341301103
2012-01-25,0.8641694717196025,0.7524723726026649
2012-01-26,-0.5770508287989055,0.7637257024736182
2012-01-27,-0.1594147545290945,0.7580101852665868
2012-01-30,-0.2525309086345372,0.7310297635981763
2012-01-31,-0.0457051128077936,0.7092304953227122
2012-02-01,0.8860237474265962,0.6835835049477033
2012-02-02,0.1094547830667123,0.7059196020071934
2012-02-03,1.449972594810765,0.6800672308939535
2012-02-06,-0.0423964013531118,0.7808686991972539
2012-02-07,0.2021337525470153,0.7499758292519894
2012-02-08,0.2157880933325035,0.7221238483087216
2012-02-09,0.147302512587866,0.6966163688082685
2012-02-10,-0.6910122643616179,0.6718428188131778
2012-02-13,0.6777023326497382,0.6865279938732624
2012-02-14,-0.0939965003925926,0.6884664387052514
2012-02-15,-0.5397747536216692,0.6651990916727651
2012-02-16,1.09653658332769,0.6669153502468083
2012-02-17,0.2346175882940296,0.7173454697562257
2012-02-21,0.0719663757695736,0.6926278061897027
2012-02-22,-0.3345697412145528,0.6675697314412682
2012-02-23,0.426290318060624,0.6550293560901495
2012-02-24,0.1670841175508428,0.6428141920809951
2012-02-27,0.1353642551879206,0.6224609369882428
2012-02-28,0.3350713492314775,0.6032503614710564
2012-02-29,-0.4748242756953383,0.5912594491376365
2012-03-01,0.6139156544532941,0.595976747038945
2012-03-02,-0.325103502785812,0.6028439198383009
2012-03-05,-0.387720050282114,0.5958475649251408
2012-03-06,-1.5489506127544146,0.593528447863227
2012-03-07,0.6876921722994126,0.7538078827692939
2012-03-08,0.9770049174722242,0.7493990724929493
2012-03-09,0.3624673020731523,0.7727687769026494
2012-03-12,0.016044778678812,0.7477860028244835
2012-03-13,1.7969133090434228,0.718769089507504
2012-03-14,-0.1196978088596141,0.8708206705502143
2012-03-15,0.5949465701560221,0.8348221833439049
2012-03-16,0.1118772476700465,0.8163237066355843
2012-03-19,0.3965971514071156,0.7825954706609186
2012-03-20,-0.3005028734390367,0.7582010481615369
2012-03-21,-0.1872949903774228,0.7362215326785234
2012-03-22,-0.7232634226897842,0.7117034960834957
2012-03-23,0.3104036007556158,0.7245950361300749
2012-03-26,1.3790299964088288,0.7015100000005664
2012-03-27,-0.2820749754246321,0.7863910533267539
2012-03-28,-0.4953758683289015,0.7613799921346962
2012-03-29,-0.1609223943387386,0.7500152380087343
2012-03-30,0.3691613621621361,0.7236762703491567
2012-04-02,0.7476626120982405,0.7028703841930432
2012-04-03,-0.3996611820141247,0.7090375385683881
2012-04-04,-1.0254926852538038,0.6964418627221387
2012-04-05,-0.0629240152421399,0.7466475277732718
2012-04-09,-1.1423437999542612,0.7184901632621721
2012-04-10,-1.7229025277185803,0.7808838062749236
2012-04-11,0.7421289800123757,0.9230693325185854
2012-04-12,1.3685315235975748,0.9063395117749539
2012-04-13,-1.255346712505612,0.9537713510054577
2012-04-16,-0.0503727240173452,0.9934042899973751
2012-04-17,1.5367979157954643,0.9481780814687517
2012-04-18,-0.4063533761746023,1.0110616679589797
2012-04-19,-0.5952075477202332,0.9742087446818821
2012-04-20,0.1168582621337329,0.9503028435546154
2012-04-23,-0.8443113102887432,0.907567477033348
2012-04-24,0.3673019641628904,0.9092023093999001
2012-04-25,1.35523428987414,0.874180958057805
2012-04-26,0.6657952133507797,0.9248743194193924
2012-04-27,0.2411413929023093,0.9029316206955713
2012-04-30,-0.3891062275369614,0.8650024627045017
2012-05-01,0.5642435719684133,0.8385600256539665
2012-05-02,-0.2499805576658762,0.8179185181649585
2012-05-03,-0.7688351103506842,0.7892640521803829
2012-05-04,-1.6278995721590046,0.797249385987239
2012-05-07,0.0350519582897645,0.9191651891483104
2012-05-08,-0.4287853134969311,0.8782969143804042
2012-05-09,-0.672482753178195,0.852781920731535
2012-05-10,0.2514247406385252,0.8455347920109176
2012-05-11,-0.3393091334281743,0.8118251363182899
2012-05-14,-1.1175073102338486,0.7872745665249324
2012-05-15,-0.5762408276502476,0.8347295915607389
2012-05-16,-0.4413543928947924,0.8220358652413452
2012-05-17,-1.5165797405604462,0.8018856663921392
2012-05-18,-0.7415201826754865,0.9045253454651495
2012-05-21,1.5908684395839308,0.8976170945808332
2012-05-22,0.0486218795141868,0.9767387204453158
2012-05-23,0.1692270514548765,0.9320727927715794
2012-05-24,0.1379080158588088,0.8910261501485224
2012-05-25,-0.2167980702760717,0.8524011039114845
2012-05-29,1.101805527882847,0.8201047537326539
2012-05-30,-1.4438629304797284,0.8478383518908207
2012-05-31,-0.2279261060043257,0.9301995460779356
2012-06-01,-2.4951295414361523,0.8926730117230305
2012-06-04,0.0109548194987798,1.1516799582401138
2012-06-05,0.5710514594359025,1.095955688438716
2012-06-06,2.2787776048048256,1.0554029737263018
2012-06-07,-0.0106470160167373,1.2112795329986656
2012-06-08,0.8081420799989608,1.1519441047982673
2012-06-11,-1.2700423815401067,1.119788612068392
2012-06-12,1.1583389901239802,1.1390947352734115
2012-06-13,-0.7048030071104174,1.1347271438872972
2012-06-14,1.0756592649869776,1.1042121449618323
2012-06-15,1.0284745652146794,1.096176872983224
2012-06-18,0.1443703958935358,1.0849678497845348
2012-06-19,0.9767834417612749,1.0337280649003027
2012-06-20,-0.1687780512771723,1.024429654029127
2012-06-21,-2.251320818337585,0.9790030743838966
2012-06-22,0.7148989234504349,1.166882031368149
2012-06-25,-1.6083502390603004,1.1281290096595136
2012-06-26,0.4761368161020214,1.1862624032427957
2012-06-27,0.894478141961743,1.135576767462472
2012-06-28,-0.2112028345766752,1.1104974946972304
2012-06-29,2.4614793734920246,1.0603214611221827
2012-07-02,0.2456292158706836,1.2467556880943271
2012-07-03,0.6212771568424255,1.1865061858158263
2012-07-05,-0.4698041566321199,1.1416147909885237
2012-07-06,-0.947741865558198,1.0979780106460042
2012-07-09,-0.164017617051813,1.0887711471761565
2012-07-10,-0.815912178959069,1.0390181636301097
2012-07-11,-0.0014923688990578,1.0248496363876392
2012-07-12,-0.4999574352459078,0.9772147714916886
2012-07-13,1.6362759247573275,0.9475079239810533
2012-07-16,-0.2316995891620551,1.024298629344795
2012-07-17,0.738235580991176,0.9803802357038798
2012-07-18,0.6658275330085007,0.9582712456249177
2012-07-19,0.2713415248511383,0.9334872529992411
2012-07-20,-1.0112620534169032,0.8941022583453752
2012-07-23,-0.8948979003707246,0.9138708708057153
2012-07-24,-0.908205019242412,0.9195037845678564
2012-07-25,-0.0313910722117955,0.925764593771399
2012-07-26,1.6405662864951118,0.8848156345889985
2012-07-27,1.8900814490450275,0.9736295068495635
2012-07-30,-0.0483476444610617,1.0834403914314787
2012-07-31,-0.4326172766220222,1.0323903830845258
2012-08-01,-0.2904192901745425,0.9951146738887168
2012-08-02,-0.7531963624136045,0.9549687680374935
2012-08-03,1.8861288185302485,0.9439925134880849
2012-08-06,0.2326560724057678,1.0591525809260536
2012-08-07,0.5093762742592908,1.0106470191286132
2012-08-08,0.0620633807453192,0.9736613394453991
2012-08-09,0.0413599995173019,0.9291983758893334
2012-08-10,0.2186050667104794,0.8876558887832007
2012-08-13,-0.1252685078193954,0.850349465135986
2012-08-14,-0.0128154612019971,0.8158882117075482
2012-08-15,0.1138991629449067,0.7822469668060834
2012-08-16,0.7075420387505466,0.7509181255740055
2012-08-17,0.1870383739476702,0.7483806441506506
2012-08-20,-0.0021175053652821,0.7203735911219238
2012-08-21,-0.3503666814444632,0.6934539867352927
2012-08-22,0.0226377623456796,0.679444431785379
2012-08-23,-0.8104999597722565,0.6554134452227617
2012-08-24,0.6433988343262266,0.6852403181106721
2012-08-27,-0.0489134420522445,0.6845262019453364
2012-08-28,-0.0808509042796279,0.660777660527703
2012-08-29,0.0843992964299478,0.639389386441728
2012-08-30,-0.7836429729673381,0.6184163238227028
2012-08-31,0.5060469767645165,0.6506179240958762
2012-09-04,-0.1166639322688079,0.6435306428419814
2012-09-05,-0.1068231653288801,0.624301455289203
2012-09-06,2.022953661200689,0.6063849852491533
2012-09-07,0.4041794988943029,0.8382801026517472
2012-09-10,-0.6166805654652836,0.8098629010570298
2012-09-11,0.3130052101452872,0.8025554270332544
2012-09-12,0.2090505602596938,0.773601003171526
2012-09-13,1.617817215384428,0.7441571418610663
2012-09-14,0.3951135292808127,0.858449176986752
2012-09-17,-0.3129582860265519,0.8281492623419615
2012-09-18,-0.1280595132117327,0.8011519487008031
2012-09-19,0.1184851744374258,0.7702454241094714
2012-09-20,-0.0540879992821339,0.7398026633659408
2012-09-21,-0.0075321855717051,0.7120173657479411
2012-09-24,-0.2235150069379947,0.6857534710492247
2012-09-25,-1.0557389418567713,0.6664997804410026
2012-09-26,-0.5753253211740956,0.7260614984837691
2012-09-27,0.9602727708234702,0.7240985400336917
2012-09-28,-0.4487808236766832,0.749061029776214
2012-10-01,0.2647997667994667,0.7358091146964908
2012-10-02,0.0871906727265814,0.7104654832277543
2012-10-03,0.3617857293033645,0.684143050205021
2012-10-04,0.7148821731697362,0.6662950857151315
2012-10-05,-0.0321641084075123,0.673770179675737
2012-10-08,-0.3462723847428905,0.650617465470135
2012-10-09,-0.9940182135141966,0.6402931682035209
2012-10-10,-0.6207255566481142,0.6959601152228384
2012-10-11,0.0195370436984577,0.7011234455018429
2012-10-12,-0.2970544956016541,0.6754902668324023
2012-10-15,0.8045470752666933,0.6603062156722974
2012-10-16,1.0217555817170516,0.6771532656549184
2012-10-17,0.4108606125954804,0.7162513236756902
2012-10-18,-0.2446719876894957,0.6979055846862109
2012-10-19,-1.671014460003599,0.678485688719747
2012-10-22,0.0439485678550861,0.8378639245005358
2012-10-23,-1.454923497073801,0.8024576778195585
2012-10-24,-0.3090152483587832,0.8952739831717139
2012-10-25,0.2991064948394708,0.8630117397160986
2012-10-26,-0.0729247568644406,0.8292452191577996
2012-10-31,0.0155867551280532,0.7953489925533531
2012-11-01,1.0867212600985972,0.7629636322167458
2012-11-02,-0.9423718242892511,0.7970169541914497
2012-11-05,0.2161471345057592,0.8219593707570112
2012-11-06,0.7822509122727109,0.7891869189241333
2012-11-07,-2.3990484179204747,0.7887749193280519
2012-11-08,-1.22799333135091,1.0612634541141055
2012-11-09,0.169725127982159,1.083316141512453
2012-11-12,0.0130479376548562,1.0324157639198
2012-11-13,-0.3993383474745327,0.984229770243034
2012-11-14,-1.3948870444327603,0.9490676153252692
2012-11-15,-0.1594815957016725,1.0071132669347107
2012-11-16,0.4828274735175702,0.9626470531859105
2012-11-19,1.966737673954756,0.9280888084989384
2012-11-20,0.0663166435827691,1.0597336769473122
2012-11-21,0.2317493660971613,1.0097344612602892
2012-11-23,1.294220206896831,0.9644492252533132
2012-11-26,-0.2031644269326344,0.9945780984316636
2012-11-27,-0.5240293685227754,0.9519406938751462
2012-11-28,0.7825330760125263,0.9256224444570846
2012-11-29,0.4260553566881813,0.9115564273010616
2012-11-30,0.0162494334068118,0.8784811757487598
2012-12-03,-0.4756519166260062,0.8403884367641474
2012-12-04,-0.1711275791054211,0.8206535780892243
2012-12-05,0.1583607654586976,0.789369745565804
2012-12-06,0.3301135858709377,0.7579856705366178
2012-12-07,0.2916661999350491,0.732973711640116
2012-12-10,0.0338503249975896,0.7086308369118115
2012-12-11,0.6527531315292976,0.6823921261573461
2012-12-12,0.0448139333956705,0.6827334158927617
2012-12-13,-0.6341489977008348,0.6583946552723458
2012-12-14,-0.4143975679491531,0.6692278425941093
2012-12-17,1.180068803781103,0.6613083851084689
2012-12-18,1.1421185666775555,0.7243085461127805
2012-12-19,-0.7618145562821222,0.7712101216691561
2012-12-20,0.5473104693568626,0.7806496238839185
2012-12-21,-0.9422944450144788,0.7640467142692425
2012-12-24,-0.2443278971266398,0.7935266726829795
2012-12-26,-0.4798956789925719,0.7665230007045606
2012-12-27,-0.1219184916266406,0.7536522550980463
2012-12-28,-1.1111445674961484,0.7260768890074385
2012-12-31,1.680002726988578,0.7828022017053362
2013-01-02,2.5086115958697297,0.8988022599245901
2013-01-03,-0.2087795423524573,1.137182820519454
2013-01-04,0.4853299978981066,1.0852078794366058
2013-01-07,-0.3128003259122683,1.0418581889653176
2013-01-08,-0.3247639180733108,0.9991874589973327
2013-01-09,0.265234535868163,0.9599448582083225
2013-01-10,0.756870010921085,0.918624409229541
2013-01-11,-0.0047515114977522,0.9033475678608354
2013-01-14,-0.093110490491978,0.8636935858355357
2013-01-15,0.1128033295304306,0.827717942872198
2013-01-16,0.0196972509956261,0.793207576239688
2013-01-17,0.5627060541354582,0.7609543480549836
2013-01-18,0.3397492378151099,0.7470614682245142
2013-01-22,0.441833162771152,0.7232436547826533
2013-01-23,0.1506341924293118,0.7058176777727487
2013-01-24,0.0006614661544302,0.6803999323162623
2013-01-25,0.5430708661868183,0.6564258544719127
2013-01-28,-0.1851334274792124,0.6512415037185992
2013-01-29,0.5093003781205059,0.6334307515375148
2013-01-30,-0.3907244671751714,0.6282630418924712
2013-01-31,-0.2566591958392015,0.622833830073521
2013-02-01,1.000251322400968,0.6103733218282598
2013-02-04,-1.16058327096515,0.6576595763262454
2013-02-05,1.0362632222059642,0.734261667058035
2013-02-06,0.0549019859133929,0.766507069704796
2013-02-07,-0.1807031055856767,0.7360658109627731
2013-02-08,0.5641994585043149,0.7113573271253789
2013-02-11,-0.0606301247638277,0.7022059908284761
2013-02-12,0.1594001137604206,0.6772988397613384
2013-02-13,0.0592087774790656,0.6541534739648184
2013-02-14,0.0690433265053607,0.6319746252660011
2013-02-15,-0.1045627796013619,0.6115247539207858
2013-02-19,0.7309694441361245,0.5946002727339227
2013-02-20,-1.2481711430005844,0.6126154848224284
2013-02-21,-0.632300546566533,0.7130020580176335
2013-02-22,0.8734213386774423,0.7172481939785712
2013-02-25,-1.8479275584774388,0.7338110360453312
2013-02-26,0.6090876862567387,0.9114634726503826
2013-02-27,1.2645699119019571,0.8872528032169605
2013-02-28,-0.086445346145724,0.9246425281464673
2013-03-01,0.2321159449526721,0.8844120278341624
2013-03-04,0.460012654834963,0.8475809359982969
2013-03-05,0.9520551872499976,0.8208283706367913
2013-03-06,0.1083925055414681,0.8324975415161988
2013-03-07,0.1814843617206424,0.7976285347498732
2013-03-08,0.447112871295497,0.7659840618156407
2013-03-11,0.3243818865873685,0.7452147779166605
2013-03-12,-0.2406145396801988,0.7209954712167361
2013-03-13,0.1313189157170757,0.6995362792145269
2013-03-14,0.5587352158971998,0.6743567490945535
2013-03-15,-0.1619773749988756,0.6684601663120472
2013-03-18,-0.5525570335024047,0.6484906733288708
2013-03-19,-0.2425469726876229,0.6531494287881883
2013-03-20,0.6675163815817943,0.6374004069450906
2013-03-21,-0.8316923756005078,0.6440476719550527
2013-03-22,0.7148643803299891,0.6780775605790837
2013-03-25,-0.3345629300947282,0.684175409241678
2013-03-26,0.7754963194634992,0.6701410648289562
2013-03-27,-0.0588523052564596,0.6828403714129824
2013-03-28,0.4048463396191122,0.6593685098625458
2013-04-01,-0.4483616865356026,0.6456537501112999
2013-04-02,0.5158933898853431,0.6424213895717961
2013-04-03,-1.0602133218841154,0.6367931580794537
2013-04-04,0.4040279012737101,0.7025235344024576
2013-04-05,-0.4304145168907639,0.6850186423831567
2013-04-08,0.6282958765270947,0.6766167849496836
2013-04-09,0.3538065806577469,0.6756324454705214
2013-04-10,1.2115443329548887,0.6581621836644383
2013-04-11,0.3545956179576568,0.726318461002901
2013-04-12,-0.2840798318549253,0.7047110522973481
2013-04-15,-2.323412455036433,0.6864140236233136
2013-04-16,1.4205840828064489,0.9787451215679226
2013-04-17,-1.4431313685984553,1.0219113925281063
2013-04-18,-0.6723555969544303,1.074916158834754
2013-04-19,0.8808989051054724,1.0473506568909643
2013-04-22,0.4650798215427388,1.029221239866784
2013-04-23,1.036531280555277,0.9890813859196864
2013-04-24,0.000634017007284,0.9896301613031091
2013-04-25,0.4026614564991383,0.9442614065499209
2013-04-26,-0.1843811801517763,0.9079229724758605
2013-04-29,0.716031536940742,0.8707772692162956
2013-04-30,0.248181741858196,0.8570395550860281
2013-05-01,-0.9351472649564404,0.822446499813232
2013-05-02,0.9364003810320708,0.8432312699223273
2013-05-03,1.047956394817034,0.8507318021344595
2013-05-06,0.1905961128483939,0.8685382111027992
2013-05-07,0.5216639159837863,0.8320822128669756
2013-05-08,0.4130538866696586,0.8096285327826632
2013-05-09,-0.369391802877331,0.7837949766816694
2013-05-10,0.4312343771584845,0.7629920208350981
2013-05-13,0.0042888448869531,0.7417115479983175
2013-05-14,1.0091066969150286,0.7131972881196251
2013-05-15,0.5101103490210886,0.7453090807530837
2013-05-16,-0.5022331985410746,0.7296572412956719
2013-05-17,1.0247411986562578,0.7218176820739014
2013-05-20,-0.0707868404707233,0.7545164893335501
2013-05-21,0.1720904683002347,0.7259069827521366
2013-05-22,-0.8308074265778554,0.6993076683739674
2013-05-23,-0.2928115104606085,0.7251715367900428
2013-05-24,-0.0551517498988894,0.7055599898287894
2013-05-28,0.6320962109160131,0.6803190153935262
2013-05-29,-0.7072936243165862,0.6792383015185405
2013-05-30,0.3663625114313424,0.6946154380780967
2013-05-31,-1.4410576921857086,0.6760863424481065
2013-06-03,0.5918439859741687,0.7943465414336311
2013-06-04,-0.5526048005605536,0.7792594248707106
2013-06-05,-1.3875554543922224,0.7701824273206354
2013-06-06,0.8454454144230643,0.8590366732470152
2013-06-07,1.274991452694569,0.8565776578912319
2013-06-10,-0.0346873603637034,0.899763042850182
2013-06-11,-1.020526418482108,0.8605830795927388
2013-06-12,-0.8404776908050976,0.8857259362892608
2013-06-13,1.467606909735932,0.889422368179505
2013-06-14,-0.5902401062457968,0.9526100033697577
2013-06-17,0.7538875562714678,0.9302449233631684
2013-06-18,0.7760963428783294,0.9136845129911901
2013-06-19,-1.3948301328481996,0.9002695613582344
2013-06-20,-2.532842439229829,0.9663071513766307
2013-06-21,0.2666219053525561,1.2109144221144643
2013-06-24,-1.221936895962692,1.1532533244414531
2013-06-25,0.9452456559302368,1.1635695126414232
2013-06-26,0.9544789666190032,1.1396145609272603
2013-06-27,0.6180691300296602,1.1184909659209625
2013-06-28,-0.4298788980467904,1.0784623739675192
2013-07-01,0.5389199609389811,1.037676666153137
2013-07-02,-0.0545056690050896,0.9999858166388981
2013-07-03,0.0823707894575447,0.9543725589402476
2013-07-05,1.0150045703225965,0.911208494747676
2013-07-08,0.5237805213836031,0.9184178320035287
2013-07-09,0.7203661934863007,0.8891087335649409
2013-07-10,0.0181575964628013,0.8739734626230243
2013-07-11,1.3463212765353811,0.8361771994133035
2013-07-12,0.3081730220628843,0.8917809005083751
2013-07-15,0.1373935151556153,0.8562156196368382
2013-07-16,-0.3715655417706993,0.8199488568882318
2013-07-17,0.2770206648398141,0.796276002030428
2013-07-18,0.5020341712006725,0.766746977509341
2013-07-19,0.1608755579645654,0.7487632797853871
2013-07-22,0.2030962542426818,0.7203253243966122
2013-07-23,-0.185365386833642,0.694690773899414
2013-07-24,-0.3818502729718421,0.673363368520035
2013-07-25,0.2553209985188819,0.6630060850732188
2013-07-26,0.0827951437909226,0.6430742361225629
2013-07-29,-0.3743034175367717,0.6218085850551378
2013-07-30,0.0373747085334094,0.61595926786842
2013-07-31,-0.013641851599842,0.5967686016822527
2013-08-01,1.2462588230416578,0.5794475405401344
2013-08-02,0.1639114087947027,0.669430844655517
2013-08-05,-0.1480930877563641,0.6469569148835493
2013-08-06,-0.573947283055402,0.6283087687576084
2013-08-07,-0.3813125661941763,0.6372149026750074
2013-08-08,0.3877921074046536,0.6302915336297721
2013-08-09,-0.3576348041426874,0.6183337196275968
2013-08-12,-0.1153585860524894,0.6117796878567615
2013-08-13,0.2772210007268357,0.5951070240754326
2013-08-14,-0.5190063227858108,0.581540934170103
2013-08-15,-1.4384564947961866,0.5911813271539464
2013-08-16,-0.3310067623478068,0.7309425362688563
2013-08-19,-0.5917777957153822,0.7126573557991169
2013-08-20,0.3813913098371144,0.7134722223491051
2013-08-21,-0.5796369467346861,0.6940231220462697
2013-08-22,0.8582441743413965,0.6958652776036881
2013-08-23,0.393924191021318,0.7136180681970877
2013-08-26,-0.4047839230058562,0.6947121379807805
2013-08-27,-1.6001539229183352,0.6837544640838527
2013-08-28,0.2743877308968975,0.8284851333919334
2013-08-29,0.1961476649095653,0.7965437891361737
2013-08-30,-0.3179367192635175,0.7652152096797847
2013-09-03,0.4155575226959593,0.7434508087770907
2013-09-04,0.8084187928560308,0.7230525590987739
2013-09-05,0.1209131539467338,0.7324709570573998
2013-09-06,0.0054429659782231,0.7047656132613461
2013-09-09,0.9943282138970118,0.6789414927815771
2013-09-10,0.7318940484802409,0.7143945061334736
2013-09-11,0.3047634613818484,0.717853266893521
2013-09-12,-0.3386141827801778,0.6951089051416963
2013-09-13,0.2711001653103429,0.6803190953649086
2013-09-16,0.5677008295820801,0.659471726961748
2013-09-17,0.420886959655227,0.6557189502585178
2013-09-18,1.2104121558415792,0.6431549428189456
2013-09-19,-0.1844654148481558,0.7140546392798475
2013-09-20,-0.7243053962847499,0.6911699168336644
2013-09-23,-0.4730758941951057,0.7067442023462315
2013-09-24,-0.2600521497731875,0.6991090967905821
2013-09-25,-0.2743225154377713,0.680226826932333
2013-09-26,0.347936584799795,0.6635618391270269
2013-09-27,-0.4082121663443528,0.6468649763276165
2013-09-30,-0.6047479981190951,0.6407353933324892
2013-10-01,0.7966724683406784,0.6509658482590932
2013-10-02,-0.0666891870340862,0.6682262992299581
2013-10-03,-0.9019972500552984,0.6460023434130544
2013-10-04,0.7028466704283861,0.6884393526818654
2013-10-07,-0.8542747536819599,0.6922994922857895
2013-10-08,-1.2408749931083476,0.7218332672476974
2013-10-09,0.0573741730605798,0.7979082156232715
2013-10-10,2.1595622882836496,0.7652588764685266
2013-10-11,0.6266595617327234,0.9738478002548883
2013-10-14,0.4066441145288558,0.9455021156578969
2013-10-15,-0.7088789613758755,0.9092158445281209
2013-10-16,1.3732804307132302,0.8992374457076833
2013-10-17,0.6721314413737084,0.9483622999948526
2013-10-18,0.652740546362272,0.9248012765549841
2013-10-21,0.0091732209604654,0.9020581881036892
2013-10-22,0.5721116239627231,0.8624143837131744
2013-10-23,-0.4735753240036748,0.8402002231562694
2013-10-24,0.3252838544355574,0.8203586118086765
2013-10-25,0.4385214392774677,0.7904659958634898
2013-10-28,0.1328816519236969,0.7672841639584694
2013-10-29,0.5568661214094168,0.7371821357894852
2013-10-30,-0.4887849694569304,0.7251089053712031
2013-10-31,-0.3846770567938354,0.7167695881748317
2013-11-01,0.2899214412209612,0.7025936304366192
2013-11-04,0.3564199378098168,0.6805672641855603
2013-11-05,-0.2809530848340283,0.662792200384128
2013-11-06,0.4256468712287574,0.6479416146906698
2013-11-07,-1.3270435999594776,0.6363385242719605
2013-11-08,1.3338208792264143,0.7444972903570833
2013-11-11,0.0722670064972908,0.814262568039564
2013-11-12,-0.2373205445619954,0.7804967955001234
2013-11-13,0.8062752720499361,0.7542415393881172
2013-11-14,0.4825596820450656,0.7598176750993914
2013-11-15,0.4213146273881076,0.7413741920142166
2013-11-18,-0.3705052423504697,0.7214159401568947
2013-11-19,-0.204505527760066,0.7060277269232071
2013-11-20,-0.3642235996161311,0.6844418619414024
2013-11-21,0.8095705420755901,0.6720220806731576
2013-11-22,0.4949190500029173,0.6878659779109264
2013-11-25,-0.1264140787239754,0.6765319486239377
2013-11-26,0.0149793235503835,0.6549292467260741
2013-11-27,0.2481998677460742,0.6327959605063103
2013-11-29,-0.0785998457116431,0.6151093471168702
2013-12-02,-0.2722723534716429,0.5973101301211896
2013-12-03,-0.3197955991893614,0.5879497471421673
2013-12-04,-0.1304343469786797,0.5821028829783015
2013-12-05,-0.4349015813080098,0.5683588011850846
2013-12-06,1.1175194876875878,0.5725038645709795
2013-12-09,0.1815451247950981,0.6436283312784348
2013-12-10,-0.3184724895657049,0.6234692455597087
2013-12-11,-1.1381397674606988,0.6141188219554439
2013-12-12,-0.3777688379156343,0.6962529331666312
2013-12-13,-0.0101415286505878,0.6835355435708197
2013-12-16,0.6300152129396221,0.6594134537601166
2013-12-17,-0.3105805936371412,0.660420920933123
2013-12-18,1.651090600917418,0.6472505966994782
2013-12-19,-0.0580097428393842,0.7914056651643095
2013-12-20,0.4807155440690711,0.7599618358198653
2013-12-23,0.530402888620606,0.7414079725810854
2013-12-24,0.2911504304306033,0.7273027194585225
2013-12-26,0.4734304621132077,0.7033824469790496
2013-12-27,-0.0336641010607471,0.6893843775873335
2013-12-30,-0.0179269962014678,0.6650685913483023
2013-12-31,0.3951856349111547,0.6424202422033415
2014-01-02,-0.8901413016629188,0.629736839853589
2014-01-03,-0.0333020520160609,0.6733228436328155
2014-01-06,-0.2514927253759435,0.6502180471035234
2014-01-07,0.606334537539104,0.6351104970558068
2014-01-08,-0.0212231503451083,0.6368874759111454
2014-01-09,0.0348248543514175,0.6164528020412229
2014-01-10,0.23040304904553,0.5972298818634529
2014-01-13,-1.265596645879401,0.5819972709346786
2014-01-14,1.0759876119934082,0.6927787835451055
2014-01-15,0.5152889134682223,0.7362415372730338
2014-01-16,-0.1348028486425925,0.7217009018712021
2014-01-17,-0.3902780320014972,0.696823209557994
2014-01-21,0.2769912242817671,0.6847896657986516
2014-01-22,0.0574700049768162,0.663767238704753
2014-01-23,-0.892932476457093,0.6408542871621318
2014-01-24,-2.109642142734084,0.6829726441189118
2014-01-27,-0.4888221853339347,0.9297374617195338
2014-01-28,0.6121875622432071,0.9032577817626302
2014-01-29,-1.026170390849596,0.8799149251872128
2014-01-30,1.1204044372218205,0.9031322171171111
2014-01-31,-0.6486290214250375,0.9220078039496727
2014-02-03,-2.309660470448658,0.9063147717037041
2014-02-04,0.7612043683081426,1.1244624431658696
2014-02-05,-0.2030282408656588,1.0916935077127705
2014-02-06,1.2363054453375717,1.0425665969768216
2014-02-07,1.321419350429692,1.0564759992443846
2014-02-10,0.1568004803254035,1.0776781901960875
2014-02-11,1.1001375944254963,1.02701079603793
2014-02-12,-0.0269298647720886,1.0293078701642688
2014-02-13,0.5793211978776681,0.9815475873990426
2014-02-14,0.4797689385548304,0.9500618393408203
2014-02-18,0.1157803392558767,0.916314297422402
2014-02-19,-0.6545861773195999,0.8758220001944215
2014-02-20,0.6013341826934013,0.8649274535630695
2014-02-21,-0.1920566673181065,0.8442027047540163
2014-02-24,0.6167455552331448,0.8117807818759566
2014-02-25,-0.1348590676774649,0.7967136033727514
2014-02-26,0.0021699742124629,0.7662782036880599
2014-02-27,0.4935881408416543,0.7360171635312702
2014-02-28,0.277882428133809,0.7202469559776081
2014-03-03,-0.7405866200454787,0.6964698178948765
2014-03-04,1.5152322676141787,0.7130244963925396
2014-03-05,-0.0053352749664553,0.8172434339940544
2014-03-06,0.1716933496857088,0.7834531738153742
2014-03-07,0.0537944577115705,0.7526712579920669
2014-03-10,-0.0463353641219493,0.723215211880883
2014-03-11,-0.5095096975215844,0.6965415071540652
2014-03-12,0.0305124323210006,0.6925556774322874
2014-03-13,-1.1770091695883622,0.6675153161470974
2014-03-14,-0.2825766417445165,0.7446395055129829
2014-03-17,0.9567717695038962,0.7229805146640484
2014-03-18,0.7193682245473189,0.7477069524335457
2014-03-19,-0.6150525096734505,0.7464697878403332
2014-03-20,0.6022334087521748,0.7455689746795576
2014-03-21,-0.2936980116608755,0.7357116342125588
2014-03-24,-0.4876580959363224,0.7152683904294221
2014-03-25,0.4394270848822234,0.7078140398641024
2014-03-26,-0.7024936954876045,0.691597798712632
2014-03-27,-0.1901891343977055,0.704937139226271
2014-03-28,0.4629489243409657,0.682954603808632
2014-03-31,0.7892871384796676,0.6702123010605209
2014-04-01,0.7014688044213445,0.6842564100151977
2014-04-02,0.2849263831838461,0.6884702703756449
2014-04-03,-0.1127085213010655,0.6674044700673585
2014-04-04,-1.2616542925313996,0.6461826307880696
2014-04-07,-1.0808312332149783,0.7411591800282019
2014-04-08,0.374353798017728,0.7912701061455969
2014-04-09,1.0859039341965573,0.7653035618940485
2014-04-10,-2.110596773738713,0.7989186606318861
2014-04-11,-0.9532059739897396,1.009000958759031
2014-04-14,0.8183708150740607,1.0095424731238922
2014-04-15,0.6734579517703411,0.9903282773369109
2014-04-16,1.043386794876615,0.9633245654800009
2014-04-17,0.1362923707093935,0.9673406736872449
2014-04-21,0.3768015655572547,0.9236285553867543
2014-04-22,0.4083788996128047,0.8878846552264908
2014-04-23,-0.2215766862522173,0.8558871240799396
2014-04-24,0.1715488275330874,0.8234831760204302
2014-04-25,-0.8129344743501644,0.7898733353991273
2014-04-28,0.3230811162502122,0.8020716270848022
2014-04-29,0.4749460504633521,0.7734706036087508
2014-04-30,0.298754980270127,0.7534692936214442
2014-05-01,-0.014327174433241,0.7277729242444385
2014-05-02,-0.1349355029870908,0.7004118437373483
2014-05-05,0.1869467582340003,0.6771680298576129
2014-05-06,-0.9029031461991046,0.6544967966531171
2014-05-07,0.5600754871033284,0.6956751377670036
2014-05-08,-0.1374569232786406,0.6877653245336035
2014-05-09,0.1518323194878839,0.6655689818985496
2014-05-12,0.9626256172315508,0.6432117250147135
2014-05-13,0.0421668788283033,0.6803049233609627
2014-05-14,-0.4712089565017091,0.6561517928619448
2014-05-15,-0.9405904183934904,0.6534954375365823
2014-05-16,0.3739962819000603,0.6996860723686862
2014-05-19,0.3837414189704193,0.6810620306010381
2014-05-20,-0.6519604608543308,0.6644450890052567
2014-05-21,0.8083340547746922,0.676232291511343
2014-05-22,0.2359444194713881,0.6914129981116767
2014-05-23,0.4239392917884754,0.6687186711232054
2014-05-27,0.5969950211528873,0.6551460048755899
2014-05-28,-0.1114692750058423,0.6540231752332066
2014-05-29,0.5352758657361124,0.6338285550421295
2014-05-30,0.1841980443101369,0.6304016859402999
2014-06-02,0.07275613640587,0.6113453646494487
2014-06-03,-0.0379288469534866,0.5925298202106648
2014-06-04,0.1889876606362932,0.5758610307197006
2014-06-05,0.6504082119662982,0.5613954363182381
2014-06-06,0.461708354801898,0.5758483283962031
2014-06-09,0.0938330856486817,0.5734148445359022
2014-06-10,-0.0246013881879537,0.5577768602763661
2014-06-11,-0.3543311151666162,0.5438221975800499
2014-06-12,-0.7114139088910179,0.5447654615465203
2014-06-13,0.312965919907076,0.5798476202798205
2014-06-16,0.0836355330786806,0.5690206754729207
2014-06-17,0.2170212444889151,0.5536876253784749
2014-06-18,0.7689243160729405,0.5418411251260491
2014-06-19,0.1276663295165036,0.5715526172685153
2014-06-20,0.172856349567606,0.5563901042905279
2014-06-23,-0.0132472852898927,0.543247217553372
2014-06-24,-0.645610649861748,0.5303951763156656
2014-06-25,0.4885557422717193,0.5599759630456003
2014-06-26,-0.1179579427639114,0.5610746369824294
2014-06-27,0.1909045238083737,0.5487960505128341
2014-06-30,-0.0372325997001354,0.5367090587685602
2014-07-01,0.6655572896822518,0.5247540043765928
2014-07-02,0.0658596075123193,0.5456930650775362
2014-07-03,0.5464550227672395,0.5322599579748637
2014-07-07,-0.3931239054323629,0.5410576804482783
2014-07-08,-0.7073762181680687,0.545109022976202
2014-07-09,0.4633516553259208,0.5796467501272324
2014-07-10,-0.4139628324473833,0.5769264296976949
2014-07-11,0.1469841998047235,0.5785093890920895
2014-07-14,0.4831860726996925,0.5630331657515752
2014-07-15,-0.1933964567945513,0.56341840302535
2014-07-16,0.4192285009448555,0.5535629315466568
2014-07-17,-1.1904605927478005,0.5507472657220438
2014-07-18,1.0212608899671185,0.6562297142985167
2014-07-21,-0.2322946423904652,0.6985966171927399
2014-07-22,0.5003611167300126,0.6786300479980293
2014-07-23,0.1752900777012884,0.6684913210930172
2014-07-24,0.0488036812550669,0.6462779513122696
2014-07-25,-0.4860946046109087,0.6247028134011267
2014-07-28,0.0288113393552832,0.6265592404088072
2014-07-29,-0.4538068413714011,0.6065601035554249
2014-07-30,0.0060910919410201,0.6078949773061728
2014-07-31,-2.020193215523012,0.589499710334266
2014-08-01,-0.2863216231298331,0.8505384587633256
2014-08-04,0.7163314449646608,0.8207586958093772
2014-08-05,-0.9732679197336652,0.8118306666892151
2014-08-06,0.0015638426360123,0.8382311491605937
2014-08-07,-0.5572115446733026,0.8029486595256267
2014-08-08,1.1465422557972031,0.7919193652603119
2014-08-11,0.2755625025841847,0.8289222840962376
2014-08-12,-0.1637982374155941,0.7969795044856529
2014-08-13,0.6684767102510805,0.767229002266765
2014-08-14,0.4336398273697699,0.7600012702325347
2014-08-15,-0.0061374807571155,0.739080612244207
2014-08-18,0.84954832196601,0.7108297167103784
2014-08-19,0.4988190179197794,0.7257752633215748
2014-08-20,0.2474748282543622,0.7112137583940594
2014-08-21,0.2945547280270624,0.687286319948347
2014-08-22,-0.199457491882262,0.6666291649333623
2014-08-25,0.4776353863603847,0.6480544061945251
2014-08-26,0.1050528895243578,0.6394281943011771
2014-08-27,0.0049986043284556,0.6185791363527875
2014-08-28,-0.1691330544946164,0.5993415586684739
2014-08-29,0.3314914329019902,0.5853626715292165
2014-09-02,-0.0544214217702696,0.5748343428847752
2014-09-03,-0.0779444752801545,0.5599006704290669
2014-09-04,-0.1535599204712169,0.546706680800457
2014-09-05,0.5023247704958487,0.5368581235966726
2014-09-08,-0.3077845854315851,0.5415746387891258
2014-09-09,-0.6566521532685439,0.5397209929155721
2014-09-10,0.3639443600367803,0.5691297048062374
2014-09-11,0.0881516764723205,0.5616697547741826
2014-09-12,-0.5980405492006543,0.5469750270782617
2014-09-15,-0.0710403748109373,0.5688554875556865
2014-09-16,0.7456507324556423,0.5547463072366553
2014-09-17,0.1294805079088434,0.5798985383996196
2014-09-18,0.4879257127339826,0.5640644229208565
2014-09-19,-0.0477383510403398,0.5646718843850148
2014-09-22,-0.80456025302185,0.5504805231286425
2014-09-23,-0.5793250079626252,0.596422990598666
2014-09-24,0.7801976758654436,0.6097755302693504
2014-09-25,-1.630091326517051,0.6308461403825458
2014-09-26,0.8539261124001539,0.7959459491486182
2014-09-29,-0.2550050856915712,0.8011329584815
2014-09-30,-0.2789816544312018,0.773934513297116
2014-10-01,-1.3337106112637436,0.74977931641121
2014-10-02,0.0005143328250229,0.8344221705784314
2014-10-03,1.1103635523902509,0.7994076573859947
2014-10-06,-0.1566386001398183,0.831013635768054
2014-10-07,-1.5241618619128747,0.7986183032501064
2014-10-08,1.731094749805919,0.9031595607302607
2014-10-09,-2.087784845431485,1.0022077320231286
2014-10-10,-1.1517080026210946,1.1557285731478364
2014-10-13,-1.6605033202522508,1.158861212943458
2014-10-14,0.1577619680866768,1.219068357535616
2014-10-15,-0.8133300726077349,1.1595207569359822
2014-10-16,0.0144967200441769,1.1341361160945829
2014-10-17,1.280181337714614,1.0794974826331154
2014-10-20,0.9101116121281314,1.0935225216268694
2014-10-21,1.938537082775091,1.0733189401283412
2014-10-22,-0.7326100661612184,1.171535910797419
2014-10-23,1.2228305721599455,1.1397250302114497
2014-10-24,0.7028690175716193,1.141222018701673
2014-10-27,-0.1502696878837878,1.1038044319011133
2014-10-28,1.1868364566910392,1.052821471176751
2014-10-29,-0.138631599064252,1.0605495854842326
2014-10-30,0.6210797247873184,1.0121689100107663
2014-10-31,1.1663114233148568,0.9804527540557719
2014-11-03,-0.0118928916399473,0.9946074057836581
2014-11-04,-0.2833853252665144,0.9489872311166103
2014-11-05,0.568431106080471,0.9118764484108767
2014-11-06,0.3768403644328259,0.885371427401602
2014-11-07,0.0349525126780807,0.8524068194622577
2014-11-10,0.3115327019558855,0.8160221071034643
2014-11-11,0.0696451630287213,0.7860246234986771
2014-11-12,-0.0701362578917869,0.7542220890264213
2014-11-13,0.0529704428400231,0.7256237583160718
2014-11-14,0.0240241348546805,0.6981173378194755
2014-11-17,0.0735088777658679,0.6726873743865796
2014-11-18,0.5120849353688389,0.6491268827921963
2014-11-19,-0.1502286875618818,0.6425800886593064
2014-11-20,0.1965164013202754,0.6243525451209464
2014-11-21,0.5223212603738253,0.6060379824051254
2014-11-24,0.285992981373923,0.6045921440328319
2014-11-25,-0.1150691468417284,0.5905171895407382
2014-11-26,0.2802052471603563,0.5756181601421198
2014-11-28,-0.2545664637012221,0.5638775936615409
2014-12-01,-0.6852789344834435,0.5567918716317765
2014-12-02,0.6364166758848178,0.5868779745794894
2014-12-03,0.3757673834026979,0.5968141830648173
2014-12-04,-0.1162571731785843,0.5873324453611859
2014-12-05,0.1663831598921052,0.5727360659567244
2014-12-08,-0.7283022149715385,0.5580729358582697
2014-12-09,-0.0237851825834147,0.5930603807066402
2014-12-10,-1.6486121183048768,0.5761577450951912
2014-12-11,0.4525433971620776,0.761846640290229
2014-12-12,-1.634646579165845,0.7416884457620906
2014-12-15,-0.6362786271721939,0.877879694112738
2014-12-16,-0.8525259865380821,0.8654269349975647
2014-12-17,2.0148073243295617,0.8725563721135816
2014-12-18,2.373137488570905,1.0251672450901343
2014-12-19,0.4559637967419008,1.2043874400672894
2014-12-22,0.3803222479927145,1.1518073589100144
2014-12-23,0.1744838629704487,1.1004781606422531
2014-12-24,-0.0139306241074564,1.0485337778419692
2014-12-26,0.3304109982120948,0.9994495927816954
2014-12-29,0.0861403428089447,0.9570065930765966
2014-12-30,-0.4900593034504285,0.9136815922700939
2014-12-31,-1.036438356125046,0.8885900412068921
2015-01-02,-0.034002147313528,0.9118035113999814
2015-01-05,-1.844721353258727,0.8718096906246237
2015-01-06,-0.8933254690700171,1.013570026980859
2015-01-07,1.1562735844876304,1.008293036841084
2015-01-08,1.773016812715569,1.0181322832992883
2015-01-09,-0.8439322147078786,1.1020910605357317
2015-01-12,-0.8126616843470486,1.0841384050494502
2015-01-13,-0.2581885435816322,1.0654879004670954
2015-01-14,-0.583002896797565,1.0195071152780928
2015-01-15,-0.9290903004567546,0.9910626224565585
2015-01-16,1.3334893186267298,0.9913384913316015
2015-01-20,0.1548752433400387,1.0223579766657915
2015-01-21,0.472046502218936,0.9752272923465839
2015-01-22,1.5154313070630328,0.9392855111792174
2015-01-23,-0.5506656279301936,1.0007390694509903
2015-01-26,0.2565167998623274,0.9719494101379139
2015-01-27,-1.3478287815857577,0.9296388972075222
2015-01-28,-1.358750281102202,0.9845659617542682
2015-01-29,0.948951705826357,1.0324736312095482
2015-01-30,-1.3077099006318498,1.021021126569674
2015-02-02,1.2879170000215296,1.057451182738819
2015-02-03,1.4336238577453098,1.074947689398997
2015-02-04,-0.4164706572452961,1.1062845778529837
2015-02-05,1.0238810710909236,1.0629328500713398
2015-02-06,-0.342402761187852,1.0546541636237148
2015-02-09,-0.4256239310481708,1.0121194541930445
2015-02-10,1.0618979554062369,0.9760415505358953
2015-02-11,-0.0029034010158247,0.980385816573474
2015-02-12,0.9598295065916026,0.9356374699397206
2015-02-13,0.4066459227779422,0.9350165495436122
2015-02-17,0.1596299697798396,0.8994896443186635
2015-02-18,-0.0314358623228748,0.8605166208074889
2015-02-19,-0.1062621715718928,0.8239639913627957
2015-02-20,0.6107842721055837,0.7909918472425717
2015-02-23,-0.0303385211985694,0.7774386167650196
2015-02-24,0.2754972468831103,0.746656391410531
2015-02-25,-0.0766016963602602,0.7207875264660154
2015-02-26,-0.147711863025381,0.6947535647306101
2015-02-27,-0.296068304863237,0.6722883086351514
2015-03-02,0.6106238181133017,0.6573359922589923
2015-03-03,-0.4548872603817567,0.6570323986758336
2015-03-04,-0.4398161230154572,0.6530974465222662
2015-03-05,0.1195365251036088,0.6484964429685938
2015-03-06,-1.4275356362467069,0.6270701299348029
2015-03-09,0.3936662357975968,0.7551791812358295
2015-03-10,-1.7106820937141425,0.7328511268895954
2015-03-11,-0.1919520676484767,0.8849896549105274
2015-03-12,1.2522702206037069,0.8496506621656119
2015-03-13,-0.6093237090196838,0.8910482981072396
2015-03-16,1.344290902385591,0.8754374961874678
2015-03-17,-0.3325697707782002,0.9245227729274988
2015-03-18,1.2085101501628708,0.8910100034654613
2015-03-19,-0.4884489126950175,0.9212572384046311
2015-03-20,0.8972382193259681,0.8954514059125093
2015-03-23,-0.1747256606713301,0.8936013552061206
2015-03-24,-0.6158345701590925,0.857216725076246
2015-03-25,-1.4665926527239062,0.8452340643268071
2015-03-26,-0.2380330737473896,0.9314772252892979
2015-03-27,0.236576072950336,0.8941588502163126
2015-03-30,1.2162382647149437,0.8567426863278217
2015-03-31,-0.8834686217530795,0.8927100924201143
2015-04-01,-0.3973254201847525,0.8996654058049888
2015-04-02,0.3523452303714153,0.8708794595277485
2015-04-06,0.6587072647165644,0.838145115758849
2015-04-07,-0.2064032708587167,0.8234528499848184
2015-04-08,0.26789415573472,0.7929584823360076
2015-04-09,0.4447575873625805,0.7634324669764049
2015-04-10,0.5189376899456222,0.7427605593465064
2015-04-13,-0.4591806820961145,0.727849974973902
2015-04-14,0.162843225851382,0.7172431590663086
2015-04-15,0.5134989044995592,0.6911455310795188
2015-04-16,-0.0778746757985199,0.6806410297040462
2015-04-17,-1.137570418905323,0.6576608772597231
2015-04-20,0.9192748586536724,0.7307856387680483
2015-04-21,-0.1481702504767951,0.7503883658663182
2015-04-22,0.5074582853386292,0.7236840926690973
2015-04-23,0.2354940842552367,0.7098140941166069
2015-04-24,0.2250266824753486,0.6856917613003839
2015-04-27,-0.4149913240734652,0.6631739067001977
2015-04-28,0.2765404437346507,0.6558837610494014
2015-04-29,-0.3747348127573222,0.6371766345776764
2015-04-30,-1.0180553033248203,0.6298424502585165
2015-05-01,1.0863776563455256,0.6908009259859805
2015-05-04,0.293643314776302,0.7359184480991605
2015-05-05,-1.19080033585301,0.7114097235037478
2015-05-06,-0.4465681140931977,0.782067297767102
2015-05-07,0.3766710469475405,0.7657010300369139
2015-05-08,1.3368147987361163,0.7418285774256166
2015-05-11,-0.5102556456082039,0.812521510106635
2015-05-12,-0.2953996439367266,0.7974071577297471
2015-05-13,-0.0305001290651667,0.7720780673718342
2015-05-14,1.0721604261760034,0.7416789858837541
2015-05-15,0.0768118827866475,0.7771187558707229
2015-05-18,0.3043312472570502,0.7459605748802349
2015-05-19,-0.0643581597842015,0.7210155768704108
2015-05-20,-0.0930949450794048,0.6947637408118491
2015-05-21,0.2335145908744808,0.6709968252150695
2015-05-22,-0.2236385149483597,0.6498367896864455
2015-05-26,-1.0335204907502331,0.633585984926528
2015-05-27,0.912091892911008,0.6960588487509206
2015-05-28,-0.1267563917487054,0.7195387873646616
2015-05-29,-0.6338515184097658,0.6946291670343837
2015-06-01,0.205734349914766,0.7011188264449669
2015-06-02,-0.100910516534782,0.6769872130484185
2015-06-03,0.2116629469755999,0.6547501431119057
2015-06-04,-0.8660562215101069,0.6343429537558696
2015-06-05,-0.1437215232732535,0.6741129621675345
2015-06-08,-0.6495560338305542,0.6531599458852664
2015-06-09,0.0418265519002764,0.6661175103978789
2015-06-10,1.1970491752514407,0.6430346485357498
2015-06-11,0.1737116756528132,0.7119735025382095
2015-06-12,-0.7018874653102702,0.6864347529284164
2015-06-15,-0.4633289621771347,0.7003602238466856
2015-06-16,0.5673730515753803,0.6926784251638581
2015-06-17,0.197768439507284,0.6855617062430368
2015-06-18,0.9854000054008836,0.6624558245030118
2015-06-19,-0.531761523794962,0.6993505810286178
2015-06-22,0.6076367981542122,0.6967661471479133
2015-06-23,0.0635666425193386,0.6921132824362901
2015-06-24,-0.7380465718305258,0.6670768183089351
2015-06-25,-0.2978004156596414,0.6872237597135551
2015-06-26,-0.0390155744922384,0.6710570957641881
2015-06-29,-2.108696950861153,0.6481976174826741
2015-06-30,0.265496235246741,0.9070479051346235
2015-07-01,0.6912096434637041,0.8693517892591179
2015-07-02,-0.0308070189546534,0.8540097753912758
2015-07-06,-0.3869232698897424,0.8178959335154649
2015-07-07,0.6062560593868743,0.7951596240108824
2015-07-08,-1.679296491214163,0.7809263192544855
2015-07-09,0.2259647644819989,0.9154411483082882
2015-07-10,1.226298638500772,0.8763674913319474
2015-07-13,1.1005268507355188,0.9107350740740868
2015-07-14,0.444327323650017,0.9265710242407933
2015-07-15,-0.0735256300737286,0.893104672335847
2015-07-16,0.7982733444475738,0.8548225480017334
2015-07-17,0.110557162445071,0.8488867223691529
2015-07-20,0.0770936624001602,0.8129074585690335
2015-07-21,-0.4270796242723094,0.7792476762361239
2015-07-22,-0.2390565020190279,0.7619788614208983
2015-07-23,-0.5692210211379454,0.7372178803826713
2015-07-24,-1.0761020696661188,0.7336075951062281
2015-07-27,-0.5791755065064178,0.784338667410672
2015-07-28,1.2310073801889354,0.7767210248474049
2015-07-29,0.7292142927383681,0.8267381545541584
2015-07-30,0.0028366904022368,0.8181963700199305
2015-07-31,-0.2274103801051709,0.7842876220717965
2015-08-03,-0.276069394490455,0.757397605833329
2015-08-04,-0.2252239166932867,0.7344378216840691
2015-08-05,0.3109838185490679,0.7113328997603833
2015-08-06,-0.7783195922562142,0.6893140586402957
2015-08-07,-0.2879022856337714,0.7107763870381071
2015-08-10,1.2726835632025084,0.6921434902539599
2015-08-11,-0.9603064680182268,0.7627937478188732
2015-08-12,0.0949603638214694,0.7945496370137465
2015-08-13,-0.1276025868381203,0.762238173126735
2015-08-14,0.3904332274359137,0.7341565589207235
2015-08-17,0.5197891709402951,0.7133973781398321
2015-08-18,-0.26289829356331,0.70120753498291
2015-08-19,-0.8289136409597112,0.682272021917623
2015-08-20,-2.132596045414616,0.710329350863372
2015-08-21,-3.23692425218784,0.9526835472938311
2015-08-24,-4.021144434651916,1.3504897401093894
2015-08-25,-1.3614249742655895,1.7812481110783287
2015-08-26,3.829129943453164,1.7414239506958955
2015-08-27,2.400725448969004,2.0088113192557304
2015-08-28,0.0608551156876215,2.030992989228542
2015-08-31,-0.8427078663984168,1.9229498986294167
2015-09-01,-3.0022649842427995,1.8413346427687318
2015-09-02,1.812767142321464,1.975327121464741
2015-09-03,0.1164115699418892,1.9451659570519553
2015-09-04,-1.544830875427624,1.8421821920537473
2015-09-08,2.4773637197038503,1.8111880788437924
2015-09-09,-1.3995035769084718,1.8668359389348517
2015-09-10,0.5264075444935657,1.822407731384862
2015-09-11,0.447700644498628,1.7324078011778854
2015-09-14,-0.409804122304381,1.6460622775404845
2015-09-15,1.274968763143236,1.5667486139143783
2015-09-16,0.8667740715375899,1.531326313943235
2015-09-17,-0.2564344442560098,1.4732949978430485
2015-09-18,-1.629623095438354,1.401064350073819
2015-09-21,0.4555392033672696,1.4246520930385362
2015-09-22,-1.2394930019378314,1.3576696058874922
2015-09-23,-0.2050744229593946,1.3475785385556684
2015-09-24,-0.336865187130644,1.2821492149004396
2015-09-25,-0.0465901801220549,1.2240380835296576
2015-09-28,-2.600121116280911,1.1641470805981755
2015-09-29,0.1232093912981713,1.3692326081851498
2015-09-30,1.889589860356512,1.3002660831950885
2015-10-01,0.1971938678337172,1.3551088991672613
2015-10-02,1.4213793016405512,1.2875628017126002
2015-10-05,1.812459351850216,1.2918617754127302
2015-10-06,-0.35946893441433,1.3384172157682719
2015-10-07,0.8003519857552759,1.2772992034186543
2015-10-08,0.8779780144558488,1.2347184524111436
2015-10-09,0.0724848560515357,1.2001370935448137
2015-10-12,0.127466447733306,1.1413411352431497
2015-10-13,-0.6848823690127077,1.086419500988678
2015-10-14,-0.4727430911939143,1.0586845207985134
2015-10-15,1.4743551351355089,1.0212958614511864
2015-10-16,0.4560061373697022,1.0649075004520194
2015-10-19,0.0270508943873059,1.0218976223007958
2015-10-20,-0.1422101055893761,0.9743432643336438
2015-10-21,-0.5842448911134254,0.931724051519609
2015-10-22,1.6490847012594123,0.9107889452020708
2015-10-23,1.0969953969042787,0.9960213274658145
2015-10-26,-0.191493300110011,1.0014679263127326
2015-10-27,-0.255738586508774,0.9580823556082979
2015-10-28,1.1770488488143476,0.9194289525681646
2015-10-29,-0.0449875380660723,0.9423474036516198
2015-10-30,-0.4821481688425431,0.9004253847610306
2015-11-02,1.1803876338814607,0.8759861101081884
2015-11-03,0.2724352925067521,0.9050543437351702
2015-11-04,-0.3551666939647187,0.867654838085171
2015-11-05,-0.1132789756498302,0.8394190535360146
2015-11-06,-0.034768178002366,0.805490116703418
2015-11-09,-0.9871290656502512,0.7727749083088817
2015-11-10,0.1509455153449644,0.8062596535178774
2015-11-11,-0.3233307321568945,0.773594143059415
2015-11-12,-1.4089163336632673,0.7513944942747242
2015-11-13,-1.127064043215544,0.8474359070545718
2015-11-16,1.4793302794234362,0.8868950650318648
2015-11-17,-0.1340277018246574,0.952116209857919
2015-11-18,1.6033229877172244,0.9108343540810778
2015-11-19,-0.1123740328979201,0.989385126189702
2015-11-20,0.3802955280149416,0.945235484820923
2015-11-23,-0.1235623841684088,0.9080606924452489
2015-11-24,0.1221249944960792,0.8695714362721387
2015-11-25,-0.0129140614967155,0.8322651286165297
2015-11-27,0.0593441559480839,0.7974913804375587
2015-11-30,-0.4651800139618441,0.7648723037292959
2015-12-01,1.062393894673922,0.7512068420476875
2015-12-02,-1.105659263944892,0.7840796362719314
2015-12-03,-1.4477826444150088,0.8305140706577351
2015-12-04,2.031785636385123,0.9167399888081849
2015-12-07,-0.7014043960397749,1.0619119453012984
2015-12-08,-0.6511052625594548,1.0373575908956305
2015-12-09,-0.7769086365692726,1.0116160486010148
2015-12-10,0.2248856578594677,0.9970370995545472
2015-12-11,-1.961386775581532,0.9524748530873302
2015-12-14,0.4744288064068024,1.0957321974065064
2015-12-15,1.0562580105914383,1.051232798268829
2015-12-16,1.4410635650771484,1.0469515920603798
2015-12-17,-1.5154776635876426,1.0829413875858642
2015-12-18,-1.7957495007106823,1.1359857601874668
2015-12-21,0.77483067271562,1.2180505715754684
2015-12-22,0.8778095591568889,1.17863374742841
2015-12-23,1.2341596527553889,1.1487154723321316
2015-12-24,-0.1599915403863319,1.15030162267568
2015-12-28,-0.2180936456306016,1.0965005887436072
2015-12-29,1.0573664173022947,1.0474071166351597
2015-12-30,-0.7243398783778549,1.0436232247412656
2015-12-31,-0.9456485041467846,1.0222480154329088
2016-01-04,-1.5422041797805928,1.0206797996728718
2016-01-05,0.2010204139359939,1.0869209996734845
2016-01-06,-1.320216300262602,1.036157493492027
2016-01-07,-2.3985816519344776,1.0719754535540442
2016-01-08,-1.089753744584791,1.2634115633040115
2016-01-11,0.0852908295822672,1.249790917630157
2016-01-12,0.7772514117774639,1.1879603676027797
2016-01-13,-2.528237507790891,1.1510470257342784
2016-01-14,1.6558060934383971,1.3465146747435806
2016-01-15,-2.183577269816237,1.3680416612237762
2016-01-19,0.0531680187428828,1.4655788343216198
2016-01-20,-1.1762766025898372,1.3906523802357718
2016-01-21,0.5181988635948063,1.3719192087857492
2016-01-22,2.008072688221347,1.3102283042402432
2016-01-25,-1.5761545172821467,1.3787179022370406
2016-01-26,1.4045237830367907,1.399253909685586
2016-01-27,-1.0922922300528426,1.3901154115389842
2016-01-28,0.5513350717591524,1.3647227759979261
2016-01-29,2.4458650994556432,1.3046318119112
2016-02-01,-0.0443334845541805,1.4363067273657346
2016-02-02,-1.892096871823143,1.3634548061674137
2016-02-03,0.4979620021574023,1.4228610901034942
2016-02-04,0.1525568292523437,1.357211450137224
2016-02-05,-1.8654158276351849,1.2891499636333608
2016-02-08,-1.4255057923057348,1.3561700121895182
2016-02-09,-0.0663840646760225,1.3637423745511874
2016-02-10,-0.0188968130760916,1.2954448507173062
2016-02-11,-1.2377447329256217,1.2309779578561606
2016-02-12,1.933001520704595,1.2340819077961076
2016-02-16,1.6381737741684916,1.3044238029382769
2016-02-17,1.6346110625641337,1.3292169007091257
2016-02-18,-0.4676632123934705,1.3505680962799982
2016-02-19,-0.0026033281801842,1.2922631007660315
2016-02-22,1.4350731099076084,1.227912353455678
2016-02-23,-1.253257757078849,1.2403645054314987
2016-02-24,0.4429960034631948,1.2439305817798583
2016-02-25,1.1284366730450843,1.188313410109665
2016-02-26,-0.1871865329564653,1.176352347639212
2016-02-29,-0.8154131091571704,1.1213941459166306
2016-03-01,2.358838540161873,1.0995507150536346
2016-03-02,0.4085949861101922,1.2591516414591237
2016-03-03,0.3492634320316937,1.2015496367793237
2016-03-04,0.3300439865941698,1.1461717393685296
2016-03-07,0.0884622800863948,1.0939401471175463
2016-03-08,-1.130375605600619,1.0418189795262147
2016-03-09,0.5039672782814251,1.0559075979646726
2016-03-10,0.0155792797122626,1.0153877135833722
2016-03-11,1.626254558885149,0.9682872493640597
2016-03-14,-0.1261768616611857,1.0400927556202693
2016-03-15,-0.1838630934317958,0.9928350439211153
2016-03-16,0.5584727881779918,0.9498542909521206
2016-03-17,0.6573583068596323,0.9197975520711672
2016-03-18,0.4395967251026177,0.8977671550745362
2016-03-21,0.0985091904292301,0.8662656520065737
2016-03-22,-0.0877772896772251,0.8290345615758663
2016-03-23,-0.640650953066712,0.7953829603175627
2016-03-24,-0.0378141779376819,0.791433862848928
2016-03-28,0.0545106888072358,0.7597401949382532
2016-03-29,0.877801205423741,0.7297798212151333
2016-03-30,0.4340879993566219,0.7451977640856932
2016-03-31,-0.2041842359620711,0.7255288794585095
2016-04-01,0.6310959066599756,0.7023901684841362
2016-04-04,-0.3213480045854618,0.6989171860113913
2016-04-05,-1.019629841179453,0.6828996066104647
2016-04-06,1.0452797932013158,0.7346129688989965
2016-04-07,-1.204807397000487,0.7678751937215973
2016-04-08,0.2782702604616283,0.8302870368583902
2016-04-11,-0.2743545889603834,0.7983157070664291
2016-04-12,0.9615753881389976,0.7720670199005061
2016-04-13,0.9990069768557897,0.7907841256162721
2016-04-14,0.0172912430132425,0.8110634787633481
2016-04-15,-0.0984769576145959,0.7775754841893529
2016-04-18,0.6519725613797989,0.74777225137709
2016-04-19,0.3079737902866533,0.7412556879120815
2016-04-20,0.07612550492345,0.7167916779702839
2016-04-21,-0.5207562857292034,0.6899634720569384
2016-04-22,0.0047858579540742,0.6875125144489569
2016-04-25,-0.1813689620762995,0.6629755899601382
2016-04-26,0.187100017423693,0.6440719656237511
2016-04-27,0.164799411174684,0.6239851298040403
2016-04-28,-0.9273636061561672,0.6050866289111607
2016-04-29,-0.5075949230557177,0.6578754590996958
2016-05-02,0.7779606697244105,0.6578090388712923
2016-05-03,-0.8714499388395888,0.6723010934886159
2016-05-04,-0.595458270547255,0.7068190840931565
2016-05-05,-0.0239036692794152,0.7085812323717827
2016-05-06,0.3169610553552606,0.682723333642228
2016-05-09,0.0753213307609947,0.6632180046701626
2016-05-10,1.240636523603733,0.6403801147720882
2016-05-11,-0.9607522877868724,0.7163923698422647
2016-05-12,-0.0169479267964244,0.7550877839810056
2016-05-13,-0.8514434161752484,0.7257729426527855
2016-05-16,0.9748976389612768,0.7502799039861955
2016-05-17,-0.9455863552162806,0.7732995697987474
2016-05-18,0.0205157686401279,0.8018602399926469
2016-05-19,-0.3713594522720624,0.7689992025612983
2016-05-20,0.6001459222804671,0.7495418944853893
2016-05-23,-0.2087636568101688,0.7391620380447721
2016-05-24,1.3588637533990109,0.7151126256957284
2016-05-25,0.6950529651583447,0.794178183019201
2016-05-26,-0.021046604992859,0.7862678289678456
2016-05-27,0.4277694939439437,0.7547701316662516
2016-05-31,-0.1005768620589989,0.7340047252605764
2016-06-01,0.1134398653926189,0.7074347659612972
2016-06-02,0.2820696166986195,0.6815016926946421
2016-06-03,-0.2916062236694851,0.660901243897802
2016-06-06,0.4885328519363623,0.6467312801404451
2016-06-07,0.1288615629197613,0.6389068505384579
2016-06-08,0.3304101971954724,0.6183236392783551
2016-06-09,-0.1719235597893807,0.6047938205849237
2016-06-10,-0.9217532410166118,0.5904420152046631
2016-06-13,-0.8148298789709478,0.6451124349392257
2016-06-14,-0.1800505071971903,0.6769730692994325
2016-06-15,-0.1842409063810195,0.6568905606329732
2016-06-16,0.3128093111045572,0.63858298664508
2016-06-17,-0.3263284144608922,0.6225951316689098
2016-06-20,0.5791382778423102,0.6137700281382968
2016-06-21,0.2708390604209703,0.615749823118438
2016-06-22,-0.165292899657585,0.6001922252088208
2016-06-23,1.3275567071955108,0.5860067143116791
2016-06-24,-3.658079280558263,0.6880538032212986
2016-06-27,-1.8262246511702755,1.3068568024719247
2016-06-28,1.7614121604087918,1.3662010543248764
2016-06-29,1.6889242971253915,1.3969111379740593
2016-06-30,1.3473863149466128,1.4158946612210224
2016-07-01,0.1946706293032022,1.4001087449926737
2016-07-05,-0.6871028985598719,1.329799265946979
2016-07-06,0.5338687058275959,1.2828716570152812
2016-07-07,-0.0871957886733,1.227661098388003
2016-07-08,1.51381865659924,1.1679307689301028
2016-07-11,0.3402819311998238,1.1961997010712355
2016-07-12,0.6984842307345719,1.1409572359563591
2016-07-13,0.0134758674981703,1.1033234530194473
2016-07-14,0.5245422801697,1.0506258182633939
2016-07-15,-0.0929379059871143,1.0113512184459383
2016-07-18,0.2379461821868736,0.9654640799571469
2016-07-19,-0.1436204500415386,0.9232312971667351
2016-07-20,0.4261208315763991,0.8840988861515372
2016-07-21,-0.3619069856524975,0.8530804131400044
2016-07-22,0.4543626789510244,0.8262936215437023
2016-07-25,-0.30160187399297,0.8009677983522232
2016-07-26,0.0322732160719412,0.7756183567955697
2016-07-27,-0.1199260946808637,0.7445598140429787
2016-07-28,0.1604920448092453,0.7176143118586348
2016-07-29,0.1629980117657865,0.6914552827197467
2016-08-01,-0.1270594147491058,0.6672895467911784
2016-08-02,-0.6381940812667669,0.6464309122474241
2016-08-03,0.3129042716071097,0.6591298672092062
2016-08-04,0.0212549299489087,0.641418612404294
2016-08-05,0.856669728938006,0.6202936291802326
2016-08-08,-0.0907577291541599,0.6482895137681975
2016-08-09,0.0389717986555982,0.6280825771005142
2016-08-10,-0.2868797063488285,0.60793405146862
2016-08-11,0.4723415102443644,0.598334279740138
2016-08-12,-0.0796363386914057,0.594280792820066
2016-08-15,0.2789016294521772,0.5782138135516217
2016-08-16,-0.5494142216478226,0.5661940058860824
2016-08-17,0.1866846006155566,0.5805771587538511
2016-08-18,0.2197201696382422,0.5656621079574748
2016-08-19,-0.1441309568768186,0.5528399404986281
2016-08-22,-0.0563481883323107,0.5421090091949112
2016-08-23,0.1949867178361733,0.5300157354268917
2016-08-24,-0.5254055259671874,0.5196978611329225
2016-08-25,-0.1366160396645455,0.5379716819221905
2016-08-26,-0.1580064238713278,0.5283413567473706
2016-08-29,0.5214428428674345,0.5203588616644387
2016-08-30,-0.1955591407122778,0.5285398541876168
2016-08-31,-0.2378691105562606,0.52206487904108
2016-09-01,-0.0041385389411442,0.5182533059734559
2016-09-02,0.4192241599034617,0.5074888107101209
2016-09-06,0.2977242370005349,0.5096145993001726
2016-09-07,-0.014639593829345,0.5047897117690165
2016-09-08,-0.2225488192470288,0.495356191561833
2016-09-09,-2.482774241083641,0.49350077228847966
2016-09-12,1.4570387233434434,0.9093572388166433
2016-09-13,-1.4941748278210834,0.967841117850843
2016-09-14,-0.0587849399812835,1.0362247544303334
2016-09-15,1.005851644943989,0.988304865825007
2016-09-16,-0.37794277955721,0.986170474992835
2016-09-19,-0.0018603233824686,0.949947324647949
2016-09-20,0.0299093484234177,0.907185992184735
2016-09-21,1.085800033363595,0.8671253224229686
2016-09-22,0.6478751917642122,0.8868730572072039
2016-09-23,-0.5753292959718775,0.867104731148062
2016-09-26,-0.8624850117916046,0.8513477713082058
2016-09-27,0.6423495165298114,0.8610809070767553
2016-09-28,0.5282576603642458,0.8432359609662655
2016-09-29,-0.9365127730081196,0.8202083761587534
2016-09-30,0.79363925880277,0.8414318921466649
2016-10-03,-0.3266023181527122,0.8364870914905118
2016-10-04,-0.4967881786362002,0.8094223175067032
2016-10-05,0.4287486231196994,0.7937208741598498
2016-10-06,0.0481443852604502,0.7698319488812108
2016-10-07,-0.3258787441614204,0.7391566208919302
2016-10-10,0.4595330317324387,0.7199259598058494
2016-10-11,-1.2524577697755963,0.7037054615230027
2016-10-12,0.114593220639882,0.7850951216390765
2016-10-13,-0.3104076412233994,0.753570469452786
2016-10-14,0.020158415912115,0.7324144808298363
2016-10-17,-0.3042618111840263,0.7044877126807878
2016-10-18,0.6141505605698631,0.6871497036639519
2016-10-19,0.2189572155350499,0.683970800076512
2016-10-20,-0.1376671131380955,0.6614441115345223
2016-10-21,-0.0084145140154779,0.6413315913698014
2016-10-24,0.4738594647427365,0.6204201699979679
2016-10-25,-0.3804957464706359,0.6142487685317813
2016-10-26,-0.1741927921187231,0.6095573733885482
2016-10-27,-0.2991195906008866,0.5948757887086505
2016-10-28,-0.311314013962507,0.5871725038618251
2016-10-31,-0.0122283884198553,0.5809069141781585
2016-11-01,-0.6810019108735079,0.5648687006729919
2016-11-02,-0.6546884453454002,0.5932355120126537
2016-11-03,-0.4433213022609399,0.6146086835106918
2016-11-04,-0.166752027169296,0.6142769589928911
2016-11-07,2.1980199729464904,0.5989354612573522
2016-11-08,0.376487839715753,0.8723511712525238
2016-11-09,1.1016119879656034,0.8403322891539374
2016-11-10,0.1948845716095396,0.8653075834534417
2016-11-11,-0.1398928347797605,0.8291401788887504
2016-11-14,-0.0115509457183237,0.7964889832764295
2016-11-15,0.7452955022089459,0.7641918493572126
2016-11-16,-0.1583516522375953,0.7633435622171085
2016-11-17,0.4665469361197901,0.735936100234248
2016-11-18,-0.238965136554844,0.7186969642610506
2016-11-21,0.7433702070873875,0.6973590811912876
2016-11-22,0.2163091103593048,0.7037772653865779
2016-11-23,0.0807698156908801,0.6796694788406686
2016-11-25,0.3906745613423708,0.6556077430265719
2016-11-28,-0.5268389254735216,0.641528145689117
2016-11-29,0.1334402353261901,0.6448124054431417
2016-11-30,-0.2656930555156394,0.623821459994266
2016-12-01,-0.3521722966763813,0.6117002477705142
2016-12-02,0.0396927720084623,0.6054620517129534
2016-12-05,0.5804426926743671,0.5871009498212602
2016-12-06,0.3405084468874609,0.592200732053938
2016-12-07,1.307735874472335,0.581452948174392
2016-12-08,0.2157015016871101,0.6812210512916564
2016-12-09,0.5921418532969714,0.6588330153142474
2016-12-12,-0.1138082290599516,0.6569513380706968
2016-12-13,0.651848320123699,0.6365806449569961
2016-12-14,-0.8150295461858615,0.6419633884528541
2016-12-15,0.3875707687553573,0.6743207390820722
2016-12-16,-0.1752156750980241,0.6584601485496795
2016-12-19,0.1973172715211258,0.639720902595125
2016-12-20,0.3630912401152755,0.6201894997004531
2016-12-21,-0.2460385724677666,0.6079490776833009
2016-12-22,-0.1864711222396504,0.5963350017619219
2016-12-23,0.1250932535079235,0.5832496618679124
2016-12-27,0.2245848904548634,0.567085992154167
2016-12-28,-0.8391640709771516,0.554276188836118
2016-12-29,-0.0293347731868372,0.6041828647663268
2016-12-30,-0.4647834696854234,0.586446730112889
2017-01-03,0.8450766753157112,0.5909013953879563
2017-01-04,0.5705963770549438,0.6219458388305525
2017-01-05,-0.0770967602481184,0.6223675606729699
2017-01-06,0.3510789180579059,0.6039506382710079
2017-01-09,-0.3554905471559629,0.5926175399380296
2017-01-10,0.0,0.5884978042792262
2017-01-11,0.2825642389101951,0.5717186857134604
2017-01-12,-0.2147112393729617,0.5604153773068852
2017-01-13,0.1848131395146655,0.5517527836613715
2017-01-17,-0.2971914456218445,0.5392670646082789
2017-01-18,0.176220046980932,0.5370098608750693
2017-01-19,-0.3615837624319374,0.525630370190715
2017-01-20,0.3360584061299942,0.5291137001715006
2017-01-23,-0.2693749646069815,0.5241585249252507
2017-01-24,0.6543140528962317,0.5218441858303821
2017-01-25,0.7994052795968681,0.5420411100031427
2017-01-26,-0.0735654935263103,0.5752965845888854
2017-01-27,-0.0866839489741592,0.5606931243074534
2017-01-30,-0.6027673496096654,0.5476301586045911
2017-01-31,-0.0890301608032545,0.5699168722463709
2017-02-01,0.0298318988116289,0.5561148193331082
2017-02-02,0.0570146838691013,0.5418320855382693
2017-02-03,0.7238496854553608,0.5287168057118704
2017-02-06,-0.2117597513709103,0.5553261152688723
2017-02-07,0.0226803463845771,0.5470103218580548
2017-02-08,0.0693082148609631,0.5335329316771469
2017-02-09,0.573606373596025,0.5211538462203593
2017-02-10,0.3559706822009091,0.5337020832344453
2017-02-13,0.5232133584011204,0.529306603905873
2017-02-14,0.3999327195672579,0.5365505879318713
2017-02-15,0.497988866573445,0.5343330989361129
2017-02-16,-0.0864491601550169,0.5390114934877301
2017-02-17,0.1677149327237158,0.5278451857779453
2017-02-21,0.6029850020069154,0.5171024862509812
2017-02-22,-0.1082786146804093,0.5328958265644027
2017-02-23,0.0418898971259233,0.5228554937650051
2017-02-24,0.1492250232031652,0.5113971601749167
2017-02-27,0.1017465267733664,0.5017839886670828
2017-02-28,-0.2581706115194909,0.4924099600673346
2017-03-01,1.3581211083725322,0.4928214267084888
2017-03-02,-0.587711697210527,0.625286320695441
2017-03-03,0.0503750368534789,0.6358219200587847
2017-03-06,-0.3282622763565812,0.6150548334584446
2017-03-07,-0.2917625902089877,0.6070611836102278
2017-03-08,-0.2286827964063899,0.5978008062594016
2017-03-09,0.0799575612766386,0.586318781315846
2017-03-10,0.3263339705858542,0.5695443894698354
2017-03-13,0.0366565619169632,0.560244883146006
2017-03-14,-0.3384748980891005,0.5455915399409806
2017-03-15,0.8339879124686365,0.5452725129757969
2017-03-16,-0.1628034799183614,0.5822027737176263
2017-03-17,-0.1315179264231435,0.569497440598209
2017-03-20,-0.2011916080380294,0.5568819216834753
2017-03-21,-1.2485594590102116,0.5479584866311766
2017-03-22,0.1888102847462667,0.6644680055692592
2017-03-23,-0.1060832144830083,0.6428147363738427
2017-03-24,-0.0844352213938482,0.6233857339380866
2017-03-27,-0.102010758584563,0.6050365542263808
2017-03-28,0.7225308829623951,0.5885862445979485
2017-03-29,0.1084736203830169,0.6065503773597714
2017-03-30,0.2930810911705013,0.5883249317329586
2017-03-31,-0.2257593938266817,0.5759390986610845
2017-04-03,-0.1643475308013331,0.56632660047814
2017-04-04,0.0559366074661371,0.5550865467702389
2017-04-05,-0.3059536811522123,0.5408438529562315
2017-04-06,0.1927650293734993,0.5389541806110516
2017-04-07,-0.0827472462944871,0.5277811798032593
2017-04-10,0.0687450135783276,0.5175306843560251
2017-04-11,-0.1434908291958284,0.5065511574256291
2017-04-12,-0.3767037418986906,0.5001090823459168
2017-04-13,-0.6838020289804216,0.5077225348687862
2017-04-17,0.8576465691107291,0.545548307841169
2017-04-18,-0.2907602845833255,0.5853884222674157
2017-04-19,-0.1717825396868574,0.5781396263200569
2017-04-20,0.7528850362973852,0.5661147311577733
2017-04-21,-0.3039688107115378,0.5904043903984093
2017-04-24,1.0781736588111828,0.583403852698802
2017-04-25,0.6072214211751177,0.6464775653320105
2017-04-26,-0.0485821475687349,0.6470803270470611
2017-04-27,0.0552767000299206,0.6262066650154823
2017-04-28,-0.1914979471490041,0.6061895497387098
2017-05-01,0.1730791826893825,0.5924330327590398
2017-05-02,0.1188343585811529,0.5762501297838273
2017-05-03,-0.1272169395827386,0.5605950108944747
2017-05-04,0.0581933287869546,0.5486320237264732
2017-05-05,0.4080359407478359,0.5349372335417403
2017-05-08,0.0037445271907879,0.533378426957664
2017-05-09,-0.1025774556793217,0.5212081335346991
2017-05-10,0.1129962717449474,0.5120739058804002
2017-05-11,-0.2165151374106618,0.5018832991197483
2017-05-12,-0.1479535340794259,0.4990461259805685
2017-05-15,0.4765142303015233,0.4934971973168813
2017-05-16,-0.0687133036986045,0.5013702100147523
2017-05-17,-1.834546817111504,0.4932084910595598
2017-05-18,0.3680038627215951,0.7501404693306963
2017-05-19,0.67447032082007,0.727156797783217
2017-05-22,0.514686329600843,0.7244709443852935
2017-05-23,0.183618517238041,0.7109582405767931
2017-05-24,0.2486033804576294,0.6856619087204371
2017-05-25,0.4432112041978174,0.6637462979099462
2017-05-26,0.0310501785302423,0.6516548023433978
2017-05-30,-0.1205350729533819,0.6297014052925709
2017-05-31,-0.0460074619951327,0.6116909480484523
2017-06-01,0.7542595584847225,0.5935854924478384
2017-06-02,0.370087461804602,0.614147307895828
2017-06-05,-0.1218407140428638,0.6027865233888275
2017-06-06,-0.2782908666204083,0.5870372162798951
2017-06-07,0.1567028796347538,0.5789597339287489
2017-06-08,0.0267169035664767,0.5636022679208175
2017-06-09,-0.0830333866187276,0.5487040715531003
2017-06-12,-0.0979242479718113,0.5365999910400416
2017-06-13,0.450135884323014,0.5259410110628564
2017-06-14,-0.0996326965317602,0.5280997824056666
2017-06-15,-0.2242109796840374,0.5182543545435805
2017-06-16,0.0283599150059695,0.5141348596225096
2017-06-19,0.8312583206893995,0.5034923516465918
2017-06-20,-0.6719160446931665,0.5472440935136793
2017-06-21,-0.0582814193271596,0.5772527495862421
2017-06-22,-0.0455885972438085,0.5621854728593162
2017-06-23,0.1559698555409097,0.5481692404096211
2017-06-26,0.0315751939732361,0.5354168662033242
2017-06-27,-0.8105586575672906,0.5228943942414915
2017-06-28,0.8769501646551084,0.574677193918339
2017-06-29,-0.8637216844141349,0.6121142920863354
2017-06-30,0.1532057610873533,0.6552208843386306
2017-07-03,0.230816797914758,0.6336817769258435
2017-07-05,0.14522240362887,0.6154387530790015
2017-07-06,-0.9412987306866184,0.5969198644618172
2017-07-07,0.6382712569615802,0.6531278326842778
2017-07-10,0.0927336103512565,0.6554982397638816
2017-07-11,-0.0782987066082173,0.6333265179208161
2017-07-12,0.7279050947821435,0.6140541741341451
2017-07-13,0.1872829473473065,0.6292009684762631
2017-07-14,0.4662616170009233,0.6103023650702196
2017-07-17,-0.0052914236706864,0.604656415661585
2017-07-18,0.0597678698110987,0.5866152962418505
2017-07-19,0.535825821605345,0.5697630333010061
2017-07-20,-0.0153671088607044,0.5732900771130135
2017-07-21,-0.0367939329208882,0.5579177103363728
2017-07-24,-0.1064300995408804,0.5441245596670979
2017-07-25,0.2918907519898033,0.533022148253176
2017-07-26,0.0282624006119479,0.5256683125542125
2017-07-27,-0.0973161637393713,0.5140080617491962
2017-07-28,-0.1342015678116038,0.5053922316107399
2017-07-31,-0.0728410834559801,0.49873244395454114
2017-08-01,0.2446120774938466,0.49091283658297574
2017-08-02,0.0492527407347449,0.48578768460574245
2017-08-03,-0.218604183494567,0.47766103548314776
2017-08-04,0.1887321417539568,0.4774757264965369
2017-08-07,0.1645844644280467,0.4719120845019936
2017-08-08,-0.2417352230385335,0.466305318625547
2017-08-09,-0.0363674792712376,0.46864385215377463
2017-08-10,-1.458021840074153,0.4629276971369663
2017-08-11,0.1274757127987136,0.6473568481522366
2017-08-14,0.9993651246049404,0.6261005560767432
2017-08-15,-0.049893232688349,0.6706049631840209
2017-08-16,0.1419095523332371,0.6479312477425507
2017-08-17,-1.5557342487191417,0.626802748741679
2017-08-18,-0.1837053661351993,0.7787543969611047
2017-08-21,0.1161975714566196,0.7509005819582288
2017-08-22,0.9891695260625076,0.7218226640468443
2017-08-23,-0.3459570132639007,0.7503715579009138
2017-08-24,-0.2076616747138441,0.7311880103743956
2017-08-25,0.1671471668937421,0.7077236231309768
2017-08-28,0.0486953473296074,0.6823989620353854
2017-08-29,0.0842466762009791,0.6580816327718861
2017-08-30,0.4604531788061043,0.6356691018972366
2017-08-31,0.5704673584713544,0.627191326474338
2017-09-01,0.1980578042335197,0.6270365628197869
2017-09-05,-0.7579458552144929,0.6085387566730375
2017-09-06,0.3123842493144133,0.6392123659940082
2017-09-07,-0.0178452044853709,0.6231548045473426
2017-09-08,-0.1489960143457705,0.6037639721831006
2017-09-11,1.0780975197147025,0.5887348630813412
2017-09-12,0.3358302594883113,0.6507639564279312
2017-09-13,0.0756834248082529,0.6346531911154815
2017-09-14,-0.1101323850827973,0.6140135082164981
2017-09-15,0.1845477546159349,0.5970221528445898
2017-09-18,0.145486192912933,0.5806883025660441
2017-09-19,0.1109579616731385,0.5650081100009555
2017-09-20,0.0634146702309437,0.550210052429032
2017-09-21,-0.3050565946914834,0.5363878965250621
2017-09-22,0.064758399516702,0.5349110836149733
2017-09-25,-0.2224522699853856,0.5224017650789392
2017-09-26,0.0072164125894879,0.5177795516710205
2017-09-27,0.4076822401987924,0.5069502863155013
2017-09-28,0.1203890628938027,0.5083843514940102
2017-09-29,0.3698263068498826,0.4986120265729889
2017-10-02,0.3866518829712313,0.4986353341422431
2017-10-03,0.2156511184660919,0.4996639548802995
2017-10-04,0.1245943661113638,0.49272845239815855
2017-10-05,0.563090403129274,0.48444223053898217
2017-10-06,-0.1074211165239724,0.5009041944924213
2017-10-09,-0.1806063868013556,0.4938075902331128
2017-10-10,0.2319719630478064,0.4901098901139456
2017-10-11,0.1801882929663564,0.48462015360643773
2017-10-12,-0.1688177120351388,0.4781498522486588
2017-10-13,0.0877722004846304,0.47553669332466686
2017-10-16,0.1749222532305753,0.4684819896528915
2017-10-17,0.0672352905433993,0.46344824409132407
2017-10-18,0.0742059511329546,0.45744662747639353
2017-10-19,0.0327944115010485,0.4520495346888302
2017-10-20,0.5103796185030386,0.4471786152719828
2017-10-23,-0.3980395312997195,0.46394303082202654
2017-10-24,0.1616600874558041,0.4779196699032901
2017-10-25,-0.4673955687259984,0.47166984438756576
2017-10-26,0.1270139250602399,0.4909820652311117
2017-10-27,0.8040609979727099,0.48289112747585605
2017-10-30,-0.3197577376740719,0.526802005674561
2017-10-31,0.0944012936679315,0.5272828868189071
2017-11-01,0.1590844107903869,0.5155750151757316
2017-11-02,0.0189947769666715,0.505764669562296
2017-11-03,0.3092289326314394,0.4959229885475247
2017-11-06,0.127044388477643,0.4930106262689705
2017-11-07,-0.0189120805081917,0.48473197932365425
2017-11-08,0.1442613932060414,0.4772061198825885
2017-11-09,-0.3768981339370136,0.4706862326705348
2017-11-10,-0.089804697605371,0.48198983214265645
2017-11-13,0.0983150911293032,0.47620051043257866
2017-11-14,-0.2312280560281922,0.46916517856946477
2017-11-15,-0.5540998742123611,0.47058812779879294
2017-11-16,0.8162652782972404,0.4991576678169643
2017-11-17,-0.2629416978897395,0.5417309402639838
2017-11-20,0.127486988879011,0.5372647008014249
2017-11-21,0.6519838879752696,0.525022194657186
2017-11-22,-0.0750542703329544,0.5445360297203451
2017-11-24,0.2053984278231966,0.5326159191445368
2017-11-27,-0.0384331586803253,0.5223335102571046
2017-11-28,0.9800332196793644,0.5116682010060211
2017-11-29,-0.0369293882790778,0.5746490194598647
2017-11-30,0.8157586662811174,0.5594458702094843
2017-12-01,-0.2026582935805332,0.5918955369345592
2017-12-04,-0.1052710549286453,0.5798385967546121
2017-12-05,-0.3746390525955308,0.5655892498629278
2017-12-06,-0.0114112170530349,0.5655759334491599
2017-12-07,0.2928067010109385,0.5508044505728205
2017-12-08,0.5491202035518141,0.5418136861080729
2017-12-11,0.3196842121695832,0.5496733780406626
2017-12-12,0.1547723722089516,0.541943345625721
2017-12-13,-0.0473068970150185,0.5297109538688386
2017-12-14,-0.4079167730762682,0.5185422292188113
2017-12-15,0.8934313410142761,0.526398387968689
2017-12-18,0.5348478579597589,0.5742659062093006
2017-12-19,-0.3235498043118501,0.577209369509072
2017-12-20,-0.0828236073572566,0.5726589042152862
2017-12-21,0.1983687012658398,0.5584797546795194
2017-12-22,-0.0458271638113755,0.5457260569828063
2017-12-26,-0.1058975700058569,0.5331273332215646
2017-12-27,0.0790628310242261,0.5229987585444831
2017-12-28,0.1832319002919555,0.5115751700031821
2017-12-29,-0.5196632292748299,0.5026489389117542
2018-01-02,0.8269078218398127,0.522737408226032
2018-01-03,0.6378433243936035,0.5625610884732625
2018-01-04,0.4020542855326989,0.5756768253018019
2018-01-05,0.7009145888585349,0.569624555456509
2018-01-08,0.1660963767296979,0.5879543993858027
2018-01-09,0.1302083517298422,0.5720126037784652
2018-01-10,-0.1112845811520687,0.5568434210161547
2018-01-11,0.7009025768882019,0.5447482238141067
2018-01-12,0.6726926399094035,0.5665305185603411
2018-01-16,-0.353071326160267,0.5824632782197916
2018-01-17,0.9371006206502086,0.5792259870405082
2018-01-18,-0.1617697497473624,0.6235533357127087
2018-01-19,0.4375647986990156,0.6072630360135096
2018-01-22,0.803436438221324,0.6001688534416868
2018-01-23,0.2172004968222319,0.6251044927899208
2018-01-24,-0.0560132547232047,0.6072104736938262
2018-01-25,0.0602439398832889,0.5896301539174291
2018-01-26,1.1771638106084168,0.5725332255536022
2018-01-29,-0.6754736284863033,0.6529153678069602
2018-01-30,-1.0958642805337084,0.6684633142982399
2018-01-31,0.0488865858694788,0.7333789521309351
2018-02-01,-0.0648298352023325,0.7053115411813102
2018-02-02,-2.143668051669881,0.6802376418070604
2018-02-05,-4.184254093838143,0.9352756430424255
2018-02-06,1.7290573348937088,1.5655349291781033
2018-02-07,-0.5014138223752627,1.569286252883971
2018-02-08,-3.82590522458017,1.4976795901869764
2018-02-09,1.4825645199524344,1.8449731960559248
2018-02-12,1.3818665678186273,1.8006868709583332
2018-02-13,0.2609521980277558,1.7529608642469197
2018-02-14,1.3313439808897014,1.662253303106835
2018-02-15,1.199686177677526,1.6226705452745844
2018-02-16,0.0373399649921694,1.5772374214989053
2018-02-20,-0.5858517106837343,1.4956791670092733
2018-02-21,-0.5511664483310909,1.4321485138038632
2018-02-22,0.097307748557786,1.3715429202160254
2018-02-23,1.5901278245121022,1.3023325232180216
2018-02-26,1.16884386206274,1.322176188836333
2018-02-27,-1.278831144146754,1.300681771663878
2018-02-28,-1.115780608365608,1.3001214460061672
2018-03-01,-1.3413965854876448,1.2850974795471994
2018-03-02,0.5058785485198549,1.2923110480695625
2018-03-05,1.097161761052657,1.2354898169300736
2018-03-06,0.263538293199681,1.216437935305741
2018-03-07,-0.0483991825716375,1.1583759165401284
2018-03-08,0.4453148208884627,1.102590998285824
2018-03-09,1.7229546741207586,1.0565812090579931
2018-03-12,-0.1274797337998416,1.1270121025501179
2018-03-13,-0.6383910414314703,1.0741580604881518
2018-03-14,-0.5740969825188785,1.0445373961055715
2018-03-15,-0.078223639909655,1.0135390785891387
2018-03-16,0.1701997947231741,0.9673142601216661
2018-03-19,-1.4306040541373417,0.9239411996933905
2018-03-20,0.1480708661718925,0.9909238033460531
2018-03-21,-0.1845692125629406,0.9457716984864994
2018-03-22,-2.5484886972854417,0.906010738661405
2018-03-23,-2.1189807311750664,1.1717786976224902
2018-03-26,2.679504070603539,1.2949848827087223
2018-03-27,-1.7427285645321902,1.4657850559613788
2018-03-28,-0.2920918899462677,1.4937835620958075
2018-03-29,1.3675777493843446,1.4210446024053303
2018-04-02,-2.259068234349587,1.4064800950872918
2018-04-03,1.2535961315741069,1.5082043095685038
2018-04-04,1.150010234644679,1.4763428030621286
2018-04-05,0.6839421401651201,1.4397402158983332
2018-04-06,-2.2164067057064987,1.3796863233503969
2018-04-09,0.3330994967592829,1.479893731367476
2018-04-10,1.6588598996314068,1.4066740835983707
2018-04-11,-0.5540685772461174,1.421340519573173
2018-04-12,0.8216898697657044,1.3615942782248787
2018-04-13,-0.2890799826706634,1.3137593093618984
2018-04-16,0.8076336801563068,1.2522997252820933
2018-04-17,1.060507161386675,1.2120711911630542
2018-04-18,0.0831020407553266,1.1923357711949152
2018-04-19,-0.574258179583257,1.134043879539529
2018-04-20,-0.8573177188352707,1.096015245320912
2018-04-23,0.0056230111184539,1.0796613175436771
2018-04-24,-1.3470888006475166,1.0284911842423885
2018-04-25,0.1835374232823634,1.0685838749805272
2018-04-26,1.0380144187376954,1.018779637575799
2018-04-27,0.1113005271363814,1.0162854665664485
2018-04-30,-0.8221192548921248,0.9692184274076432
2018-05-01,0.2545802171027392,0.9624215085751165
2018-05-02,-0.7231951201402356,0.9207135273056356
2018-05-03,-0.2256217585064076,0.9107287306650552
2018-05-04,1.2729810028334958,0.8745097003098516
2018-05-07,0.3451980554989958,0.9147766285100458
2018-05-08,-0.0265676611733821,0.8786529873616687
2018-05-09,0.9635647934868784,0.8408231845282456
2018-05-10,0.9327011603848374,0.8512402581267329
2018-05-11,0.1706139270961256,0.8574684334220993
2018-05-14,0.0883099510126558,0.8214905759323836
2018-05-15,-0.6865655043990812,0.7872756289458351
2018-05-16,0.4052339847514407,0.7880230732288657
2018-05-17,-0.08562387886101,0.7635618949836046
2018-05-18,-0.2635665254550315,0.7345415311085152
2018-05-21,0.7359604547933372,0.7129041582532885
2018-05-22,-0.3140688592875189,0.7168855877291012
2018-05-23,0.3243145206898751,0.6989642173428688
2018-05-24,-0.2025262957722551,0.678409805781904
2018-05-25,-0.2360003054185922,0.6589802199208201
2018-05-29,-1.1631572511792223,0.6424580052338161
2018-05-30,1.2615875351923802,0.7225534313513454
2018-05-31,-0.6903333243434208,0.7859750276284019
2018-06-01,1.079079970923988,0.7871908216972223
2018-06-04,0.4469594898352221,0.8168805741178216
2018-06-05,0.0702346269575674,0.7919650761779622
2018-06-06,0.8530900637311971,0.7597472412988252
2018-06-07,-0.0714443621984528,0.7690575465687222
2018-06-08,0.3121028907751347,0.7394060757642056
2018-06-11,0.106813700694032,0.7152216845574605
2018-06-12,0.1741867278703848,0.6886645397020257
2018-06-13,-0.4034254541411456,0.6648882437724977
2018-06-14,0.2468500522503686,0.6566808948442281
2018-06-15,-0.101762031549408,0.637015759311697
2018-06-18,-0.2128391180886516,0.617950849398995
2018-06-19,-0.4031517951391294,0.604008136434723
2018-06-20,0.1710690224112545,0.6019025461661018
2018-06-21,-0.6365728843220269,0.5849021008372208
2018-06-22,0.1860203255133883,0.6055192236915454
2018-06-25,-1.3819722967770651,0.5885158048344591
2018-06-26,0.2202150505696723,0.7185075395884655
2018-06-27,-0.8641586313141116,0.6933689785017587
2018-06-28,0.6159680019031287,0.723896325894854
2018-06-29,0.0758115887517,0.7171218097905456
2018-07-02,0.3063260834293461,0.6902685139602418
2018-07-03,-0.4959629280533677,0.6697722677196114
2018-07-05,0.8583856745537827,0.667544349865378
2018-07-06,0.844551760058016,0.6890737138779741
2018-07-09,0.8784290785341505,0.7062915403670086
2018-07-10,0.3467249318821859,0.7247907284654166
2018-07-11,-0.7119486371916502,0.703000093621884
2018-07-12,0.87109915801719,0.715854092070118
2018-07-13,0.1078655536608647,0.7323565707910392
2018-07-16,-0.1028664620898538,0.7045556005241017
2018-07-17,0.3965824343443431,0.6802451105597209
2018-07-18,0.2158182076737462,0.6642975008085874
2018-07-19,-0.3960826849049506,0.6432332543970601
2018-07-20,-0.0948897771274367,0.6366668199932677
2018-07-23,0.1836362343231518,0.6174745305049675
2018-07-24,0.4769518886053561,0.5994478550423429
2018-07-25,0.9060435070372712,0.5955813621479782
2018-07-26,-0.303690274886736,0.6332437908882805
2018-07-27,-0.6583834644845457,0.6221810537422902
2018-07-30,-0.5770789315587143,0.6400108089401559
2018-07-31,0.4872837219303093,0.647801526963219
2018-08-01,-0.1040893067571133,0.639795370171332
2018-08-02,0.4914349582208699,0.6205614770791278
2018-08-03,0.4633432065347987,0.6155053021287442
2018-08-06,0.3531982650801626,0.6091620486701048
2018-08-07,0.2820201746485767,0.5974549194682619
2018-08-08,-0.0262414393295107,0.5838559590795102
2018-08-09,-0.1442714677039949,0.5677398556820383
2018-08-10,-0.7139312263244473,0.5556827650900664
2018-08-13,-0.4014037665980266,0.5893187997265945
2018-08-14,0.6368930016417421,0.588643482589694
2018-08-15,-0.7631208581378816,0.5984061336659279
2018-08-16,0.788821455263811,0.6312345880494649
2018-08-17,0.3317606375263089,0.6502973296152185
2018-08-20,0.2425074902128281,0.6340607004396941
2018-08-21,0.2066399954627057,0.6161069942087141
2018-08-22,-0.0398231054243505,0.5986926506629023
2018-08-23,-0.1692693923535106,0.5815477153878044
2018-08-24,0.6179705928285333,0.5691295168145455
2018-08-27,0.7641141407110444,0.5795980855422915
2018-08-28,0.0269242077598355,0.6031724861402895
2018-08-29,0.5685242468911669,0.5850349673416572
2018-08-30,-0.4440172044458075,0.5894047622323804
2018-08-31,0.013446846730492,0.5918837654550332
2018-09-04,-0.1655692048879307,0.5747281505694548
2018-09-05,-0.2807062801265972,0.5627815039626105
2018-09-06,-0.3658991036618157,0.5571895974090815
2018-09-07,-0.2215797895014483,0.5574769482111019
2018-09-10,0.1896028214693379,0.5494031803722904
2018-09-11,0.3732865689715426,0.5372324171167583
2018-09-12,0.0356608349893552,0.5334141008492097
2018-09-13,0.5268352159391334,0.5210507542413186
2018-09-14,0.0275443900766355,0.5295889924688999
2018-09-17,-0.5585290991549207,0.5175894403506532
2018-09-18,0.5354652867625239,0.5395299948746015
2018-09-19,0.1252488033171986,0.5465425452900722
2018-09-20,0.7810014185329059,0.5334691153983444
2018-09-21,-0.0368600937007048,0.5659018218687393
2018-09-24,-0.3521882314013849,0.5514324535779204
2018-09-25,-0.1305948493117946,0.5514030510057852
2018-09-26,-0.3294699681159941,0.5403621587379865
2018-09-27,0.2759476228511396,0.5400125004861117
2018-09-28,-0.0006870144138179,0.5313592450944343
2018-10-01,0.3634492342198501,0.5194055955703667
2018-10-02,-0.0396768910279079,0.5168703821893157
2018-10-03,0.0711266736718371,0.5067153368278172
2018-10-04,-0.8203035421009814,0.49670747493039236
2018-10-05,-0.5543314584622145,0.5549698092831994
2018-10-08,-0.0395194708349697,0.5713060413511165
2018-10-09,-0.1418909834154297,0.5564221206937868
2018-10-10,-3.341638904260208,0.5452946621415481
2018-10-11,-2.078757997254153,1.1592264411282438
2018-10-12,1.4106235408376289,1.2786498548113154
2018-10-15,-0.5922482291300049,1.2828885026447623
2018-10-16,2.126782803490127,1.2346300238651289
2018-10-17,-0.0252694262664882,1.3316285051092602
2018-10-18,-1.4496490575341183,1.2649908167475918
2018-10-19,-0.0361235135279379,1.2857670359101858
2018-10-22,-0.4308797096477867,1.2219969853642372
2018-10-23,-0.5527076180694164,1.1710894024501304
2018-10-24,-3.135077386114084,1.1291538174264704
2018-10-25,1.8453717978714168,1.4459785328293193
2018-10-26,-1.7479138010003177,1.475995828059125
2018-10-29,-0.658120829519397,1.5032980168740444
2018-10-30,1.5545322971877482,1.4423658664915704
2018-10-31,1.0792878754571094,1.4426015859867063
2018-11-01,1.0502498868529206,1.4039827391389352
2018-11-02,-0.6336721055879746,1.366632419290185
2018-11-05,0.5584693697194117,1.3142857308739995
2018-11-06,0.6239787744408636,1.2578443991967732
2018-11-07,2.0987078560774024,1.2079482461914468
2018-11-08,-0.2512068988491457,1.3055447352147123
2018-11-09,-0.9241585915372432,1.2437052287658443
2018-11-12,-1.989815098546749,1.218841914817685
2018-11-13,-0.1483018822173893,1.314247086794893
2018-11-14,-0.7596188818450545,1.2499387912551692
2018-11-15,1.053803274264194,1.2133944214258372
2018-11-16,0.2220837537483982,1.1930168594978279
2018-11-19,-1.6783161235721438,1.1358004892779743
2018-11-20,-1.831799555658597,1.2019012634183481
2018-11-21,0.3038669310767201,1.278093631124979
2018-11-23,-0.6576419711855616,1.21686527602129
2018-11-26,1.5412975845366428,1.1769591913900719
2018-11-27,0.3256384364612641,1.2071612859828518
2018-11-28,2.271405130311378,1.1508838124696024
2018-11-29,-0.2185494545393453,1.2853499083387578
2018-11-30,0.8137547716617559,1.2240871165733909
2018-12-03,1.0882001794362437,1.1864394607395417
2018-12-04,-3.290022883855611,1.1713329445994616
2018-12-06,-0.1523387914144285,1.5068436706437016
2018-12-07,-2.359633545632224,1.4308178523274966
2018-12-10,0.1760603222916321,1.5427338572445866
2018-12-11,-0.0356409675305666,1.4636856713794488
2018-12-12,0.5404871010351243,1.3891350615403333
2018-12-13,-0.0199950312415038,1.327048974078108
2018-12-14,-1.927121226869981,1.2606607042536961
2018-12-17,-2.0992284828576646,1.340348725452463
2018-12-18,0.0086396853789103,1.430708462472886
2018-12-19,-1.55154591759368,1.3579376785386166
2018-12-20,-1.5897809484103955,1.3783502513043708
2018-12-21,-2.080312049854063,1.4003970394760887
2018-12-24,-2.748657287831441,1.4786119938597069
2018-12-26,4.840317767080504,1.640372357324345
2018-12-27,0.8526228968816992,2.127764707319147
2018-12-28,-0.1242353910231272,2.028688055882572
2018-12-31,0.8456625862206875,1.9215325396659109
2019-01-02,0.1267693062626164,1.8356236257704206
2019-01-03,-2.506833181891511,1.739042824644034
2019-01-04,3.375939906034647,1.8218340370598034
2019-01-07,0.6985975995229761,1.9987144113281636
2019-01-08,0.9648587336497392,1.9026297617464802
2019-01-09,0.408967133282216,1.8231055123304858
2019-01-10,0.4508241374462229,1.7304767478279042
2019-01-11,-0.0146308544482466,1.6443183168552424
2019-01-14,-0.5271394587249489,1.5589288846042721
2019-01-15,1.0664618879761,1.4889010499581186
2019-01-16,0.2219520529088364,1.4456317484352315
2019-01-17,0.7562730706235749,1.3728513605982404
2019-01-18,1.309691283985578,1.3208209362122147
2019-01-22,-1.425847682797247,1.3112301175156602
2019-01-23,0.2200489919450871,1.3239865280907641
2019-01-24,0.1374780110977555,1.2586034384140499
2019-01-25,0.8452867700518018,1.196464961202841
2019-01-28,-0.7877775848708899,1.1629672449201367
2019-01-29,-0.1457307935114838,1.1355127202021946
2019-01-30,1.5429609891560043,1.0824106252337935
2019-01-31,0.8560648809767757,1.1256598571814578
2019-02-01,0.0898206584807114,1.0988114880910267
2019-02-04,0.6753381117479677,1.0463868754848724
2019-02-05,0.4697370437350199,1.0149247598732116
2019-02-06,-0.2226915717508786,0.975993985490201
2019-02-07,-0.9401193202230232,0.9351343351679702
2019-02-08,0.06759725660127,0.942680295932045
2019-02-11,0.0708851803818394,0.90025179023436
2019-02-12,1.2807852902838603,0.8606404975081694
2019-02-13,0.3019431593710975,0.9039380234514596
2019-02-14,-0.2655163383698621,0.8673483732651004
2019-02-15,1.082000466495754,0.8355519393620251
2019-02-19,0.1497621326592005,0.8589883453130766
2019-02-20,0.177553356074094,0.8226569111051065
2019-02-21,-0.3532669325841389,0.789189663595685
2019-02-22,0.6390638694710404,0.7671352221518672
2019-02-25,0.123110444975171,0.7577749510378952
2019-02-26,-0.0790769672840298,0.7282616761924995
2019-02-27,-0.0544197436298073,0.7017156211334573
2019-02-28,-0.2829507598950442,0.6767515816026035
2019-03-01,0.6871656588713029,0.660783174736978
2019-03-04,-0.3888107395255168,0.6664353042545579
2019-03-05,-0.1132173489706859,0.6571590154914192
2019-03-06,-0.6545473604125029,0.636757601716748
2019-03-07,-0.8158911138331157,0.6522918246732156
2019-03-08,-0.2133964131453649,0.6832074172243398
2019-03-11,1.4559535563489443,0.6637815813132963
2019-03-12,0.2948965727805163,0.7692668264765041
2019-03-13,0.6925546757019283,0.7422546363419367
2019-03-14,-0.0868399331596182,0.7394243827212067
2019-03-15,0.497251940843072,0.7121911965622636
2019-03-18,0.3699096798908033,0.6987629993374228
2019-03-19,-0.0130570079926759,0.6800398374755519
2019-03-20,-0.2948696740769673,0.6562075503019845
2019-03-21,1.0794015494689355,0.6426150821257697
2019-03-22,-1.9156827134273255,0.6949322342781111
2019-03-25,-0.0839372833310059,0.897410242403967
2019-03-26,0.7157052947934055,0.8589835218679139
2019-03-27,-0.465514327659887,0.8463312331921902
2019-03-28,0.3583054715261726,0.8254921844880865
2019-03-29,0.6711706043324668,0.7963212608934137
2019-04-01,1.1502195518044496,0.7864411254368245
2019-04-02,0.0017455554858152,0.8247055045533548
2019-04-03,0.2146072420089187,0.7903530979489433
2019-04-04,0.2082465242994273,0.7598066542637807
2019-04-05,0.4625717623099122,0.7313518376185647
2019-04-08,0.1046911750523666,0.7142992194173405
2019-04-09,-0.6085976435669539,0.687794963578309
2019-04-10,0.3471837754499924,0.6928220721681103
2019-04-11,0.0038122340342693,0.6736481379110671
2019-04-12,0.6587578389545727,0.6501606279620762
2019-04-15,-0.0629567244357108,0.6545778579162956
2019-04-16,0.0509228325139962,0.6333486298853029
2019-04-17,-0.2276400820738859,0.6127737310700324
2019-04-18,0.1577846824249674,0.5999057273612374
2019-04-22,0.1011505816932909,0.5828361260326731
2019-04-23,0.8802351174995391,0.5664742555355312
2019-04-24,-0.2194168603036236,0.6056662029089396
2019-04-25,-0.0369041740272857,0.5930779494863563
2019-04-26,0.4674350323304823,0.5763493586842957
2019-04-29,0.1070948504233886,0.5742413012675154
2019-04-30,0.0950964698791445,0.5586377438287868
2019-05-01,-0.753044585029134,0.5442426479428207
2019-05-02,-0.2126244648682788,0.5845819361388142
2019-05-03,0.959212747891747,0.5735985357899909
2019-05-06,-0.4481013189072523,0.6218303600504582
2019-05-07,-1.6649488088905522,0.6210810232794611
2019-05-08,-0.1606715389419968,0.7959506348989406
2019-05-09,-0.3025998661928289,0.7661945216710077
2019-05-10,0.3713394069918638,0.7436601167741949
2019-05-13,-2.4426469138497504,0.721328460557296
2019-05-14,0.7983987523216094,1.0272634199705857
2019-05-15,0.5821994327723055,1.0050752303851072
2019-05-16,0.8855957116499086,0.9719038675635584
2019-05-17,-0.5854437174043804,0.961299162073197
2019-05-20,-0.6772257975405369,0.9378839739233991
2019-05-21,0.8459949093190606,0.9227790334734043
2019-05-22,-0.2828392363899436,0.9138571022343773
2019-05-23,-1.198569224128196,0.8792609975067508
2019-05-24,0.1352643772037317,0.9228317064214586
2019-05-28,-0.8410950000260243,0.8820525753285339
2019-05-29,-0.693591016723137,0.8862168641027417
2019-05-30,0.2096272674997037,0.8773049733528834
2019-05-31,-1.328320525045296,0.8405532119194862
2019-06-03,-0.2769070654307939,0.9075681896830524
2019-06-04,2.1205927081077776,0.8732218617057417
2019-06-05,0.8128726978813691,1.044619463561024
2019-06-06,0.6116840676004416,1.0218915899297094
2019-06-07,1.0442979247260027,0.9889174681395196
2019-06-10,0.4649220074765499,0.9901968219382528
2019-06-11,-0.0349941457951285,0.9528702159907677
2019-06-12,-0.2039657827237423,0.9101574049480938
2019-06-13,0.4089010502850191,0.8733670000447014
2019-06-14,-0.161281178615296,0.842475500754623
2019-06-17,0.0931315432352843,0.8093735503202545
2019-06-18,0.9670489592970688,0.7760192010969201
2019-06-19,0.2980716793023842,0.7948055790824657
2019-06-20,0.942760533587314,0.765977161025008
2019-06-21,-0.1260016279727998,0.7834986924298921
2019-06-24,-0.1733388460587026,0.7538249553970365
2019-06-25,-0.9541775640387554,0.7275457341683722
2019-06-26,-0.1234695678803998,0.7637422275708013
2019-06-27,0.3815885792590847,0.7354572519663318
2019-06-28,0.5740941840599626,0.7142126146634517
2019-07-01,0.7643018610953927,0.70545314720582
2019-07-02,0.2923847276988696,0.7128333522896688
2019-07-03,0.7643095660684157,0.6900798883399014
2019-07-05,-0.1807534204548664,0.6992796430156297
2019-07-08,-0.4847173010123794,0.6774396048983101
2019-07-09,0.123579305845389,0.6735766199740092
2019-07-10,0.4500546936082613,0.6502690774709385
2019-07-11,0.2282619578948549,0.6398045023461945
2019-07-12,0.4609534302066538,0.620997908411279
2019-07-15,0.0175853728384132,0.6139689115616541
2019-07-16,-0.3409584555010327,0.5950152742550883
2019-07-17,-0.6552665466093183,0.5897421592282791
2019-07-18,0.3575597708819082,0.6116635526059939
2019-07-19,-0.6195889464844692,0.5999328410311917
2019-07-22,0.2824701686250326,0.616774984384586
2019-07-23,0.682414513927642,0.601528055013288
2019-07-24,0.4677192813475714,0.6138822283618582
2019-07-25,-0.5276296483599537,0.6079721954800635
2019-07-26,0.7360535770783042,0.6151916554830713
2019-07-29,-0.1617421929057436,0.630998572024241
2019-07-30,-0.2581985372044371,0.6140850907383545
2019-07-31,-1.094520695213996,0.60248580170044
2019-08-01,-0.9039527568806016,0.6802566223076532
2019-08-02,-0.7309388539565105,0.7175123992893044
2019-08-05,-3.023018216969477,0.7304434673161901
2019-08-06,1.2933023911166612,1.1682252672945777
2019-08-07,0.0766582333858876,1.173328399400344
2019-08-08,1.8588462466865088,1.1162024582095946
2019-08-09,-0.6638593133657111,1.1954895802394756
2019-08-12,-1.2393809115915355,1.1576032163800338
2019-08-13,1.5018346267301863,1.169181490934126
2019-08-14,-2.973035245453567,1.1959485817069493
2019-08-15,0.2461236698180242,1.461751419908503
2019-08-16,1.4323058172245002,1.3882855674037702
2019-08-19,1.2033175564397505,1.3827958146981119
2019-08-20,-0.7946215312115467,1.3584009409649558
2019-08-21,0.8212979557352937,1.315323518793273
2019-08-22,-0.050620295927854,1.2709846766401316
2019-08-23,-2.6288881122837853,1.208228340189503
2019-08-26,1.092311273079789,1.4079154965496434
2019-08-27,-0.3208321800556238,1.3731101481364059
2019-08-28,0.6524151530562512,1.308671353792287
2019-08-29,1.2607482441094398,1.2564160553145676
2019-08-30,0.0642580759876775,1.2490552095194372
2019-09-03,-0.6923009332685417,1.1872349831489146
2019-09-04,1.0783725278421428,1.1516629453766505
2019-09-05,1.292591292175976,1.1391290209471978
2019-09-06,0.0910190804376786,1.1474500284816
2019-09-09,-0.0094014678899926,1.0919738428696106
2019-09-10,0.0322252425931015,1.0400971011958429
2019-09-11,0.7203672326387199,0.9913640027362004
2019-09-12,0.2875016278233316,0.9671516365567355
2019-09-13,-0.072467687696605,0.9258376017577298
2019-09-16,-0.314051291635599,0.8853337047642311
2019-09-17,0.2578425372461985,0.8540120138307694
2019-09-18,0.034263328426719,0.8198485106166342
2019-09-19,0.0019974521929475,0.7856970822590726
2019-09-20,-0.4907599104880387,0.7540627147792368
2019-09-23,-0.0096940617827513,0.7430783160855802
2019-09-24,-0.845198896355148,0.7145665163706549
2019-09-25,0.6139685241963904,0.7399208907084658
2019-09-26,-0.243187100961319,0.7314263464613205
2019-09-27,-0.5330534579128577,0.7092299735204219
2019-09-30,0.5034910215248393,0.7057178326059458
2019-10-01,-1.2334126945412849,0.6932490435914724
2019-10-02,-1.8065404187643832,0.7738201082286218
2019-10-03,0.7940304773866788,0.9328729460115602
2019-10-04,1.4116785239259273,0.918973567980102
2019-10-07,-0.448835227368152,0.9699851148640194
2019-10-08,-1.5683159552109929,0.9382136003016924
2019-10-09,0.9063296514845924,1.0222560471398934
2019-10-10,0.6395202411782605,1.0084118075621393
2019-10-11,1.0879579673789057,0.9779944138088356
2019-10-14,-0.138808167321898,0.9846122792396602
2019-10-15,0.9906445376489172,0.9412414773701449
2019-10-16,-0.2001544553193733,0.9427984697119641
2019-10-17,0.2759021969775287,0.9036320702544316
2019-10-18,-0.3927045709799847,0.8664125868169957
2019-10-21,0.6848114105333746,0.8400330058053718
2019-10-22,-0.3575049258376838,0.8269659069769798
2019-10-23,0.2843103345830729,0.8020498628830837
2019-10-24,0.1918604659171353,0.7722947878543565
2019-10-25,0.4064429510656049,0.7426324684055405
2019-10-28,0.55658199161177,0.7218864334729518
2019-10-29,-0.0832751956480766,0.711228345837388
2019-10-30,0.324808940085731,0.6860273943290077
2019-10-31,-0.302743863453909,0.666542798682106
2019-11-01,0.9615930559647514,0.6524273134111797
2019-11-04,0.3697245805312427,0.6879640702726224
2019-11-05,-0.1186402711820663,0.6701366292775908
2019-11-06,0.0702250592289623,0.64884274862417
2019-11-07,0.2726375244280665,0.627089495077864
2019-11-08,0.2557403145115828,0.6106362257215528
2019-11-11,-0.1964395413337192,0.595022986521783
2019-11-12,0.1563423301263032,0.5824388066520378
2019-11-13,0.0711281570116295,0.5667852668699694
2019-11-14,0.0836692614456759,0.5515882305408567
2019-11-15,0.7666028777973181,0.5377190744125915
2019-11-18,0.0503026322809636,0.5678001303770356
2019-11-19,-0.0592770099692526,0.5524932693977948
2019-11-20,-0.3763256420941067,0.5395530897214574
2019-11-21,-0.1584006086189507,0.54252970724108
2019-11-22,0.2172573942375937,0.5332392864947116
2019-11-25,0.7479251887467208,0.5232301900109811
2019-11-26,0.2193163644940227,0.5534099716550593
2019-11-27,0.4165735625299744,0.5416522659297907
2019-11-29,-0.4019286229989053,0.5399132935924247
2019-12-02,-0.8668483693963605,0.5447669823755403
2019-12-03,-0.6660225258045148,0.6002767605025212
2019-12-04,0.6303657608769992,0.6218766873500309
2019-12-05,0.149912692663027,0.6271235728782794
2019-12-06,0.9094246030426012,0.6077401215638807
2019-12-09,-0.3167833684474369,0.6438808853340388
2019-12-10,-0.1097536168984129,0.6325390607444084
2019-12-11,0.290393752935077,0.6140251294891412
2019-12-12,0.8538667375555057,0.5992965520265587
2019-12-13,0.0072579150214686,0.6300945720758026
2019-12-16,0.7122360942542787,0.60993366955792
2019-12-17,0.0335236028460926,0.6240763721614954
2019-12-18,-0.0432393640522742,0.6042562039534213
2019-12-19,0.4449378821864254,0.5867098103024927
2019-12-20,0.4932595804334098,0.5820956854332279
2019-12-23,0.086576871429851,0.5811382763858579
2019-12-24,-0.019546730246814,0.5648197812176977
2019-12-26,0.5115062410053991,0.5502055251667439
2019-12-27,0.003398413965793,0.5540888291571122
2019-12-30,-0.5797596079349905,0.5401428472957476
2019-12-31,0.2941690644190718,0.5610780944054286
2020-01-02,0.8343895362316707,0.5511928350836308
2020-01-03,-0.7084909364954552,0.5872045729986417
2020-01-06,0.3527145194272564,0.6153632085950218
2020-01-07,-0.280717508459484,0.6030757232158077
2020-01-08,0.4890473485641129,0.5936096147114651
2020-01-09,0.6633214116906491,0.591150966074736
2020-01-10,-0.2859262487504901,0.6030192553481022
2020-01-13,0.6951994045933256,0.5938303454479131
2020-01-14,-0.151568083689572,0.6083893172194419
2020-01-15,0.1868450243687962,0.5930490756551478
2020-01-16,0.8331747422232019,0.577093133330003
2020-01-17,0.3854723247485144,0.6088565837862323
2020-01-21,-0.2655500369585384,0.5987465769431466
2020-01-22,0.0289034296681074,0.5889132818334456
2020-01-23,0.114032619335824,0.5719191019261163
2020-01-24,-0.9083289426193788,0.5565739311626761
2020-01-27,-1.5855752356844035,0.6157261984792575
2020-01-28,1.0003383500352516,0.7765957755219641
2020-01-29,-0.0867250143584631,0.7988838940340888
2020-01-30,0.312945693021106,0.7673440573924389
2020-01-31,-1.7864443571362951,0.7410387161142095
2020-02-03,0.7228425761232584,0.9050438510501844
2020-02-04,1.486931591750606,0.8886175814358902
2020-02-05,1.1187778658972936,0.954596473515798
2020-02-06,0.3320155057001924,0.9669932172794563
2020-02-07,-0.5415491009458352,0.9268239239841094
2020-02-10,0.7299690120573207,0.9036412917866465
2020-02-11,0.1687048686002117,0.8878405663957567
2020-02-12,0.6441853105203067,0.8497637234521971
2020-02-13,-0.1631776359988659,0.8330499437038621
2020-02-14,0.1841836098485414,0.8006691564682518
2020-02-18,-0.2924213986147713,0.768850863352757
2020-02-19,0.4694748284284925,0.7456612888384659
2020-02-20,-0.3822817427997528,0.7277388343126049
2020-02-21,-1.0573809232819775,0.7124476484805496
2020-02-24,-3.408807942044074,0.7642172497025768
2020-02-25,-3.0747904375353223,1.2813926607919581
2020-02-26,-0.3785697323530029,1.543764260756548
2020-02-27,-4.516813635226115,1.4700351089768857
2020-02-28,-0.8272463109653078,1.9667387490477357
2020-03-02,4.50108687694132,1.8814734840232143
2020-03-03,-2.851048492291458,2.2353074871869594
2020-03-04,4.133634936063314,2.291692371904168
2020-03-05,-3.451078243998112,2.497094358507261
2020-03-06,-1.720094365238617,2.59057741581782
2020-03-09,-7.901041294037148,2.5088856015493057
2020-03-10,4.821505242585911,3.3848423191456765
2020-03-11,-5.01028928086054,3.5116723049427194
2020-03-12,-9.994485240247352,3.6578259698235858
2020-03-13,8.880840694923595,4.6094564539067235
2020-03-16,-12.765219747281742,5.113294264110353
2020-03-17,5.822631263569171,6.202262254014528
2020-03-18,-5.322227233208024,6.115631923914585
2020-03-19,0.4696760970401053,6.003762546231561
2020-03-20,-4.432762405336681,5.6737770218883785
2020-03-23,-2.973150100957679,5.530852543031443
2020-03-24,8.968323251796326,5.305874162846748
2020-03-25,1.1468990420822227,5.696421621386184
2020-03-26,6.054383107424656,5.392372734988692
2020-03-27,-3.4267845541626296,5.410570783844442
2020-03-30,3.296659056997479,5.220138434523288
2020-03-31,-1.6142310788415843,5.029622492729834
2020-04-01,-4.514636273278691,4.779407591757956
2020-04-02,2.257265705696037,4.724163107122231
2020-04-03,-1.52528608259443,4.513947378240273
2020-04-06,6.796824414483035,4.292491528434499
2020-04-07,-0.1604339048362459,4.543311040395302
2020-04-08,3.3489371191284687,4.29389964663748
2020-04-09,1.438347030369934,4.17930370883696
2020-04-13,-1.015605944467711,3.972053076671699
2020-04-14,3.0114559572307567,3.7681092315074474
2020-04-15,-2.227673267236925,3.6729430990537213
2020-04-16,0.5799837839541289,3.54009631749488
2020-04-17,2.6440932021320576,3.350221429964386
2020-04-20,-1.8042845615347771,3.2632813721356073
2020-04-21,-3.115511523633067,3.136225146903497
2020-04-22,2.267130058213675,3.1172335235528474
2020-04-23,-0.0539567660195596,3.022906167765648
2020-04-24,1.3822090566839216,2.858536950672877
2020-04-27,1.4606868181735997,2.7331694795780113
2020-04-28,-0.5256170190483643,2.6200298209378934
2020-04-29,2.623670404507307,2.484508323400658
2020-04-30,-0.9255143319054838,2.4764502904538284
2020-05-01,-2.846021101477596,2.3616274844157825
2020-05-04,0.4240822578849401,2.4015066224970987
2020-05-05,0.8999935197779801,2.2749900506484306
2020-05-06,-0.7003880399042588,2.1681902390059875
2020-05-07,1.1438955754890805,2.06495020875593
2020-05-08,1.6730795065226245,1.9827441609335967
2020-05-11,0.0133069366790764,1.9407258876842992
2020-05-12,-2.0713365772047605,1.8379403353908785
2020-05-13,-1.7616996624280044,1.8565810669788818
2020-05-14,1.1458917804071491,1.8428377681868684
2020-05-15,0.3918675203723029,1.776880939781692
2020-05-18,3.1015208770073426,1.686711134483967
2020-05-19,-1.0539747711599283,1.8468857111996229
2020-05-20,1.65139906134157,1.7814725948087926
2020-05-21,-0.7803968309953686,1.7561510191907397
2020-05-22,0.2350945686812366,1.6831809009599163
2020-05-26,1.2214285021460518,1.5963214503317478
2020-05-27,1.4718447490314346,1.5545540288891677
2020-05-28,-0.2110139324919548,1.5358520068175698
2020-05-29,0.4800793552307952,1.4589463113482466
2020-06-01,0.3744216478364391,1.390455161456337
2020-06-02,0.8177307282398658,1.323624054798247
2020-06-03,1.355667081256392,1.2784527823877003
2020-06-04,-0.3374389083608904,1.277458709099467
2020-06-05,2.587401282163581,1.2196717966576798
2020-06-08,1.1969656405806002,1.3913367635239642
2020-06-09,-0.7829743419721977,1.3656686702672227
2020-06-10,-0.5327255735182077,1.3213376182645955
2020-06-11,-6.075269299628893,1.2676337748207116
2020-06-12,1.297628660521173,2.2154902579157536
2020-06-15,0.827786081817526,2.130540053425646
2020-06-16,1.8784852866710529,2.0303994000625796
2020-06-17,-0.3606796232629414,2.0005418508475197
2020-06-18,0.0594043403801757,1.8984168881141021
2020-06-19,-0.5665513565673728,1.7980449577370614
2020-06-22,0.6474093296658384,1.713863040016172
2020-06-23,0.4298169191483789,1.6342182822840834
2020-06-24,-2.61952655956623,1.5534903352749467
2020-06-25,1.089982772821816,1.6817563004277685
2020-06-26,-2.4525204274831163,1.624754357264035
2020-06-29,1.457888811353358,1.7177796633698725
2020-06-30,1.529234943575556,1.6827790617266178
2020-07-01,0.5009563975870565,1.6566452107048393
2020-07-02,0.4530970476816914,1.5762527300599667
2020-07-06,1.575693083216329,1.4996554763656045
2020-07-07,-1.0877477869643568,1.495780642942352
2020-07-08,0.7796986263430269,1.4606734866068034
2020-07-09,-0.5659591476194623,1.4034460843208822
2020-07-10,1.0411809774443004,1.3454310164428471
2020-07-13,-0.9406645216058874,1.312404083486353
2020-07-14,1.331730058290395,1.2826677227503782
2020-07-15,0.9041056936355047,1.2790019570605011
2020-07-16,-0.3411915214115237,1.2424452646334099
2020-07-17,0.284456258758356,1.1870781501811183
2020-07-20,0.8371797255140334,1.1312502674017
2020-07-21,0.1677629334560068,1.1026720034956043
2020-07-22,0.5730630594473862,1.0505187220718488
2020-07-23,-1.239637841224685,1.0134374342626566
2020-07-24,-0.6209640024276134,1.0429805699927646
2020-07-27,0.7367928821482372,1.0148782818771052
2020-07-28,-0.6494435418646306,0.9897029623458835
2020-07-29,1.2351783351742582,0.9679720253431137
2020-07-30,-0.3757301763454851,0.9910064411753078
2020-07-31,0.7641236242176269,0.9543349288926851
2020-08-03,0.7155362664358673,0.9362973751937892
2020-08-04,0.3605423026133557,0.9165633171671027
2020-08-05,0.6409160435517922,0.8807929141258813
2020-08-06,0.6407126020664802,0.8611183628317494
2020-08-07,0.0632829269956669,0.843164998017951
2020-08-10,0.2738465273391921,0.8073966750611388
2020-08-11,-0.8001055401377297,0.7769697306775807
2020-08-12,1.3899502293613537,0.7894620984314741
2020-08-13,-0.2049272676156681,0.8591156998043412
2020-08-14,-0.0171897396279029,0.8259825674544379
2020-08-17,0.2706177507423455,0.7916765644172452
2020-08-18,0.2300740419816847,0.7623155776137085
2020-08-19,-0.4414123345182018,0.7341312049234122
2020-08-20,0.3153654768346133,0.7217915138542015
2020-08-21,0.3435199982972466,0.6990962683929126
2020-08-24,0.9993615364903508,0.679261600717512
2020-08-25,0.3589899745540117,0.7152772568470231
2020-08-26,1.0144001344841498,0.6947392089083735
2020-08-27,0.1671646031809138,0.7302288109316435
2020-08-28,0.6710002849570254,0.7032356346796484
2020-08-31,-0.2197375175508541,0.7028055807024488
2020-09-01,0.7496831420705943,0.6820228974019985
2020-09-02,1.5249050143869731,0.6908217570362774
2020-09-03,-3.5757594142185303,0.8016796980474644
2020-09-04,-0.8166280754275103,1.3428603231832779
2020-09-08,-2.8148829086466787,1.302345407116794
2020-09-09,1.9944760662180383,1.5126321125422713
2020-09-10,-1.7741245925395586,1.5510422692392827
2020-09-11,0.0532930158087349,1.5720467214162752
2020-09-14,1.266133502502299,1.4907877932974163
2020-09-15,0.5205785930499657,1.4614284252904273
2020-09-16,-0.4629646892151834,1.3939743792114854
2020-09-17,-0.8447949528552456,1.3325835998878535
2020-09-18,-1.1245576947828506,1.2946651721406908
2020-09-21,-1.1638564027297718,1.2809139587427198
2020-09-22,1.0463016398376153,1.2719301700566061
2020-09-23,-2.400733891437413,1.245674577473845
2020-09-24,0.298300555462905,1.3986930627598928
2020-09-25,1.5850439224188495,1.329855096554731
2020-09-28,1.59821918538544,1.3458627276875441
2020-09-29,-0.4824282704443997,1.3613560574256438
2020-09-30,0.8219842568379611,1.3028743230899236
2020-10-01,0.5278949564295078,1.259531469269478
2020-10-02,-0.962381286637086,1.2056888358473519
2020-10-05,1.781310900290093,1.1872290012496742
2020-10-06,-1.4072064387523204,1.2449665046711642
2020-10-07,1.7247163770241565,1.2636372118325814
2020-10-08,0.7978212894869287,1.3035746435005107
2020-10-09,0.8755095180752878,1.258841960647716
2020-10-12,1.6282530158324222,1.22213812377675
2020-10-13,-0.6326891629163268,1.2563644994903997
2020-10-14,-0.6645172084059406,1.2120974207580806
2020-10-15,-0.1528923514213078,1.1729471893048766
2020-10-16,0.0134910456630455,1.1175764740363363
2020-10-19,-1.6464663514942677,1.063980975642519
2020-10-20,0.4716195320001127,1.1373462195387494
2020-10-21,-0.2198114011570277,1.089853108503452
2020-10-22,0.5205354003491341,1.04124027719633
2020-10-23,0.3439838320389479,1.00248149065204
2020-10-26,-1.8764472985322007,0.960200927984173
2020-10-27,-0.3030205350445511,1.0876459403720147
2020-10-28,-3.592554210857772,1.0414968501443878
2020-10-29,1.1876524939997442,1.4862297360397179
2020-10-30,-1.2203713445259965,1.4514521228270065
2020-11-02,1.2242950890591666,1.4305551114137007
2020-11-03,1.7642737684077832,1.4034274269047224
2020-11-04,2.18075256550917,1.4297713637007121
2020-11-05,1.927326577670128,1.5026538309443431
2020-11-06,-0.0287756585373819,1.5347020112021417
2020-11-09,1.1631974746344154,1.45587101925316
2020-11-10,-0.1400775220867666,1.4219618561032084
2020-11-11,0.7622728362991461,1.350923859742532
2020-11-12,-1.002865154706935,1.300793055984524
2020-11-13,1.3518546706294008,1.2766772822945938
2020-11-16,1.1580734922832605,1.2755158692037742
2020-11-17,-0.4803443784647531,1.257550727970644
2020-11-18,-1.1631210647481314,1.2061243430562432
2020-11-19,0.3938675690732779,1.204863100673856
2020-11-20,-0.6815737372918576,1.1504068039619468
2020-11-23,0.5620108181849692,1.1171652786528536
2020-11-24,1.6032458814031776,1.0746623046526576
2020-11-25,-0.1585674755509406,1.1265272852973574
2020-11-27,0.2394111025901136,1.0742275788893065
2020-11-30,-0.4606140636972006,1.0248546748494782
2020-12-01,1.1208140661592922,0.9894438622162453
2020-12-02,0.1789564528604284,0.9979553974706762
2020-12-03,-0.0624352080294229,0.952673638709589
2020-12-04,0.8797463715186881,0.9102571835980363
2020-12-07,-0.1937513438963252,0.9053652953044905
2020-12-08,0.2783271170170473,0.8686389370081788
2020-12-09,-0.7980964948471709,0.8339310833729354
2020-12-10,-0.1285934527771722,0.839523214263751
2020-12-11,-0.1265798084232835,0.8058919480363017
2020-12-14,-0.4368788245146958,0.7746126394901786
2020-12-15,1.2838482022218645,0.7583283020936046
2020-12-16,0.1771225620323064,0.8185466854129728
2020-12-17,0.5741142808983284,0.7853611997839388
2020-12-18,-0.3517296952148704,0.7699696543928509
2020-12-21,-0.3913928486909485,0.7494304999680479
2020-12-22,-0.207524469177036,0.7327393545040517
2020-12-23,0.0745533271818688,0.7091489879544934
2020-12-24,0.3530349979486952,0.6828765816398191
2020-12-28,0.8684707538411499,0.664766746227668
2020-12-29,-0.2229864827278697,0.6877680128099742
2020-12-30,0.1340648095079215,0.668329014769825
2020-12-31,0.6418204711703793,0.6455331328270996
2021-01-04,-1.4864762712025787,0.6490468982700779
2021-01-05,0.7057631383362026,0.782115256586191
2021-01-06,0.5693603382474094,0.7762270902894978
2021-01-07,1.4738260107752972,0.7613633091908945
2021-01-08,0.5476837393515369,0.8488149363705367
2021-01-11,-0.6576327616621317,0.8263755623358989
2021-01-12,0.0415702030569564,0.8206132775551224
2021-01-13,0.2273056386726107,0.7863958043014179
2021-01-14,-0.3760513068743101,0.7563934381238121
2021-01-15,-0.7216000798278505,0.7382592787653718
2021-01-19,0.8103457635761656,0.7477653852051112
2021-01-20,1.3839417376510863,0.754460262535703
2021-01-21,0.0316673161313549,0.8296940218925059
2021-01-22,-0.301515266293771,0.7948703864310602
2021-01-25,0.3609317513017465,0.7699980487220847
2021-01-26,-0.1489943161153501,0.7451732199592498
2021-01-27,-2.601331512610035,0.7188816406349754
2021-01-28,0.9713298778760396,1.061770686883476
2021-01-29,-1.9500377654792,1.049265601726661
2021-02-01,1.5924300234678626,1.1701659212661832
2021-02-02,1.3802528814310624,1.2071697968374984
2021-02-03,0.100826061534478,1.2164597990478077
2021-02-04,1.0794847643921974,1.1567302323460604
2021-02-05,0.3889919607763825,1.1437922863901073
2021-02-08,0.7372107476289037,1.093236289844718
2021-02-09,-0.1114145421721174,1.061573799317578
2021-02-10,-0.0345244522391567,1.0126850857339398
2021-02-11,0.1661074814587707,0.9660590213938319
2021-02-12,0.4699970926162607,0.9227219247719559
2021-02-16,-0.0569434515415466,0.8906140460345979
2021-02-17,-0.032045334891695,0.8522886532522853
2021-02-18,-0.4425614227243303,0.816304499181022
2021-02-19,-0.1856619095664925,0.7967140876487561
2021-02-22,-0.7762892893710862,0.7675813535550303
2021-02-23,0.1255529611526533,0.7788604213515185
2021-02-24,1.1287667670985946,0.7478660738510357
2021-02-25,-2.478339442417185,0.7893329314917411
2021-02-26,-0.4761532293798777,1.078629242772602
2021-03-01,2.351217322569352,1.0399076183744385
2021-03-02,-0.8113678739508761,1.2117715261332571
2021-03-03,-1.315233589480116,1.181732927317697
2021-03-04,-1.3508038064390469,1.1983016560600956
2021-03-05,1.9308356338709187,1.2166292558042562
2021-03-08,-0.537364322402543,1.289423666264212
2021-03-09,1.4055400743930568,1.2381692423406017
2021-03-10,0.6012203770988197,1.2464507525702069
2021-03-11,1.0341825500657609,1.1963862524652882
2021-03-12,0.101488332753085,1.176071917241478
2021-03-15,0.6470939539413049,1.1188483062468617
2021-03-16,-0.157091697859591,1.0802263430703996
2021-03-17,0.2875244650159259,1.0308981076125143
2021-03-18,-1.4870560065947798,0.9852968477570656
2021-03-19,-0.0602885673755023,1.0498358395607403
2021-03-22,0.7000556898342752,1.0010541716359618
2021-03-23,-0.7660118119334028,0.974757058383998
2021-03-24,-0.5482336600348829,0.9628644656524775
2021-03-25,0.522658343272929,0.9370511942304605
2021-03-26,1.6494418658716574,0.90623540707131
2021-03-29,-0.0868389626386738,0.9923617024243627
2021-03-30,-0.3162829409650029,0.9476357993874203
2021-03-31,0.3615953592419885,0.9117955207857442
2021-04-01,1.1755830427674128,0.8764009323925636
2021-04-05,1.43349877622439,0.904863118343283
2021-04-06,-0.0974004940796928,0.9609427048548369
2021-04-07,0.1474145698106813,0.91844634344871
2021-04-08,0.4211750940591774,0.8780714713304195
2021-04-09,0.7690288135687275,0.8473093535177117
2021-04-12,-0.0196098074739533,0.8398023545074743
2021-04-13,0.3289071877062569,0.8045632850329729
2021-04-14,-0.4096104320730151,0.7759643190437876
2021-04-15,1.1033101401119478,0.7579835567384184
2021-04-16,0.3602323390517967,0.7947699280866914
2021-04-19,-0.5320689893757947,0.7680011947438103
2021-04-20,-0.6825561005077803,0.7585432894439754
2021-04-21,0.9263020919853237,0.7621090880726352
2021-04-22,-0.9253337860554324,0.7784132838164343
2021-04-23,1.086940989553096,0.8039729578677863
2021-04-26,0.1780684564582624,0.8322303586106744
2021-04-27,-0.0214918981444234,0.7981019024577877
2021-04-28,-0.0845897587396047,0.7657752502811902
2021-04-29,0.6740041536702409,0.7365764300809001
2021-04-30,-0.7220713417119827,0.7328750709591857
2021-05-03,0.2744321649512167,0.7430703824773273
2021-05-04,-0.670073748984723,0.7174434647669805
2021-05-05,0.0703216447113516,0.7245773830148013
2021-05-06,0.8132299498632055,0.6971659329407879
2021-05-07,0.7346291419186352,0.7102002766728229
2021-05-10,-1.0490480503138024,0.7143702610694441
2021-05-11,-0.8711750141781542,0.7647077261713038
2021-05-12,-2.168278235830241,0.7861399638933485
2021-05-13,1.2099644578094055,1.0115811101818342
2021-05-14,1.480777856362363,1.0264913139527843
2021-05-17,-0.2533258183961915,1.0701419069696194
2021-05-18,-0.85537723840327,1.0237115986024974
2021-05-19,-0.294775181137841,1.0142026736242427
2021-05-20,1.049942933450842,0.9728621124013587
2021-05-21,-0.0784188075252809,0.9764332269460951
2021-05-24,0.9862497481216076,0.9326438772421076
2021-05-25,-0.2127545400828598,0.9347400264022531
2021-05-26,0.1875057550610454,0.8964681702769777
2021-05-27,0.1164636089862995,0.8580584042423451
2021-05-28,0.0768586452887337,0.8214932804733837
2021-06-01,-0.0492454758629164,0.7872390740233991
2021-06-02,0.1445889036900292,0.7559768856714373
2021-06-03,-0.3635303056049319,0.726811421594439
2021-06-04,0.8795303383016323,0.7105678044980765
2021-06-07,-0.0797056269421507,0.7286250501004473
2021-06-08,0.0175009549441211,0.7020630220936437
2021-06-09,-0.1825532590615683,0.6763700198997368
2021-06-10,0.4641454776462911,0.6564184765852487
2021-06-11,0.194653893280836,0.6461933131160775
2021-06-14,0.181355638513617,0.6260914890595913
2021-06-15,-0.201371995427588,0.6073250696677497
2021-06-16,-0.5404703747026491,0.5938521605434245
2021-06-17,-0.0435810543672647,0.6039118644709559
2021-06-18,-1.321135568728416,0.5863986127700558
2021-06-21,1.3905163512319856,0.7059033690464267
2021-06-22,0.5111406378990612,0.7916707209015821
2021-06-23,-0.1083870518649585,0.7720487121858075
2021-06-24,0.5794429545916893,0.742838196457834
2021-06-25,0.3325063164687565,0.7317039337490481
2021-06-28,0.2312288860471749,0.7088322917052169
2021-06-29,0.0277297742687815,0.6846818684209406
2021-06-30,0.1327278422907191,0.6602381536016291
2021-07-01,0.5208041432254744,0.6380464300843867
2021-07-02,0.7472095894691672,0.6331887098971429
2021-07-06,-0.2023902770021778,0.6477784911697222
2021-07-07,0.3353346553662935,0.6308773769660343
2021-07-08,-0.8597881009556395,0.6164575784776798
2021-07-09,1.1214825902413763,0.6583406042436967
2021-07-12,0.344523269559405,0.7136482079753497
2021-07-13,-0.3523011181165584,0.6926696516873154
2021-07-14,0.1164256565469325,0.6788364418395462
2021-07-15,-0.3267573562745912,0.6550637584912272
2021-07-16,-0.7567415006813216,0.6432371300805169
2021-07-19,-1.5996781399983977,0.668702815805999
2021-07-20,1.50488060047999,0.8173624028091041
2021-07-21,0.8208041662144043,0.8986486296272005
2021-07-22,0.2014639209242975,0.8901154911768263
2021-07-23,1.0094332386254414,0.8523503085243899
2021-07-26,0.2379366922729592,0.8659685320123636
2021-07-27,-0.4723583382178002,0.8305336975080433
2021-07-28,-0.0186279231552706,0.8114565418174023
2021-07-29,0.4197331845272641,0.7781710114910305
2021-07-30,-0.5420713608261166,0.7551283955228698
2021-08-02,-0.1844505670060361,0.7476513552469386
2021-08-03,0.8169961338918061,0.7221689774841212
2021-08-04,-0.4643150661295458,0.7325116725181336
2021-08-05,0.5987485990419112,0.7218021100753951
2021-08-06,0.1673864548528882,0.7140074358868067
2021-08-09,-0.0940350264954934,0.688217880427602
2021-08-10,0.099218695386345,0.664970368472695
2021-08-11,0.1274930718015483,0.6421153890962945
2021-08-12,0.413780773547866,0.6212666606610013
2021-08-13,0.1606016320922844,0.6114911305064693
2021-08-16,0.2617422261994359,0.5935266602409743
2021-08-17,-0.708574350713799,0.5795672940749624
2021-08-18,-1.080665284525433,0.6088789233595368
2021-08-19,0.1255903256156918,0.6831896965762891
2021-08-20,0.810860389074176,0.6591755795259229
2021-08-23,0.8487667984412182,0.6768177067270664
2021-08-24,0.1494618801962072,0.6960805257039253
2021-08-25,0.2217657403250879,0.6713752579871924
2021-08-26,-0.5841949827602656,0.6498955503584357
2021-08-27,0.8769071540452218,0.6571550900090607
2021-08-30,0.42973241068746,0.6821438586690552
2021-08-31,-0.1350026915893209,0.6676783906246898
2021-09-01,0.0311640060953341,0.6469974675550817
2021-09-02,0.2838605754404257,0.6254017569143239
2021-09-03,-0.0335087261181347,0.6094712564497445
2021-09-07,-0.3401352452320346,0.5913637582169288
2021-09-08,-0.1319436813816666,0.5864053121537153
2021-09-09,-0.4616247150002522,0.5723358261742046
2021-09-10,-0.77525522862761,0.5781659633999495
2021-09-13,0.2273900346369644,0.6156692016147856
2021-09-14,-0.5763213966258605,0.5988127841347515
2021-09-15,0.8438294222079725,0.611576264970446
2021-09-16,-0.155234471276383,0.6393865322634031
2021-09-17,-0.91526302757993,0.6215734085531177
2021-09-20,-1.7123077726381843,0.6698296325352526
2021-09-21,-0.0812688658546956,0.8395644497397144
2021-09-22,0.9474585224220085,0.8050740731093898
2021-09-23,1.206168036993597,0.8181937165116222
2021-09-24,0.1459942811364263,0.8585922306880837
2021-09-27,-0.2780243920187674,0.8222480597325292
2021-09-28,-2.0574317739894057,0.7942995157996326
2021-09-29,0.1567954336283807,0.9952882189839181
2021-09-30,-1.1981202945014902,0.9499352692568137
2021-10-01,1.142595211333416,0.9832859352366331
2021-10-04,-1.3070952048643705,0.994686174282792
2021-10-05,1.0469517498601526,1.0347414227472733
2021-10-06,0.4094399349624824,1.031361540000905
2021-10-07,0.8264039225065405,0.9890829078299356
2021-10-08,-0.1915556602421452,0.9723197995121494
2021-10-11,-0.6889441644339833,0.930911634747316
2021-10-12,-0.2419705686554925,0.9173249644738074
2021-10-13,0.3017955870231918,0.8811296726330614
2021-10-14,1.6919162285711566,0.8461456764867519
2021-10-15,0.7432520637190081,0.9505167842645451
2021-10-18,0.3369087801803826,0.9313825578974321
2021-10-19,0.7366142784235753,0.8938363146975656
2021-10-20,0.3657333598560688,0.8794139448496814
2021-10-21,0.2991393168360022,0.8465031042107715
2021-10-22,-0.1073129224664356,0.8139230291151993
2021-10-25,0.4736959440853509,0.7816819051882387
2021-10-26,0.1818141432244113,0.7609283042240157
2021-10-27,-0.506437037110553,0.7319208687723552
2021-10-28,0.9781288424184026,0.7241574906518748
2021-10-29,0.1947437231717556,0.7511184066731249
2021-11-01,0.1798458945902388,0.7230461306615079
2021-11-02,0.3673607120388547,0.6967840181480448
2021-11-03,0.644049461289024,0.6781167461898406
2021-11-04,0.4173222342817035,0.6782198448277822
2021-11-05,0.3725850045284445,0.6634654649822072
2021-11-08,0.0887394060702519,0.6478522572930884
2021-11-09,-0.3504910926400127,0.6262461692706982
2021-11-10,-0.8259842163861059,0.618485480166279
2021-11-11,0.0550788332988928,0.6557966463546521
2021-11-12,0.7196697564130407,0.6334898888973466
2021-11-15,-0.0010739878017001,0.6453756726521757
2021-11-16,0.3857779057126637,0.6240873609979467
2021-11-17,-0.2605015482895879,0.6125927008430304
2021-11-18,0.3379064740171914,0.6012391074121906
2021-11-19,-0.1399644604988097,0.5895542253059904
2021-11-22,-0.3202258316960725,0.5754576929489938
2021-11-23,0.1655761383195201,0.5708828403958206
2021-11-24,0.2291223776667279,0.5563612496357584
2021-11-26,-2.298701115932116,0.5446260937409216
2021-11-29,1.3113836082824228,0.8896415098791235
2021-11-30,-1.9143381187850563,0.932410731734316
2021-12-01,-1.1885541457955926,1.0722138262722138
2021-12-02,1.4094638396057768,1.0886950760935465
2021-12-03,-0.848445514173865,1.115489872614809
2021-12-06,1.166259930968614,1.096636810957673
2021-12-07,2.0495603186252547,1.0975128316212233
2021-12-08,0.3080535586585806,1.2078973314968282
2021-12-09,-0.7206988232523656,1.1512022630363115
2021-12-10,0.9503769118209724,1.120324099202595
2021-12-13,-0.9178158342793816,1.100658468070482
2021-12-14,-0.7498722854623672,1.088690798897783
2021-12-15,1.6216267351890876,1.0651017821111617
2021-12-16,-0.8781863311112446,1.120753189891107
2021-12-17,-1.034096458405368,1.10369016309621
2021-12-20,-1.145339832325659,1.1014734613417005
2021-12-21,1.7621755385195486,1.1100863665212588
2021-12-22,1.0128728029127596,1.1771909864510166
2021-12-23,0.6204412685251626,1.1570182711722363
2021-12-27,1.3744051573605864,1.1142456992987186
2021-12-28,-0.1010665398887373,1.1339734696036103
2021-12-29,0.1400913401857678,1.0802974213706606
2021-12-30,-0.2994233841904309,1.0293209136350072
2021-12-31,-0.2629634373474439,0.9870782773287095
2022-01-03,0.6353824170388397,0.9466177221149172
2022-01-04,-0.0629820252203269,0.9210030326783273
2022-01-05,-1.9583264304501076,0.8807033686991996
2022-01-06,-0.0964233740180988,1.0402465942444163
2022-01-07,-0.4058441082336512,0.9925244879136658
2022-01-10,-0.1442070537538897,0.9570286844662146
2022-01-11,0.9118286452399372,0.9156130402177886
2022-01-12,0.281379201466707,0.9128997173226066
2022-01-13,-1.4346029234400532,0.8751670787192316
2022-01-14,0.0819644269590565,0.9511764298280639
2022-01-18,-1.85591053980085,0.9082208728620718
2022-01-19,-0.9736790941460196,1.0435847842462465
2022-01-20,-1.109874230433073,1.0422761751947587
2022-01-21,-1.9095995324635424,1.054211587136804
2022-01-24,0.2767904758269516,1.1678214493613404
2022-01-25,-1.2246590556866266,1.1130808826305645
2022-01-26,-0.1497756925885658,1.128409271778651
2022-01-27,-0.5398635199970924,1.0758322722326905
2022-01-28,2.4055967914736693,1.0404883281449882
2022-01-31,1.8709826222984445,1.2217783706078331
2022-02-01,0.6839560348317066,1.2858690316448411
2022-02-02,0.9378400448324454,1.2366766352217562
2022-02-03,-2.469347172012065,1.2058453635961826
2022-02-04,0.5143678439863626,1.3786443380026046
2022-02-07,-0.3708580927828488,1.3163870689246575
2022-02-08,0.836611346663433,1.2570568696577216
2022-02-09,1.4412842079264785,1.2181409162722474
2022-02-10,-1.828182448505601,1.232381196368947
2022-02-11,-1.915168263808653,1.3032516677147357
2022-02-14,-0.3847990755628314,1.3746322421445116
2022-02-15,1.5643717646064172,1.3119204826348128
2022-02-16,0.08808197202838,1.3278882627407473
2022-02-17,-2.1400504136936647,1.2612962679589108
2022-02-18,-0.7191961663866342,1.3710464482768194
2022-02-22,-1.0194735435016016,1.3227313917539076
2022-02-23,-1.858373574878844,1.2978862788470003
2022-02-24,1.4846105252724002,1.3626731452834806
2022-02-25,2.2126080551265788,1.3648414475269062
2022-02-28,-0.2445591463126114,1.452119265802536
2022-03-01,-1.559446778661305,1.380959601919641
2022-03-02,1.8471046780652185,1.3994443627866486
2022-03-03,-0.5268520744245652,1.4356199956352826
2022-03-04,-0.7965684543001903,1.3738123098823538
2022-03-07,-2.9962586814416494,1.329641566558788
2022-03-08,-0.7260043975698096,1.5655501886710286
2022-03-09,2.537359812214112,1.5033881569880851
2022-03-10,-0.4301049920247208,1.6130623811791296
2022-03-11,-1.3046278933238145,1.5363975108884649
2022-03-14,-0.7448675095533314,1.5143753459036449
2022-03-15,2.118262972414497,1.456810568863081
2022-03-16,2.2136921648393444,1.5177253865145681
2022-03-17,1.2272205068700268,1.5818521379288761
2022-03-18,1.1594814411888112,1.541706740854544
2022-03-21,-0.0434754854301459,1.5002568470761959
2022-03-22,1.1240699554074212,1.423564617803877
2022-03-23,-1.2348630252495207,1.3896510390559762
2022-03-24,1.4242012281618024,1.3759565145299046
2022-03-25,0.5053380704237665,1.3710097420488008
2022-03-28,0.7119551020042568,1.3089642621535722
2022-03-29,1.218204410139109,1.2594272845472414
2022-03-30,-0.6313588999088777,1.2480419826378
2022-03-31,-1.577633522688176,1.2043325861132925
2022-04-01,0.3404420961463028,1.2475912154525028
2022-04-04,0.8058382532133648,1.1890495312595946
2022-04-05,-1.2631159074005371,1.1537345619465307
2022-04-06,-0.9764433912479722,1.168207249891999
2022-04-07,0.4244365552037262,1.15446004577448
2022-04-08,-0.2654546675552394,1.104239215959666
2022-04-11,-1.7021334584696128,1.055854772652398
2022-04-12,-0.3423300530452235,1.1383726865061352
2022-04-13,1.1112603268901935,1.0900362377182673
2022-04-14,-1.2218480383508163,1.0865858136838509
2022-04-18,-0.0204889272406506,1.104830886420422
2022-04-19,1.5930044749386651,1.0522072558030542
2022-04-20,-0.0618666406182575,1.106138632865183
2022-04-21,-1.4862855551311067,1.0537742168027502
2022-04-22,-2.813207637736697,1.1074790500735083
2022-04-25,0.5681765144111809,1.3668274426747051
2022-04-26,-2.8550008928597754,1.3071966362472152
2022-04-27,0.2095849024964595,1.5233781424867212
2022-04-28,2.444565534083217,1.44578322539814
2022-04-29,-3.695915978469415,1.5520196371580717
2022-05-02,0.5659199293818601,1.8602428145332444
2022-05-03,0.4825465075359521,1.7689344614252804
2022-05-04,2.942522155732583,1.6811492891514588
2022-05-05,-3.630067756409906,1.8186219895044686
2022-05-06,-0.569038441395277,2.053575251395887
2022-05-09,-3.256151953960419,1.9533773927605735
2022-05-10,0.2454881760409255,2.1047524961970163
2022-05-11,-1.6600232095697796,1.9933093875836196
2022-05-12,-0.129680499411244,1.9577165992028023
2022-05-13,2.358926795686944,1.8547388913000122
2022-05-16,-0.3954208517722458,1.8910200340194028
2022-05-17,1.996891958146264,1.7962450089303759
2022-05-18,-4.123380929124887,1.8010657929205773
2022-05-19,-0.585086477734781,2.125412070270411
2022-05-20,0.0146131091990306,2.021231758473254
2022-05-23,1.838499541206076,1.9137869290442702
2022-05-24,-0.815395090355808,1.8917024070083537
2022-05-25,0.9406385648931586,1.8110030467736815
2022-05-26,1.9688166007720864,1.7367006796823439
2022-05-27,2.4441130195822014,1.7453321892182194
2022-05-31,-0.6294135193666944,1.8059293067466358
2022-06-01,-0.751090504115545,1.7234312039509032
2022-06-02,1.8263225415545103,1.6513948133248662
2022-06-03,-1.6482405609817057,1.655280348568403
2022-06-06,0.3132489407036025,1.6518532962561612
2022-06-07,0.947833153171984,1.5678668318778772
2022-06-08,-1.0852623040155318,1.5114145471812057
2022-06-09,-2.408645766515553,1.4747846743206963
2022-06-10,-2.954241481140948,1.5861885776350206
2022-06-13,-3.953993199003994,1.7592334307304998
2022-06-14,-0.3780818039489633,2.0632264050084057
2022-06-15,1.4487058836534477,1.9577044609610514
2022-06-16,-3.3052207113840666,1.901610940059139
2022-06-17,0.2198447341013387,2.0693138801771185
2022-06-21,2.4182474960672,1.959710299744039
2022-06-22,-0.1302420095357445,1.9896448383563003
2022-06-23,0.948707248555652,1.8848121182921738
2022-06-24,3.0105539729901034,1.8057745173875124
2022-06-27,-0.2977499890340672,1.9317586782293434
2022-06-28,-2.03486731494949,1.8325516150832455
2022-06-29,-0.0711998820172695,1.8480002873499335
2022-06-30,-0.8797866246367652,1.7509648897973293
2022-07-01,1.0498511296639172,1.683162338195605
2022-07-05,0.1582875106193491,1.6237419998548444
2022-07-06,0.3566795705066178,1.5397573355830134
2022-07-07,1.4853723180930392,1.463308287067447
2022-07-08,-0.083061639612735,1.454894503544026
2022-07-11,-1.1594417660525544,1.3812275650822492
2022-07-12,-0.928686849749371,1.3620096556145433
2022-07-13,-0.446686411181668,1.3271840384966922
2022-07-14,-0.3003138812764307,1.2696881467586119
2022-07-15,1.901923165863364,1.2113615136123128
2022-07-18,-0.8398742485835936,1.2811273060578123
2022-07-19,2.725351764373082,1.247139843547104
2022-07-20,0.5878493941057167,1.4360958026116621
2022-07-21,0.9813066689504668,1.3725450564474724
2022-07-22,-0.9376287293813848,1.333264954055579
2022-07-25,0.1314302973305868,1.301507267131578
2022-07-26,-1.161034259926336,1.2367021099217412
2022-07-27,2.5820048778629068,1.2320184119283977
2022-07-28,1.2060319791912806,1.4001104452683657
2022-07-29,1.4107775781753558,1.3743424903524823
2022-08-01,-0.2827076544916728,1.3683335003503245
2022-08-02,-0.668468837887098,1.303244135403739
2022-08-03,1.5517456270090708,1.257326825718959
2022-08-04,-0.0777642449583773,1.2785347214504543
2022-08-05,-0.1627069018919119,1.2155560653332866
2022-08-08,-0.1238317122120914,1.1576508589903154
2022-08-09,-0.4257744235926498,1.1027901214694051
2022-08-10,2.10671584604075,1.0600716394276555
2022-08-11,-0.0705722922201817,1.186696230781603
2022-08-12,1.7174046951492667,1.1293445408816152
2022-08-15,0.3961684056233163,1.1875843802696302
2022-08-16,0.1873922825947862,1.134327937019689
2022-08-17,-0.726411486764802,1.0803778258601746
2022-08-18,0.2266989606384797,1.0559054641343855
2022-08-19,-1.2983928713038868,1.0075151873287957
2022-08-22,-2.1632366466494566,1.0447170251550884
2022-08-23,-0.2240370434437464,1.2015001829943313
2022-08-24,0.2911916698724165,1.1457012350030988
2022-08-25,1.3993241836107049,1.0926588402052297
2022-08-26,-3.4268576317039523,1.117814799945699
2022-08-29,-0.6688675197324806,1.4990729068793933
2022-08-30,-1.1089416492117008,1.4389302008562403
2022-08-31,-0.7847738208153028,1.4103943869340247
2022-09-01,0.2991752267194871,1.3627115348871854
2022-09-02,-1.0794552570724387,1.2961130794183544
2022-09-06,-0.4103464690895143,1.278473424155129
2022-09-07,1.817484866616988,1.2229668541465857
2022-09-08,0.6588966880442448,1.280005871915545
2022-09-09,1.515601498121106,1.2300797902280751
2022-09-12,1.0528651483995637,1.250734190693794
2022-09-13,-4.419916303197407,1.2268677591205728
2022-09-14,0.3381289078844715,1.789504247687141
2022-09-15,-1.1382272168149512,1.6976680481767272
2022-09-16,-0.7208049775663176,1.6491205836274694
2022-09-19,0.6833697724705768,1.5808584135058
2022-09-20,-1.1336114736600402,1.5112123680905554
2022-09-21,-1.726467409850635,1.4781049612679684
2022-09-22,-0.8463293830453985,1.502795549463724
2022-09-23,-1.7382828767330778,1.451545270112549
2022-09-26,-1.0394360890280503,1.4808304531350907
2022-09-27,-0.2122610954824728,1.4435827115043545
2022-09-28,1.948114418115236,1.372341147563653
2022-09-29,-2.13527948230975,1.4241746754047206
2022-09-30,-1.5181351546209298,1.5060149442554147
2022-10-03,2.555457753093017,1.5061325827416008
2022-10-04,3.012534141679984,1.6179136513862709
2022-10-05,-0.2019987558938117,1.7773437623566168
2022-10-06,-1.02979229113952,1.6857999401777735
2022-10-07,-2.8403196531478057,1.6312784746014952
2022-10-10,-0.7520673133652772,1.7783288696644433
2022-10-11,-0.6540518412323781,1.7025738462692843
2022-10-12,-0.3296199650166294,1.6278356683115967
2022-10-13,2.5634259307631133,1.5476493673040725
2022-10-14,-2.394712074452842,1.6536117565934214
2022-10-17,2.6135524557561847,1.7345923700148045
2022-10-18,1.136276820708746,1.818034358941622
2022-10-19,-0.6694455239684375,1.7533882580958169
2022-10-20,-0.7982686738766697,1.6758731243428402
2022-10-21,2.3447759860447266,1.6093680325734483
2022-10-24,1.1811940205111493,1.6767941451184591
2022-10-25,1.6135770015874955,1.6257702276680617
2022-10-26,-0.7415140398989886,1.6123787605197102
2022-10-27,-0.6101185053184452,1.5476411827589898
2022-10-28,2.4328036770856336,1.4815678541951054
2022-10-31,-0.7482327030336412,1.580208287128062
2022-11-01,-0.4109663720359005,1.5180741328232534
2022-11-02,-2.5319843737482883,1.4468929716086174
2022-11-03,-1.0642422531956597,1.5813259159623057
2022-11-04,1.3526823285563951,1.5373763464739938
2022-11-07,0.956806167935914,1.5105126977896777
2022-11-08,0.5582282828760321,1.4588832556074904
2022-11-09,-2.0996784712303445,1.392803560112847
2022-11-10,5.395251566479769,1.4747921491567277
2022-11-11,0.9198312304769029,2.1411557042285274
2022-11-14,-0.8975940544918012,2.043741569677942
2022-11-15,0.8675376414669187,1.9563534186414242
2022-11-16,-0.8286283111873759,1.8690153966045566
2022-11-17,-0.3094104644229283,1.7904596277180183
2022-11-18,0.4747295648158209,1.6999358693285687
2022-11-21,-0.3891249800275618,1.6162036457236815
2022-11-22,1.3488606269828392,1.5382049625746856
2022-11-23,0.5897266041738312,1.510963118186626
2022-11-25,-0.0283084262202478,1.442536118744196
2022-11-28,-1.5564696794064814,1.3692128734849642
2022-11-29,-0.159313370162437,1.388790705976817
2022-11-30,3.0478643521294946,1.3200502954844158
2022-12-01,-0.0868009829606589,1.5484083590710147
2022-12-02,-0.1195374663761461,1.4691661920418815
2022-12-05,-1.8056249630972216,1.395012353392923
2022-12-06,-1.4503869422986058,1.4394153040156816
2022-12-07,-0.1864107253381664,1.440224864798033
2022-12-08,0.7493634413933238,1.368750663677976
2022-12-09,-0.7376719464213213,1.316680745771076
2022-12-12,1.417830729965003,1.273544014074366
2022-12-13,0.7263223255457212,1.2790553148300818
2022-12-14,-0.6071116623835963,1.2324203673257472
2022-12-15,-2.523747790182607,1.1886312921670585
2022-12-16,-1.1200239946011676,1.3745626240705149
2022-12-19,-0.90483289411038,1.3527845909979215
2022-12-20,0.1036800697890769,1.3171233335930166
2022-12-21,1.4758548669054294,1.251234334765975
2022-12-22,-1.4557142498145654,1.2651535385511024
2022-12-23,0.5850952271915072,1.2865635381871017
2022-12-27,-0.4057844034659477,1.2330398384063155
2022-12-28,-1.2093470442948606,1.1804483219370594
2022-12-29,1.731063431499432,1.186412256322239
2022-12-30,-0.2543975646110833,1.2379263166618877
2023-01-03,-0.4008572481273608,1.1804843813352282
2023-01-04,0.7510694562138917,1.1313171630492238
2023-01-05,-1.1713869136457158,1.0973964278176158
2023-01-06,2.258383558903089,1.1091004757499852
2023-01-09,-0.0767927325990578,1.2500306231594196
2023-01-10,0.6953997970593733,1.1888023233753398
2023-01-11,1.2767571192293676,1.147346728648987
2023-01-12,0.341008491204273,1.1531764816010557
2023-01-13,0.3988892144656051,1.100747009052515
2023-01-17,-0.2032555430996314,1.053369846821878
2023-01-18,-1.5684966977744674,1.006784011998309
2023-01-19,-0.7667671901812427,1.078910835730978
2023-01-20,1.874167355235196,1.0573803959130037
2023-01-23,1.1811315951328556,1.1490177396891874
2023-01-24,-0.0711756364291819,1.1456640458557847
2023-01-25,-0.0181741573465663,1.0908946839206533
2023-01-26,1.0947708029114305,1.0391385120781373
2023-01-27,0.2491734021703855,1.0396147187131572
2023-01-30,-1.3053569315292664,0.9926701411508572
2023-01-31,1.4536304416419528,1.032802122731721
2023-02-01,1.039805629688473,1.0722558947726377
2023-02-02,1.459238462685438,1.0643887905049223
2023-02-03,-1.0408592637285454,1.1001276997728897
2023-02-06,-0.6159393193939262,1.0989073932218631
2023-02-07,1.2790364037397075,1.0659398882779627
2023-02-08,-1.1142573012411352,1.0814724832374087
2023-02-09,-0.8869009831037385,1.0892974307305099
2023-02-10,0.2192855709217127,1.075923463164515
2023-02-13,1.1383569951155146,1.0261230151335559
2023-02-14,-0.0280453855493762,1.032156674872587
2023-02-15,0.2769337533076689,0.9842213642553244
2023-02-16,-1.3884689204881606,0.9415134419116367
2023-02-17,-0.2771242172282734,0.9999140579217987
2023-02-21,-2.0244783973471696,0.9590007979758561
2023-02-22,-0.1574795485643383,1.1115415395807766
2023-02-23,0.5315278263237728,1.0601887391647693
2023-02-24,-1.0593464619774184,1.0205147957040097
2023-02-27,0.3068292539552277,1.0299167458375258
2023-02-28,-0.3040619830947711,0.9848207330697055
2023-03-01,-0.4736464203492832,0.9458659875558563
2023-03-02,0.7553593731195973,0.9172620327983912
2023-03-03,1.601874917648306,0.9020033051951071
2023-03-06,0.0686930778848301,0.9819302859901979
2023-03-07,-1.5445590479262548,0.9369371016040529
2023-03-08,0.1413794135603272,1.0177581440122705
2023-03-09,-1.8631857945482355,0.9708041510553443
2023-03-10,-1.458396943606664,1.0938672650360797
2023-03-13,-0.1510901840738767,1.1381990444802979
2023-03-14,1.6342388235363663,1.0850166513850346
2023-03-15,-0.7005363929353597,1.1392739506870184
2023-03-16,1.7409576249031722,1.1081133080526127
2023-03-17,-1.10806212739537,1.1727067331584633
2023-03-20,0.8878869635940854,1.169923779871948
2023-03-21,1.2898647518559103,1.141418403711736
2023-03-22,-1.6600248639842885,1.1492076881006859
2023-03-23,0.2980083869182423,1.210825516841074
2023-03-24,0.5623963084303207,1.1537433692319135
2023-03-27,0.1645599563767083,1.1086221995158418
2023-03-28,-0.1575083288387886,1.0560595908504813
2023-03-29,1.41368707750468,1.0083190279493146
2023-03-30,0.5698999199482653,1.0464223132420052
2023-03-31,1.4333327782036556,1.0094999465014605
2023-04-03,0.3692022565802823,1.0498002398539146
2023-04-04,-0.5813839745162529,1.0050037762009616
2023-04-05,-0.2495481657121423,0.9776603956898932
2023-04-06,0.3572773132803247,0.9374497842325119
2023-04-10,0.0995807017010084,0.9000891513708094
2023-04-11,-0.004135333298352,0.8605864219986538
2023-04-12,-0.4143456323461385,0.8238119247828849
2023-04-13,1.3175510497831548,0.8020198237057995
2023-04-14,-0.2071517584577988,0.8594064734448068
2023-04-17,0.3300703582614753,0.8263166801399922
2023-04-18,0.0854854803465975,0.7961351527774664
2023-04-19,-0.0084265547939628,0.7636706704604929
2023-04-20,-0.5970335188311131,0.7336704590189891
2023-04-21,0.0902781257300886,0.7326553409553231
2023-04-24,0.0851216778272312,0.7047277701520315
2023-04-25,-1.593718381857645,0.6788187491854665
2023-04-26,-0.3848583503344875,0.823670106575236
2023-04-27,1.9377193402696355,0.8003551598800858
2023-04-28,0.8219331313243468,0.957037086682722
2023-05-01,-0.0386181048510787,0.9429377817987845
2023-05-02,-1.1653906680571788,0.9009146753895294
2023-05-03,-0.7022908054892971,0.9372638931254149
2023-05-04,-0.7244913455062743,0.9240740149177742
2023-05-05,1.83061663818798,0.9138616681245283
2023-05-08,0.0452026484882065,1.0263610971679904
2023-05-09,-0.4589938949059595,0.9784904446990754
2023-05-10,0.4473942241914432,0.946561556828588
2023-05-11,-0.1698064889706758,0.9117370864296477
2023-05-12,-0.1584561589439047,0.8739717416955991
2023-05-15,0.2953797680316934,0.8385740583028625
2023-05-16,-0.6398107681917463,0.8064624503104687
2023-05-17,1.1820688622071571,0.801307722322664
2023-05-18,0.9400723063727155,0.8412622430697657
2023-05-19,-0.1446913880675441,0.8493430172835862
2023-05-22,0.0155022679802391,0.815365523977456
2023-05-23,-1.1285468768284297,0.781587014758182
2023-05-24,-0.734551267830521,0.8313864850808346
2023-05-25,0.8719456079011882,0.831522539565402
2023-05-26,1.2964680931640788,0.8343592802260841
2023-05-30,0.0016603130665768,0.8837008015628981
2023-05-31,-0.6127358186214099,0.8453272418903763
2023-06-01,0.9806215085853812,0.8342543093940258
2023-06-02,1.4429812390107408,0.8471586366566873
2023-06-05,-0.2005591490657713,0.9141285142372875
2023-06-06,0.2351130233850576,0.8769679651601968
2023-06-07,-0.3819293926420617,0.8407109972325916
2023-06-08,0.616957160752325,0.8158657313194883
2023-06-09,0.1147401023050523,0.8004413647926353
2023-06-12,0.927797498175416,0.7678399935814942
2023-06-13,0.6908570725908897,0.7835752826624117
2023-06-14,0.0819089980126584,0.7764008730791268
2023-06-15,1.2104580493589998,0.7453097054558994
2023-06-16,-0.3678376467751089,0.7977635807442052
2023-06-20,-0.4746353835236048,0.7757228303741016
2023-06-21,-0.5259086366925201,0.7616667432481513
2023-06-22,0.3703930387334525,0.7523847176850776
2023-06-23,-0.7688288056502157,0.7293177021945964
2023-06-26,-0.4496934363132171,0.744572982396833
2023-06-27,1.139073352418076,0.7317915532550526
2023-06-28,-0.0354139388389821,0.7770949837727086
2023-06-29,0.446356811449,0.7463911786051662
2023-06-30,1.21943502618858,0.7272234316801456
2023-07-03,0.1169993092673641,0.7839550683246337
2023-07-05,-0.1970258097612716,0.7525291930757732
2023-07-06,-0.7954061175894762,0.7270637655663545
2023-07-07,-0.2869212795733482,0.7453509710411492
2023-07-10,0.2402138610626312,0.7238211325195975
2023-07-11,0.6719583998254874,0.6987481464561207
2023-07-12,0.7383905235389678,0.6988789259610821
2023-07-13,0.8434482989627111,0.704674013990343
2023-07-14,-0.1024932196907483,0.7197814604020006
2023-07-17,0.3847969574420413,0.6943131989469579
2023-07-18,0.7092066941428338,0.6766177202557019
2023-07-19,0.2355134827233639,0.6823823332173278
2023-07-20,-0.6779827396257692,0.6603800138866286
2023-07-21,0.0324042014613091,0.6752233510660118
2023-07-24,0.4026038496874852,0.6514742681487412
2023-07-25,0.2810719575838704,0.6383509556338695
2023-07-26,-0.0155450978675918,0.6212386883819335
2023-07-27,-0.6445393055197076,0.6019750642414623
2023-07-28,0.9829375810433848,0.6210874161899211
2023-07-31,0.1467635436568791,0.6643019654554035
2023-08-01,-0.2668645307682711,0.6419724100087475
2023-08-02,-1.3936200638336185,0.6282864871834525
2023-08-03,-0.2551225450291527,0.7500118544105342
2023-08-04,-0.531416937393797,0.7267985255222056
2023-08-07,0.8983618964856572,0.7213664611651572
2023-08-08,-0.4227205100058866,0.739990854067672
2023-08-09,-0.7063619102045117,0.7259606880502927
2023-08-10,0.0250682521080863,0.735482521945495
2023-08-11,-0.1070264899229486,0.7073139547377587
2023-08-14,0.573400487941905,0.6828829663423628
2023-08-15,-1.1618139396096483,0.6771611643530299
2023-08-16,-0.7584081792624527,0.7500929127386617
2023-08-17,-0.7742811377529081,0.7617364113667279
2023-08-18,-0.0148717883957202,0.7735259324725405
2023-08-21,0.6855634859799785,0.7428763892753066
2023-08-22,-0.2781331046545683,0.7394282606273809
2023-08-23,1.098433071079136,0.7180027626545296
2023-08-24,-1.354935398400801,0.7603099847170784
2023-08-25,0.6695501060295156,0.8461139955013055
2023-08-28,0.6245078594196461,0.831425237103251
2023-08-29,1.4404068712056506,0.8150840596359795
2023-08-30,0.3825854181192944,0.8873593848039534
2023-08-31,-0.1598212974339857,0.8544510354197736
2023-09-01,0.1797512765518541,0.8204622097077021
2023-09-05,-0.4202997821381205,0.7871808700469118
2023-09-06,-0.6996014491432261,0.7688322742584036
2023-09-07,-0.3216433115732967,0.7727656549008327
2023-09-08,0.1425606062257059,0.7505557526177817
2023-09-11,0.6700951498135518,0.7217581122976672
2023-09-12,-0.5712169023003997,0.7192920037173149
2023-09-13,0.1240862117534604,0.7177155002550732
2023-09-14,0.839458553366625,0.6911181315522522
2023-09-15,-1.2234145842493929,0.7075491259561782
2023-09-18,0.0721027694175518,0.7837791653605908
2023-09-19,-0.2153327361533126,0.7521396494683243
2023-09-20,-0.943920420629104,0.7273056999646074
2023-09-21,-1.6536918318488083,0.7622977276826561
2023-09-22,-0.2298237402760749,0.8968154222168258
2023-09-25,0.4014994203806617,0.861712088466709
2023-09-26,-1.4844165482264944,0.8314109272644641
2023-09-27,0.0229287772294792,0.923032557492533
2023-09-28,0.5875877143000698,0.8819388444240848
2023-09-29,-0.2713259648289315,0.8589651512625365
2023-10-02,0.0079364406152993,0.8279974444008787
2023-10-03,-1.3839395863449198,0.7933829986356927
2023-10-04,0.8077047607828945,0.8771259010516397
2023-10-05,-0.1304881146995122,0.8696969639785896
2023-10-06,1.1745642093961115,0.8339890305677321
2023-10-09,0.6284068119387409,0.8682445268976231
2023-10-10,0.5194476099985355,0.8488848472479666
2023-10-11,0.4283819500095073,0.8249282599415165
2023-10-12,-0.6266024940654918,0.7985502364141961
2023-10-13,-0.5031495660219892,0.7931550009811915
2023-10-16,1.0538642302589984,0.7793474621483069
2023-10-17,-0.0098249879443765,0.8072356633215778
2023-10-18,-1.3490408251151895,0.7741737556828188
2023-10-19,-0.8519032328057976,0.8563664813657257
2023-10-20,-1.2665149196155916,0.8644841517460661
2023-10-23,-0.1686992065434917,0.9190833494393074
2023-10-24,0.723952351962882,0.8807840494023605
2023-10-25,-1.4443434657238052,0.8666753388483934
2023-10-26,-1.1903081205584871,0.9456305924554785
2023-10-27,-0.481183857862075,0.978660901065658
2023-10-30,1.1938474300285915,0.9478474458123046
2023-10-31,0.6454084821688244,0.9689489920910477
2023-11-01,1.0451194990191868,0.942069042973024
2023-11-02,1.8682938934086477,0.948647080686076
2023-11-03,0.934988354455146,1.0600357568195222
2023-11-06,0.1751457724100586,1.0448228395479964
2023-11-07,0.2836093401711954,0.9964516372107821
2023-11-08,0.1004411032419886,0.9530678246526496
2023-11-09,-0.8116690699068705,0.9100587983313371
2023-11-10,1.5495759270772258,0.9085111962729092
2023-11-13,-0.0836188441370084,0.9798178454995751
2023-11-14,1.889537047457725,0.9358741551481461
2023-11-15,0.1595738207847176,1.0532518346631299
2023-11-16,0.118971939671373,1.0041746868006953
2023-11-17,0.1281227937177987,0.9579357415890675
2023-11-20,0.7363103793795632,0.9147768594191954
2023-11-21,-0.2022975931757968,0.898398513114848
2023-11-22,0.4052905094313324,0.8623907718620173
2023-11-24,0.0596695609645032,0.8321852698341842
2023-11-27,-0.1956069316898358,0.7971654594155554
2023-11-28,0.0979638528050291,0.7682901445112571
2023-11-29,-0.0946696615101938,0.7378461943269623
2023-11-30,0.3776931264994605,0.7108755698813625
2023-12-01,0.5856558953846637,0.6914812826533134
2023-12-04,-0.5423188063826943,0.685767523324044
2023-12-05,-0.0569031593934802,0.6854525940555558
2023-12-06,-0.3913851944943747,0.6617520318521771
2023-12-07,0.7936610684821922,0.6530839623713165
2023-12-08,0.4087134146503793,0.669760744321651
2023-12-11,0.3916813547781492,0.6553193441372597
2023-12-12,0.45888127956924,0.6413140133560296
2023-12-13,1.355834517501981,0.6322044946448662
2023-12-14,0.2643565185154432,0.7282403698066491
2023-12-15,-0.0076252400448594,0.703461365811169
2023-12-18,0.4518122263400515,0.6778303787062504
2023-12-19,0.5849267450818904,0.6649325542214135
2023-12-20,-1.4793147965305629,0.6618745715053981
2023-12-21,1.0248769307271877,0.7903680362498977
2023-12-22,0.1658682152761075,0.813512041781876
2023-12-26,0.4222761046978559,0.7805234081052441
2023-12-27,0.1429435616422998,0.7574049385332449
2023-12-28,0.0370106110327118,0.728117851948031
2023-12-29,-0.2830477036733835,0.7004479294333087
2024-01-02,-0.5676660799723162,0.6824630421297369
2024-01-03,-0.8048618327197647,0.6845803938418985
2024-01-04,-0.3434271663317428,0.7095981129946314
2024-01-05,0.182402163943398,0.6937880167375577
2024-01-08,1.401594543635314,0.6697644516096122
2024-01-09,-0.1478993852317584,0.7649356879597327
2024-01-10,0.5649980650495912,0.7371400073713296
2024-01-11,-0.0671280836961164,0.7255944255106502
2024-01-12,0.0750693753033959,0.6990471561183714
2024-01-16,-0.3738319052356834,0.6735214270889117
2024-01-17,-0.5632731271107821,0.6626691941466555
2024-01-18,0.8766720726243148,0.666630101679778
2024-01-19,1.2238308232548512,0.6902716213070914
2024-01-22,0.2191921187231685,0.7541884677980564
2024-01-23,0.2917115340764486,0.7263675935971439
2024-01-24,0.0811598976216865,0.7025373139994192
2024-01-25,0.524657813497798,0.676774012197065
2024-01-26,-0.0651997755426364,0.6683484768885674
2024-01-29,0.7528365505246204,0.646089773909065
2024-01-30,-0.0600830396978616,0.6595929621711878
2024-01-31,-1.6236851740733682,0.6379260765317784
2024-02-01,1.2416286114049784,0.7997265663265382
2024-02-02,1.062777072263312,0.8474461311345712
2024-02-05,-0.3191424709283971,0.8672452291914053
2024-02-06,0.2307745931748107,0.8374964960529481
2024-02-07,0.8207682594008627,0.8039133783592048
2024-02-08,0.0570420540090595,0.8052335782152821
2024-02-09,0.5725917128795516,0.7720739093559987
2024-02-12,-0.0949404142652441,0.7577895632226388
2024-02-13,-1.3768609419845443,0.7293578876838342
2024-02-14,0.9534168304216808,0.8249249825536393
2024-02-15,0.580437267404004,0.8362371432034775
2024-02-16,-0.4815043575961042,0.8167415967723702
2024-02-20,-0.602342646581725,0.799428046393771
2024-02-21,0.1263401495103598,0.7920629270216426
2024-02-22,2.090288866640342,0.7601432485296172
2024-02-23,0.0347887026502183,0.9565569328654394
2024-02-26,-0.3793939244668484,0.9132248390485226
2024-02-27,0.1704895538720964,0.8825552521781255
2024-02-28,-0.1659531321112244,0.8448600471140307
2024-02-29,0.5215470455799964,0.8117030447386591
2024-03-01,0.7975936433387976,0.7909498881522529
2024-03-04,-0.1193974574963011,0.7916636965934793
2024-03-05,-1.0245406275917994,0.7612570351720598
2024-03-06,0.5127932853001643,0.800990654787952
2024-03-07,1.0251402284983626,0.7806673745830576
2024-03-08,-0.6549922992050338,0.80514116148985
2024-03-11,-0.11228682680281,0.8013443835928085
2024-03-12,1.1139512586668012,0.7700968531985821
2024-03-13,-0.1926384002121972,0.8063748030839323
2024-03-14,-0.2875221051495188,0.7767300406347128
2024-03-15,-0.6504022859737666,0.7527056252808126
2024-03-18,0.6298184238480455,0.7541077271277463
2024-03-19,0.563325304434312,0.7453543411709584
2024-03-20,0.8864765516360184,0.7329355317375462
2024-03-21,0.3231309094528888,0.7488400000931941
2024-03-22,-0.1403171834326712,0.7242958082562488
2024-03-25,-0.3059640382031929,0.6993597279031831
2024-03-26,-0.2803721982805726,0.6825426388284367
2024-03-27,0.8593595582706042,0.6659566406929182
2024-03-28,0.1115862700761605,0.6878067221477969
2024-04-01,-0.2015614526957724,0.6633187183231352
2024-04-02,-0.7265388203672426,0.6450929445988518
2024-04-03,0.1090527523337897,0.6669904219836124
2024-04-04,-1.241103561926225,0.6440531835539834
2024-04-05,1.1038050135699558,0.7361587065320283
2024-04-08,-0.0374701190041576,0.776313057736413
2024-04-09,0.144444947363452,0.7456876901622962
2024-04-10,-0.9501981832212592,0.717264024820054
2024-04-11,0.7417221983342437,0.7545279075659197
2024-04-12,-1.4657587802248535,0.7544172086943294
2024-04-15,-1.2094195787459194,0.8589570698940726
2024-04-16,-0.2058624527503996,0.9069967163415675
2024-04-17,-0.5797375076004185,0.8704803289124431
2024-04-18,-0.2210601700485304,0.8547151020669271
2024-04-19,-0.8797129654056974,0.8223805410253946
2024-04-22,0.869335115683908,0.8373394077798553
2024-04-23,1.189356656772209,0.8392993527672489
2024-04-24,0.02129873779329,0.8745565724825033
2024-04-25,-0.4586934270119409,0.8367093133552225
2024-04-26,1.0157381332325344,0.8162979234697442
2024-04-29,0.3173408076639394,0.8350708506404767
2024-04-30,-1.5855551118928124,0.8038491511086202
2024-05-01,-0.3441353485631687,0.9172520800574738
2024-05-02,0.9087024725084856,0.8847519108008695
2024-05-03,1.2478557659508005,0.8850553803196718
2024-05-06,1.027317369124784,0.9207542703672363
2024-05-07,0.1342528228825613,0.9280552534365545
2024-05-08,-0.0005835635193424,0.8869200674852076
2024-05-09,0.5078032639106711,0.8483427382696412
2024-05-10,0.1648040080166728,0.8238320554439084
2024-05-13,-0.0241333173865208,0.7901076614842215
2024-05-14,0.4826148527454041,0.7583675967931173
2024-05-15,1.164782778729962,0.7400513257282284
2024-05-16,-0.2083837474088046,0.7873510919813005
2024-05-17,0.1164095687893751,0.7596027791187474
2024-05-20,0.0915970308491166,0.7299024815008153
2024-05-21,0.2498749766892608,0.7021811025931614
2024-05-22,-0.2709791209352147,0.6790130870992784
2024-05-23,-0.7408162283471933,0.66230037111435
2024-05-24,0.6976649076673259,0.6833855076577702
2024-05-28,0.0248770906885915,0.687369043037753
2024-05-29,-0.7394317215742535,0.66273524306267
2024-05-30,-0.5992957535754186,0.6836136280226578
2024-05-31,0.7995824231928896,0.6883028943801816
2024-06-03,0.1115460223535239,0.7010972581634045
2024-06-04,0.1501681003782753,0.6756182241691095
2024-06-05,1.1778015849957282,0.6524690997553669
2024-06-06,-0.0199836601636851,0.7167932421412052
2024-06-07,-0.1115842050279066,0.6902895937338556
2024-06-10,0.2577529978240972,0.6672616706481295
2024-06-11,0.2706714855209522,0.6470595139712477
2024-06-12,0.8467720241887338,0.628886724954985
2024-06-13,0.234191143711672,0.6545238830784429
2024-06-14,-0.0393938280997494,0.6346886926762468
2024-06-17,0.7635164372320518,0.6146540814470965
2024-06-18,0.2518154181517116,0.6333166107285222
2024-06-20,-0.252912739541154,0.6156934954338124
2024-06-21,-0.1563351718825249,0.6036995937266025
2024-06-24,-0.3069879155866442,0.5889123766625836
2024-06-25,0.3925873679181343,0.582228217622704
2024-06-26,0.1571196224720452,0.5750135931012523
2024-06-27,0.0906909856799073,0.5599935497844291
2024-06-28,-0.4092013462369599,0.545454973585474
2024-07-01,0.2671990981429523,0.550228751383226
2024-07-02,0.6176205771185049,0.5403039527728596
2024-07-03,0.5071562269533664,0.5544061211534982
2024-07-05,0.543397436096954,0.5574845260139886
2024-07-08,0.1016182476404432,0.5630193981191512
2024-07-09,0.0740797478065475,0.5483053545516325
2024-07-10,1.0156314878105883,0.5346731683113812
2024-07-11,-0.8801649969266724,0.598235542912088
2024-07-12,0.550186402496512,0.6458550147368718
2024-07-15,0.2822216423352684,0.6422459456722314
2024-07-16,0.6369049971453274,0.6248486592357155
2024-07-17,-1.4025441523645543,0.6303079572627858
2024-07-18,-0.7847112145350073,0.7531083008926359
2024-07-19,-0.7165879226406084,0.7669946200718876
2024-07-22,1.0734217246220292,0.772677128568146
2024-07-23,-0.155931769394619,0.8037601561323989
2024-07-24,-2.3421242222892857,0.7733143651211039
2024-07-25,-0.5155889019717259,1.0389095379034008
2024-07-26,1.1029420409570925,1.0051652574542347
2024-07-29,0.0812979571828451,1.0101530145052362
2024-07-30,-0.4972514361367621,0.9633589565456554
2024-07-31,1.5669980701917767,0.9346162835005266
2024-08-01,-1.3788123791990166,1.0038903620571196
2024-08-02,-1.855290660855327,1.0514447797266808
2024-08-05,-3.04270413923931,1.1572621787869726
2024-08-06,1.0300849493599515,1.4473278249617703
2024-08-07,-0.7764715388769489,1.4050921615807714
2024-08-08,2.278113959089888,1.3573465096212511
2024-08-09,0.4660798434381699,1.45495015399014
2024-08-12,0.0043033051720097,1.3863243858943708
2024-08-13,1.6707233419049987,1.3162384859535006
2024-08-14,0.381643656119841,1.3431434352699976
2024-08-15,1.6004489931304131,1.2794637911763251
2024-08-16,0.1987802368396151,1.3032282750623558
2024-08-19,0.9675327436177776,1.2388770740037254
2024-08-20,-0.1986527237609709,1.209891897082944
2024-08-21,0.4230714721006796,1.1530168105323633
2024-08-22,-0.8972942256657219,1.1028508821252876
2024-08-23,1.141793740166443,1.0890029779362838
2024-08-26,-0.3158710169605814,1.0884354719840696
2024-08-27,0.1593925112723203,1.0426441588243556
2024-08-28,-0.5993900794735212,0.9942475349132279
2024-08-29,-0.0039379843436586,0.9689005687498421
2024-08-30,1.004245707914417,0.9249078375395342
2024-09-03,-2.1377963372397697,0.9295367559581151
2024-09-04,-0.1603829027380963,1.1092374772524618
2024-09-05,-0.3022581014674196,1.0580872422077559
2024-09-06,-1.7410944507424406,1.0139428876207204
2024-09-09,1.1513534435818251,1.1096074087897108
2024-09-10,0.4462699977793541,1.1077145567579878
2024-09-11,1.060855564984334,1.0613841283680026
2024-09-12,0.746735215680267,1.0564523479592371
2024-09-13,0.5393142234356035,1.0283964506712275
2024-09-16,0.1255840867310285,0.9914135852569455
2024-09-17,0.026451509389645,0.9460470248937071
2024-09-18,-0.2900658708313291,0.903423873901931
2024-09-19,1.6834356892725129,0.869848548476701
2024-09-20,-0.1942913630015734,0.9681005503189156
2024-09-23,0.2805334425713122,0.9270470721338611
2024-09-24,0.2508031103345345,0.8883160142317889
2024-09-25,-0.1862983206212128,0.8515954279907426
2024-09-26,0.4030542158199222,0.8184836993427564
2024-09-27,-0.1254002900072123,0.7915454671075125
2024-09-30,0.4227603658441509,0.7612749436514706
2024-10-01,-0.9367848694454448,0.739741973390962
2024-10-02,0.0138381326986477,0.7720554747329237
2024-10-03,-0.1682828654458689,0.7413182479785675
2024-10-04,0.8930255699186382,0.7158430462129528
2024-10-07,-0.9632263829388772,0.7346269686402156
2024-10-08,0.9642706804694384,0.7708602653736022
2024-10-09,0.7088231016994585,0.7900187684021375
2024-10-10,-0.2072268505982484,0.783570225811147
2024-10-11,0.603360870729872,0.7560699700531432
2024-10-14,0.7678114574594324,0.7452877944212879
2024-10-15,-0.7638566037513421,0.7484315039213353
2024-10-16,0.4668232782779766,0.7608141222318324
2024-10-17,-0.0171175128538166,0.7414628204442578
2024-10-18,0.3963686942774387,0.7131317907023661
2024-10-21,-0.1824432756419033,0.6943772457028993
2024-10-22,-0.0474966667195793,0.6729799612687634
2024-10-23,-0.9233824267679565,0.6500898125371545
2024-10-24,0.2143473130556828,0.6946066383369315
2024-10-25,-0.029949201318627,0.6711564399672
2024-10-28,0.2647934626732945,0.6481762408077938
2024-10-29,0.1612825944901219,0.6297277511812625
2024-10-30,-0.3305691672488118,0.6103130888508997
2024-10-31,-1.8790134928745348,0.6029113021667243
2024-11-01,0.4084158004525459,0.8280260420845648
2024-11-04,-0.2816044813190291,0.8005680834276793
2024-11-05,1.2191031029563082,0.7744305510689761
2024-11-06,2.4981280957186653,0.82326099915427
2024-11-07,0.7403754173995657,1.0827732770635081
2024-11-08,0.3749794035718046,1.0521529280905588
2024-11-11,0.0968594190956923,1.0073646191102164
2024-11-12,-0.2896851476936499,0.9608036726441338
2024-11-13,0.0232200764140183,0.9230635261821846
2024-11-14,-0.6068108582244001,0.8819668390378377
2024-11-15,-1.3291430866793768,0.8670176481937373
2024-11-18,0.3910159746206537,0.9296268502332822
2024-11-19,0.3955750520596487,0.8939360211422477
2024-11-20,0.0021950621335444,0.8610115461768706
2024-11-21,0.5326251844288491,0.8241697011473244
2024-11-22,0.3461959591536465,0.8029709716306074
2024-11-25,0.3015927820124541,0.7750750257466861
2024-11-26,0.5705697155263866,0.7478277381647497
2024-11-27,-0.3808481083577711,0.735645512444732
2024-11-29,0.5592120396801623,0.7195760178428442
2024-12-02,0.2445463880581373,0.7093086577975022
2024-12-03,0.0451347242022181,0.6854518554288277
2024-12-04,0.603318162813612,0.6609094294269319
2024-12-05,-0.1871525839382334,0.6596588381032412
2024-12-06,0.2492345367538312,0.6412237842413264
2024-12-09,-0.6163167285227462,0.6228772432965074
2024-12-10,-0.2968284314279252,0.6364260336579024
2024-12-11,0.8132626411368236,0.6247137183662669
2024-12-12,-0.5428731461463251,0.647258632980965
2024-12-13,-0.0026466989371873,0.6512360025037588
2024-12-16,0.3792155008784429,0.6295079039455083
2024-12-17,-0.3871479480655496,0.6171990402723327
2024-12-18,-2.993650530451818,0.6126474713123157
2024-12-19,-0.0865486750536793,1.0986574803379408
2024-12-20,1.08104794023973,1.0470454535035596
2024-12-23,0.7260849585616372,1.0454195097654793
2024-12-24,1.0982233165126825,1.0170122625234395
2024-12-26,-0.0405741088257819,1.0202317467187898
2024-12-27,-1.1117304964912211,0.9731693856838807
2024-12-30,-1.0759673941729728,0.9937295890519755
2024-12-31,-0.4294006458982307,1.007980454835773
2025-01-02,-0.2226363149448992,0.9723846490301444
2025-01-03,1.251735670782609,0.9317721864127924
2025-01-06,0.5522766496818171,0.9614398243629964
2025-01-07,-1.116602151663701,0.9301669073022767
2025-01-08,0.1559144093831242,0.9568299813954216
2025-01-10,-1.5531637650233374,0.9139918618435108
2025-01-13,0.1574204378055117,1.000239685234367
2025-01-14,0.1145623334164268,0.9545701790546257
2025-01-15,1.8147132504516368,0.9115396580347311
2025-01-16,-0.2114924340866761,1.0219862658163517
2025-01-17,0.9941478308394032,0.9777018815707677
2025-01-21,0.8730009440596049,0.9756511335741319
2025-01-22,0.611918108699413,0.9636867979642737
2025-01-23,0.5299419459529372,0.9353471694324538
2025-01-24,-0.2859215984467759,0.9050138833631614
2025-01-27,-1.4688059032112328,0.871172431358763
2025-01-28,0.9175644177716802,0.9528847627146052
2025-01-29,-0.4689876056919602,0.9467985397648258
2025-01-30,0.5261548152180238,0.9178748861404395
2025-01-31,-0.5059603990267195,0.8887243414569941
2025-02-03,-0.7637690729495203,0.8666452823455199
2025-02-04,0.7198907403029113,0.865540681575168
2025-02-05,0.3901053915613613,0.8525708337991866
2025-02-06,0.3637674355266266,0.8225236344410801
2025-02-07,-0.95098456936602,0.7937708802524494
2025-02-10,0.6690112295455173,0.8201194057677306
2025-02-11,0.0339525143673855,0.8078146484543933
2025-02-12,-0.2727583189647575,0.7744973447649371
2025-02-13,1.0372313214235749,0.7500462188505186
2025-02-14,-0.0071946395574495,0.7801352129241974
2025-02-18,0.2442003655551808,0.748956289424847
2025-02-19,0.2374148866824243,0.7220900738392938
2025-02-20,-0.4343604884290259,0.697079902749668
2025-02-21,-1.7211396672539132,0.6877756741990382
2025-02-24,-0.4981493566252351,0.8540976022815415
2025-02-25,-0.4690715138395557,0.8345267308070153
2025-02-26,0.0136015029583465,0.8149087534122473
2025-02-27,-1.5991742678524652,0.78117059282827
2025-02-28,1.5729780420663384,0.901891216888351
2025-03-03,-1.7753402648308867,0.977674014986414
2025-03-04,-1.2310288231505475,1.0854515247282088
2025-03-05,1.1097472528735688,1.1048150209168242
2025-03-06,-1.7979677107455567,1.099687957330058
2025-03-07,0.5505435045454466,1.188277586735023
2025-03-10,-2.734354178842815,1.140220846858969
2025-03-11,-0.7596646918536578,1.3758038821698757
2025-03-12,0.4874967940490777,1.3293545021381645
2025-03-13,-1.3988366806464148,1.2694794341044238
2025-03-14,2.1042905953196938,1.2843382749343049
2025-03-17,0.6395634974606036,1.3698201236166185
2025-03-18,-1.0710667074319702,1.3127466069231384
2025-03-19,1.0740608172953767,1.2928520546777809
2025-03-20,-0.2187283513782985,1.266776779087514
2025-03-21,0.0824313607832321,1.2066933356958855
2025-03-24,1.749211712863917,1.1475111177231605
2025-03-25,0.157309549065382,1.2071019444561324
2025-03-26,-1.1219640357598033,1.1482934848190176
2025-03-27,-0.3312461007132111,1.1494167980248369
2025-03-28,-1.9934601126853548,1.0999658194274968
2025-03-31,0.5523240357645721,1.2176584200586988
2025-04-01,0.3774104555212066,1.167618272998317
2025-04-02,0.6705661429484109,1.1151660678003752
2025-04-03,-4.960591182899663,1.078037961608003
2025-04-04,-6.160906189823093,1.8353241898799444
2025-04-07,-0.2334194605963588,2.564615082531658
2025-04-08,-1.5825083277054854,2.42758555449118
2025-04-09,9.089487983303645,2.3498112792789603
2025-04-10,-3.522060702411168,3.52975092935083
2025-04-11,1.793038083577807,3.508542529674377
2025-04-14,0.7913319326342991,3.3583605493346464
2025-04-15,-0.1729275225300909,3.182778684474321
2025-04-16,-2.2663253964902528,3.0099865942555852
2025-04-17,0.1325958623772775,2.9318811493526225
2025-04-21,-2.384964833401801,2.7725739779144796
2025-04-22,2.480695212545062,2.7245321815963086
2025-04-23,1.6523864366879455,2.6800197399160197
2025-04-24,2.0056628082583163,2.580875129407409
2025-04-25,0.7346084795700513,2.5121797908129304
2025-04-28,0.0640501539001933,2.385542858040773
2025-04-29,0.5785641545556399,2.257158507208539
2025-04-30,0.147889725193352,2.1420468992494417
2025-05-01,0.6279345716451974,2.0278092685016778
2025-05-02,1.461919110911272,1.9278446097483688
2025-05-05,-0.6402047029318447,1.8751062902106546
2025-05-06,-0.7722985278391797,1.7885092572207992
2025-05-07,0.4336938106710132,1.7129481021529303
2025-05-08,0.5783021147465641,1.6274847994481991
2025-05-09,-0.0711734134876363,1.5511467491552091
2025-05-12,3.2039976677020814,1.4716116829185972
2025-05-13,0.7222059020245977,1.6921465846626678
2025-05-14,0.1023891242276053,1.6165930282309093
2025-05-15,0.4123817438757677,1.5327732813493045
2025-05-16,0.6980849368100189,1.457916953695321
2025-05-19,0.0875729566048273,1.397205986875779
2025-05-20,-0.3887777069572578,1.3264208784840463
2025-05-21,-1.6266719267758898,1.266996024364372
2025-05-22,-0.0444970022421169,1.3075133113929636
2025-05-23,-0.6730899591473138,1.2424708910674447
2025-05-27,2.025258080218437,1.2014403716365334
2025-05-28,-0.5586802576444734,1.2896898507283059
2025-05-29,0.4003170870631741,1.2393689950196163
2025-05-30,-0.0081188456995205,1.1828310539428528
2025-06-02,0.4093651490626028,1.1252474458171475
2025-06-03,0.5783533535368979,1.0765319606732757
2025-06-04,0.0073684744719162,1.0377518063428892
2025-06-05,-0.5291357978698112,0.9892465230341453
2025-06-06,1.0228196215376713,0.9601720878322264
2025-06-09,0.0919525186391365,0.9626156232484525
2025-06-10,0.5468012541646841,0.9189441280942738
2025-06-11,-0.2747660318287345,0.8907408151397113
2025-06-12,0.3815133071676387,0.8575482843250708
2025-06-13,-1.136066859010289,0.826809223397574
2025-06-16,0.93488231481891,0.8704806681546173
2025-06-17,-0.8387259723643135,0.8747342246531624
2025-06-18,-0.0309288034720587,0.8795000879424831
2025-06-20,-0.2181035215587759,0.8416521288508247
2025-06-23,0.9560655071259438,0.8101797282570825
2025-06-24,1.1060328616958608,0.8235423149156509
2025-06-25,-0.0003286108349665,0.8512862140693386
2025-06-26,0.7988131032516798,0.8151215689113238
2025-06-27,0.5205399256150098,0.8133472082032958
2025-06-30,0.5151137506128882,0.7924006259413123
2025-07-01,-0.1119157109879143,0.7729340155112292
2025-07-02,0.4733874306490774,0.7437305335457276
2025-07-03,0.8304378210663941,0.7261813459258547
2025-07-07,-0.7893368104244017,0.73733579415241
2025-07-08,-0.0716143250469574,0.7536732421826179
2025-07-09,0.604380277677969,0.7251381213255313
2025-07-10,0.2742441072925791,0.7174129807428812
2025-07-11,-0.3302971773225842,0.6937478947125834
2025-07-14,0.1406424330936794,0.6786411719796352
2025-07-15,-0.3964145065672561,0.655138901726255
2025-07-16,0.3188568525384415,0.6474280915403182
2025-07-17,0.5359380240011014,0.6309240262993409
2025-07-18,-0.0090490302808416,0.6278436842103488
2025-07-21,0.1398157005673256,0.6079933618872535
2025-07-22,0.0637328496666757,0.5899982797319819
2025-07-23,0.7781532145702873,0.5728762813357813
2025-07-24,0.0697979996933251,0.5989662890007241
2025-07-25,0.3966451001680551,0.5811324966342496
2025-07-28,0.0176842471266575,0.5742458113714801
2025-07-29,-0.2963830197466829,0.5585094373576782
2025-07-30,-0.1250213938509471,0.554232244380656
2025-07-31,-0.3701662046374567,0.5427670608788199
2025-08-01,-1.61213871855698,0.5449386739006306
2025-08-04,1.4629564491414495,0.7334028539407969
2025-08-05,-0.4869703780462016,0.8248443037931975
2025-08-06,0.7255522219852605,0.8071512267337015
2025-08-07,-0.0797798171827866,0.8002744231193302
2025-08-08,0.7769454816389475,0.7685220062380882
2025-08-11,-0.2507268393885107,0.7698947740593396
2025-08-12,1.1281559075170764,0.7449493712015378
2025-08-13,0.3224873384046401,0.786791597766862
2025-08-14,0.0303044878554451,0.7593204165522561
2025-08-15,-0.2901339916364711,0.7294235156774661
2025-08-18,-0.0100768257735796,0.7093397374593463
2025-08-19,-0.5875329112207127,0.6832945974897652
2025-08-20,-0.2434630632264957,0.6870016219203315
2025-08-21,-0.4012219728951122,0.6684340583776484
2025-08-22,1.507228515877914,0.6597445240438449
2025-08-25,-0.4275512539646319,0.7749097337894484
2025-08-26,0.412547371011636,0.7580492680387307
2025-08-27,0.2388130453303026,0.7363158375743127
2025-08-28,0.3151747441466755,0.7102658603612673
2025-08-29,-0.6418740402792551,0.6884772224004708
2025-09-02,-0.6946350061030363,0.6964174377189292
2025-09-03,0.5087112302941308,0.7083903332447857
2025-09-04,0.8311847102873572,0.6959891759844505
2025-09-05,-0.317017266993674,0.7109591241163417
2025-09-08,0.2103764450888567,0.6936870145785099
2025-09-09,0.2684547030073441,0.6702206633098676
2025-09-10,0.2979028229398127,0.6500999630270791
2025-09-11,0.8450087623093565,0.6325935238803463
2025-09-12,-0.0482877881428329,0.6575074779288376
2025-09-15,0.4695577726559718,0.6358187541931754
2025-09-16,-0.1288760433331324,0.6278762454045775
2025-09-17,-0.0970639078244386,0.6102389059336197
2025-09-18,0.4777687836708262,0.5932411085229543
2025-09-19,0.4873523937481177,0.5900648088356484
2025-09-22,0.4400350714762291,0.587860846898407
2025-09-23,-0.5517351828739722,0.5828296538313139
2025-09-24,-0.2850677165295369,0.5952993969513279
2025-09-25,-0.5021648742526333,0.5867943833350321
2025-09-26,0.5884489130413512,0.5943254785596076
2025-09-29,0.2632077259912618,0.5992488732554193
2025-09-30,0.4082503613507919,0.5848452351350129
2025-10-01,0.3394154171223507,0.5782439707803638
2025-10-02,0.0618163621384244,0.5687317741259664
2025-10-03,0.0065510656865871,0.5533526092966122
2025-10-06,0.3639959282762629,0.5394430391762023
2025-10-07,-0.3818687706853079,0.534897107134118
2025-10-08,0.5810748494187323,0.5388104025717826
2025-10-09,-0.2759373980278982,0.549777561928007
2025-10-10,-2.748597543989981,0.5452169512309157
2025-10-13,1.547826303693403,1.0027289813173934
2025-10-14,-0.156555149694257,1.058402471837234
2025-10-15,0.4017918503427978,1.0104900081249188
2025-10-16,-0.6314280275141976,0.9694164063943211
2025-10-17,0.5256873944526299,0.9482672957906748
2025-10-20,1.0615724136144116,0.9167282789628578
2025-10-21,0.0032695916416987,0.9278663526447328
2025-10-22,-0.535183477474303,0.8865348496907983
2025-10-23,0.5810479862013386,0.8664259796010372
2025-10-24,0.7871361975244856,0.8443841479621658
2025-10-27,1.221514132737935,0.838611148010518
2025-10-28,0.2285330502229925,0.8778602863150424
2025-10-29,-0.0043579204733175,0.8414130224332746
2025-10-30,-0.9954191424534512,0.8059493633337078
2025-10-31,0.261450091788327,0.8356880054131509
2025-11-03,0.1719233996918152,0.802910526446924
2025-11-04,-1.1806250392326716,0.7707508969599637
2025-11-05,0.3646897675687718,0.8293231226508772
2025-11-06,-1.1241134514722728,0.8000909377214313
2025-11-07,0.1261046347493107,0.8463757127905747
2025-11-10,1.5283626703501816,0.8106827937759161
2025-11-11,0.2073199952392317,0.8967677518188601
2025-11-12,0.0629319125944597,0.8586435815347595
2025-11-13,-1.6695451630927778,0.8218210050968285
2025-11-14,-0.0501851471271773,0.9452019683711941
2025-11-17,-0.9204497894305158,0.9031442807196105
2025-11-18,-0.8290709844169318,0.912479712151479
2025-11-19,0.3746807737265329,0.9122105374801467
2025-11-20,-1.568972611631523,0.8772183905350586
2025-11-21,0.9775103041592068,0.9728370215164646
2025-11-24,1.5348818899081835,0.9698317082961151
2025-11-25,0.9020886000832944,1.0289684342155696
2025-11-26,0.6882969436149685,1.0141567872279442
2025-11-28,0.5340487341137372,0.9860636163774779
2025-12-01,-0.5337548746055967,0.9520245338349815
2025-12-02,0.2454221195936617,0.9262622805716617
2025-12-03,0.2975360521085286,0.8868219249854746
2025-12-04,0.1079738711974404,0.8513212114317622
2025-12-05,0.1934768884679477,0.8151593445758306
2025-12-08,-0.3483315331647693,0.782465429513946
2025-12-09,-0.0876743161013238,0.7607237868549872
2025-12-10,0.6726880659139977,0.7319457260088471
2025-12-11,0.207719198371703,0.7286210967300649
2025-12-12,-1.0720913458554535,0.7024589328789882
2025-12-15,-0.1597838891836707,0.7579227162025975
2025-12-16,-0.238676400843967,0.7309587475462006
2025-12-17,-1.165985661137129,0.708627325527971
2025-12-18,0.7902951520479157,0.7761941688011528
2025-12-19,0.8779407421828872,0.7778854461531663
2025-12-22,0.6415870575561936,0.787430622569621
2025-12-23,0.4540067046788208,0.7763013123361749
2025-12-24,0.3216304344700708,0.7550134533103109
2025-12-26,-0.0304409877108288,0.7299403669912542
2025-12-29,-0.3498162923937312,0.702581204955106
2025-12-30,-0.1376614250653447,0.6877294005299537
2025-12-31,-0.7384867434248815,0.6655412637354681
2026-01-02,0.1892914026115554,0.6859409615676854
2026-01-05,0.6334024511051581,0.6626410086063746
2026-01-06,0.6177592003893837,0.6635685761850108
2026-01-07,-0.3445853571010193,0.6631538654814393
2026-01-08,0.0076545329422946,0.6515714708390504
2026-01-09,0.6454611138321038,0.6297409049005278
2026-01-12,0.1576390059180513,0.6353658746176353
2026-01-13,-0.1941005588207007,0.615446594705758
2026-01-14,-0.5347633584135448,0.6009859382689549
2026-01-15,0.2576603920444464,0.6096664453163582
2026-01-16,-0.0642508668451502,0.5941955934734644
2026-01-20,-2.0842460953261224,0.5778285849892818
2026-01-21,1.152111763356032,0.8579560045374512
2026-01-22,0.547250070790214,0.8862499415288605
2026-01-23,0.0326816427482245,0.8607003393190827
2026-01-26,0.499359426016032,0.8237571522937934
2026-01-27,0.407358784044124,0.8008264845875754
2026-01-28,-0.008172639170147,0.775444265695372
2026-01-29,-0.1293467442462301,0.74460477964836
2026-01-30,-0.4311179414458075,0.7178710131731818
2026-02-02,0.5376785277364613,0.7063931072481817
2026-02-03,-0.8439495590663714,0.6959778374799894
2026-02-04,-0.5085300155013825,0.7237981345469372
2026-02-05,-1.232667785383289,0.7169873481340067
2026-02-06,1.950434428220072,0.7927722074771067
2026-02-09,0.4680117860123293,0.9537124976400049
2026-02-10,-0.3309182284510705,0.9191965957213033
2026-02-11,-0.0048957269949773,0.886013944266614
2026-02-12,-1.578494138611745,0.8475238686221059
2026-02-13,0.0498964644447585,0.9505637026173649
2026-02-17,0.1030790630656517,0.9076076205438484
2026-02-18,0.5550636821134018,0.8676205104848359
2026-02-19,-0.2826115391534785,0.8440206343561691
2026-02-20,0.6915755702175205,0.8145920957513987
2026-02-23,-1.043995947145646,0.8044297803352978
2026-02-24,0.7622488962383376,0.8401114348579035
2026-02-25,0.8103433970129401,0.8327922430248459
2026-02-26,-0.5380026995566102,0.8301250934158827
2026-02-27,-0.4348795128037643,0.8152338929104403
2026-03-02,0.0398275413134989,0.7952980857383507
2026-03-03,-0.9488908731312504,0.7628411434368656
2026-03-04,0.772612574014956,0.7932561945791825
2026-03-05,-0.5662707772703004,0.7915972710830554
2026-03-06,-1.3365720432496335,0.782313042448853
2026-03-09,0.8269871665388671,0.8610815081396871
2026-03-10,-0.2137402505887721,0.8568567116985801
2026-03-11,-0.0837952185634873,0.8241450700556983
2026-03-12,-1.5344808189494537,0.7907720796295309
2026-03-13,-0.6077546398501344,0.8986533021381238
2026-03-16,1.0079909746818998,0.8822372540539289
2026-03-17,0.2491149384952951,0.8921317042491819
2026-03-18,-1.370099938373084,0.8551109421198193
2026-03-19,-0.2752582623899739,0.9254677225709624
2026-03-20,-1.5253934307770225,0.8897689209072858
2026-03-23,1.13881090950741,0.9763998905849671
2026-03-24,-0.3749595459320553,0.9882326897864988
2026-03-25,0.5404493759949214,0.951733382073662
2026-03-26,-1.7559440961209507,0.9206354417864485
2026-03-27,-1.686323194605131,1.0368748183395602
2026-03-30,-0.3953553833355895,1.1204326710647206
2026-03-31,2.8714893309798715,1.0752429657443776
2026-04-01,0.7142945003759281,1.3341873892689577
2026-04-02,0.1120248136237017,1.2829343079182365
2026-04-06,0.4417013131605808,1.219165095463635
2026-04-07,0.0758960033127059,1.1651499055180203
2026-04-08,2.4772038357183543,1.108531409504113
2026-04-09,0.6151066869514015,1.2863428310400122
2026-04-10,-0.1139169699139363,1.2340587315494447
2026-04-13,1.0121875493741077,1.174253137367589
2026-04-14,1.1713988916143618,1.1542993795829053
2026-04-15,0.794414491156507,1.1495163163149107
2026-04-16,0.2606555815286028,1.1167146862601836
2026-04-17,1.1968553928737802,1.0649623167494735
2026-04-20,-0.2377195910252037,1.0722891979843352
2026-04-21,-0.6368453580853141,1.0252955673168416
2026-04-22,1.0405756011537826,0.9996697327807514
2026-04-23,-0.4141432170939998,0.9994439004765011
2026-04-24,0.7942067917632457,0.963799128959451
2026-04-27,0.1231618000549854,0.9470311179557758
2026-04-28,-0.4906187868795949,0.9045539584925294
2026-04-29,-0.0399251743512484,0.8802509582939999
2026-04-30,1.0186184168105012,0.8424394742306955
2026-05-01,0.292404968652147,0.8582192610190842
2026-05-04,-0.4070462487840939,0.824614593855628
2026-05-05,0.8087227380575185,0.802366903131535
2026-05-06,1.4482944327746905,0.8028055252589735
2026-05-07,-0.3810345482678693,0.8784663932414353
2026-05-08,0.8390405429031966,0.8505727480603479
2026-05-11,0.1878191740675333,0.8484607216964576
2026-05-12,-0.1603894411407971,0.8133485165069111
2026-05-13,0.5832206062995343,0.7823184017073186
2026-05-14,0.7626449143738461,0.7677747425824843
2026-05-15,-1.2440381787730352,0.7680024873131903
2026-05-18,-0.0735938592565556,0.8359301150223898
2026-05-19,-0.6700720556670582,0.8015776690528439
2026-05-20,1.0734208066325956,0.7993948380340812
2026-05-21,0.1713860931666642,0.8267424088208299
2026-05-22,0.3720045284340991,0.7929027827423526
2026-05-26,0.6089680623147165,0.7667194908893109
2026-05-27,0.0164865553618602,0.7553096414686018
2026-05-28,0.5737227212216409,0.725751497614678
2026-05-29,0.2169904731487845,0.7158577800164353
2026-06-01,0.2621856060490788,0.6908484713497743
2026-06-02,0.1291254912588006,0.6689048246819898
2026-06-03,-0.7399348892067432,0.6460099733308522
2026-06-04,0.404676236918739,0.6692326814976794
2026-06-05,-2.6801330315360894,0.6546373467624725
2026-06-08,0.2973705207661197,1.0429349600403643
2026-06-09,-0.2579718592621945,0.9967515814606167
2026-06-10,-1.6332095868206011,0.9554671595558498
2026-06-11,1.736719891346488,1.0459050434673338
2026-06-12,0.5012928127161433,1.1199903466582384
2026-06-15,1.639328413858115,1.0747986331735009
2026-06-16,-0.5700396039273383,1.1312556954277149
2026-06-17,-1.2222675603360271,1.0932194029346058
2026-06-18,1.0787813962926185,1.1106981640240507
2026-06-22,-0.3711932684976348,1.1022744396234034
2026-06-23,-1.4466928386098656,1.057448372130895
2026-06-24,-0.0983415367731933,1.105600621955503
2026-06-25,-0.0099211040047032,1.0536958240165966
2026-06-26,-0.0471768682918393,1.0042573659247755
2026-06-29,1.168156135934559,0.9582924177334665
2026-06-30,0.7888998838148293,0.9753419368464477
2026-07-01,-0.2153150985551308,0.9571396106031279
2026-07-02,0.0001370250446897,0.9173814541789389
2026-07-06,0.7215413830444529,0.876762769577521
2026-07-07,-0.446506325318549,0.8628578262254639
2026-07-08,-0.2821214562612669,0.8395569559088754
2026-07-09,0.8109821657156896,0.8104476711962206
2026-07-10,0.4200010992571726,0.8102090534993515
2026-07-13,-0.7958609028043705,0.7846259654831034
2026-07-14,0.3751931076883282,0.7957712061530415
2026-07-15,0.3811869942054222,0.7694883391496556
2026-07-16,-0.5114462132765812,0.7454981593617968
2026-07-17,-1.0149876192112737,0.7367623978365258
2026-07-20,-0.1934123886780441,0.7790778219273975
2026-07-21,0.8817378432212827,0.7514875604123599
2026-07-22,-0.1364622426399714,0.7645953457770382
2026-07-23,-1.216337213127651,0.7365454402080621
2026-07-24,0.0496640537188817,0.8062312602169048
2026-07-27,0.0161913301775201,0.7730022916519106
2026-07-28,0.2102096375460347,0.7421868032309473
2026-07-29,-1.5277397157074193,0.7150669938627974
2026-07-30,1.646801397705684,0.8389905469512221
2026-07-31,0.6979208383378552,0.9377124029943242
2026-08-03,1.468259226399674,0.9166981851288637
2026-08-04,1.773794201518698,0.9754930525181634
2026-08-05,-0.1677899004880398,1.067244592394222
2026-08-06,-0.1761083184406881,1.0189721820029145
2026-08-07,0.6165187424711444,0.9740649539625708
2026-08-10,-0.0584146294192248,0.9451407059763363
2026-08-11,-0.3218033793131792,0.9031774079570003
2026-08-12,0.2623274480028508,0.870826401825442
2026-08-13,0.6494991938585417,0.8355817352285645
2026-08-14,-0.1697874130592273,0.8205051052508502
2026-08-17,-0.5241165715609594,0.7891970459755606
2026-08-18,-0.6905632816841959,0.7771637777886697
2026-08-19,0.2106557787261324,0.7793670036984435
2026-08-20,-0.8706708745809217,0.7495364463395023
2026-08-21,0.4336776121311056,0.7729389177938466
2026-08-24,-0.2806804367835632,0.7509572244725997
2026-08-25,0.3185873461008087,0.728706879972972
2026-08-26,-0.0205769805123561,0.7055784629387487
2026-08-27,0.7177437188466143,0.679909074602035
2026-08-28,-0.2490551059921247,0.6860512527707888
