Date,LogReturn,ConditionalVolatility
2000-01-04,-3.909917534093802,1.6209488071869038
2000-01-05,0.1920337961585907,2.0456507598145333
2000-01-06,0.0955221740056988,1.9046128040667445
2000-01-07,2.672994972987063,1.7737865232900873
2000-01-10,1.1127824873139451,1.8850060964720738
2000-01-11,-1.3148576788902815,1.7931300356370552
2000-01-12,-0.4396019678609714,1.7376985799842888
2000-01-13,1.2096245165416932,1.628917804134272
2000-01-14,1.0614763497340869,1.5705965891178013
2000-01-18,-0.6855516976735141,1.5059624945423635
2000-01-19,0.0522156873622269,1.4295624949774723
2000-01-20,-0.7120612569861287,1.3354846154047735
2000-01-21,-0.291656813395358,1.2774024971063362
2000-01-24,-2.8022584228459118,1.2017335835455074
2000-01-25,0.6046483603040548,1.5017104089882496
2000-01-26,-0.4221619766667546,1.4145573608742534
2000-01-27,-0.3946204024482488,1.3322752679606853
2000-01-28,-2.784081272973308,1.255943697715096
2000-01-31,2.490485052912464,1.5353376068945723
2000-02-01,1.0571740915406744,1.662421675324111
2000-02-02,-0.011356385074743,1.588173815843158
2000-02-03,1.1185347697919614,1.4818705224070614
2000-02-04,-0.0421133035721908,1.4314499293306864
2000-02-07,-0.0091276014316644,1.3377021689196553
2000-02-08,1.219849367259354,1.2511646732392732
2000-02-09,-2.103511705975112,1.2383913067561274
2000-02-10,0.3620242852776449,1.381679967967034
2000-02-11,-2.119229898918964,1.295598017153334
2000-02-14,0.203088685354913,1.4289776893621706
2000-02-15,0.8674947553079746,1.3358458436654868
2000-02-16,-1.0309372816680578,1.2801384547423948
2000-02-17,0.0425058137474761,1.256523174589044
2000-02-18,-3.084710308169203,1.176296835888525
2000-02-22,0.4506673481115292,1.551601835599885
2000-02-23,0.6281139106337607,1.4542165199194304
2000-02-24,-0.5349730316245382,1.3723439694730892
2000-02-25,-1.4940089385435542,1.2993902999546356
2000-02-28,1.0957078745980513,1.3301137614982181
2000-02-29,1.3535073096645704,1.2946692086308353
2000-03-01,0.9302114728482016,1.2916382081495381
2000-03-02,0.1861728134993852,1.2455797137539328
2000-03-03,1.9642853797381483,1.1670239658062083
2000-03-06,-1.2776701994211102,1.2778588570920353
2000-03-07,-2.596529712028953,1.282991050050302
2000-03-08,0.8140128606934441,1.5139576658085272
2000-03-09,2.5279570403423506,1.437152226189619
2000-03-10,-0.4734054939684533,1.5920555979608897
2000-03-13,-0.8241305233129576,1.4967865915710838
2000-03-14,-1.784372717541607,1.4307985860755699
2000-03-15,2.3982619773033385,1.4821499231226234
2000-03-16,4.654577885905089,1.6039495854535006
2000-03-17,0.4105461314759303,2.185984760401347
2000-03-20,-0.5367830413634725,2.037416084952581
2000-03-21,2.5244513080495854,1.9077911388783662
2000-03-22,0.4521628609461416,1.971531637756156
2000-03-23,1.7642498044501167,1.8405735149829514
2000-03-24,0.0072007983406823,1.8135347013081176
2000-03-27,-0.2359619652895298,1.6897313623721095
2000-03-28,-1.0641384406600805,1.5787188658358287
2000-03-29,0.0523855171532201,1.5238404130144265
2000-03-30,-1.3749849620433678,1.4223460943072668
2000-03-31,0.7138762685515928,1.4192386013405724
2000-04-03,0.4919225661762653,1.3451562483664385
2000-04-04,-0.7491613948027298,1.2666183784292702
2000-04-05,-0.4936119081060471,1.2184685432990405
2000-04-06,0.9348563512982748,1.1574546045264873
2000-04-07,0.9948095294857916,1.1268166985223493
2000-04-10,-0.7872111321383407,1.1056881951600483
2000-04-11,-0.2575662535388924,1.0788029484256072
2000-04-12,-2.2522936175410977,1.0192265009353867
2000-04-13,-1.833818082166074,1.2504343809173393
2000-04-14,-6.0045097522022965,1.3427537400988339
2000-04-17,3.2548110813340263,2.450835025618383
2000-04-18,2.8260296800704303,2.533896078134588
2000-04-19,-0.985690838193474,2.5434764831619825
2000-04-20,0.4940641519006725,2.392281992452804
2000-04-24,-0.3267740424217845,2.2296831647256456
2000-04-25,3.2734293540990405,2.0785940724919802
2000-04-26,-1.1196539243597152,2.232586970814489
2000-04-27,0.2686382033973639,2.1169595292747685
2000-04-28,-0.8562610676304283,1.9713029066908456
2000-05-01,1.0833162628904172,1.8627851445040076
2000-05-02,-1.5069531532927791,1.7709639588153534
2000-05-03,-2.180150116391077,1.7377384439105843
2000-05-04,-0.3915527488209627,1.7967326148581453
2000-05-05,1.6227264098328114,1.6814761110817344
2000-05-08,-0.592270059019445,1.658677640713136
2000-05-09,-0.8482924072715453,1.5632345075446494
2000-05-10,-2.0815054047135644,1.4924272824791158
2000-05-11,1.774410644515053,1.5793846774545484
2000-05-12,0.9297324968961715,1.5888978971689027
2000-05-15,2.185713743258197,1.5126259523873862
2000-05-16,0.9375105396318106,1.5928024610530274
2000-05-17,-1.2519718264096238,1.5166933123959583
2000-05-18,-0.7341489575181015,1.4873031026809354
2000-05-19,-2.1279500834297727,1.4158473695023066
2000-05-22,-0.4437836972822325,1.5254750490653843
2000-05-23,-1.9362083559102845,1.434602843686271
2000-05-24,1.8169184098520843,1.5087771627626148
2000-05-25,-1.2609113327974115,1.5345210126167168
2000-05-26,-0.2536655984128445,1.5038968865284812
2000-05-30,3.1733002241273844,1.408214355533691
2000-05-31,-0.1301402293098524,1.702120108060651
2000-06-01,1.966326987402928,1.588166671518316
2000-06-02,1.9446456896420408,1.622380774938593
2000-06-05,-0.6540169012008555,1.6482520609180398
2000-06-06,-0.6692993404042076,1.5569907951643107
2000-06-07,0.923126844668116,1.474863978849073
2000-06-08,-0.6607485476626416,1.4092860642650928
2000-06-09,-0.3234471699907343,1.3404442357103552
2000-06-12,-0.754405228380546,1.2605440423077092
2000-06-13,1.608021221744243,1.2134602527709881
2000-06-14,0.0748370883408386,1.2570102997218535
2000-06-15,0.5553891236846383,1.1767351430650002
2000-06-16,-0.9697050911417971,1.1162304330761825
2000-06-19,1.460139913271512,1.1069203311473814
2000-06-20,-0.6786129112329043,1.1467147953233787
2000-06-21,0.2152263211684242,1.1056869547236956
2000-06-22,-1.8388167747017907,1.039199691175542
2000-06-23,-0.7395562633629121,1.1786328179128354
2000-06-26,0.9548626596742144,1.1391687696391417
2000-06-27,-0.3276148091889774,1.112583187500407
2000-06-28,0.2939316191940989,1.0528443516565809
2000-06-29,-0.8580674562089075,0.9927055404665892
2000-06-30,0.8429461805284734,0.9873868765261155
2000-07-03,1.0218521276461745,0.9682897740505457
2000-07-05,-1.598929617329866,0.9710670229547049
2000-07-06,0.7192881877199921,1.0809726174637824
2000-07-07,1.5145545764216402,1.0405240744761133
2000-07-10,-0.2220347550682792,1.100440759683913
2000-07-11,0.3558271818368465,1.0376958437671506
2000-07-12,0.8097454201544736,0.9808895762984894
2000-07-13,0.1953935942965212,0.9594104075463228
2000-07-14,0.9408493660190482,0.9051884485870053
2000-07-17,0.033770226184571,0.9073714645240311
2000-07-18,-1.115105945617103,0.856576770352441
2000-07-19,-0.7917525979241625,0.9073163133852372
2000-07-20,0.914185956935876,0.9061998588494865
2000-07-21,-1.033695083770937,0.9051734943701311
2000-07-24,-1.07999082984729,0.9352073705873281
2000-07-25,0.6928073285986649,0.9667642520330366
2000-07-26,-1.5067422285769314,0.9366842042052738
2000-07-27,-0.1929711278503244,1.037417388410238
2000-07-28,-2.072203561206855,0.9792926583717573
2000-07-31,0.7675250620293993,1.1825793797627049
2000-08-01,0.5068116172807686,1.135111813461729
2000-08-02,0.0417113188203251,1.075960562046194
2000-08-03,0.9587663196748386,1.0106155542091124
2000-08-04,0.711375339942963,1.0004608388275633
2000-08-07,1.1141175706899775,0.9681277301038669
2000-08-08,0.2349738799248673,0.9823756457037301
2000-08-09,-0.6719350214888085,0.9269281512531631
2000-08-10,-0.8605221070946711,0.9106359255638902
2000-08-11,0.7905641586007474,0.9171088501441935
2000-08-14,1.3309295881220085,0.901614888459377
2000-08-15,-0.4791695036623892,0.9584794709710871
2000-08-16,-0.3090181578268623,0.9224242158779934
2000-08-17,1.090091920947978,0.8796908714138904
2000-08-18,-0.2911837030270272,0.9046831069088523
2000-08-21,0.5188571343542924,0.8627953380111398
2000-08-22,-0.0900701347940382,0.8312213102467516
2000-08-23,0.5219522441311926,0.788983598294957
2000-08-24,0.1552668191408988,0.7657541386411595
2000-08-25,-0.1234000485538184,0.7285884008342425
2000-08-28,0.5058718739776826,0.6972213989345198
2000-08-29,-0.2810913542595063,0.6835924737948321
2000-08-30,-0.4813399257303448,0.6644284812681794
2000-08-31,0.9992625399822191,0.6637672725077577
2000-09-01,0.2033909928443819,0.7143029762277595
2000-09-05,-0.9042823704100792,0.68314863773816
2000-09-06,-0.9888926610032612,0.734241152192361
2000-09-07,0.6852001412039173,0.7886389101134785
2000-09-08,-0.5345346736805905,0.7792430585933772
2000-09-11,-0.3512343891048993,0.7684293702343087
2000-09-12,-0.489358622753845,0.7441929314915856
2000-09-13,0.196841475218659,0.7336942496654313
2000-09-14,-0.272443776783442,0.7004499394061827
2000-09-15,-1.0221718934521251,0.678847171773926
2000-09-18,-1.4637860201737054,0.7504388625827448
2000-09-19,1.059778647554107,0.888766248911819
2000-09-20,-0.5880712886379447,0.9082191561534781
2000-09-21,-0.1579041064424616,0.8864285541794249
2000-09-22,-0.0227815267742334,0.8408963716580692
2000-09-25,-0.6711091870692856,0.7965567175355408
2000-09-26,-0.8247833681979313,0.797372389963834
2000-09-27,-0.0448538205449603,0.8166232609220081
2000-09-28,2.199161923055056,0.7748519836165793
2000-09-29,-1.504797562522097,1.044987470125518
2000-10-02,-0.0194956242969308,1.12256194655853
2000-10-03,-0.682578809750394,1.0536747468224106
2000-10-04,0.5495008622973145,1.0232901445897964
2000-10-05,0.136562623082401,0.9771607469353435
2000-10-06,-1.918332936055016,0.9205757103068625
2000-10-09,-0.4951921445981094,1.1073916041498924
2000-10-10,-1.0763632361505893,1.0571887595147058
2000-10-11,-1.6303582750874754,1.0689841219992189
2000-10-12,-2.5840455121106687,1.1632031309125035
2000-10-13,3.283640742377901,1.425482319531853
2000-10-16,0.0327381261936722,1.7388081013754793
2000-10-17,-1.809497745525861,1.6206663435307
2000-10-18,-0.5824440440586927,1.645133022485933
2000-10-19,3.415336185901189,1.5503768356791805
2000-10-20,0.5865740397982498,1.856737744401418
2000-10-23,-0.0823590308256553,1.7390944079931014
2000-10-24,0.1682213178921447,1.621668325390439
2000-10-25,-2.4054449199316688,1.5129995786483101
2000-10-26,-0.0337138662044313,1.6514965088925133
2000-10-27,1.1035028060664311,1.5404167753969855
2000-10-30,1.3735586682098206,1.4823896956509646
2000-10-31,2.174013303587748,1.4570905093506175
2000-11-01,-0.5739155817162054,1.5456916627153534
2000-11-02,0.4983253778122986,1.4592372821364412
2000-11-03,-0.1141855982315385,1.3712158764200904
2000-11-06,0.3847665526959488,1.2832123765499135
2000-11-07,-0.0223421504775999,1.2060381449614552
2000-11-08,-1.5902322423898214,1.1302740175414303
2000-11-09,-0.6506714376939785,1.2053438966149377
2000-11-10,-2.470013662903212,1.1559827916950265
2000-11-13,-1.0834607728647911,1.39517667962237
2000-11-14,2.318136570591192,1.3630024602957258
2000-11-15,0.4948225879737868,1.4955597441663488
2000-11-16,-1.266439019045086,1.4043507024688755
2000-11-17,-0.3357600653106314,1.3908086967200595
2000-11-20,-1.852217322376188,1.3070866760224968
2000-11-21,0.351675698623508,1.3914299903409193
2000-11-22,-1.872167427473288,1.304262106847432
2000-11-24,1.4571644470684244,1.392470021933033
2000-11-27,0.5351664138539549,1.3885129757489827
2000-11-28,-0.9593904031944648,1.3080510057574328
2000-11-29,0.436150372729836,1.2738912417134884
2000-11-30,-2.031031130031256,1.1993079701157932
2000-12-01,0.0212935468455588,1.3378791470999196
2000-12-04,0.7378255132535632,1.2511652442083248
2000-12-05,3.818333720268016,1.1946304616778827
2000-12-06,-1.838767211567056,1.7182395919181852
2000-12-07,-0.5870059698293583,1.732061179483451
2000-12-08,1.941505438901164,1.630014349116914
2000-12-11,0.7497925487985166,1.6542888993498548
2000-12-12,-0.6556658664756471,1.5610158953825155
2000-12-13,-0.8194382562943504,1.477715934247207
2000-12-14,-1.4113896457878423,1.4132883722314145
2000-12-15,-2.1696411279964054,1.4159424266485798
2000-12-18,0.8038303521842073,1.5328060857697903
2000-12-19,-1.3042648854882348,1.4536091632328378
2000-12-20,-3.179612679193636,1.4379609382911116
2000-12-21,0.7969797433423939,1.7518449510326606
2000-12-22,2.409435072348548,1.652493848829702
2000-12-26,0.7050389439815639,1.743084043119498
2000-12-27,1.038551801890451,1.6398564465180994
2000-12-28,0.398021412730193,1.5664496680615703
2000-12-29,-1.050297197343172,1.4662796298837457
2001-01-02,-2.84323345214164,1.422605054069637
2001-01-03,4.888407020840131,1.6680143163206114
2001-01-04,-1.0608546388114073,2.2856201756222485
2001-01-05,-2.659283806587432,2.1613323698379143
2001-01-08,-0.1919652639159028,2.2215854895807925
2001-01-09,0.3804941248795059,2.0686051383220363
2001-01-10,0.954072765251826,1.9284705933528792
2001-01-11,1.026483635719767,1.8222985616777803
2001-01-12,-0.6252376353325712,1.730422317734289
2001-01-16,0.6124301133249056,1.6304020576062455
2001-01-17,0.2123358397782718,1.5325712878116746
2001-01-18,1.3819390779688845,1.4313474131202382
2001-01-19,-0.4036364104246305,1.413441884853231
2001-01-22,0.0268101573827583,1.3304612859469414
2001-01-23,1.2947319312044343,1.244321490503486
2001-01-24,0.2862720279423331,1.2411617544693245
2001-01-25,-0.4989365901461464,1.164776546810435
2001-01-26,-0.1887629230125118,1.109201526642189
2001-01-29,0.678170005523196,1.0446667861849084
2001-01-30,0.6983436422109728,1.0049812158096008
2001-01-31,-0.5635564807286338,0.9711084683578807
2001-02-01,0.5446274059599507,0.9400399430710973
2001-02-02,-1.7628461911447508,0.9020283570840132
2001-02-05,0.3580241741748479,1.0611406109402632
2001-02-06,-0.1514868758901133,1.0023145482709723
2001-02-07,-0.844369052364719,0.9460865310532506
2001-02-08,-0.6254170660763811,0.9456014642939818
2001-02-09,-1.342526596679741,0.9227055014468649
2001-02-12,1.1757894931235195,0.9975515665900379
2001-02-13,-0.8689772585958535,1.0153376596266022
2001-02-14,-0.2186195063210996,1.008197131213779
2001-02-15,0.8090730929249642,0.9535409497933924
2001-02-16,-1.908628708319949,0.9353248486968213
2001-02-20,-1.7508953990654743,1.115908095684777
2001-02-21,-1.8680859586076648,1.2215152880803113
2001-02-22,-0.1953736951163641,1.3256192197616752
2001-02-23,-0.5570924750844155,1.243008771906003
2001-02-26,1.7338769191571488,1.183486247175042
2001-02-27,-0.7689396127662075,1.2518138860271113
2001-02-28,-1.4412471713944133,1.2068541455097308
2001-03-01,0.1039863628340481,1.2450905715663938
2001-03-02,-0.5695982258483536,1.1658657000836772
2001-03-05,0.5841032455202131,1.1147415507283007
2001-03-06,0.993112088261496,1.0617293781911106
2001-03-07,0.6431629893613798,1.0486252012627197
2001-03-08,0.2255951040818529,1.006014624531601
2001-03-09,-2.5075725323942804,0.9482894904847052
2001-03-12,-4.414078294443772,1.2623719453033995
2001-03-13,1.4719630139540336,1.9513904706214962
2001-03-14,-2.618189309370976,1.881721305224721
2001-03-15,0.5854125517359441,1.9839706952431841
2001-03-16,-1.9819182794657757,1.8559939047159018
2001-03-19,1.7473135776606017,1.8685822156919427
2001-03-20,-2.4372000192958607,1.836130914586553
2001-03-21,-1.80862772659719,1.9176749731506801
2001-03-22,-0.4071995565797344,1.900053242092499
2001-03-23,1.9713495936903385,1.7769927711661153
2001-03-26,1.121920054569309,1.7835646095290227
2001-03-27,2.525347937182508,1.702196335799619
2001-03-28,-2.473300853089892,1.8024815699815062
2001-03-29,-0.4641060904985464,1.8957898592655456
2001-03-30,1.0726709139390915,1.774990943064109
2001-04-02,-1.254023999486656,1.6908402459111276
2001-04-03,-3.4998475022451245,1.6411223465155467
2001-04-04,-0.2905325361392833,1.9670805485145484
2001-04-05,4.275291291739027,1.8355311359564273
2001-04-06,-2.018594837777301,2.249808020201883
2001-04-09,0.808462583936063,2.2137948498792985
2001-04-10,2.670621859203787,2.075774288218437
2001-04-11,-0.2133421718970636,2.1335187565284337
2001-04-12,1.499139355233697,1.9875909615025773
2001-04-16,-0.3232889182608421,1.9164733860470367
2001-04-17,1.0229948339488113,1.7896915226127172
2001-04-18,3.815322509881213,1.7006546525528423
2001-04-19,1.246472175351813,2.051846457124703
2001-04-20,-0.8579449399815879,1.9535591340610978
2001-04-23,-1.5093460052377403,1.8467339498756135
2001-04-24,-1.2236023629359138,1.8045679987823873
2001-04-25,1.581516957968027,1.7394706869317655
2001-04-26,0.4684853904600156,1.7048781833650066
2001-04-27,1.4898371931206402,1.5955806669265775
2001-04-30,-0.2869191603224831,1.5688252604914692
2001-05-01,1.3498341704493846,1.4687972099854374
2001-05-02,0.0781502095204331,1.4426275114682316
2001-05-03,-1.4984400130627271,1.3475258963853274
2001-05-04,1.4337158275437674,1.3713057640596413
2001-05-07,-0.2450458589421953,1.3674176481040634
2001-05-08,-0.1829960093747652,1.282685676975315
2001-05-09,-0.4497819936253592,1.2033208850230168
2001-05-10,-0.0286758651484411,1.1412770490567485
2001-05-11,-0.76054583320409,1.070920127919557
2001-05-14,0.2605639984349348,1.045631687884489
2001-05-15,0.04161909984873,0.9852458118933585
2001-05-16,2.805552457975033,0.9276200729462872
2001-05-17,0.2720053922715442,1.293117375009221
2001-05-18,0.2689432355072174,1.2121204009694406
2001-05-21,1.6024664084721572,1.1377642015556624
2001-05-22,-0.2631332512547939,1.1936878539921927
2001-05-23,-1.5648195622524033,1.124216837443866
2001-05-24,0.3191051471414715,1.196275880503984
2001-05-25,-1.1886310588375482,1.1244936552395677
2001-05-29,-0.782459992146223,1.1407597985371192
2001-05-30,-1.5779356558458757,1.1093374746757412
2001-05-31,0.6182367657796666,1.1864404990525437
2001-06-01,0.3854657622684866,1.1285618926705974
2001-06-04,0.50953447410036,1.0647518471080573
2001-06-05,1.2906511100564182,1.012334326862359
2001-06-06,-1.060467106196446,1.0434937536276738
2001-06-07,0.5441677248723177,1.055296900579802
2001-06-08,-0.9441752309571274,1.0057118508946021
2001-06-11,-0.8391059924567633,1.00858983669242
2001-06-12,0.1163204401009928,0.9990628821905339
2001-06-13,-1.1411763938773378,0.9404153500975482
2001-06-14,-1.7656559095685551,0.9799516344623593
2001-06-15,-0.4527114710082972,1.119563040885205
2001-06-18,-0.4895136092087169,1.065593856264719
2001-06-19,0.3428243907661208,1.019191308846189
2001-06-20,0.867104994474383,0.963585860436076
2001-06-21,1.130012602445341,0.9498693894984941
2001-06-22,-0.949496321273554,0.9690164923197164
2001-06-25,-0.5523858751956685,0.9778564962504992
2001-06-26,-0.1511042458996914,0.9451579580657129
2001-06-27,-0.4687374320122502,0.8940338454897546
2001-06-28,1.2415694507143689,0.8641818354210239
2001-06-29,-0.1485319113264489,0.9140366933065219
2001-07-02,1.0028092604268009,0.8656712823042989
2001-07-03,-0.1837202816089598,0.8813055430221081
2001-07-05,-1.239778139926692,0.8371138691848584
2001-07-06,-2.3778751934215294,0.9121710459152053
2001-07-09,0.6855443542898605,1.2072965122028412
2001-07-10,-1.4502635743563457,1.1515950389446927
2001-07-11,-0.11347469386804,1.200583307113469
2001-07-12,2.3414984234097416,1.1265278521742923
2001-07-13,0.6221636236980788,1.3202181966427087
2001-07-16,-1.0942533714401794,1.2500710053699966
2001-07-17,0.9921915461124284,1.2371489263115318
2001-07-18,-0.5557044822974007,1.2026430676408457
2001-07-19,0.6034581514543652,1.1469531164803655
2001-07-20,-0.3437981475594382,1.0919830637086136
2001-07-23,-1.650406859089024,1.0348709850978792
2001-07-24,-1.6405470991123063,1.1399616707017166
2001-07-25,1.595194629485564,1.2215119374878818
2001-07-26,1.0395313211512855,1.2618183146034234
2001-07-27,0.2399496805141022,1.2289289732681383
2001-07-30,-0.10786253410535,1.1525883889395052
2001-07-31,0.5555192543405518,1.082435645219301
2001-08-01,0.3872904176774551,1.0308749897758605
2001-08-02,0.3956163689383959,0.9758866098228657
2001-08-03,-0.5256489848173491,0.9263263311882959
2001-08-06,-1.14874735657115,0.8972401137379404
2001-08-07,0.326007735042001,0.945645463446816
2001-08-08,-1.7480014949267868,0.8961421515685136
2001-08-09,-0.0084475937481698,1.0537641211421336
2001-08-10,0.5670733575997913,0.9905635553530944
2001-08-13,0.0949005801395615,0.9488119255283013
2001-08-14,-0.3835177286675257,0.8943951328102641
2001-08-15,-0.7366529506445029,0.8586966348706949
2001-08-16,0.3085178882578139,0.858121806226493
2001-08-17,-1.6803443148875,0.8161936442095371
2001-08-20,0.8091365281536667,0.9816890794579001
2001-08-21,-1.2153030103248523,0.9600565592340307
2001-08-22,0.6932045817424317,1.0072473536773412
2001-08-23,-0.2767117637131845,0.972722909189606
2001-08-24,1.9463667754720435,0.9236387583402417
2001-08-27,-0.4839056824065403,1.089489400877117
2001-08-28,-1.5123798461059843,1.0403435692230216
2001-08-29,-1.1211856303303616,1.1201251962342957
2001-08-30,-1.715015190128704,1.1283360193346532
2001-08-31,0.4021844613325859,1.224986428686727
2001-09-04,-0.0564755390998746,1.1533761077431015
2001-09-05,-0.1059709380918615,1.0823363381263413
2001-09-06,-2.264473935776002,1.0180924225737396
2001-09-07,-1.8812873731179889,1.2523587312554196
2001-09-10,0.6206646640060623,1.3524297677149302
2001-09-17,-5.046795662810626,1.2792736284791666
2001-09-18,-0.5821884809079506,2.1389125585121005
2001-09-19,-1.6243709423848802,2.002781436381631
2001-09-20,-3.155251976718532,1.9540650057012525
2001-09-21,-1.92177438972797,2.13451148471444
2001-09-24,3.824259274960759,2.10205377961806
2001-09-25,0.8751278426766528,2.3518855305903803
2001-09-26,-0.5180039919528648,2.205398087012909
2001-09-27,1.1423625360937937,2.0615946004281733
2001-09-28,2.168515635909315,1.9551190042550513
2001-10-01,-0.2298538239235396,1.9617308142529062
2001-10-02,1.223043093528238,1.8293145970236373
2001-10-03,1.9731262404344156,1.751207204087815
2001-10-04,-0.2474451049697681,1.7617180829928367
2001-10-05,0.1634742837950908,1.6452801742030836
2001-10-08,-0.8379447200028666,1.5347354309931254
2001-10-09,-0.5369934018738904,1.4659903440684747
2001-10-10,2.267911842175475,1.3846949521588343
2001-10-11,1.5093852667844136,1.5036591628283777
2001-10-12,-0.5280796063004708,1.4909347711241578
2001-10-15,-0.1531005961402244,1.406968966459639
2001-10-16,0.6912017833284514,1.3167830495521753
2001-10-17,-1.88084189541386,1.25091103211394
2001-10-18,-0.7904203580733224,1.3511995039523157
2001-10-19,0.4546964493033415,1.2974651648400204
2001-10-22,1.518028199200593,1.221558190627558
2001-10-23,-0.47087428503352,1.2508005795129653
2001-10-24,0.0387028344981305,1.1854996964729017
2001-10-25,1.3627706761264229,1.1110705172033104
2001-10-26,0.4100354664347971,1.1363202394617995
2001-10-29,-2.4106546045271102,1.0727549647079009
2001-10-30,-1.7314960040262073,1.32331952109284
2001-10-31,-0.0009445090562961,1.385257344445436
2001-11-01,2.2688760107419914,1.294869179304857
2001-11-02,0.2855411777992649,1.4333276342354062
2001-11-05,1.4283100883702895,1.341202986847177
2001-11-06,1.442165687681226,1.3408203958088412
2001-11-07,-0.2738616513563872,1.3421995886165574
2001-11-08,0.2452618222911972,1.260445306042242
2001-11-09,0.1581186611715765,1.1816045463769802
2001-11-12,-0.1769023194877762,1.107974087974069
2001-11-13,1.839320618887372,1.0432111781296907
2001-11-14,0.1859400777162265,1.1584969581832616
2001-11-15,0.0902169426756197,1.0871180645460146
2001-11-16,-0.314786663248987,1.020862130197109
2001-11-19,1.0839936279118731,0.9689938043894748
2001-11-20,-0.7324400212031177,0.9792748857763176
2001-11-21,-0.493928224634252,0.96240860377156
2001-11-23,1.1637895729167196,0.9269883065108562
2001-11-26,0.6135906947333913,0.9543974186075757
2001-11-27,-0.6866362866131652,0.919592673505037
2001-11-28,-1.8420008155057117,0.9056638005024562
2001-11-29,1.0296585725125815,1.0803699062767658
2001-11-30,-0.0657995796888704,1.0687967642060392
2001-12-03,-0.841649215393885,1.0050020750013249
2001-12-04,1.3100837071863545,0.9962247239016866
2001-12-05,2.2072836601092405,1.0328787307584006
2001-12-06,-0.2780809995695209,1.223715642660079
2001-12-07,-0.7559921671188211,1.1521758831508182
2001-12-10,-1.5995192716303892,1.1170744864146758
2001-12-11,-0.2784784846049183,1.1962597137451956
2001-12-12,0.0272611876302971,1.1271111118080577
2001-12-13,-1.5679766197094782,1.057537917290447
2001-12-14,0.3308819623699007,1.1433091760148035
2001-12-17,0.9984817742795103,1.0763928367099513
2001-12-18,0.7517827232348779,1.0619773939659116
2001-12-19,0.5792881874600667,1.0261305939733691
2001-12-20,-0.8412407306602606,0.9815591282078636
2001-12-21,0.4341671186717037,0.9758631031140067
2001-12-24,-0.0209640566366498,0.9280740273948348
2001-12-26,0.4115027177954587,0.8758658332271181
2001-12-27,0.67288437415869,0.8366868267012768
2001-12-28,0.3356140248724933,0.8201062497378749
2001-12-31,-1.1208002315408978,0.7829332024706654
2002-01-02,0.5723683319385651,0.8490965321884454
2002-01-03,0.913820966062987,0.8227947801841595
2002-01-04,0.619392183206329,0.8337860763468861
2002-01-07,-0.6520083881542553,0.8129422359451649
2002-01-08,-0.3594821341845335,0.8094232946519353
2002-01-09,-0.4810291761541906,0.7812162918273343
2002-01-10,0.1219916438481459,0.7653746281713862
2002-01-11,-0.9512981955861712,0.7278208362635846
2002-01-14,-0.6295913875496008,0.7775198411169894
2002-01-15,0.6810765458505635,0.776470332913517
2002-01-16,-1.6378520405579702,0.7682561260102028
2002-01-17,0.9980500536555896,0.9384897545866282
2002-01-18,-0.9971623285766816,0.9426822473955079
2002-01-22,-0.7361227964756903,0.9616491839758786
2002-01-23,0.7893286045234099,0.947366950603812
2002-01-24,0.3512738978946531,0.9280239115993899
2002-01-25,0.0997607473846755,0.8811081054666646
2002-01-28,-0.0194119766041371,0.8327044094878028
2002-01-29,-2.903014700394928,0.7890756997086551
2002-01-30,1.1679180242276892,1.2724218141226176
2002-01-31,1.4823542663659697,1.2512412082761353
2002-02-01,-0.7103564186859824,1.2709413180494793
2002-02-04,-2.5048237435489957,1.2193070443801142
2002-02-05,-0.4046700773350976,1.4482014470711477
2002-02-06,-0.5990282300850029,1.3622845739399438
2002-02-07,-0.308730347398157,1.2940025781768614
2002-02-08,1.474939474392453,1.217527841925343
2002-02-11,1.4238313259156417,1.2414331653203863
2002-02-12,-0.4000961905916361,1.254849938673537
2002-02-13,0.9892228247223758,1.185608965279951
2002-02-14,-0.1816589661701154,1.1568311258725952
2002-02-15,-1.1077834836375688,1.0880081834962223
2002-02-19,-1.9054196735832063,1.0992424681688246
2002-02-20,1.3423280246381113,1.2371942407786187
2002-02-21,-1.5631871250006664,1.2408355573707661
2002-02-22,0.8190626166710079,1.2914034596350392
2002-02-25,1.7815553217049178,1.236602081188899
2002-02-26,-0.0045113215472967,1.3027286706185106
2002-02-27,0.0459619397472878,1.2189709774291573
2002-02-28,-0.2851220621873709,1.1417897361406337
2002-03-01,2.238193659848506,1.0776656122796386
2002-03-04,1.9303840181350156,1.2628886489843767
2002-03-05,-0.6695693009899559,1.3483084186082877
2002-03-06,1.4405318712671682,1.2859506252024295
2002-03-07,-0.4508009010616361,1.2949740894518356
2002-03-08,0.5831589837769866,1.2245952020810422
2002-03-11,0.3386783532078208,1.161137824382334
2002-03-12,-0.2296691228402683,1.0929232315544009
2002-03-13,-0.9906654474038424,1.0310942120394122
2002-03-14,-0.0910158359580404,1.0359775930439312
2002-03-15,1.1314362422677835,0.9754229932428645
2002-03-18,-0.0523208584054173,0.9908006481685939
2002-03-19,0.4058494213817126,0.9335066508602438
2002-03-20,-1.5882290455983863,0.8884248952693666
2002-03-21,0.1509465099049259,1.0158883064480386
2002-03-22,-0.4247963704122044,0.9561116803090938
2002-03-25,-1.4759697779003194,0.9166479401709346
2002-03-26,0.5831686535411811,1.0162585222836813
2002-03-27,0.5334904674459322,0.9729324407992346
2002-03-28,0.2452091465145393,0.9308642696031068
2002-04-01,-0.0741064988848635,0.880254362815961
2002-04-02,-0.8566626285034671,0.8331510822396877
2002-04-03,-1.0043569573342934,0.8508753797680514
2002-04-04,0.0834857900930352,0.8859725895340688
2002-04-05,-0.3210205585397316,0.8370626595421516
2002-04-08,0.2277612902201911,0.8035730976388518
2002-04-09,-0.6678303392647302,0.7643108971346949
2002-04-10,1.127093800175141,0.7693660867109539
2002-04-11,-2.397439130394684,0.8193046938663048
2002-04-12,0.6610462073328417,1.1535881604524842
2002-04-15,-0.7643797235958176,1.1015777752461684
2002-04-16,2.314838607707869,1.0730364048569292
2002-04-17,-0.204046209783577,1.275617998989608
2002-04-18,-0.1421859566596496,1.1973796438580329
2002-04-19,0.0622386924332482,1.1241728890460825
2002-04-22,-1.5531067125201046,1.0547769891453345
2002-04-23,-0.6220616291123798,1.13856519686074
2002-04-24,-0.712818876779094,1.0939962070675688
2002-04-25,-0.151974668629157,1.0616744674641385
2002-04-26,-1.398679014478052,1.0002551306508458
2002-04-29,-1.0150566091619933,1.069003532181979
2002-04-30,1.070795651211028,1.0714448632919509
2002-05-01,0.8819512806962408,1.0656442592105755
2002-05-02,-0.1750239805862305,1.0408322180542138
2002-05-03,-1.031524983296207,0.9818649597326974
2002-05-06,-1.9529343513434487,0.9992733372604897
2002-05-07,-0.3025512886755084,1.17172531041571
2002-05-08,3.681774841373444,1.105638959634219
2002-05-09,-1.4654278624167747,1.6294009267879566
2002-05-10,-1.6936513417258974,1.6093875293178939
2002-05-13,1.8380051041598384,1.6200446468074325
2002-05-14,2.092308699684628,1.6319411078944999
2002-05-15,-0.5675600107153393,1.6772249918730637
2002-05-16,0.654095824893372,1.5789603926790419
2002-05-17,0.7583408730942015,1.4874392991574061
2002-05-20,-1.3382198218289814,1.4096868008622028
2002-05-21,-1.105105727304864,1.403866143045627
2002-05-22,0.5669727159328478,1.3728527037085372
2002-05-23,1.0132409207079518,1.2952000524068075
2002-05-24,-1.2160276727984638,1.256022953109889
2002-05-28,-0.8589773282158751,1.256600480300752
2002-05-29,-0.6432644922662764,1.2189367762607413
2002-05-30,-0.2813838338753309,1.1676398890363717
2002-05-31,0.2326654968281653,1.1010965062890608
2002-06-03,-2.510778918222929,1.03532744844157
2002-06-04,0.000950114139799,1.3206448602284755
2002-06-05,0.8811046396816432,1.2354121020923952
2002-06-06,-1.9961702247038615,1.1913214225477264
2002-06-07,-0.1575349991163369,1.3251700726350903
2002-06-10,0.3119088855630685,1.2417239777559765
2002-06-11,-1.6768655471583804,1.165921106111216
2002-06-12,0.6549180408375339,1.2484524338873095
2002-06-13,-1.0542916396383086,1.1868588573589547
2002-06-14,-0.2270869624141374,1.1777440064601092
2002-06-17,2.828754512479371,1.108455469987897
2002-06-18,0.093567362958642,1.4157383587281271
2002-06-19,-1.6674125328220637,1.3227972890710193
2002-06-20,-1.352253507426956,1.3749822625709447
2002-06-21,-1.718966411805787,1.3756639674448852
2002-06-24,0.3612727412517391,1.426566280938405
2002-06-25,-1.684258719901702,1.3367742921363468
2002-06-26,-0.2677362683760665,1.389101982362647
2002-06-27,1.7422542621819808,1.303243604279032
2002-06-28,-0.0828097878251334,1.3515282120623056
2002-07-01,-2.1619741078265013,1.2646374606861244
2002-07-02,-2.145391195362674,1.4129569597233842
2002-07-03,0.6203716192900638,1.5261950516030038
2002-07-05,3.607151547841261,1.4376511280588884
2002-07-08,-1.2258533442125268,1.8212710550308595
2002-07-09,-2.502963938534363,1.7545822792285057
2002-07-10,-3.4552144296682985,1.861624887931109
2002-07-11,0.746824033702075,2.1203433967519527
2002-07-12,-0.6469202376315163,1.987398038064865
2002-07-15,-0.3762288280677478,1.8664937658293417
2002-07-16,-1.8682461584747103,1.7451577106131893
2002-07-17,0.5644765501472655,1.7589302752401996
2002-07-18,-2.739036837838281,1.6484748548052128
2002-07-19,-3.9107281543326815,1.8186471055333873
2002-07-22,-3.3464414088565317,2.1841441372865757
2002-07-23,-2.73887646973144,2.3511184870060857
2002-07-24,5.5744300086781005,2.392724894436864
2002-07-25,-0.5647683762642759,2.9342607885985323
2002-07-26,1.6742769572254284,2.7349280626008956
2002-07-29,5.266657592569263,2.6026043252562827
2002-07-30,0.4240359807039844,3.0190584771478806
2002-07-31,0.974430737280289,2.8076236414132136
2002-08-01,-3.001987117799916,2.6281893610439706
2002-08-02,-2.3352863334735607,2.664171052894732
2002-08-05,-3.4897957804021087,2.6121549426391835
2002-08-06,2.9479733821624494,2.722866838527329
2002-08-07,1.981244982962769,2.721555257992202
2002-08-08,3.219840356906479,2.6155928249688536
2002-08-09,0.350586612504229,2.6668388513282264
2002-08-12,-0.5340908779561914,2.4807312437841076
2002-08-13,-2.19134676341581,2.3157030233920364
2002-08-14,3.926592009259359,2.291250901387987
2002-08-15,1.1492831297458543,2.5180243749733955
2002-08-16,-0.1592216077143471,2.371205132927281
2002-08-19,2.33374170554417,2.2064562626259763
2002-08-20,-1.4056487627908718,2.198946819889358
2002-08-21,1.2645977349959243,2.108186483484903
2002-08-22,1.3953791536835125,2.005802728875841
2002-08-23,-2.294751441212088,1.9237506237359225
2002-08-26,0.7507436073546675,1.9691722776592047
2002-08-27,-1.3947765903818603,1.848927263147269
2002-08-28,-1.829824214914384,1.7949050558788486
2002-08-29,-0.0076274411963601,1.7965719916393852
2002-08-30,-0.188669969685001,1.6741351531585793
2002-09-03,-4.242339429995484,1.5633615747533385
2002-09-04,1.7365041581542155,2.087610465421894
2002-09-05,-1.6078876884529298,2.0279276368489714
2002-09-06,1.6660707232347711,1.9745661629760305
2002-09-09,1.0062013388429862,1.920836691184071
2002-09-10,0.7304693315016768,1.81852191729546
2002-09-11,-0.0142938688135996,1.710058454462553
2002-09-12,-2.5096553340929875,1.5943170958926194
2002-09-13,0.3264472778256881,1.7343694892625152
2002-09-16,0.1448673175396407,1.619150458437906
2002-09-17,-1.9925579155947,1.5105009259998445
2002-09-18,-0.4658693507558172,1.5799377473783511
2002-09-19,-3.052586322072577,1.485374466413244
2002-09-20,0.2451585333254364,1.7581280064454015
2002-09-23,-1.3924436611466149,1.6397087213887462
2002-09-24,-1.74355553457417,1.6102565099353332
2002-09-25,2.45589312978232,1.6273728139006587
2002-09-26,1.8045985962022224,1.7303127016516888
2002-09-27,-3.279101266239068,1.722472759419048
2002-09-30,-1.4720340855098002,1.980248606172955
2002-10-01,3.924281795629962,1.918882655009135
2002-10-02,-2.3870046023859417,2.233729551141906
2002-10-03,-1.0881373553519444,2.244935117151842
2002-10-04,-2.2686560504886213,2.126085648172901
2002-10-07,-1.9296106939168385,2.1372615699334903
2002-10-08,1.675718842577852,2.105347152306211
2002-10-09,-2.766613289814817,2.0377440456881883
2002-10-10,3.4368305564888963,2.1355732407564503
2002-10-11,3.831515325417132,2.306645884529867
2002-10-14,0.7299819005761639,2.5127568550233894
2002-10-15,4.624935832453217,2.347585119316651
2002-10-16,-2.440840356570623,2.697020569372099
2002-10-17,2.205674947233797,2.652758341731274
2002-10-18,0.5885741408169234,2.575469030214079
2002-10-21,1.718541286405438,2.401109384575311
2002-10-22,-1.0682379565699471,2.3056327068513225
2002-10-23,0.6695475435134607,2.18000194573274
2002-10-24,-1.5337878307867137,2.0392244519090412
2002-10-25,1.7021475707138043,1.9771987247370642
2002-10-28,-0.8300430148164086,1.926826234390043
2002-10-29,-0.911769711671531,1.8207409782403667
2002-10-30,0.9656784918521018,1.7295705209299974
2002-10-31,-0.5572877593899489,1.642352866765044
2002-11-01,1.7014841320024658,1.5466029694091419
2002-11-04,0.8168854113023245,1.5514496564727374
2002-11-05,0.7720479968744898,1.4713271904569707
2002-11-06,0.910208823907956,1.395896141175425
2002-11-07,-2.3117399785440327,1.3373082446170153
2002-11-08,-0.8801746066798628,1.4973331002793493
2002-11-11,-2.095019718133086,1.4355911801616565
2002-11-12,0.768562250277899,1.5356687877554236
2002-11-13,-0.0475771924015324,1.454091652786095
2002-11-14,2.4335194203291945,1.3586004579824476
2002-11-15,0.6129777692192472,1.513502907855689
2002-11-18,-1.0463120579778833,1.4257141188160416
2002-11-19,-0.4028712996013078,1.386293950584584
2002-11-20,1.9228744401268,1.3056227663192006
2002-11-21,2.122475787139622,1.3816638414165203
2002-11-22,-0.3443660280864257,1.476162503011916
2002-11-25,0.2490054356224836,1.3855812210846739
2002-11-26,-2.119049015884691,1.2966192851668035
2002-11-27,2.7601658999426766,1.4297411795690045
2002-11-29,-0.2730403650863829,1.6311844195549905
2002-12-02,-0.1902855159449281,1.5257463549837362
2002-12-03,-1.485520513320732,1.4267766514682902
2002-12-04,-0.3448767112179138,1.4369421505926596
2002-12-05,-1.2093615806547986,1.349663103257547
2002-12-06,0.6245957444590386,1.3367558572081972
2002-12-09,-2.2425997271028626,1.2652309644237527
2002-12-10,1.3860905064269249,1.428876530787014
2002-12-11,0.056373046407111,1.411757706288096
2002-12-12,-0.3741969459544805,1.3190863664620447
2002-12-13,-1.35117982956279,1.243027491708134
2002-12-16,2.3247089835741592,1.2628851447891223
2002-12-17,-0.8172621845138583,1.41918941524604
2002-12-18,-1.323237528625631,1.360536080811571
2002-12-19,-0.7739264971933619,1.3596605985342252
2002-12-20,1.293270276840668,1.303763126325675
2002-12-23,0.1806881274973349,1.2924223851600865
2002-12-24,-0.5486545312232814,1.20998564507319
2002-12-26,-0.3153529737852179,1.1531263071492632
2002-12-27,-1.6158384433054074,1.0892102800548928
2002-12-30,0.4547549304138501,1.1767355974197395
2002-12-31,0.0488847470141309,1.1114057776352544
2003-01-02,3.2660779741822408,1.0430811510129614
2003-01-03,-0.0484152283104231,1.4824753003065927
2003-01-06,2.222553665158527,1.3847475760419026
2003-01-07,-0.6566129492672003,1.4957492817667881
2003-01-08,-1.4185718611712492,1.4185094422590667
2003-01-09,1.920060580196416,1.4213255533241422
2003-01-10,0.0,1.4762048682947106
2003-01-13,-0.1413287911582527,1.378610066925271
2003-01-14,0.5812929118617343,1.2904897300257672
2003-01-15,-1.4530931016391218,1.2208968468471264
2003-01-16,-0.3950196888387922,1.2585246248079975
2003-01-17,-1.4116164167858547,1.1887191946096791
2003-01-21,-1.582690238645093,1.2256666572447765
2003-01-22,-1.0487202275181196,1.2818776000581988
2003-01-23,1.0171737971112749,1.2599205225728303
2003-01-24,-2.966925270955569,1.225130239003966
2003-01-27,-1.629178385249297,1.5558911583741433
2003-01-28,1.2966029443826306,1.5659238533429347
2003-01-29,0.6756085188473634,1.5226900137893171
2003-01-30,-2.311436673158044,1.4371664976057212
2003-01-31,1.3044896679016544,1.5748618694802254
2003-02-03,0.5384559885174526,1.5313684350673344
2003-02-04,-1.4187950142553594,1.4388306995072555
2003-02-05,-0.5449845022301613,1.4388191154041063
2003-02-06,-0.6469515204079759,1.360380935902116
2003-02-07,-1.0144971214753329,1.2953309690977648
2003-02-10,0.7540552236937189,1.268156594660086
2003-02-11,-0.8131296944902043,1.211050941441308
2003-02-12,-1.2768117118207325,1.1743922703537237
2003-02-13,-0.1601415419246122,1.1947812714753219
2003-02-14,2.1208134445614224,1.1222016783233224
2003-02-18,1.9311856336077744,1.2725224615618562
2003-02-19,-0.7121386071817133,1.3562117963669615
2003-02-20,-0.9546958954540238,1.2960594935723229
2003-02-21,1.313755874821075,1.262846768184599
2003-02-24,-1.8551733389043052,1.2594180852102546
2003-02-25,0.7168735061912846,1.353583008006502
2003-02-26,-1.3228555286300596,1.2858047660698613
2003-02-27,1.1689063978690684,1.295533754784966
2003-02-28,0.4611454575361189,1.2715851107075655
2003-03-03,-0.7565881065893376,1.1981733572689017
2003-03-04,-1.5475933472308012,1.1580080591048452
2003-03-05,0.951671449528586,1.220947769047178
2003-03-06,-0.9382919685983232,1.1845698764721877
2003-03-07,0.8225461554722081,1.163127260251445
2003-03-10,-2.616921121529518,1.1220255521839946
2003-03-11,-0.8394475599230986,1.4043203755318614
2003-03-12,0.4311775502897432,1.3489600183078858
2003-03-13,3.387670793320656,1.2677882784475896
2003-03-14,0.1645472102123125,1.6553181792363882
2003-03-17,3.481355607000204,1.544002310927349
2003-03-18,0.4233119365493321,1.8666400809174224
2003-03-19,0.8698862860555134,1.7431973847991753
2003-03-20,0.1886007082035928,1.6487222938481465
2003-03-21,2.2716697858611123,1.5381353906224613
2003-03-24,-3.5867071493772107,1.6275221147108705
2003-03-25,1.2087773698511244,1.9765006180852065
2003-03-26,-0.5490935416151999,1.8827330095689292
2003-03-27,-0.1645116651062916,1.7662881751723678
2003-03-28,-0.579673852680565,1.6478703435486362
2003-03-31,-1.7901028803951842,1.5527378084403847
2003-04-01,1.2070492085123463,1.5850281906458825
2003-04-02,2.5780778962752664,1.5312432693575906
2003-04-03,-0.5064468234289504,1.6748130277034285
2003-04-04,0.2734535282983263,1.573960891332169
2003-04-07,0.1228143650809882,1.4703890479118742
2003-04-08,-0.1865540320781061,1.373251481658122
2003-04-09,-1.4103460334560431,1.2865194711427188
2003-04-10,0.6434326234618374,1.307698397695382
2003-04-11,-0.3770413101379845,1.2398781323725618
2003-04-14,1.931021317726776,1.1709126483989762
2003-04-15,0.6283682258609843,1.2750048742749804
2003-04-16,-1.231155944986838,1.2093677450335556
2003-04-17,1.541628625690498,1.2185107896147782
2003-04-21,-0.1758531023583988,1.2515785948266813
2003-04-22,2.14716023106121,1.1746251483695518
2003-04-23,0.8358949618774869,1.317592941024654
2003-04-24,-0.8293119512326398,1.2613777463693148
2003-04-25,-1.394312316572739,1.220527178427822
2003-04-28,1.7677552473808775,1.2498345360405803
2003-04-29,0.3273896797779724,1.3113792116322083
2003-04-30,-0.1002903941149517,1.2301756052125596
2003-05-01,-0.0676400160083197,1.153436237607271
2003-05-02,1.4926813678558364,1.0825448949224332
2003-05-05,-0.3802624692331942,1.131426860022575
2003-05-06,0.8425928003602796,1.0724397437892266
2003-05-07,-0.5118030395229842,1.0431886794829268
2003-05-08,-1.0108768772651344,1.0005597100063517
2003-05-09,1.4177391736409863,1.0124468414963586
2003-05-12,1.245678912932096,1.0623717559523649
2003-05-13,-0.2977625078551852,1.0794097131142704
2003-05-14,-0.3210026745469151,1.021387308967568
2003-05-15,0.783689004237993,0.9697626498755313
2003-05-16,-0.2506646213160596,0.9471970855893496
2003-05-19,-2.5233601618067265,0.8993923239211433
2003-05-20,-0.1130170250695113,1.2351728609090749
2003-05-21,0.4004022944009453,1.158244210435307
2003-05-22,0.9109164321114696,1.092376053555766
2003-05-23,0.1447625419073617,1.0671388030459623
2003-05-27,1.9377706387686573,1.0029287248597707
2003-05-28,0.1827049680268822,1.1465233447011929
2003-05-29,-0.3762715392624655,1.0760973574721158
2003-05-30,1.4582939974265974,1.0220680920703018
2003-06-02,0.3532574646307761,1.0765297212463374
2003-06-03,0.4704529108941448,1.0161687079753472
2003-06-04,1.4996698227585568,0.9663392682165955
2003-06-05,0.3946639276500611,1.0381254387768264
2003-06-06,-0.2406598920196461,0.9827744146245472
2003-06-09,-1.204890812146559,0.9312568449882104
2003-06-10,0.90883636738249,0.9820884930235521
2003-06-11,1.2752860158620625,0.9703238939669788
2003-06-12,0.1032098751345552,1.0063307324231354
2003-06-13,-0.996427628937111,0.9469782616230352
2003-06-16,2.213810384766681,0.965176699323324
2003-06-17,0.0909793305253878,1.1766388776925758
2003-06-18,-0.1553057108564282,1.1029563439228196
2003-06-19,-1.535354493299519,1.0380566453596853
2003-06-20,0.0994770179439832,1.122212815260994
2003-06-23,-1.4211309324765902,1.05306218707687
2003-06-24,0.1842152823243611,1.1153511064570156
2003-06-25,-0.8301180320273589,1.047554441698684
2003-06-26,1.0708159797852024,1.032043520775096
2003-06-27,-0.9785848748285318,1.0316484946639188
2003-06-30,-0.1763421890036724,1.0349831637807554
2003-07-01,0.7992609360683223,0.9765697072247391
2003-07-02,1.156853766024282,0.9546296077179537
2003-07-03,-0.8133604913024198,0.9766192530167391
2003-07-07,1.881346140052808,0.9685142883273797
2003-07-08,0.3399210064132708,1.1095212571644413
2003-07-09,-0.5601870071837125,1.0458159670736746
2003-07-10,-1.357190119870671,1.0063809658364904
2003-07-11,0.950260046028829,1.0672224542290216
2003-07-14,0.5714271995592051,1.0489443549072537
2003-07-15,-0.3432659981358797,1.0016055646341606
2003-07-16,-0.6347400891690437,0.9529538367391669
2003-07-17,-1.2511471261658864,0.930025352908515
2003-07-18,1.173657372512836,0.9883767607249705
2003-07-21,-1.4725556198844163,1.0073050545218045
2003-07-22,0.9466693661065904,1.0870036067570508
2003-07-23,0.0505888560923095,1.0659167443784314
2003-07-24,-0.7116032794080435,1.0014005794100889
2003-07-25,1.7250531155822024,0.979796866851207
2003-07-28,-0.2165170384060533,1.0883024126380867
2003-07-29,-0.7291793872162242,1.0264417791881366
2003-07-30,-0.1811075172215334,1.0034928976201318
2003-07-31,0.2851662708710753,0.9480178745850238
2003-08-01,-1.0312376876165157,0.8969589827281451
2003-08-04,0.2720351827634523,0.9280245450938182
2003-08-05,-1.7821303454706765,0.8783960414162172
2003-08-06,0.1676545338155906,1.0480156313124867
2003-08-07,0.7253254530505021,0.9856922549950744
2003-08-08,0.3555892377021268,0.9561600548563641
2003-08-11,0.3064072010588275,0.9067876548268489
2003-08-12,0.990393263719186,0.8601983049316411
2003-08-13,-0.6401977186592457,0.8750871400485808
2003-08-14,0.6563557693260349,0.8622087604898729
2003-08-15,0.0161492792649182,0.8411164196121457
2003-08-18,0.9113770757476484,0.7963751713628724
2003-08-19,0.2607262285548578,0.8111075840597955
2003-08-20,-0.2047275905896333,0.7720675023377103
2003-08-21,0.2964741838714095,0.7393704942320062
2003-08-22,-1.0228880904442752,0.7087070734662562
2003-08-25,0.065435297580108,0.7739448565482758
2003-08-26,0.3034465555052555,0.7352783119387255
2003-08-27,0.0060192583832658,0.7053186498720628
2003-08-28,0.6051186744037782,0.6735472761836495
2003-08-29,0.5142098324289219,0.6717029982042638
2003-09-02,1.377359751941786,0.661925718068164
2003-09-03,0.4179191612316912,0.7814830496282137
2003-09-04,0.165506617338273,0.7523389949227773
2003-09-05,-0.6421496186530918,0.7166337742822401
2003-09-08,0.9985324149892691,0.725774381918057
2003-09-09,-0.824414882264681,0.7643237847107166
2003-09-10,-1.2044843941237446,0.7889181887788066
2003-09-11,0.542584232141206,0.8681736110215322
2003-09-12,0.2171959268529451,0.8376269729572408
2003-09-15,-0.3757191570332629,0.79488649668223
2003-09-16,1.419693741454061,0.7693584749881107
2003-09-17,-0.3259859861945398,0.8698473525052538
2003-09-18,1.317826515972403,0.8332672518705434
2003-09-19,-0.316001883365113,0.9014905502977647
2003-09-22,-1.3093198756223727,0.8611833101213522
2003-09-23,0.6053113846697271,0.9431838606715272
2003-09-24,-1.92803536018335,0.9089839096567605
2003-09-25,-0.6071601170082328,1.1012298617078502
2003-09-26,-0.6419680828852999,1.0594613133055732
2003-09-29,0.971345945988507,1.0249707473121326
2003-09-30,-1.0596635023890757,1.0142970884447955
2003-10-01,2.209414777544981,1.030410414838082
2003-10-02,0.1981908137684299,1.2223747903131923
2003-10-03,0.937525269730636,1.1458854126929712
2003-10-06,0.4360049641707883,1.1168492394099634
2003-10-07,0.4726112646978274,1.0560871770248577
2003-10-08,-0.5277283320142506,1.002592595229033
2003-10-09,0.4776778457734371,0.9653486691664027
2003-10-10,-0.0645151301417698,0.9208115192552813
2003-10-13,0.6998091228799304,0.8698747309079582
2003-10-14,0.3943050577315539,0.8516758227195348
2003-10-15,-0.2595096212525177,0.8140508135300007
2003-10-16,0.3157088883736722,0.7796354208880851
2003-10-17,-1.0290175994216977,0.7456663753059399
2003-10-20,0.514406837000929,0.8042638913978497
2003-10-21,0.1291404087563267,0.7787776019866091
2003-10-22,-1.50938324056159,0.7400263129863224
2003-10-23,0.3304091577473251,0.8908145938915994
2003-10-24,-0.4712310410105174,0.8465950578456611
2003-10-27,0.2155270305798549,0.8222465735935638
2003-10-28,1.5073083026475456,0.7809088389748347
2003-10-29,0.1260152225262273,0.8953307826328298
2003-10-30,-0.1116960557373322,0.8458476393620286
2003-10-31,0.3594521265225859,0.8027726626026318
2003-11-03,0.7877881670353122,0.7683911697272757
2003-11-04,-0.5463348747970752,0.7725093259490541
2003-11-05,-0.1368076530603818,0.7636782131850124
2003-11-06,0.591509210142308,0.7292364486190007
2003-11-07,-0.4585031069093424,0.7187727613948207
2003-11-10,-0.580863191620655,0.7087556879313932
2003-11-11,-0.051587548441891,0.7121487453471999
2003-11-12,1.1363081883396915,0.6805617323374062
2003-11-13,-0.0113366570349649,0.7502394547545582
2003-11-14,-0.7644395575324582,0.7142732814144156
2003-11-17,-0.6418393523646264,0.7391637238345281
2003-11-18,-0.912516832111608,0.7449253329198036
2003-11-19,0.7984205998370383,0.7854505389075991
2003-11-20,-0.8467811760956592,0.7883202600747571
2003-11-21,0.1575698721317819,0.811958943880933
2003-11-24,1.60971654518563,0.770460668991555
2003-11-25,0.1718978964221185,0.9080677022646086
2003-11-26,0.4317433443866976,0.8580127583303826
2003-11-28,-0.0236222344456424,0.8216864095609797
2003-12-01,1.120148181010298,0.7791293491677055
2003-12-02,-0.3276021552696881,0.8261298730459173
2003-12-03,-0.1773538053813163,0.7941647016655351
2003-12-04,0.4675677049765602,0.7581420924274159
2003-12-05,-0.7713902437453731,0.7346119613877782
2003-12-08,0.7321272282934284,0.7570360646097808
2003-12-09,-0.8565518753596266,0.7566422358936497
2003-12-10,-0.106642972705257,0.7869690157662769
2003-12-11,1.1416488246889036,0.7493505919725895
2003-12-12,0.2731540835872265,0.805523571340297
2003-12-15,-0.5695125452045471,0.7674220463637027
2003-12-16,0.6616359448140289,0.7615258154304047
2003-12-17,0.1254851736396092,0.7533846475802037
2003-12-18,1.172872808273277,0.7170140069658626
2003-12-19,-0.0477555302636169,0.7850556558475954
2003-12-22,0.3923645732691492,0.7463054717276768
2003-12-23,0.2814195063169291,0.719487449507081
2003-12-24,-0.1808152247175734,0.6902797666868696
2003-12-26,0.1689529784631514,0.6650623526747871
2003-12-29,1.2324587594046723,0.6381412426951139
2003-12-30,0.0144232110311278,0.7353432932084721
2003-12-31,0.2052638719891723,0.700553962327981
2004-01-02,-0.3098600424399039,0.6708357884761235
2004-01-05,1.2319150312860785,0.65503691378459
2004-01-06,0.129131296210238,0.7479129877972791
2004-01-07,0.2364367420891018,0.7121092888867956
2004-01-08,0.4950824141421063,0.682100077295356
2004-01-09,-0.8927335654944548,0.6694880584916799
2004-01-12,0.4775269467397349,0.721487009260852
2004-01-13,-0.5345926491083228,0.7028370398480267
2004-01-14,0.8260369092161453,0.7021886427825982
2004-01-15,0.1352470406548642,0.7210255960540517
2004-01-16,0.684889837587539,0.6879130605057548
2004-01-20,-0.0930340218770337,0.6922568576655681
2004-01-21,0.7741478687196239,0.6636756890475359
2004-01-22,-0.3211835584894349,0.6821975901729898
2004-01-23,-0.2091361991880664,0.6658280915418363
2004-01-26,1.2033603951130558,0.6446156505519288
2004-01-27,-0.984599379170542,0.7346919982446448
2004-01-28,-1.3703063806122504,0.7883130285312944
2004-01-29,0.4976612278462383,0.898200201790482
2004-01-30,-0.2631052074532332,0.8615614475594426
2004-02-02,0.3644570817602933,0.8225575207380497
2004-02-03,0.0678045998096321,0.786417513503101
2004-02-04,-0.8406502013905583,0.7465793027155323
2004-02-05,0.1835783517287929,0.77641579007701
2004-02-06,1.2477361864295755,0.7387302006622269
2004-02-09,-0.2584764301568278,0.8149962210020816
2004-02-10,0.5014542394726692,0.7804336323858039
2004-02-11,1.0610936569044465,0.7567120197487851
2004-02-12,-0.4892081107810367,0.7988968433568558
2004-02-13,-0.5483169493580089,0.781607313197001
2004-02-17,0.970993507301498,0.771789748365618
2004-02-18,-0.4478543257261682,0.7983448239382651
2004-02-19,-0.4141055198369874,0.7777361821622072
2004-02-20,-0.2575168857733746,0.7569196275681238
2004-02-23,-0.2730731337193691,0.7283285034400366
2004-02-24,-0.16666300221781,0.7036709996420996
2004-02-25,0.4012760212374236,0.6764360659266466
2004-02-26,0.108363291943891,0.657921044765533
2004-02-27,0.0026121559825353,0.6308489280786544
2004-03-01,0.9587610302174582,0.6067182137656092
2004-03-02,-0.5960786977165636,0.6625137191975298
2004-03-03,0.1678213109540661,0.6745248433787205
2004-03-04,0.3330560153749792,0.6466068833758921
2004-03-05,0.1721646336489629,0.6276034071895145
2004-03-08,-0.838527733463617,0.604689993738119
2004-03-09,-0.5787281873593576,0.6613699156892987
2004-03-10,-1.4740971479313585,0.6715429838185363
2004-03-11,-1.5340969821738988,0.834977023498188
2004-03-12,1.23825113607057,0.9652108385463877
2004-03-15,-1.4453755361638922,0.996758923907428
2004-03-16,0.5606722104589951,1.0739845100379486
2004-03-17,1.1680903574334842,1.0235431925346854
2004-03-18,-0.1273383232376009,1.0363619870049843
2004-03-19,-1.1236099690318035,0.9765388509105839
2004-03-22,-1.3042208225709502,1.0073878464311619
2004-03-23,-0.1324661173771135,1.0596939372757148
2004-03-24,-0.2397858840762669,0.997967305525892
2004-03-25,1.62328707457067,0.9450215633689871
2004-03-26,-0.1019175023386993,1.04273578071498
2004-03-29,1.2920796755779218,0.9818099758891672
2004-03-30,0.4027646938784567,1.018299703639459
2004-03-31,-0.0701256526086978,0.9651050303506011
2004-04-01,0.5278205467613143,0.9103419143838196
2004-04-02,0.8478589928296738,0.8743321909093649
2004-04-05,0.7642651144618704,0.8703071143545102
2004-04-06,-0.2096734294798575,0.8581410260386758
2004-04-07,-0.6667598441336015,0.8171338395474291
2004-04-08,-0.1061546272259737,0.8146195171216474
2004-04-12,0.5147705540932425,0.7743422032743955
2004-04-13,-1.3857368818181142,0.7522613483195197
2004-04-14,-0.1124992893466938,0.874259373519029
2004-04-15,0.0593636618158541,0.8285666455893456
2004-04-16,0.5098440128641153,0.7848177746170623
2004-04-19,0.1065843112075956,0.7611925756684884
2004-04-20,-1.5679254026921736,0.72390252104427
2004-04-21,0.5298233308886093,0.89207618390942
2004-04-22,1.3993115096298263,0.8581131000370655
2004-04-23,0.0587514205613413,0.9350341656776274
2004-04-26,-0.4454890241813623,0.8817479028199555
2004-04-27,0.2269450876466077,0.8515498693480922
2004-04-28,-1.3890789272212254,0.8077467526244315
2004-04-29,-0.7619783185308593,0.9164950756121754
2004-04-30,-0.5933742694365864,0.910818175019348
2004-05-03,0.916042636230619,0.8891882733222807
2004-05-04,0.1841772288478733,0.8907548901848112
2004-05-05,0.1766988161861904,0.8424592682569152
2004-05-06,-0.6745694593364456,0.7984412762461762
2004-05-07,-1.382053775480007,0.7993751356368489
2004-05-10,-1.059562514437771,0.9088126176032861
2004-05-11,0.763320003992029,0.9419098996050832
2004-05-12,0.1669223813448215,0.920805004973505
2004-05-13,-0.0765902615567176,0.8695388522431242
2004-05-14,-0.0675130510591733,0.8234631319361807
2004-05-17,-1.064325670081422,0.7814658142479755
2004-05-18,0.6793599149768805,0.8386276606154797
2004-05-19,-0.2577723776329879,0.8223928274667743
2004-05-20,0.0468244390869831,0.7870463624161236
2004-05-21,0.4004235965336309,0.7471633537222835
2004-05-24,0.1690270719088986,0.7207040498526381
2004-05-25,1.597528516923898,0.6881589678328205
2004-05-26,0.1696500468750559,0.8466296667504634
2004-05-27,0.5670376762131064,0.8021092289983486
2004-05-28,-0.0535224159259136,0.780762429792539
2004-06-01,0.0463804904031475,0.7425254983356977
2004-06-02,0.3374641288739712,0.7068722231720904
2004-06-03,-0.744994864233399,0.6814334470916357
2004-06-04,0.5234151229250962,0.7093014563582295
2004-06-07,1.5838313508713902,0.6955792841382837
2004-06-08,0.1542109908978366,0.8488651013208269
2004-06-09,-0.9544871132276814,0.8039071103284416
2004-06-10,0.4533048431152937,0.8399888965318214
2004-06-14,-0.9886126422388992,0.8067322210851854
2004-06-15,0.5954007362582969,0.8473398001004193
2004-06-16,0.1368352355665815,0.8229972364799222
2004-06-17,-0.1332983097370596,0.7801975180343037
2004-06-18,0.2620097582006364,0.7440169599425389
2004-06-21,-0.4167161717527547,0.7116098334398124
2004-06-22,0.3629594705709495,0.698926280651911
2004-06-23,0.8470668230836185,0.6756580271634282
2004-06-24,-0.2985093589967401,0.70167892374858
2004-06-25,-0.5467927269987727,0.6815377843948421
2004-06-28,-0.09525423036741,0.6851789889827042
2004-06-29,0.2511490979224847,0.657389571735786
2004-06-30,0.4075485050745605,0.6335887585731154
2004-07-01,-1.0485715738500614,0.6205538276289243
2004-07-02,-0.3158326739292393,0.7106085469213933
2004-07-06,-0.8181777434566554,0.6905659486010691
2004-07-07,0.1897478525346468,0.7271485131718507
2004-07-08,-0.8278583129612459,0.6943906115001521
2004-07-09,0.3330521881276837,0.7316856618119022
2004-07-12,0.1382852793648545,0.7033992648648937
2004-07-13,0.0708717329101138,0.6720706184354018
2004-07-14,-0.329653355821438,0.6433559369688276
2004-07-15,-0.4309911715561727,0.6323138753534849
2004-07-16,-0.4800493678889253,0.6312553546443271
2004-07-19,-0.0444982480753397,0.6351693386686701
2004-07-20,0.7033089079845094,0.6113493000486587
2004-07-21,-1.3430125117174374,0.6296372906514947
2004-07-22,0.2702273935774714,0.7770938973151875
2004-07-23,-0.9747965503679163,0.7416735051866749
2004-07-26,-0.1962894632787929,0.7923681878747725
2004-07-27,0.987663290261116,0.7572711194230765
2004-07-28,0.0538831553386254,0.7886313694826338
2004-07-29,0.4563169830570782,0.7485871744201755
2004-07-30,0.1171507050304058,0.7253854737075563
2004-08-02,0.4437751914570244,0.6916414031283473
2004-08-03,-0.6282051661861334,0.6741299314761764
2004-08-04,-0.0964315141991336,0.6881518443633179
2004-08-05,-1.6455019335206773,0.6600894758979635
2004-08-06,-1.5601766647242776,0.8665913512536566
2004-08-09,0.1174155597206104,0.993988990739095
2004-08-10,1.2890470057401044,0.9357860671155753
2004-08-11,-0.3016481436145039,0.9798512731529423
2004-08-12,-1.174388536288709,0.9312297180684397
2004-08-13,0.1475607602008251,0.9773766514191407
2004-08-16,1.3562677597921216,0.9208887187239215
2004-08-17,0.2193374653673491,0.9781234882414251
2004-08-18,1.2366556279305565,0.9227134540601728
2004-08-19,-0.3604159986895391,0.961275748538611
2004-08-20,0.6503548950728367,0.9174542479658536
2004-08-23,-0.2433807338341168,0.8894984086300737
2004-08-24,0.0465253601396027,0.8468721970283167
2004-08-25,0.7968622154363251,0.8014682987027244
2004-08-26,0.0117648819955049,0.8018984450397223
2004-08-27,0.2422254493345388,0.7608074102077521
2004-08-30,-0.7811827145077261,0.7260978271678629
2004-08-31,0.462013065367888,0.7512519306195514
2004-09-01,0.1511249684150345,0.7281263447196351
2004-09-02,1.1150113177674372,0.6945426427616267
2004-09-03,-0.419371527634213,0.7575896521979842
2004-09-07,0.6863815755776745,0.7395421457131063
2004-09-08,-0.4495982352485438,0.7367823248841932
2004-09-09,0.1888426335716845,0.7237276207961884
2004-09-10,0.4941399647370169,0.6912889557028062
2004-09-13,0.168899766519991,0.6774756085950332
2004-09-14,0.2227013208305026,0.6492768473811699
2004-09-15,-0.7079640999058967,0.6253903455303333
2004-09-16,0.2789829107506611,0.6580831764295317
2004-09-17,0.448485351862951,0.635282616889166
2004-09-20,-0.5642665338214696,0.6249391636054934
2004-09-21,0.63070141613393,0.6391008002203955
2004-09-22,-1.403587195393221,0.644757221676414
2004-09-23,-0.4680710946743261,0.8008621027680842
2004-09-24,0.157766423354196,0.7815789786315811
2004-09-27,-0.5954007917978772,0.7429430894483413
2004-09-28,0.5909032301847805,0.7430529499114173
2004-09-29,0.4260939723815224,0.7307924722144623
2004-09-30,-0.019744751784841,0.707652915223977
2004-10-01,1.5066573183751386,0.6759642148829429
2004-10-04,0.3238272074267087,0.8184464548871393
2004-10-05,-0.0608079210805892,0.7809502920592626
2004-10-06,0.6650556912393899,0.7428355806065434
2004-10-07,-1.0032225687499832,0.7374919334037426
2004-10-08,-0.7555120625710654,0.7935467800469087
2004-10-11,0.2003089852329478,0.8046315767638591
2004-10-12,-0.2270515437695603,0.7646092815838395
2004-10-13,-0.7327233030814119,0.7336891279127888
2004-10-14,-0.93462705073405,0.7512410436400845
2004-10-15,0.4440372959780712,0.7939184741188468
2004-10-18,0.5238078807163645,0.7649784680594616
2004-10-19,-0.9732889155441314,0.7446427174132157
2004-10-20,0.0389737334916136,0.7945238797469536
2004-10-21,0.2560873759713254,0.7539646159553044
2004-10-22,-0.9762908943220158,0.7203658116706702
2004-10-25,-0.0858182409064229,0.7755121197757368
2004-10-26,1.4769741930593296,0.7384676893976674
2004-10-27,1.279706499569654,0.8577238839489486
2004-10-28,0.1810974219785502,0.914826759530992
2004-10-29,0.2445041080019105,0.8643151854864864
2004-11-01,0.0274301968011335,0.819777793478683
2004-11-02,0.0044270037300915,0.7769263611943321
2004-11-03,1.1118167905890102,0.7382429232718988
2004-11-04,1.6027357888423872,0.7918337032140151
2004-11-05,0.3866249772795957,0.9223434973442624
2004-11-08,-0.1098238049090609,0.8774541565015818
2004-11-09,-0.0695636815078217,0.8314001016265459
2004-11-10,-0.1005523855696226,0.7887034048068393
2004-11-11,0.9048162623096716,0.7507564878219497
2004-11-12,0.9068467860586732,0.7719053860244812
2004-11-15,-0.0304044239180576,0.7899085276748571
2004-11-16,-0.7104016316032263,0.7504180037156769
2004-11-17,0.5523022908414389,0.7625706078877689
2004-11-18,0.1361331205948454,0.7447134448077691
2004-11-19,-1.122416222607588,0.7093030995052851
2004-11-22,0.587843175777874,0.7917690934216781
2004-11-23,-0.0254907303997434,0.7733018503921972
2004-11-24,0.4087060812071601,0.7353145766270638
2004-11-26,0.0752842931308754,0.7106239663934756
2004-11-29,-0.3455910280641383,0.6780715083019293
2004-11-30,-0.4038451679006934,0.6639421681081292
2004-12-01,1.4840559419618788,0.6562200832521113
2004-12-02,-0.0873358651324854,0.7996388425644199
2004-12-03,0.0705511589729841,0.7603182171443634
2004-12-06,-0.0772685182882421,0.7229491649838693
2004-12-07,-1.1135114976819829,0.6908529106025403
2004-12-08,0.4864758897237687,0.7759796396879439
2004-12-09,0.5421426409419167,0.751724246908338
2004-12-10,-0.104321848187489,0.7343564385995762
2004-12-13,0.8949775217871275,0.7018345887462486
2004-12-14,0.3913271987402067,0.7298725534034284
2004-12-15,0.1942606433847041,0.7047765396941199
2004-12-16,-0.2083921695699376,0.67435866580357
2004-12-17,-0.751648864084824,0.65216304944372
2004-12-20,0.037681164753962,0.6861656886189111
2004-12-21,0.8999624816466412,0.6560754957262814
2004-12-22,0.3411979436247485,0.6930076218541853
2004-12-23,0.0462915745797303,0.6692559033552816
2004-12-27,-0.4314584720309152,0.6408400960155248
2004-12-28,0.7128529166534989,0.6386530858383049
2004-12-29,-0.0074238370186028,0.6536755802047154
2004-12-30,0.008248673778874,0.6272857194343013
2004-12-31,-0.1344073574073107,0.6034683529581572
2005-01-03,-0.8152562047846815,0.5858621496689773
2005-01-04,-1.1740004384716105,0.6427653789383465
2005-01-05,-0.3634439193279408,0.7513495691949766
2005-01-06,0.3499726889387917,0.7298784619964457
2005-01-07,-0.1432195683594164,0.7025944504762117
2005-01-10,0.3416928383706967,0.6745676225937072
2005-01-11,-0.6118245472381096,0.6528713959709161
2005-01-12,0.3973499066449696,0.6682776198811087
2005-01-13,-0.8667580994090578,0.6504631478340838
2005-01-14,0.5986604031937076,0.7021765219608913
2005-01-18,0.96282709254362,0.6958658572436911
2005-01-19,-0.9535422983762518,0.7346481342325305
2005-01-20,-0.7813441684863667,0.7833741687447249
2005-01-21,-0.6435479320456572,0.7992455333767298
2005-01-24,-0.3534023051619929,0.7966954942566695
2005-01-25,0.3996329851615026,0.7694803140381551
2005-01-26,0.4832419632938723,0.7405870741591738
2005-01-27,0.0408837995714989,0.7201260587641263
2005-01-28,-0.2719682678708843,0.6866625888896377
2005-01-31,0.8424693022826933,0.6665897432674551
2005-02-01,0.686726715863026,0.6935520324140934
2005-02-02,0.317292909969953,0.6972787554313445
2005-02-03,-0.2769465505019701,0.6719159180435875
2005-02-04,1.0982520503199091,0.6538412711409578
2005-02-07,-0.1089559183575703,0.7228477651685081
2005-02-08,0.0482590104529293,0.691615015625575
2005-02-09,-0.8612258457473676,0.6609441423384599
2005-02-10,0.4202617764653276,0.7096788360653445
2005-02-11,0.6901750205170698,0.6885485796601918
2005-02-14,0.0696650824547266,0.6933749658072665
2005-02-15,0.3294334262127831,0.6625187712046005
2005-02-16,0.0181759423647278,0.6415386921017613
2005-02-17,-0.7954922070865406,0.6161308269007129
2005-02-18,0.0699289747905968,0.6635682899775489
2005-02-22,-1.4611959979605211,0.6357160920009729
2005-02-23,0.5591699832857658,0.8075537063500118
2005-02-24,0.7862777725995748,0.7849709555904315
2005-02-25,0.9263777602271862,0.7865519494663096
2005-02-28,-0.6434901002669486,0.8047451723305452
2005-03-01,0.5642127938093622,0.8014381714991347
2005-03-02,-0.0272736618104389,0.7799495442172503
2005-03-03,0.0322252928973915,0.7413559079019768
2005-03-04,0.9578361866919956,0.7058688834399454
2005-03-07,0.2606869420683149,0.742085460830818
2005-03-08,-0.4810340527826947,0.7098277371179819
2005-03-09,-1.023734532231883,0.7030098960932307
2005-03-10,0.1854097544981847,0.769605297951319
2005-03-11,-0.7612148101110925,0.7326104270090324
2005-03-14,0.5608866091690017,0.7540217780532601
2005-03-15,-0.7552253930440114,0.737880264719701
2005-03-16,-0.8114700226148561,0.7576499960126336
2005-03-17,0.1799632767785662,0.7816086390859402
2005-03-18,-0.0470562585375787,0.7433560087366672
2005-03-21,-0.4946433602739591,0.7086052039926966
2005-03-22,-1.0248546209256062,0.7032291430404212
2005-03-23,0.0699645425590822,0.7699677992079329
2005-03-24,-0.0947106721432445,0.7316818703190038
2005-03-28,0.2438493140166367,0.6991607788084367
2005-03-29,-0.7625179181011431,0.6707144791377374
2005-03-30,1.367862973137081,0.7029076823995976
2005-03-31,-0.0694384752181236,0.8098386625990238
2005-04-01,-0.6517880949263398,0.7691582196259045
2005-04-04,0.2724477316724463,0.7717077581494752
2005-04-05,0.447084278556942,0.7368954374114551
2005-04-06,0.2265887253641403,0.7144050608316287
2005-04-07,0.5953233066958343,0.6838675979574184
2005-04-08,-0.8380014491591885,0.6796812055337762
2005-04-11,0.0008474198803386,0.7212210025760759
2005-04-12,0.5529884802782767,0.687935333397077
2005-04-13,-1.183132550562878,0.6793683533435895
2005-04-14,-1.0052134263021657,0.7803125120287454
2005-04-15,-1.686186196276537,0.8283373369588716
2005-04-18,0.2936282269934283,0.9916395761746265
2005-04-19,0.5916292813629376,0.9369060300704314
2005-04-20,-1.3343570060666856,0.902401444979
2005-04-21,1.954398680302204,0.9800377861291631
2005-04-22,-0.6773139368705897,1.132700117625671
2005-04-25,0.8624972960833317,1.0930823495161506
2005-04-26,-0.8876748450908203,1.0632460851578613
2005-04-27,0.3942496392166545,1.0518390640349007
2005-04-28,-1.1445623573942096,0.9952236520735548
2005-04-29,1.1851956462206028,1.0259426365652815
2005-05-02,0.4579598925333747,1.040610382249631
2005-05-03,-0.0852216655406016,0.9878510501428688
2005-05-04,1.239305156034736,0.9313676314344322
2005-05-05,-0.2572113341297634,0.9688168200105044
2005-05-06,-0.109218460463223,0.9192614896004919
2005-05-09,0.6373966172402125,0.8693821482779985
2005-05-10,-1.076315086971956,0.8458669584115278
2005-05-11,0.4184280247109813,0.8925960886527902
2005-05-12,-1.0083888412137036,0.8521083035939235
2005-05-13,-0.4590579075786052,0.8875756575381313
2005-05-16,1.0035599091202396,0.8577218632717081
2005-05-17,0.6933254635373273,0.8746903627583749
2005-05-18,0.996889548132164,0.8553291716922953
2005-05-19,0.4645135445231884,0.8718079978724346
2005-05-20,-0.1512315038010651,0.8359123958125406
2005-05-23,0.3843636265639544,0.7949251671220104
2005-05-24,0.0175851841596387,0.7625616359994978
2005-05-25,-0.3405876080396173,0.7251324758578277
2005-05-26,0.637453131772754,0.705084630552224
2005-05-27,0.096814743655359,0.7021031888808774
2005-05-31,-0.6091379853434455,0.6704864165600383
2005-06-01,0.8956805725932198,0.6827996039190087
2005-06-02,0.1720390824511471,0.7142688140168333
2005-06-03,-0.6890819980251237,0.6824201496833505
2005-06-06,0.1245015026845046,0.7026980725873643
2005-06-07,-0.0208788316931622,0.6712664991797624
2005-06-08,-0.2165587433034947,0.6432604777887656
2005-06-09,0.5226267957247287,0.6249824591414473
2005-06-10,-0.2350998409679674,0.6220543328530199
2005-06-13,0.2259309081521192,0.6072900715311376
2005-06-14,0.257000961982868,0.5880898018046902
2005-06-15,0.2215253311707825,0.5722325859708223
2005-06-16,0.3623526250350597,0.5568681307748058
2005-06-17,0.4942512444624592,0.5504464297959277
2005-06-20,-0.0706916730218183,0.5554486392071433
2005-06-21,-0.2049620033747776,0.5411466482646189
2005-06-22,0.0222468091279343,0.534594518130076
2005-06-23,-1.0892156085218303,0.5209265415358079
2005-06-24,-0.7657968670771707,0.6466752761619781
2005-06-27,-0.0738798421939694,0.6837290780559184
2005-06-28,0.9096068495660192,0.6555163592209359
2005-06-29,-0.1432461671167803,0.6939646758876289
2005-06-30,-0.7126235441053447,0.6668389260841033
2005-07-01,0.2607114052726541,0.6928342812125624
2005-07-05,0.8793852803795384,0.6656245945901462
2005-07-06,-0.8375334165637525,0.6978641297666796
2005-07-07,0.2449049655565163,0.7359399793884323
2005-07-08,1.161138179782478,0.7037854641966071
2005-07-11,0.6235331585299627,0.7726698979261717
2005-07-12,0.2268974529875082,0.7595829583996243
2005-07-13,0.088331890838511,0.7245534481388856
2005-07-14,0.2620602356418461,0.690683555428402
2005-07-15,0.1157132095024646,0.6637477409652793
2005-07-18,-0.5545053245331578,0.6361486803540761
2005-07-19,0.6708890992640745,0.6474196575080797
2005-07-20,0.4747306199091748,0.6562178713785469
2005-07-21,-0.6628063888680193,0.6452432603866747
2005-07-22,0.5396819235282299,0.6683221705288807
2005-07-25,-0.3776351891558406,0.6611375178407658
2005-07-26,0.1731577935090858,0.651592925035273
2005-07-27,0.4562502872513562,0.6261610358007673
2005-07-28,0.558752002041879,0.6175601621766023
2005-07-29,-0.7700039576876156,0.6190197830740163
2005-08-01,0.0947485512339227,0.6619753193099261
2005-08-02,0.7074137786163408,0.6343838384268662
2005-08-03,0.0739240526585375,0.6494354960191789
2005-08-04,-0.7400617130228753,0.6230412685423886
2005-08-05,-0.7667679991179147,0.6607734261781655
2005-08-08,-0.2686241126164497,0.6953682943203079
2005-08-09,0.6722344610712961,0.6741110895866068
2005-08-10,-0.1828889635260019,0.6790922315888921
2005-08-11,0.7037130459696325,0.6551712368688241
2005-08-12,-0.6012532273180848,0.6665244568126865
2005-08-15,0.2824363312543445,0.6785220848469663
2005-08-16,-1.184586679317268,0.6536584022154388
2005-08-17,0.0737851983626701,0.7614713032848696
2005-08-18,-0.1000279428975898,0.7239982466943375
2005-08-19,0.0565820267256068,0.6923919062970013
2005-08-22,0.1654777541679866,0.6616298058338685
2005-08-23,-0.3394403944289071,0.6349944248263316
2005-08-24,-0.6592036186235425,0.6257461206833455
2005-08-25,0.2295686603122758,0.6516964826895031
2005-08-26,-0.6014586766805522,0.6277686855767435
2005-08-29,0.5940377442203705,0.6459643475147328
2005-08-30,-0.3197434047984468,0.6468669302334817
2005-08-31,0.9815803774647128,0.63466252384077
2005-09-01,0.1031982962391605,0.6883033988960106
2005-09-02,-0.2926655374129036,0.6581062826599139
2005-09-06,1.2539882199711907,0.6426643571110249
2005-09-07,0.2405079165705973,0.7428593287474919
2005-09-08,-0.3800559147012174,0.7098769330904792
2005-09-09,0.7933192791395705,0.6944919500073223
2005-09-12,-0.0741262753738635,0.7104472909718561
2005-09-13,-0.7573673921888471,0.6795268793396586
2005-09-14,-0.3286679455365361,0.7094345312266284
2005-09-15,0.0464335506602796,0.6903861719632874
2005-09-16,0.8257581395948801,0.6598426495099403
2005-09-19,-0.5581391440806682,0.6857156660328437
2005-09-20,-0.7894521231179437,0.6899724985666077
2005-09-21,-0.9162993799830818,0.7225336182335559
2005-09-22,0.3645671793169123,0.7678229226443655
2005-09-23,0.0551496930232202,0.7372721354530849
2005-09-26,0.0279701361116905,0.7021093728872644
2005-09-27,0.0024702356686383,0.6704809806073764
2005-09-28,0.1011268462216317,0.642245871029841
2005-09-29,0.8827817434815387,0.616734376441584
2005-09-30,0.0920015885151024,0.6585944737439507
2005-10-03,-0.171867183020373,0.6313325004997697
2005-10-04,-1.001985374354899,0.612185790303078
2005-10-05,-1.4999041934534425,0.6956282973354827
2005-10-06,-0.4104085030942367,0.8574022547295325
2005-10-07,0.3694443864339434,0.8273910419820468
2005-10-10,-0.7192008635452506,0.7909996632438433
2005-10-11,-0.2073991965193739,0.7981070950514093
2005-10-12,-0.6086612731748998,0.7629002104124095
2005-10-13,-0.0713595908554969,0.7616436886356726
2005-10-14,0.8233895771379748,0.7256076294669396
2005-10-17,0.2970569754105139,0.740377316220613
2005-10-18,-1.010038058975644,0.7096340468239567
2005-10-19,1.4845038560093755,0.7725194875985589
2005-10-20,-1.5133641676906875,0.8846065608772107
2005-10-21,0.1518558511769907,0.9985690119355124
2005-10-24,1.6637869183025955,0.9402942884580948
2005-10-25,-0.2370669386532537,1.0464503480835297
2005-10-26,-0.4321788096966069,0.9890118844418861
2005-10-27,-1.053048217155628,0.9466630684021378
2005-10-28,1.6413885701011692,0.9725543980754165
2005-10-31,0.7150528449828979,1.0675048846641488
2005-11-01,-0.3527311213989366,1.0281673278091419
2005-11-02,0.9927610493678476,0.9774651934792796
2005-11-03,0.4255094722214066,0.9755539054127473
2005-11-04,0.0163989087439092,0.9273804173584158
2005-11-07,0.2185918605323468,0.8749056538060919
2005-11-08,-0.3457112258799154,0.82874671479425
2005-11-09,0.1689099138900648,0.7975960300104723
2005-11-10,0.8410797282881278,0.7576269041972991
2005-11-11,0.3049878965987544,0.7696104637760591
2005-11-14,-0.077777498176056,0.7362160822028563
2005-11-15,-0.3857449824625265,0.7028154111068012
2005-11-16,0.1788418746649066,0.6887274099263307
2005-11-17,0.9369543885684766,0.6595866638036941
2005-11-18,0.4391670522724698,0.7013323225585546
2005-11-21,0.5257415724039091,0.6823805793331663
2005-11-22,0.5071395717316795,0.672203536428951
2005-11-23,0.3466788026831465,0.6617852228593607
2005-11-25,0.2083789648192422,0.6417823126428667
2005-11-28,-0.8544215188562845,0.6182697152122264
2005-11-29,0.0015920484557712,0.6746650123865287
2005-11-30,-0.6382253629954913,0.6460142116776628
2005-12-01,1.2083804199621733,0.6658052428114722
2005-12-02,0.0324073219063235,0.7516944338551453
2005-12-05,-0.2366276682576343,0.7152129296722185
2005-12-06,0.127483727667013,0.6899914599895327
2005-12-07,-0.5021653100799183,0.6598639154448521
2005-12-08,-0.1217589862909708,0.6619371640873027
2005-12-09,0.2806947864745591,0.6374243111320708
2005-12-12,0.0841383154016426,0.6169671749352542
2005-12-13,0.5538295312984911,0.5940106868823567
2005-12-14,0.4180778582455103,0.598374748203337
2005-12-15,-0.1415311027309853,0.5904699746824653
2005-12-16,-0.2852345883930445,0.5746520689398548
2005-12-19,-0.5856130419099415,0.5691055101149414
2005-12-20,-0.0238177464847968,0.5952857248340763
2005-12-21,0.2513505394688519,0.5753704360423934
2005-12-22,0.4211895217280327,0.5607641919692107
2005-12-23,0.0425767362105668,0.5580470339218782
2005-12-27,-0.9599309229902498,0.5415423028864467
2005-12-28,0.1296376168455956,0.6349984226499287
2005-12-29,-0.2984969814584248,0.6105467687013061
2005-12-30,-0.4898703356058071,0.6013400246460279
2006-01-03,1.6296964341378817,0.6107447497360428
2006-01-04,0.3665964386255771,0.801433211647786
2006-01-05,0.0015720458048537,0.7675252862496134
2006-01-06,0.935551838421723,0.7297611454442752
2006-01-09,0.3649695996218134,0.7585845772243331
2006-01-10,-0.0356675622353004,0.7290183293853796
2006-01-11,0.3475497476943338,0.6954692002561068
2006-01-12,-0.6294004875159206,0.6717712135068773
2006-01-13,0.1204448836657688,0.6863093002434987
2006-01-17,-0.3641209037951744,0.6564713226676067
2006-01-18,-0.3904942983087808,0.6464339517087063
2006-01-19,0.5548253263319995,0.639853409493013
2006-01-20,-1.8496322409992527,0.637835163448845
2006-01-23,0.1845283766660529,0.9028018750164124
2006-01-24,0.2402548411444657,0.853426633247467
2006-01-25,-0.1722218211682101,0.8097896455606916
2006-01-26,0.7208907535489939,0.772041876315039
2006-01-27,0.773401437250556,0.768406416619249
2006-01-30,0.1144431617966671,0.7709083869114058
2006-01-31,-0.3983980099300531,0.7327578536270917
2006-02-01,0.1857536385185309,0.7160363726363466
2006-02-02,-0.9102005775588268,0.684295233937921
2006-02-03,-0.5373019460362076,0.7360974713680308
2006-02-06,0.0782894973074496,0.7311863460024055
2006-02-07,-0.8127666010110246,0.6966334376602819
2006-02-08,0.8625561733288215,0.7313299571493452
2006-02-09,-0.1478590368712153,0.7501341132110146
2006-02-10,0.2536747815164882,0.7174181276418979
2006-02-13,-0.3265022504588939,0.6874238330940977
2006-02-14,0.9982823043985454,0.6708045498200227
2006-02-15,0.3498276451837249,0.7197829398558819
2006-02-16,0.7301408539075194,0.6935689933920213
2006-02-17,-0.1661102641883317,0.7021258806317803
2006-02-21,-0.3275892937654234,0.6750308787495015
2006-02-22,0.7485389902519992,0.6599651414815947
2006-02-23,-0.3782279549742235,0.6759087441641433
2006-02-24,0.1272700670312287,0.6645504723067193
2006-02-27,0.3630621795035809,0.6370003281924562
2006-02-28,-1.0455326977436477,0.6207638519574877
2006-03-01,0.8227392693299463,0.7101954895594685
2006-03-02,-0.1627648676222426,0.7273247883875754
2006-03-03,-0.1482733095977112,0.6974769691667608
2006-03-06,-0.6992821869927277,0.6701713084597299
2006-03-07,-0.1863645342863235,0.6938206033580174
2006-03-08,0.2027887120114596,0.6684697278284779
2006-03-09,-0.4892776729698087,0.641986530388432
2006-03-10,0.7197621493560185,0.6452973545693268
2006-03-13,0.2112577727036599,0.6600912910178252
2006-03-14,1.034245657662246,0.6347180092227194
2006-03-15,0.4260755580596741,0.6970106906240655
2006-03-16,0.1771186496393506,0.6776978068162779
2006-03-17,0.1469845381414607,0.6496461802795475
2006-03-20,-0.1661386180891845,0.6239207262242429
2006-03-21,-0.6033101043218729,0.6053505724680366
2006-03-22,0.6002514715950028,0.6275212232779511
2006-03-23,-0.2585632377503073,0.6316895970426
2006-03-24,0.0982797745531337,0.617200219200769
2006-03-27,-0.1028938455009137,0.5943040430078302
2006-03-28,-0.645899872572224,0.5765620913847238
2006-03-29,0.7441935488966642,0.6095458044935278
2006-03-30,-0.2028331583160994,0.6332996096072706
2006-03-31,-0.4146253429841803,0.6154406309189782
2006-04-03,0.2267973429724808,0.6151924683863575
2006-04-04,0.6237198100456351,0.5951430260117566
2006-04-05,0.4301841324002345,0.606699455694634
2006-04-06,-0.1923239116313828,0.5986172191674938
2006-04-07,-1.03973529590452,0.5842546051362959
2006-04-10,0.0864153811547859,0.6818994555248172
2006-04-11,-0.7781154126378512,0.652242431095493
2006-04-12,0.1204066548337026,0.6900571729744345
2006-04-13,0.0776024005504899,0.6598424041562871
2006-04-17,-0.2944350733115137,0.6323886854108615
2006-04-18,1.6933204646026203,0.6201740926161476
2006-04-19,0.2025076501805496,0.8226743080666828
2006-04-20,0.1167248972276318,0.7810003059666395
2006-04-21,-0.0137208904868349,0.7419150748816713
2006-04-24,-0.2420445581025627,0.7067832011141665
2006-04-25,-0.4881512597334564,0.6827648580246488
2006-04-26,0.2815370297147241,0.6802464355889773
2006-04-27,0.3296157680539232,0.6551620405962524
2006-04-28,0.0679314969938932,0.6350148170561137
2006-05-01,-0.4144087356689018,0.6101076266175335
2006-05-02,0.6125912703046048,0.6105849515574266
2006-05-03,-0.3883503643349785,0.6185554049549328
2006-05-04,0.3152232936836416,0.6154992312518508
2006-05-05,1.0242666122685788,0.599150152032255
2006-05-08,-0.0830038734127436,0.6676392999982917
2006-05-09,0.0362276749305588,0.6413290155386341
2006-05-10,-0.1729643723628145,0.6158219601761499
2006-05-11,-1.288067467835875,0.5984906597226102
2006-05-12,-1.1304817461096426,0.7434696223903239
2006-05-15,0.2521530784402824,0.8197003764372542
2006-05-16,-0.1871231272629041,0.7795779117385291
2006-05-17,-1.698449398254566,0.7453880142037225
2006-05-18,-0.6721550408601831,0.9360669951673655
2006-05-19,0.4128357614962439,0.9186643722508778
2006-05-22,-0.39224146258121,0.8753474861972025
2006-05-23,-0.4359477610648544,0.8422011600567092
2006-05-24,0.1582403218007078,0.8156772085474207
2006-05-25,1.130594031131146,0.7738422839086777
2006-05-26,0.5703043365720523,0.8234698765095492
2006-05-30,-1.597655965752121,0.7999139636885536
2006-05-31,0.8079200028414162,0.9524812382516734
2006-06-01,1.2223327369858277,0.934284460075691
2006-06-02,0.1950333247538197,0.9687667268055175
2006-06-05,-1.7960022017338575,0.9137151374489282
2006-06-06,-0.1138777310743057,1.0765560880413143
2006-06-07,-0.611109137700848,1.0129672291843859
2006-06-08,0.1416048446352157,0.9810990102772433
2006-06-09,-0.4485655970165158,0.9242233416972647
2006-06-12,-1.193721749259257,0.8896679039692105
2006-06-13,-1.117384593032396,0.9465485933995657
2006-06-14,0.517588478216243,0.981549856335632
2006-06-15,2.1012754739616786,0.9376681563015974
2006-06-16,-0.3684651440967768,1.1325407412515207
2006-06-19,-0.915860746773235,1.0728739004685686
2006-06-20,-0.0008071577965939,1.0632951805077646
2006-06-21,0.9693820144398816,0.9992266950733107
2006-06-22,-0.5284643397792973,0.9917339977356789
2006-06-23,-0.0883479111898875,0.9557048115126238
2006-06-26,0.4857655020670141,0.90211188989241
2006-06-27,-0.9125527128600108,0.8643578390798913
2006-06-28,0.5472449647681757,0.8844750746545005
2006-06-29,2.1335769185163973,0.8524914064336487
2006-06-30,-0.2099859604977492,1.0804891814565472
2006-07-03,0.7834128700747955,1.019103622374643
2006-07-05,-0.7275252437706834,0.9907372455253977
2006-07-06,0.2491108826707996,0.9719674129887304
2006-07-07,-0.6772833620935191,0.917774626158617
2006-07-10,0.1468707389671119,0.9031493345836776
2006-07-11,0.4008311513638601,0.8531893373420978
2006-07-12,-1.0928527604668774,0.8157369430380387
2006-07-13,-1.3051548192745042,0.8707583831170551
2006-07-14,-0.490630577568679,0.949994872285935
2006-07-17,-0.1384197330362514,0.9156655562239144
2006-07-18,0.1917976706762714,0.8668631506007822
2006-07-19,1.8385064331204768,0.8208790683387398
2006-07-20,-0.8513649549338661,0.9925760912502372
2006-07-21,-0.7102058166951474,0.9865257525619026
2006-07-24,1.6488454880015904,0.966593042643595
2006-07-25,0.6300915845493745,1.0641733096998238
2006-07-26,-0.0378342531319662,1.0190765154991408
2006-07-27,-0.4108137624991621,0.959143404596923
2006-07-28,1.207851619971792,0.9184907058488326
2006-07-31,-0.1479342153265696,0.9535782138681181
2006-08-01,-0.4506237112435881,0.9016042326276068
2006-08-02,0.5093535034171588,0.8696160251356119
2006-08-03,0.223639116973828,0.8366952519127626
2006-08-04,-0.0711067002883572,0.7941970693042301
2006-08-07,-0.2810008238870877,0.7550311328870328
2006-08-08,-0.3368372259265255,0.7279260069226304
2006-08-09,-0.4358771040950483,0.7073012950521872
2006-08-10,0.4618338861988249,0.6967704053479408
2006-08-11,-0.3994465346949095,0.6799111811722645
2006-08-14,0.1159763227049737,0.6697737309702017
2006-08-15,1.3603517555473534,0.6415621399198287
2006-08-16,0.7632783631721066,0.76323355252745
2006-08-17,0.1581178797474585,0.7653498958777933
2006-08-18,0.3708062857582507,0.7282677522205584
2006-08-21,-0.3677204235229472,0.7022234250804296
2006-08-22,0.1001353353987705,0.686824470777557
2006-08-23,-0.4498760349021232,0.6567530732401178
2006-08-24,0.2371580108853858,0.6541171667887501
2006-08-25,-0.074877394949862,0.6301801699205395
2006-08-28,0.5152416785938775,0.6076209357659463
2006-08-29,0.1918605642752365,0.6064052261423032
2006-08-30,0.0835334909658773,0.5862733925128745
2006-08-31,-0.1188145781091462,0.5666320644925827
2006-09-01,0.5499463994837352,0.5526719485869517
2006-09-05,0.1707140885465104,0.5628608262333074
2006-09-06,-0.994072887125942,0.5470860013351203
2006-09-07,-0.4810584977398314,0.6457187483868314
2006-09-08,0.3779516785635686,0.647658460552469
2006-09-11,0.0477201965123477,0.6310588351472249
2006-09-12,1.0304209566623772,0.606580753895932
2006-09-13,0.38539093735431,0.6744489940645694
2006-09-14,-0.1358906207768862,0.6551957529459346
2006-09-15,0.2564555076311261,0.6319163490951767
2006-09-18,0.1151163757380079,0.6110850543136309
2006-09-19,-0.2683048555375884,0.588997857262011
2006-09-20,0.5706071034442843,0.5803998034588691
2006-09-21,-0.5410119989902893,0.5884922046156091
2006-09-22,-0.246884627333857,0.6057741355867926
2006-09-25,0.8776510314245869,0.5936853652324962
2006-09-26,0.7496114733216496,0.6393223082184241
2006-09-27,0.0179570241218129,0.6587529299175013
2006-09-28,0.1711878396564572,0.6315667879924837
2006-09-29,-0.2265672135253866,0.6082085094491267
2006-10-02,-0.3396884177235413,0.5945971890482602
2006-10-03,0.2093500975871098,0.5906335419845853
2006-10-04,1.198830157743166,0.5727651700491029
2006-10-05,0.2234222484696683,0.6806445923806204
2006-10-06,-0.2686098653359275,0.6534761039454744
2006-10-09,0.0792569884558926,0.6370329920183836
2006-10-10,0.2041367595884203,0.6119419360450042
2006-10-11,-0.2567236216697791,0.5915432496449924
2006-10-12,0.9495869261272885,0.5818467057972339
2006-10-13,0.2045146573991786,0.6414982853769636
2006-10-16,0.2515881363474249,0.6179069459819815
2006-10-17,-0.3666164318479104,0.5984443392826618
2006-10-18,0.1282121858067292,0.5962259132856469
2006-10-19,0.0848894286278234,0.5759117022828766
2006-10-20,0.1199034115850298,0.5574218303980155
2006-10-23,0.6133456455451609,0.5413276201967729
2006-10-24,0.0261389304691764,0.5604244576942893
2006-10-25,0.3507733603266655,0.5437491882254735
2006-10-26,0.4950744808794787,0.5382809708375155
2006-10-27,-0.8487547836851526,0.5451735104227173
2006-10-30,0.0428333989383209,0.6170592016231158
2006-10-31,0.0007175734218364,0.5940763140378853
2006-11-01,-0.737862425334979,0.5739181471259452
2006-11-02,-0.0343741859766559,0.6209765446352792
2006-11-03,-0.2225709266821042,0.5984679006572348
2006-11-06,1.1282575026932746,0.5857973004302781
2006-11-07,0.2215243341597526,0.6764166211444644
2006-11-08,0.2080508269778957,0.6496316163929627
2006-11-09,-0.5347249472951695,0.6252733088893658
2006-11-10,0.1862888647065484,0.6359740547705884
2006-11-13,0.2545832920179789,0.6124948971026211
2006-11-14,0.6336282710039514,0.5937549115947872
2006-11-15,0.2401598181758242,0.60664454875654
2006-11-16,0.228160832990462,0.5880163134355552
2006-11-17,0.1028177162961428,0.5710676695398055
2006-11-20,-0.0499661775804919,0.5532438737885085
2006-11-21,0.1648093909236073,0.5386359721483728
2006-11-22,0.2335368784049262,0.5255429866316917
2006-11-24,-0.3662235340602542,0.516223388127303
2006-11-27,-1.3647789970175506,0.5259247509947554
2006-11-28,0.3438472176622492,0.7128719765544156
2006-11-29,0.9159499819874408,0.6871018491419629
2006-11-30,0.0821413790701674,0.7206741484651691
2006-12-01,-0.2802695817626109,0.6871571903770717
2006-12-04,0.8845949539756106,0.6675337709117519
2006-12-05,0.3994519694966535,0.7001666433006299
2006-12-06,-0.1315565235804857,0.6788343091643558
2006-12-07,-0.3978450122078701,0.6528740362806135
2006-12-08,0.1810301583367398,0.6460788060574514
2006-12-11,0.2267240979036943,0.6214021922487518
2006-12-12,-0.1047922221211886,0.6006651899979811
2006-12-13,0.1168167687964415,0.5822706273883378
2006-12-14,0.8651922436740064,0.5633451354164309
2006-12-15,0.1121774518763465,0.6132714942484088
2006-12-18,-0.3235568496471714,0.590918480652226
2006-12-19,0.2155924984594354,0.5861475328395828
2006-12-20,-0.1418015509807603,0.5689860821684144
2006-12-21,-0.3680717164277038,0.5557048139992569
2006-12-22,-0.5330432553268684,0.5596406525087535
2006-12-26,0.4342830626287104,0.5807884323393955
2006-12-27,0.6990781099262332,0.5764001230422836
2006-12-28,-0.1479876542664995,0.6000654816107639
2006-12-29,-0.4523302629615828,0.5834156752287306
2007-01-03,-0.1199388642525353,0.5915445385913339
2007-01-04,0.1227532497215299,0.574733208978546
2007-01-05,-0.6103167832470129,0.5567210326212281
2007-01-08,0.2217857077497428,0.5884662832578302
2007-01-09,-0.0516809499364646,0.5712466924798326
2007-01-10,0.1938471807337008,0.5546093402239487
2007-01-11,0.6319861629223327,0.5404100086886706
2007-01-12,0.4841427093058067,0.5619077913749523
2007-01-16,0.0817460872325575,0.5643142158789787
2007-01-17,-0.089433741840016,0.5471068003147276
2007-01-18,-0.2975161375757787,0.5343836250336201
2007-01-19,0.2891281554245473,0.5352599741095386
2007-01-22,-0.5291886366783456,0.527285087216204
2007-01-23,0.3535707111787036,0.5536326835073353
2007-01-24,0.8465536428398069,0.5470587317418834
2007-01-25,-1.133378773070705,0.5974765601608996
2007-01-26,-0.1208659535429596,0.7101522958690472
2007-01-29,-0.1097550811566401,0.6805774651508646
2007-01-30,0.5755498607645567,0.6537024846240089
2007-01-31,0.6571245841597129,0.6517358165702378
2007-02-01,0.5339451523831852,0.6583685348256608
2007-02-02,0.1693016252195719,0.651985659788194
2007-02-05,-0.0967074802488095,0.6264313291260322
2007-02-06,0.0697763937016067,0.6049170190111754
2007-02-07,0.1394068946924395,0.5832048568761452
2007-02-08,-0.1179963006150226,0.564496949766642
2007-02-09,-0.7102376113371196,0.5507568166417247
2007-02-12,-0.3266712097896208,0.5983109041098028
2007-02-13,0.7568774732917578,0.5928087603654095
2007-02-14,0.7615012063124971,0.6211761029533512
2007-02-15,0.1037055499453231,0.645185248846753
2007-02-16,-0.0872161360529513,0.6193887146136297
2007-02-20,0.2840277783407165,0.5983523365828022
2007-02-21,-0.1405437971554358,0.5824822625865798
2007-02-22,-0.0857924353369557,0.5675528904677902
2007-02-23,-0.3570038956787483,0.5523063525433507
2007-02-26,-0.1254893239734268,0.555722949346375
2007-02-27,-3.5342660843100724,0.5433302077104154
2007-02-28,0.5545484952734019,1.3549681793908541
2007-03-01,-0.2597805977300521,1.2783105733937992
2007-03-02,-1.1468261829749615,1.2014873681181144
2007-03-05,-0.9452209514841424,1.2012624132005971
2007-03-06,1.5374780717887004,1.1784743830574795
2007-03-07,-0.2468314486799026,1.2175422828375713
2007-03-08,0.7101347730782964,1.1454718870762866
2007-03-09,0.0677392272920847,1.097632391475295
2007-03-12,0.2676698622496704,1.0304501903118535
2007-03-13,-2.057857550740609,0.971565860378181
2007-03-14,0.666888016495876,1.1739589717331693
2007-03-15,0.3676979959512594,1.1203180579675218
2007-03-16,-0.3835655701215665,1.0565976385946443
2007-03-19,1.0835569042727349,1.0047985616194846
2007-03-20,0.6313481911504475,1.0097880978487301
2007-03-21,1.6936643202980273,0.970386842189476
2007-03-22,-0.0348483047308206,1.075248503793012
2007-03-23,0.109379160276004,1.010493189385949
2007-03-26,0.0967434525865559,0.9508189897918183
2007-03-27,-0.6203560368758968,0.896235476954299
2007-03-28,-0.7997684815493823,0.8788214189532515
2007-03-29,0.3732748516689657,0.8826470802657069
2007-03-30,-0.1174685237514386,0.8409865425730428
2007-04-02,0.2593696866817386,0.7985199714751072
2007-04-03,0.9237307072510436,0.7606523527956858
2007-04-04,0.1112198740916586,0.7826809302251435
2007-04-05,0.304531397039247,0.7433904273425052
2007-04-09,0.0588550367099576,0.7126411848964009
2007-04-10,0.261322602696913,0.6798742318330013
2007-04-11,-0.6594524912466886,0.654048892398008
2007-04-12,0.6187116686112808,0.6752140371924431
2007-04-13,0.3481931165325918,0.6744779638931343
2007-04-16,1.059854287315681,0.6531314140831277
2007-04-17,0.2143013111473107,0.7157531746333625
2007-04-18,0.0692952791006442,0.6847359701994256
2007-04-19,-0.1202773657771309,0.6547425530460476
2007-04-20,0.9218086660297052,0.6309475205953878
2007-04-23,-0.2306644470370378,0.675947081741735
2007-04-24,-0.0351205549623648,0.6547282373442588
2007-04-25,1.0088033702708323,0.628668697983355
2007-04-26,-0.0782724506617998,0.6880170089208913
2007-04-27,-0.0120504975632885,0.6594752517091971
2007-04-30,-0.7861748709062836,0.6325494788153947
2007-05-01,0.2647687987313794,0.675313798534213
2007-05-02,0.6451588538502733,0.6501001266884373
2007-05-03,0.4315751619413164,0.655681521682638
2007-05-04,0.2147587075633329,0.6416102335884796
2007-05-07,0.2560437459192035,0.6183024925974316
2007-05-08,-0.1166651195633774,0.5989679755371502
2007-05-09,0.3218216510912948,0.5811882815944056
2007-05-10,-1.4054581884656236,0.5692668449268299
2007-05-11,0.9595315462487676,0.7504626617505007
2007-05-14,-0.1794584178452379,0.7790567939394496
2007-05-15,-0.1304834544834399,0.7446158202961983
2007-05-16,0.8589542804573146,0.7118657238375041
2007-05-17,-0.0918444171688858,0.7333763346935419
2007-05-18,0.6588724214163112,0.7006102478327222
2007-05-21,0.1542054937372437,0.7004023937815654
2007-05-22,-0.0642774553430921,0.6696150942372932
2007-05-23,-0.1207960891085956,0.6426247952705958
2007-05-24,-0.9749940652956228,0.6201549607640743
2007-05-25,0.5437868634530784,0.6967952249994628
2007-05-29,0.1568972258167277,0.6863071774863742
2007-05-30,0.79519076731304,0.6569851089091964
2007-05-31,0.0254840749242193,0.67930550595824
2007-06-01,0.3730063260024788,0.6499722531987763
2007-06-04,0.1846899828252176,0.6328068062786305
2007-06-05,-0.5361416122665549,0.6096269416468925
2007-06-06,-0.8903259242367221,0.6229315132548612
2007-06-07,-1.772596154552924,0.6842694639332433
2007-06-08,1.1306236827796718,0.9127602189476994
2007-06-11,0.0961254356284557,0.9379146964993458
2007-06-12,-1.0739177694170063,0.8844570718357496
2007-06-13,1.507009586153037,0.9238606631443363
2007-06-14,0.4804742099217193,1.0055717216100695
2007-06-15,0.650555553085301,0.9572766398143978
2007-06-18,-0.121410562125395,0.9249132772429525
2007-06-19,0.1729278410380235,0.8748208285081694
2007-06-20,-1.3694428381801145,0.8277784715281885
2007-06-21,0.6161392441565994,0.9280826123193381
2007-06-22,-1.2979689827432703,0.8963103453555493
2007-06-25,-0.3213060312434161,0.9690083861563109
2007-06-26,-0.3243450262866244,0.9223743788776164
2007-06-27,0.8968996323785083,0.8804388932796314
2007-06-28,-0.0418323007466117,0.8810385241630533
2007-06-29,-0.1568586791380063,0.8333069672499726
2007-07-02,1.0639364857749432,0.7927524825310914
2007-07-03,0.3573857444479607,0.8288334611884743
2007-07-05,0.0347529431044252,0.7917443534785656
2007-07-06,0.3298550721416329,0.7514615385279994
2007-07-09,0.0920901885555024,0.7209691512791868
2007-07-10,-1.42870247254699,0.6874679999543734
2007-07-11,0.570510424265772,0.8362230973248723
2007-07-12,1.8875707510562436,0.8112321645044919
2007-07-13,0.3096608437751028,0.9964664626251042
2007-07-16,-0.1921316668940251,0.9417940203151293
2007-07-17,-0.0096824613633028,0.8922659485991933
2007-07-18,-0.206745981076958,0.8431214422461347
2007-07-19,0.4459094012305411,0.8034515130794355
2007-07-20,-1.2296153790126367,0.7736056987906974
2007-07-23,0.4857468831634159,0.8607427450094682
2007-07-24,-2.0003161459610794,0.8272671464203512
2007-07-25,0.4654761912206715,1.061084131537823
2007-07-26,-2.361514831842795,1.0067737910712322
2007-07-27,-1.6120829482687424,1.2665577976945608
2007-07-30,1.0201791310726158,1.3200858499452721
2007-07-31,-1.2727292908787835,1.278742531367389
2007-08-01,0.7216566833712894,1.283128744909028
2007-08-02,0.434981680259466,1.2223873660045768
2007-08-03,-2.694578841666203,1.1522256661605428
2007-08-06,2.386408016486739,1.4429191880614889
2007-08-07,0.6140474654544519,1.5707567324148708
2007-08-08,1.3973752789070897,1.478081218316012
2007-08-09,-3.009806670758095,1.4559299087184499
2007-08-10,0.0378465724980619,1.7276132410201333
2007-08-13,-0.049541086599718,1.6103233449758985
2007-08-14,-1.8323395498988104,1.5025763309765052
2007-08-15,-1.400545824953103,1.5490344245072598
2007-08-16,0.3243520983883055,1.5319982005464179
2007-08-17,2.42695665225198,1.4327677757043504
2007-08-20,-0.0269682815299314,1.5700508203623278
2007-08-21,0.1085465275582073,1.465264980525793
2007-08-22,1.16448208805781,1.3684633939920818
2007-08-23,-0.1072891793787411,1.3352524434127957
2007-08-24,1.1469018050261517,1.2500436587031896
2007-08-27,-0.8539951913098606,1.229428704885138
2007-08-28,-2.3752942896165807,1.1943997466665914
2007-08-29,2.168505098090459,1.40269138731578
2007-08-30,-0.4189774778312817,1.5008410867658917
2007-08-31,1.1154303290853471,1.4110293655894346
2007-09-04,1.041380907704796,1.3681914727322686
2007-09-05,-1.156777363141079,1.323400617481742
2007-09-06,0.4242872517797467,1.3079609075795438
2007-09-07,-1.7053037079487448,1.2300256238796465
2007-09-10,-0.1273623892153689,1.3049033871971376
2007-09-11,1.3540236395020917,1.2225133346211687
2007-09-12,0.0047616152104553,1.2297273757499438
2007-09-13,0.838431615381002,1.1518257690189426
2007-09-14,0.0202175617601972,1.1132720114553791
2007-09-17,-0.5133568991712144,1.0448809487335207
2007-09-18,2.878958164080636,1.0021848905414175
2007-09-19,0.6067959764234634,1.3583447878546422
2007-09-20,-0.6745938475255173,1.2839359727012938
2007-09-21,0.4598464335745744,1.2283238725422332
2007-09-24,-0.5270307770366357,1.1586419236293333
2007-09-25,-0.0342688518638791,1.1054193077693137
2007-09-26,0.5396714632315107,1.0381165891988193
2007-09-27,0.3899482069183578,0.9899465459197592
2007-09-28,-0.3027999733853694,0.9388329377976596
2007-10-01,1.3202159881824789,0.8941929242722
2007-10-02,-0.0265079453376737,0.950765557131799
2007-10-03,-0.4562248537264931,0.8966234679843758
2007-10-04,0.210872673598282,0.8655755116820754
2007-10-05,0.9514881229474792,0.8201009295141569
2007-10-08,-0.322169799390635,0.8362373691445352
2007-10-09,0.8063646659190855,0.8028995345882743
2007-10-10,-0.1713797949295538,0.8041828597229367
2007-10-11,-0.5171809293999425,0.7669524754872037
2007-10-12,0.4742959110705808,0.7560952455328733
2007-10-15,-0.8416732385427675,0.733247259658687
2007-10-16,-0.6594866980535926,0.7655523370216873
2007-10-17,0.1759846754610529,0.7694811459662936
2007-10-18,-0.0752946305293071,0.7323135503204259
2007-10-19,-2.594931140710293,0.6992399187711813
2007-10-22,0.3791176519172483,1.1382165207168191
2007-10-23,0.8764339431983929,1.0733286021803592
2007-10-24,-0.2444407502362128,1.0470846250926233
2007-10-25,-0.0976794601235322,0.9898603876383097
2007-10-26,1.369345687603249,0.933447009360837
2007-10-29,0.3705771083571753,0.990382791790185
2007-10-30,-0.6484372289334848,0.9384368425928985
2007-10-31,1.1920661356754998,0.9185008599859961
2007-11-01,-2.6778888689808897,0.9513149754813053
2007-11-02,0.0801886680887067,1.306667189052746
2007-11-05,-0.4967093437071673,1.2223949147740154
2007-11-06,1.1977204894451745,1.1611896801019297
2007-11-07,-2.980972636157473,1.157913986701283
2007-11-08,-0.0576178474867469,1.5143507830642957
2007-11-09,-1.43900618120116,1.414200286315402
2007-11-12,-1.0038452592368512,1.420210376628645
2007-11-13,2.867778438776126,1.3773977194262617
2007-11-14,-0.7094477743350598,1.6142096183809431
2007-11-15,-1.3300488548972065,1.5292451903189535
2007-11-16,0.5216680351984778,1.5067814213149993
2007-11-19,-1.7614482080618146,1.4156532750507178
2007-11-20,0.4476163998967163,1.4661355450592028
2007-11-21,-1.605507806431886,1.375707163748102
2007-11-23,1.6749426122977584,1.4100004961107464
2007-11-26,-2.3512966551297514,1.4314789812829454
2007-11-27,1.4819795556490158,1.5776944749498818
2007-11-28,2.8159623399831912,1.5523168042118571
2007-11-29,0.0476361425261982,1.735473270028563
2007-11-30,0.774018490674295,1.6175645518871835
2007-12-03,-0.5904735888843634,1.5288827568817214
2007-12-04,-0.6561737772241493,1.4448107318324148
2007-12-05,1.5075915045568595,1.3723071066096613
2007-12-06,1.4924972509290384,1.377411126926028
2007-12-07,-0.1779503551010379,1.379893940318182
2007-12-10,0.7481894107170777,1.2924243512882845
2007-12-11,-2.5595871370425174,1.2325301565584224
2007-12-12,0.6031879025493236,1.4694835711141307
2007-12-13,0.122357552030208,1.3850645202754426
2007-12-14,-1.3841622651711092,1.294682586345796
2007-12-17,-1.5134854466995853,1.311108513239517
2007-12-18,0.6260159463819628,1.3427065791201316
2007-12-19,-0.1361756812645433,1.2707162790996263
2007-12-20,0.4888236191244567,1.1912996137815244
2007-12-21,1.653242266561838,1.1261703076040168
2007-12-24,0.8044560385114575,1.1922498973102769
2007-12-26,0.0808309033147075,1.1465947562222376
2007-12-27,-1.4385263354659774,1.0753616874605358
2007-12-28,0.1502640562007862,1.13626062577261
2007-12-31,-0.687516831107418,1.0663067651416982
2008-01-02,-1.4543083003997033,1.0349152640550316
2008-01-03,0.0,1.1060682771335197
2008-01-04,-2.485797022395527,1.038398720434549
2008-01-07,0.3218075231744636,1.3168842194894148
2008-01-08,-1.8522757462586332,1.2350814137996977
2008-01-09,1.3532109841889144,1.333649952224406
2008-01-10,0.7916711897125965,1.325285152820969
2008-01-11,-1.3688651328566237,1.265129666855559
2008-01-14,1.0811976648879809,1.2839879937032845
2008-01-15,-2.5240900594804327,1.2525351922134045
2008-01-16,-0.5627885721787484,1.4764485478232177
2008-01-17,-2.952417654491263,1.3955830668562532
2008-01-18,-0.6063769329588801,1.6716930726540153
2008-01-22,-1.114705738766174,1.575829520338192
2008-01-23,2.121552966457579,1.525864317723202
2008-01-24,1.001243825754608,1.5935193576029307
2008-01-25,-1.599923900826646,1.5219252357416932
2008-01-28,1.7396130410481234,1.5330922522359913
2008-01-29,0.6140880526633927,1.544807659707341
2008-01-30,-0.4775378708849709,1.4543643293117288
2008-01-31,1.6633152629790866,1.3711409796173013
2008-02-01,1.2163219167380697,1.3970155481479927
2008-02-04,-1.051799001944954,1.3656215728574654
2008-02-05,-3.2518473415344133,1.3337797801374498
2008-02-06,-0.7652849389237927,1.6963292051460133
2008-02-07,0.7854842639587953,1.6072398314865846
2008-02-08,-0.4212580221777428,1.5201383986377237
2008-02-11,0.5871726706863655,1.4287835934603197
2008-02-12,0.7239627380711977,1.347168213861168
2008-02-13,1.351235803840717,1.2804349825219823
2008-02-14,-1.3512358038407142,1.2790966762660265
2008-02-15,0.0837397379674806,1.2935078558088562
2008-02-19,-0.0896675900364629,1.2103013817397439
2008-02-20,0.830627798826117,1.1350272604723735
2008-02-21,-1.295086452748304,1.0976665973076918
2008-02-22,0.7849720529112649,1.132896788952009
2008-02-25,1.3718145806112505,1.0920213673811243
2008-02-26,0.6894091743071527,1.1215890455779307
2008-02-27,-0.0919867449763841,1.074723320010649
2008-02-28,-0.8982092990434256,1.010862879628421
2008-02-29,-2.7463395019370087,1.0076276094624983
2008-03-03,0.05334101903081,1.3594116240504264
2008-03-04,-0.3453585425228547,1.2709032185906022
2008-03-05,0.5224655309318044,1.1978433239381867
2008-03-06,-2.225985852476442,1.1337140821680303
2008-03-07,-0.8445928205016419,1.327052992519831
2008-03-10,-1.558428579266265,1.2803297247974201
2008-03-11,3.645713261332977,1.3234529776020099
2008-03-12,-0.9036278359461816,1.7546674666911417
2008-03-13,0.5113823424050402,1.6692126735186332
2008-03-14,-2.100227439149456,1.5642162851330095
2008-03-17,-0.8999054083631237,1.6410189508025204
2008-03-18,4.153489642900969,1.5663317812099646
2008-03-19,-2.4586996626083604,2.037638060488562
2008-03-20,2.366228612414184,2.0885477937681487
2008-03-24,1.520524258521512,2.1018052008881933
2008-03-25,0.2301247732709045,2.0204351063859645
2008-03-26,-0.8804405138629654,1.8816783786419866
2008-03-27,-1.1526658548939026,1.7827768374268744
2008-03-28,-0.7981957531415771,1.7138143666741303
2008-03-31,0.567113539282709,1.6251771626824445
2008-04-01,3.5267092136393354,1.5259017596160198
2008-04-02,-0.1935942931411036,1.863903023234989
2008-04-03,0.1300791782277431,1.7383977343897432
2008-04-04,0.079567972142592,1.6204315351223622
2008-04-07,0.156038049182299,1.511418573408578
2008-04-08,-0.5113082927238636,1.4112749915419684
2008-04-09,-0.8124990899776953,1.3335353172682782
2008-04-10,0.4464073140925598,1.2834344092629009
2008-04-11,-2.0584597439500687,1.208417893635714
2008-04-14,-0.338952276199069,1.3500748133152265
2008-04-15,0.4589329186817172,1.2699328890426935
2008-04-16,2.243764859546432,1.196576129107357
2008-04-17,0.0622720593669985,1.3529487869511292
2008-04-18,1.7976453606154177,1.2649529357068996
2008-04-21,-0.1554732801477157,1.328462479790581
2008-04-22,-0.8849273303171198,1.2447034727030115
2008-04-23,0.289572084308319,1.2108005536932278
2008-04-24,0.6421614900284472,1.1370302545260227
2008-04-25,0.647373652873597,1.085430767228006
2008-04-28,-0.1052154891209574,1.0393419496999605
2008-04-29,-0.389627325560662,0.9787761052489251
2008-04-30,-0.3853718408086887,0.9348808241681634
2008-05-01,1.6995468403442282,0.8951392557443152
2008-05-02,0.3230375437438833,1.0186785800862759
2008-05-05,-0.4543891610429601,0.9624476906340661
2008-05-06,0.7622805755977705,0.9242684741111258
2008-05-07,-1.827985274237049,0.9051975777156461
2008-05-08,0.3662835326675613,1.0770666055155067
2008-05-09,-0.6748165663026326,1.0171180439854683
2008-05-12,1.096049229248502,0.9902582580798004
2008-05-13,-0.0384745351908804,0.9989035077219248
2008-05-14,0.3997583280623469,0.9407171079120029
2008-05-15,1.0528841196037528,0.894664552866907
2008-05-16,0.1249617102144524,0.9122830872937773
2008-05-19,0.08976426143178,0.8612811058729802
2008-05-20,-0.9316856535458926,0.8146136910636865
2008-05-21,-1.6183786536071223,0.845561470517159
2008-05-22,0.2613959343079893,0.9900362513335476
2008-05-23,-1.3298434194715,0.9345495794108387
2008-05-27,0.6822892512121779,1.004870932035514
2008-05-28,0.3955058916479667,0.9697577650239833
2008-05-29,0.5320756886204072,0.9207673908582532
2008-05-30,0.1515018374346011,0.8839459968299401
2008-06-02,-1.0559822954777744,0.8357661179872591
2008-06-03,-0.5804642134554054,0.8812453942648231
2008-06-04,-0.0326749732421311,0.8620011681020224
2008-06-05,1.9308535254153512,0.8158643739047358
2008-06-06,-3.1376338018537795,1.0093001256275977
2008-06-09,0.0793373654629412,1.460784424594911
2008-06-10,-0.2441048502009588,1.3642524513143937
2008-06-11,-1.703868102064929,1.2797556731570505
2008-06-12,0.3274332291770189,1.3451917748758861
2008-06-13,1.493418918259099,1.2611954484860002
2008-06-16,0.0080866526610842,1.2808623375432748
2008-06-17,-0.6794362473468583,1.1987936273159154
2008-06-18,-0.9759291491304708,1.1522935265008907
2008-06-19,0.374530209313213,1.1389495055727519
2008-06-20,-1.8716929874510455,1.0738351702392137
2008-06-23,0.0053071430313939,1.2113268309755267
2008-06-24,-0.2818810495015579,1.1349238637011771
2008-06-25,0.5826400535617632,1.071282242137362
2008-06-26,-2.9805014810582438,1.022424484213589
2008-06-27,-0.3724356139002652,1.4278521706178138
2008-06-30,0.1266422760193225,1.342376609665524
2008-07-01,0.3828625653153847,1.2554287536144122
2008-07-02,-1.83713449871704,1.1805503798299717
2008-07-03,0.1093324404224355,1.2877672093810901
2008-07-07,-0.8420790350197398,1.2051128022669175
2008-07-08,1.6936119626383928,1.1717727580510904
2008-07-09,-2.3039556424807297,1.2358332726291519
2008-07-10,0.6965436311526433,1.4187762919613545
2008-07-11,-1.115189535208209,1.343737328834697
2008-07-14,-0.9068857497041092,1.3211490875015761
2008-07-15,-1.0961111207184446,1.2805668508049346
2008-07-16,2.475460487471305,1.263902527078362
2008-07-17,1.1940981372926736,1.4495515955429488
2008-07-18,0.0285686175584439,1.4097735325287164
2008-07-21,-0.0539579568169281,1.3173077861611961
2008-07-22,1.3401856087015562,1.2328151271016399
2008-07-23,0.4055930696717993,1.2368132510805883
2008-07-24,-2.339598696581199,1.1643049740499574
2008-07-25,0.4158848046300203,1.3732013364515734
2008-07-28,-1.877165431708631,1.2894672671266316
2008-07-29,2.3087430794461805,1.3814083105077746
2008-07-30,1.6534539279929734,1.5083312544708698
2008-07-31,-1.3230903287162037,1.5125210160334517
2008-08-01,-0.5594012357643428,1.4914083354890262
2008-08-04,-0.9006523604902408,1.4090214524403637
2008-08-05,2.8314087237507635,1.3582342843609243
2008-08-06,0.3348736157926132,1.5925307515192682
2008-08-07,-1.8096496701488596,1.4886977654884177
2008-08-08,2.361186756964235,1.5341142499877551
2008-08-11,0.6918740696878146,1.6391474791040337
2008-08-12,-1.2123868402247893,1.5442387498338095
2008-08-13,-0.2919921838887153,1.5074075871723303
2008-08-14,0.5506612147370432,1.412532579538861
2008-08-15,0.4067649803148502,1.3306676111490099
2008-08-18,-1.5212941748937443,1.2502061267090647
2008-08-19,-0.935855756629458,1.292914292652174
2008-08-20,0.6178207156833316,1.2582564057629217
2008-08-21,0.2491856843660088,1.1935836529723949
2008-08-22,1.1268937664792815,1.1203580632881023
2008-08-25,-1.9820570527915715,1.1143804946174862
2008-08-26,0.3679594428953406,1.263520029816863
2008-08-27,0.7950961127648376,1.1874794566442581
2008-08-28,1.473110654423011,1.1415992733173808
2008-08-29,-1.3818705278780865,1.177466917159361
2008-09-02,-0.4100911602328969,1.2119850914249637
2008-09-03,-0.2037152152935799,1.147092111873768
2008-09-04,-3.0378857722846977,1.0797258252659825
2008-09-05,0.4420977784567912,1.4781146472344646
2008-09-08,2.0302661013164878,1.3865078488744884
2008-09-09,-3.473448601838737,1.4648737962092397
2008-09-10,0.6130591871801976,1.837358416775022
2008-09-11,1.371193763772892,1.7222927931802101
2008-09-12,0.2119286882382651,1.6684711473637965
2008-09-15,-4.828298467905812,1.5565990234692695
2008-09-16,1.7371525271791657,2.2335056559583393
2008-09-17,-4.82880326718849,2.1575743662204885
2008-09-18,4.242880631709865,2.628592301040779
2008-09-19,3.9467377977745945,2.8416030113475625
2008-09-22,-3.898680450101769,2.9647189956384934
2008-09-23,-1.575611173219346,3.0782063749729414
2008-09-24,-0.1979686016337657,2.9154539234276537
2008-09-25,1.9465810036084243,2.7103630270915957
2008-09-26,0.3376721569391682,2.602526292526299
2008-09-29,-9.218959234553594,2.421073321966731
2008-09-30,5.2758158003825,3.9290558030653178
2008-10-01,-0.4554344139591543,4.071855013108459
2008-10-02,-4.112494871855385,3.7843993372888387
2008-10-03,-1.3598565792345263,3.8005487371330284
2008-10-06,-3.927926970654148,3.5630358805847036
2008-10-07,-5.910779118196403,3.586570852666422
2008-10-08,-1.1397406925517295,3.9225472061524322
2008-10-09,-7.922406331313588,3.6655595835136903
2008-10-10,-1.1828976472150512,4.388537615005559
2008-10-13,10.957196759533849,4.096459082309072
2008-10-14,-0.5336349813536966,5.3623962209352865
2008-10-15,-9.4695124884235,4.98064871485953
2008-10-16,4.162882229094104,5.683663662428108
2008-10-17,-0.6232205932727285,5.462828965252472
2008-10-20,4.658287732523133,5.075038702405494
2008-10-21,-3.128399253606988,4.972712955404656
2008-10-22,-6.295307968785188,4.74598858277422
2008-10-23,1.2554897845818158,4.9263264378880915
2008-10-24,-3.512077795125516,4.590851554069239
2008-10-27,-3.2279789320129515,4.437900731391816
2008-10-28,10.245735847393652,4.274593126124756
2008-10-29,-1.114090717751644,5.313430938217344
2008-10-30,2.5476650236373044,4.947815366764889
2008-10-31,1.5248545898600414,4.672364964343439
2008-11-03,-0.2532248295049081,4.366335144413719
2008-11-04,4.001447845739003,4.054532847335862
2008-11-05,-5.411525893116384,4.004662275967596
2008-11-06,-5.15712082795199,4.1747994809855244
2008-11-07,2.84461819721001,4.2777014159733335
2008-11-10,-1.273389618685711,4.086651579572694
2008-11-11,-2.228720025294257,3.822028191247067
2008-11-12,-5.328886594572081,3.636528948866314
2008-11-13,6.692259078968742,3.86015416292182
2008-11-14,-4.259349062086725,4.258903005323054
2008-11-17,-2.6149349993598614,4.228222175249401
2008-11-18,0.9790290485441312,4.033425103267144
2008-11-19,-6.310549598420712,3.7580424174775393
2008-11-20,-6.948184541277702,4.130859888705869
2008-11-21,6.1328001115067465,4.54110321923519
2008-11-24,6.271423081455647,4.712161505263405
2008-11-25,0.6529413613966316,4.875571617819937
2008-11-26,3.471840142238202,4.529722882498769
2008-11-28,0.9596913918806832,4.367842481298837
2008-12-01,-9.353652163820918,4.066419294066448
2008-12-02,3.916366397642246,4.992385847153193
2008-12-03,2.550804791981371,4.82255755131212
2008-12-04,-2.974649977384212,4.558508017622239
2008-12-05,3.5849090941538373,4.36035525377891
2008-12-08,3.766888346678524,4.228126308620808
2008-12-09,-2.338894447632593,4.130182317162219
2008-12-10,1.1824007505509535,3.9236201195183833
2008-12-11,-2.8938762495764387,3.6634829467004484
2008-12-12,0.7003831230512167,3.5529413351434824
2008-12-15,-1.2766830411484198,3.306761846725133
2008-12-16,5.008481578859222,3.1061683191444347
2008-12-17,-0.9639170015611964,3.357433365857497
2008-12-18,-2.1389823129044907,3.138438724868809
2008-12-19,0.2932591981723352,3.0136868657252447
2008-12-22,-1.8471576686337163,2.800984488844413
2008-12-23,-0.9764984984231136,2.6858145989020894
2008-12-24,0.5764496357789292,2.5221160426167777
2008-12-26,0.5341881620716299,2.3515571998480778
2008-12-29,-0.38801175284807,2.1930919133601656
2008-12-30,2.4114018863220665,2.046338058009177
2008-12-31,1.4059048160206564,2.0718941327047675
2009-01-02,3.111881625446231,1.9839528316687167
2009-01-05,-0.4679288447595494,2.1288173558713743
2009-01-06,0.7786737413759767,1.9894546251321723
2009-01-07,-3.0469120220572425,1.8687795658684914
2009-01-08,0.3391315691974653,2.04771618666681
2009-01-09,-2.1533214293202936,1.9084161219566644
2009-01-12,-2.2822587628668867,1.9362977120624394
2009-01-13,0.1756515215766487,1.9779378028701913
2009-01-14,-3.40324644901829,1.8419208535839047
2009-01-15,0.1328299166952238,2.0950878394425696
2009-01-16,0.7533131556373145,1.949929467052979
2009-01-20,-5.426201462391315,1.8314142676705478
2009-01-21,4.257205806919397,2.5566775182924206
2009-01-22,-1.5278446440878557,2.7871745935028898
2009-01-23,0.5363250283092427,2.6481560263955766
2009-01-26,0.5537850154850269,2.466917201540459
2009-01-27,1.0866329534482322,2.3000323365355393
2009-01-28,3.300683868264074,2.1686581810421353
2009-01-29,-3.3681064466673822,2.309698844658749
2009-01-30,-2.305282101067711,2.455811190573091
2009-02-02,-0.0532909974890164,2.426592544922915
2009-02-03,1.5709938442946172,2.2567213056145152
2009-02-04,-0.7517697439794895,2.1635832678599454
2009-02-05,1.6233188600758928,2.032781296217189
2009-02-06,2.65406819353971,1.968252945099057
2009-02-09,0.1484091719280034,2.0414331471290015
2009-02-10,-5.036866949414839,1.9004151741382307
2009-02-11,0.7923477223390516,2.5023830278553207
2009-02-12,0.1737655357920974,2.3402784766357443
2009-02-13,-1.0048008389114624,2.1768653257215913
2009-02-17,-4.662949981810491,2.05889694026248
2009-02-18,-0.0950817478245573,2.5218156353684757
2009-02-19,-1.2096896898495146,2.34511070151209
2009-02-20,-1.1478592263616476,2.2251413905442377
2009-02-23,-3.531531749022496,2.112127083098641
2009-02-24,3.93200492217266,2.3275693955408614
2009-02-25,-1.0715025437918897,2.5475098365446507
2009-02-26,-1.5905676845763752,2.4006672396142967
2009-02-27,-2.384648417029285,2.3048071017629503
2009-03-02,-4.774188875107267,2.3056183449833556
2009-03-03,-0.6427378038351219,2.72286705444097
2009-03-04,2.347535830991525,2.542336310016357
2009-03-05,-4.346330218569738,2.493025823545351
2009-03-06,0.1215314395986425,2.7769664787889603
2009-03-09,-1.007424513030657,2.5807317931167124
2009-03-10,6.17186323188922,2.427506911663658
2009-03-11,0.2442830735847224,3.0967997962468687
2009-03-12,3.992107486845256,2.8774980639580976
2009-03-13,0.7709235009042813,3.0014771773478532
2009-03-16,-0.3522120560965446,2.7993668649045427
2009-03-17,3.1634259452989566,2.6053434607461785
2009-03-18,2.064339177691497,2.650183465685129
2009-03-19,-1.3064127999233972,2.559438845518325
2009-03-20,-1.996742895118435,2.426179354356966
2009-03-23,6.836638735773641,2.366330362095512
2009-03-24,-2.062636109659859,3.220118607640531
2009-03-25,0.9580332245017488,3.08048401582947
2009-03-26,2.3052602239829927,2.8785470359904513
2009-03-27,-2.0524717385895697,2.7856985223292052
2009-03-30,-3.5439323427820706,2.690643991996047
2009-03-31,1.3044168377756995,2.7961987503353445
2009-04-01,1.6421043179743084,2.633998436342265
2009-04-02,2.8322225961306,2.5089805675580297
2009-04-03,0.9684722294469392,2.522955283485516
2009-04-06,-0.8367275616680818,2.3665534437909965
2009-04-07,-2.414366931764816,2.222782122770034
2009-04-08,1.1714557086847552,2.2391924999078885
2009-04-09,3.734709062073376,2.118322441281676
2009-04-13,0.2530165856026846,2.3473953674964667
2009-04-14,-2.026851722493524,2.1841114955744625
2009-04-15,1.2470930388817558,2.1574115410363186
2009-04-16,1.5419309485732728,2.049111204353649
2009-04-17,0.4957054226539451,1.9752357230270872
2009-04-20,-4.373220914165703,1.8451591558144744
2009-04-21,2.102938421614601,2.306982763160324
2009-04-22,-0.7711320225478271,2.259612190687949
2009-04-23,0.9873443065781582,2.1216653689714784
2009-04-24,1.6657834020331603,2.0003076937453232
2009-04-27,-1.0117587499046197,1.943587027674571
2009-04-28,-0.2744297639849314,1.8476724765493189
2009-04-29,2.1379853727164115,1.7250947553045197
2009-04-30,-0.0950519220744608,1.7620192579344531
2009-05-01,0.5381880325807842,1.6429604761615328
2009-05-04,3.3307243587725845,1.5410892260155407
2009-05-05,-0.3798929477293887,1.831749118230698
2009-05-06,1.725461832941929,1.7133057106404563
2009-05-07,-1.3290338985760624,1.6982536638531167
2009-05-08,2.378390237911349,1.6550939781700769
2009-05-11,-2.1747190202753868,1.7402026940604045
2009-05-12,-0.0979334983476185,1.7979692811392858
2009-05-13,-2.7263198536612703,1.67616665455662
2009-05-14,1.029843199277203,1.8379682469098708
2009-05-15,-1.1475676904067544,1.7448459959641336
2009-05-18,2.9936594996533383,1.6794510547276054
2009-05-19,-0.1738346019872554,1.867352973931362
2009-05-20,-0.5144672688046908,1.7412451359277024
2009-05-21,-1.6899558030336284,1.6351441150247406
2009-05-22,-0.1498332508169961,1.6416090309514306
2009-05-26,2.596220760015714,1.5326959467565489
2009-05-27,-1.9153424774368055,1.6792443382913438
2009-05-28,1.5301255166552454,1.709327171543347
2009-05-29,1.3483445887851124,1.672925444130821
2009-06-01,2.548994386142355,1.6224830930206142
2009-06-02,0.1981336974747815,1.742134201546271
2009-06-03,-1.383446575070985,1.6243977870925634
2009-06-04,1.1418220142166204,1.5958664870073072
2009-06-05,-0.2517857488816695,1.5352153676613673
2009-06-08,-0.1011065454445716,1.4369452142839148
2009-06-09,0.3497059761173111,1.343465281394171
2009-06-10,-0.348640137996811,1.2602008990296552
2009-06-11,0.6093297249542561,1.188211399354615
2009-06-12,0.1396020848219574,1.1296394787698771
2009-06-15,-2.405559125359691,1.0601361151258903
2009-06-16,-1.280190102788595,1.3133884175652966
2009-06-17,-0.1382523466782429,1.3138059197358527
2009-06-18,0.8375815004882053,1.2308961232339157
2009-06-19,0.310935822324291,1.1837665511460416
2009-06-22,-3.107836433082392,1.1128221063384833
2009-06-23,0.2304068499517782,1.516590312905728
2009-06-24,0.650324882432666,1.4168728324944029
2009-06-25,2.1217583998248744,1.339468603052894
2009-06-26,-0.1478920348603416,1.4421921538085651
2009-06-29,0.9024296841261898,1.3490704241218667
2009-06-30,-0.8567351633166496,1.2946925913762113
2009-07-01,0.4352444623651701,1.2525655703232916
2009-07-02,-2.9577684825958017,1.1797902475585165
2009-07-06,0.2562462104257053,1.5232599901215895
2009-07-07,-1.987978536288478,1.4234123998450627
2009-07-08,-0.1669931167934997,1.5080182063092042
2009-07-09,0.3540946062317481,1.4099907242818923
2009-07-10,-0.4029938077684044,1.321364148340239
2009-07-13,2.4627948777227284,1.246359758207245
2009-07-14,0.5301983236099628,1.4338657627279616
2009-07-15,2.919943487510086,1.3492804764847979
2009-07-16,0.8604634691705462,1.6047714104294724
2009-07-17,-0.0382735133209433,1.5224149973925039
2009-07-20,1.136670246273114,1.4214504118794336
2009-07-21,0.3620714522427704,1.3794154502806724
2009-07-22,-0.0534419376249969,1.2935217073640095
2009-07-23,2.3022599224313,1.2109464915534618
2009-07-24,0.3037543443477206,1.3752761083885838
2009-07-27,0.2977389125970083,1.2882457985770446
2009-07-28,-0.2609847107349429,1.2082222880955495
2009-07-29,-0.4573406026934335,1.1374227081104644
2009-07-30,1.182538418815718,1.082009653893769
2009-07-31,0.0739509083783554,1.088039883547762
2009-08-03,1.522560782728123,1.0216672237031499
2009-08-04,0.3007570422106501,1.0864270873351476
2009-08-05,-0.2917844617166379,1.0235525929638916
2009-08-06,-0.5640532654178876,0.9703920289134009
2009-08-07,1.334970053225195,0.939443031602615
2009-08-10,-0.3350556724880154,0.9898667788980957
2009-08-11,-1.2740935609429689,0.9419218032621278
2009-08-12,1.1459230792871828,1.0016805013733985
2009-08-13,0.68564507961441,1.0149414857374044
2009-08-14,-0.8567949977279208,0.9789957460816044
2009-08-17,-2.4559960849173303,0.975394942203499
2009-08-18,1.0094533393885528,1.2676185892847394
2009-08-19,0.6837483447019445,1.2312246610206754
2009-08-20,1.0889227984113456,1.1730733305437666
2009-08-21,1.8451479725420383,1.1559796270914364
2009-08-24,-0.0545945918983783,1.2481883051421283
2009-08-25,0.2366663818367554,1.1693130480815859
2009-08-26,0.0116719955652977,1.0978690856677094
2009-08-27,0.2777900271591285,1.030809844670649
2009-08-28,-0.1990307732377177,0.9721588065238007
2009-08-31,-0.810919854038207,0.920089637781964
2009-09-01,-2.2372226316806487,0.9193814242591297
2009-09-02,-0.3301884345751011,1.1784276884776101
2009-09-03,0.8498582450941842,1.1128808007325621
2009-09-04,1.3032243708161282,1.0796518733348939
2009-09-08,0.8806045829839774,1.1017154444410564
2009-09-09,0.7752259025442713,1.0725322688239125
2009-09-10,1.0368292776658143,1.0374436951027137
2009-09-11,-0.1351338988591167,1.0323722302895504
2009-09-14,0.631910740710653,0.9730822205698719
2009-09-15,0.3130436490644552,0.9376090768111671
2009-09-16,1.5207308062442324,0.8883944227644553
2009-09-17,-0.3064329005571477,0.9801410992559869
2009-09-18,0.2633867594107786,0.9317181187218311
2009-09-21,-0.3413114207888716,0.881509978765867
2009-09-22,0.6553348588268071,0.8446093914399794
2009-09-23,-1.01195584531233,0.8255225458005728
2009-09-24,-0.9556548191774188,0.8662214242727454
2009-09-25,-0.6109360827818335,0.891854117271881
2009-09-28,1.7652853549567058,0.8741001861575208
2009-09-29,-0.2232065642896416,1.0159386355768074
2009-09-30,-0.3333852135212442,0.9607463005244217
2009-10-01,-2.609721149328096,0.9155264185696618
2009-10-02,-0.4515705309363511,1.2670809345678749
2009-10-05,1.476545396032476,1.199269064399491
2009-10-06,1.36124155690534,1.2262703377753819
2009-10-07,0.2707936560526622,1.2338546006677507
2009-10-08,0.7442145876693546,1.157728919822493
2009-10-09,0.5624810543572637,1.1111016109323868
2009-10-12,0.4376777568566423,1.0571822800296238
2009-10-13,-0.2791504630813565,1.001933993819371
2009-10-14,1.7393743058258575,0.9502279007873825
2009-10-15,0.4148850316393222,1.0682067518343965
2009-10-16,-0.8131023468328601,1.0109541312524655
2009-10-19,0.9361366739513968,0.9983370316143055
2009-10-20,-0.6258649187024325,0.9873564281563687
2009-10-21,-0.889323391718201,0.9596337445226822
2009-10-22,1.058737435850814,0.96250834773466
2009-10-23,-1.225331535289976,0.9705981864655173
2009-10-26,-1.1786514446438598,1.0174242449189723
2009-10-27,-0.3323307116675381,1.049304071898435
2009-10-28,-1.97343861452413,0.9956059662319557
2009-10-29,2.227012433396776,1.173304080655151
2009-10-30,-2.8466028015250755,1.3320107662690353
2009-11-02,0.643565319102102,1.6031011838821
2009-11-03,0.2423064313306145,1.5089978309919405
2009-11-04,0.1042077241505182,1.4100590326727034
2009-11-05,1.9052887220614023,1.317604421451718
2009-11-06,0.2500124319576515,1.3885931046341855
2009-11-09,2.1995084915274346,1.2994058639712378
2009-11-10,-0.0063992141384837,1.424171001691185
2009-11-11,0.5019357795690984,1.330724238294687
2009-11-12,-1.0312359059078018,1.2538531138045643
2009-11-13,0.5722887256427731,1.2335418484827072
2009-11-16,1.436397656849818,1.1686788304818665
2009-11-17,0.0918983911623726,1.194962287532025
2009-11-18,-0.046835078426778,1.1197792078071258
2009-11-19,-1.3516805711666349,1.0514206456484265
2009-11-20,-0.3220102206201698,1.1030968372037107
2009-11-23,1.352391393433508,1.0439717165754714
2009-11-24,-0.0533449520903749,1.0786940060859598
2009-11-25,0.4494006880236033,1.0138794976183876
2009-11-27,-1.7383699967934212,0.9632205261328272
2009-11-30,0.3785818430065039,1.1016060273687915
2009-12-01,1.2002902588402555,1.0399258538763687
2009-12-02,0.0342639998839418,1.054435522417525
2009-12-03,-0.8437597492034073,0.9909258987608398
2009-12-04,0.5494312254292437,0.9842521730518827
2009-12-07,-0.2471432926803079,0.9420248949176842
2009-12-08,-1.0304492069516176,0.8945595333681619
2009-12-09,0.3665645395977853,0.9259178794227789
2009-12-10,0.5822720019583755,0.8798223857216317
2009-12-11,0.3676328028912493,0.8508372236253777
2009-12-14,0.6935296207216682,0.8120336584359793
2009-12-15,-0.5562408837016108,0.8004348330853085
2009-12-16,0.112759409490769,0.7889588793518227
2009-12-17,-1.188091353803201,0.7490905125371117
2009-12-18,0.5812952040880973,0.8343027272867172
2009-12-21,1.0448977120226208,0.8103539422928642
2009-12-22,0.3557213499394716,0.8406478697489644
2009-12-23,0.2296020686836971,0.8023153233611247
2009-12-24,0.5242407471724702,0.7632218053916683
2009-12-28,0.1153415281841075,0.743122744657367
2009-12-29,-0.1402034088609116,0.7076391483266815
2009-12-30,0.0195410477235408,0.6789804275344526
2009-12-31,-1.0100435863962351,0.6497229014324146
2010-01-04,1.5916082167126386,0.7257563834717579
2010-01-05,0.3110831966759719,0.8719695258716368
2010-01-06,0.0545371887823413,0.8288166046233213
2010-01-07,0.3993218354654243,0.7850481787713706
2010-01-08,0.2877583075096213,0.7544960994448922
2010-01-11,0.174523162858463,0.7219565973984782
2010-01-12,-0.942544643894456,0.6893934366675174
2010-01-13,0.8291456333360419,0.7453578768562159
2010-01-14,0.2423486421414183,0.7577682099268381
2010-01-15,-1.0882126301208588,0.7233621466194927
2010-01-19,1.2422151207737095,0.7966285813977567
2010-01-20,-1.0654386601861303,0.8597231888127479
2010-01-21,-1.9126657272987804,0.9022717201763512
2010-01-22,-2.238977963010898,1.0931208691452041
2010-01-25,0.4587559053796009,1.3001836417948134
2010-01-26,-0.4212057847785588,1.2242001688301272
2010-01-27,0.4868282868611808,1.1587489131769468
2010-01-28,-1.188812553427926,1.0964686512302821
2010-01-29,-0.9877799049982582,1.117067035361749
2010-02-01,1.4165305546369655,1.109687992489944
2010-02-02,1.28895204452028,1.142705125507453
2010-02-03,-0.5489350382538535,1.1532947512206908
2010-02-04,-3.1635856049806907,1.1020336265032935
2010-02-05,0.2892930360826602,1.5239448166077154
2010-02-08,-0.8902803100374193,1.4246330503676579
2010-02-09,1.295584177358637,1.3713020533509823
2010-02-10,-0.2235069428007423,1.351472704756414
2010-02-11,0.9633882335101288,1.2674585670569463
2010-02-12,-0.2748366119941131,1.2269090867600727
2010-02-16,1.7840653536261433,1.1549796944216317
2010-02-17,0.4229004596710373,1.237012974116179
2010-02-18,0.6563157733795463,1.165118531477776
2010-02-19,0.2184234863591005,1.1116630139544954
2010-02-22,-0.1046405124920322,1.0447276007573363
2010-02-23,-1.21766449451987,0.9836848974910882
2010-02-24,0.9673519697189884,1.0270279567409852
2010-02-25,-0.2083208552865154,1.01565607664952
2010-02-26,0.1404392556857944,0.9599717561745088
2010-03-01,1.0107257423603735,0.9049226210977662
2010-03-02,0.2327731002886269,0.9155830940912614
2010-03-03,0.0429109521400398,0.8660493095776787
2010-03-04,0.3729156079571379,0.8189180541271558
2010-03-05,1.391028280160398,0.7835422718507734
2010-03-08,-0.0175611432176536,0.8753902813891429
2010-03-09,0.1711272023972104,0.8278480827878313
2010-03-10,0.451435490421295,0.7850867913213021
2010-03-11,0.4033374313505969,0.757550411536912
2010-03-12,-0.0217369570092697,0.7301367308766976
2010-03-15,0.0452092623435897,0.6962605935019297
2010-03-16,0.7749014983159959,0.6651352791525791
2010-03-17,0.5804795332563638,0.6835141258699942
2010-03-18,-0.0325899126689094,0.6779891138256079
2010-03-19,-0.5099426451612706,0.6494893894257227
2010-03-22,0.5082359099180065,0.6538632000178739
2010-03-23,0.7145377784800172,0.6458745332152209
2010-03-24,-0.5508447887288308,0.6599521696740204
2010-03-25,-0.1705621083328679,0.6671981626311855
2010-03-26,0.0737450615988413,0.6440232619488493
2010-03-29,0.5667146312798056,0.6181886284886959
2010-03-30,0.0042658462930388,0.6203343198922023
2010-03-31,-0.327824231803275,0.5972986558529297
2010-04-01,0.7386454005524301,0.5920210685226401
2010-04-05,0.7896729443087884,0.6180971337113423
2010-04-06,0.1682878875349027,0.646394050652127
2010-04-07,-0.5894042967262019,0.6214048834350879
2010-04-08,0.3368661430854927,0.6391588070914402
2010-04-09,0.666166829683167,0.6212069130133808
2010-04-12,0.1765050857140109,0.6334999870450312
2010-04-13,0.0685166039836841,0.6100536574413081
2010-04-14,1.1088363099908616,0.5877880246103486
2010-04-15,0.084218399117682,0.6742449091828746
2010-04-16,-1.6257982418547083,0.6453501646160793
2010-04-19,0.4511140739529798,0.8522761982660929
2010-04-20,0.8026045737071379,0.817618395594452
2010-04-21,-0.101951643570197,0.8164300441105282
2010-04-22,0.2261320643090196,0.7758729867878636
2010-04-23,0.7098267683218249,0.7392335791822485
2010-04-26,-0.4305704355093108,0.7389516177932955
2010-04-27,-2.3659640178701644,0.7240426092145763
2010-04-28,0.6441958378180899,1.0889268117669493
2010-04-29,1.2860180281289573,1.0422689174832003
2010-04-30,-1.6787810139866297,1.06790625321
2010-05-03,1.303525745326214,1.1709265220297074
2010-05-04,-2.412719995741821,1.1792352453647508
2010-05-05,-0.6608341800780098,1.3995371370606435
2010-05-06,-3.2888440643963666,1.331633334137849
2010-05-07,-1.5426646180907493,1.7036115708244763
2010-05-10,4.303470414561544,1.6828670082349784
2010-05-11,-0.3403075918466228,2.151328437622963
2010-05-12,1.3645992401824485,2.006617591605269
2010-05-13,-1.221949988922511,1.921941040067903
2010-05-14,-1.8978981387949807,1.8443282091278361
2010-05-17,0.1108753621008436,1.847693391994876
2010-05-18,-1.429763178499772,1.7212568819113214
2010-05-19,-0.5143468860015589,1.6858106851284305
2010-05-20,-3.9755795837766255,1.584372920655827
2010-05-21,1.4912632585704335,2.0364516009980083
2010-05-24,-1.299204632368772,1.9594147395766655
2010-05-25,0.035387476465256,1.8844822712056055
2010-05-26,-0.5677078693651669,1.7551748544426584
2010-05-27,3.2347311768677054,1.6502493167906929
2010-05-28,-1.2451892345405802,1.892236078336012
2010-06-01,-1.7314353324598772,1.8197028960745036
2010-06-02,2.551442810834267,1.805863653273224
2010-06-03,0.4043191983442443,1.8913959765908022
2010-06-04,-3.5017442089831103,1.7655494991640799
2010-06-07,-1.3624466165715647,2.0580839993313327
2010-06-08,1.091626764351899,1.9782598655397021
2010-06-09,-0.5959396741888011,1.8761551904055989
2010-06-10,2.907984566617691,1.7622865626640865
2010-06-11,0.4370115742617509,1.9164233274442497
2010-06-14,-0.1806293931756723,1.789408026119959
2010-06-15,2.322245059850045,1.6694639951610757
2010-06-16,-0.0556089354095426,1.7431189023692633
2010-06-17,0.1282185812389404,1.6251228886703635
2010-06-18,0.1316264138454906,1.51590964620379
2010-06-21,-0.3864297943398893,1.4152420645267456
2010-06-22,-1.620122508698942,1.3313964910365854
2010-06-23,-0.298993926106872,1.3750615742865697
2010-06-24,-1.6946283204951271,1.2913753651066857
2010-06-25,0.2855281931545411,1.3532650770461288
2010-06-28,-0.203600961065444,1.2676295297077247
2010-06-29,-3.150823034220892,1.1900464815264058
2010-06-30,-1.016445397333528,1.5767282583765363
2010-07-01,-0.3245713309244112,1.517904022706471
2010-07-02,-0.4673271754301508,1.4231896507038877
2010-07-06,0.5344725887457726,1.3422137541058223
2010-07-07,3.085002300826384,1.2657594356421618
2010-07-08,0.936865495165787,1.5824900362618708
2010-07-09,0.7178063766629461,1.5073324986040955
2010-07-12,0.0732633605952817,1.4254359735906226
2010-07-13,1.5261822735573063,1.3316868069002739
2010-07-14,-0.0155143664793419,1.3450950931306025
2010-07-15,0.1195388556413606,1.2580103431927587
2010-07-16,-2.924290970075012,1.1778172790795685
2010-07-19,0.5964069587908596,1.5139734338085944
2010-07-20,1.1351874168992775,1.4253837742870163
2010-07-21,-1.2902699582286208,1.382764248239069
2010-07-22,2.2263687822425644,1.3748733495058618
2010-07-23,0.8186420184344789,1.488559636094933
2010-07-26,1.113790871672976,1.414440231181685
2010-07-27,-0.104990830751979,1.3710665144755099
2010-07-28,-0.6946032638280119,1.2829274428942616
2010-07-29,-0.4167292220516642,1.2288804404786264
2010-07-30,0.006349719619899,1.1627805501813167
2010-08-02,2.178352878116676,1.090358732940315
2010-08-03,-0.4807894641330393,1.260011889703245
2010-08-04,0.6032878060028029,1.194399391562552
2010-08-05,-0.1269329843214742,1.1348907533460697
2010-08-06,-0.3710915566397296,1.0666114084416047
2010-08-09,0.5468087107405527,1.0132096169983946
2010-08-10,-0.5985281603927614,0.967918404832714
2010-08-11,-2.8583405997961564,0.940087349979075
2010-08-12,-0.5393266400071398,1.3461275400295472
2010-08-13,-0.4031690712189038,1.2758246399079192
2010-08-16,0.0120451288711514,1.204855802819396
2010-08-17,1.2118489601347648,1.1289442498584004
2010-08-18,0.148168048593926,1.1318667548259944
2010-08-19,-1.708043585689712,1.0622579559563
2010-08-20,-0.3669753922919338,1.171786269831297
2010-08-23,-0.40484907945532,1.1084708272418977
2010-08-24,-1.4618768361991257,1.0528902649267187
2010-08-25,0.3283944691638116,1.1218034391097524
2010-08-26,-0.7714466580892417,1.056670226744752
2010-08-27,1.645071040328303,1.034134590344905
2010-08-30,-1.4828611113085737,1.1168176248960209
2010-08-31,0.0390718088492601,1.1770826940376613
2010-09-01,2.9077736386750197,1.1033437224820968
2010-09-02,0.903985298673457,1.4310809276667205
2010-09-03,1.3132393793160997,1.3684662231919207
2010-09-07,-1.1537491412768317,1.3509544882964235
2010-09-08,0.6418059490903166,1.3316421806058643
2010-09-09,0.4820652058996721,1.2615225428597499
2010-09-10,0.4851545040690317,1.1898554007059476
2010-09-13,1.106912660314444,1.1246888809886906
2010-09-14,-0.0713373929606734,1.1158543447822604
2010-09-15,0.353488380226877,1.0481640437753152
2010-09-16,-0.036441005584664,0.9903356228877466
2010-09-17,0.0826514114932464,0.9328650494895268
2010-09-20,1.5095287889557545,0.8797991434239878
2010-09-21,-0.2567313120713856,0.9714320933601926
2010-09-22,-0.4837172794451643,0.921612939034119
2010-09-23,-0.8366240177841381,0.889848127319174
2010-09-24,2.0972915547808246,0.8964660163444196
2010-09-27,-0.5683553181933576,1.1025781988627736
2010-09-28,0.4838660735848585,1.057803446327238
2010-09-29,-0.2591112883144724,1.0047101856859504
2010-09-30,-0.3088486706455259,0.9519088210289155
2010-10-01,0.4406714359894575,0.9063034352115812
2010-10-04,-0.8067386519721716,0.8656060626015847
2010-10-05,2.064672250716406,0.8721719728778892
2010-10-06,-0.0672230459595621,1.0783556439847246
2010-10-07,-0.164787558179349,1.0137705311507763
2010-10-08,0.6103613171284074,0.9568978217927442
2010-10-11,0.0145826273187111,0.9215932602643574
2010-10-12,0.3811483664149656,0.8696403183514652
2010-10-13,0.7095785561559261,0.8296075736293197
2010-10-14,-0.3648032184403023,0.8173064358649458
2010-10-15,0.2025432873275127,0.7885900637603575
2010-10-18,0.721763469070623,0.7501431213270539
2010-10-19,-1.6004644029054833,0.7496059121616662
2010-10-20,1.0469082613678415,0.9172121998724118
2010-10-21,0.1772336952799177,0.9305834507154374
2010-10-22,0.2386408784290639,0.8786053940812302
2010-10-25,0.214467014688162,0.83259190145565
2010-10-26,0.0016885142218022,0.7902582349569268
2010-10-27,-0.2694209639216564,0.7503441678968297
2010-10-28,0.1124217236756492,0.7230956078056713
2010-10-29,-0.0439383813568332,0.6895314384906964
2010-11-01,0.0946085717253016,0.6600672560119959
2010-11-02,0.7729336064693736,0.6326701587732634
2010-11-03,0.3671306443685746,0.6562054043776344
2010-11-04,1.9099304409664533,0.6379751719143434
2010-11-05,0.3915079053611362,0.8870299150802549
2010-11-08,-0.2123209822860658,0.8457777728061492
2010-11-09,-0.8084894540661062,0.8060755741242586
2010-11-10,0.4366533579725262,0.8218480217302271
2010-11-11,-0.4251149890857143,0.7895206963409456
2010-11-12,-1.1878766244753407,0.7681747227918652
2010-11-15,-0.1218177309455082,0.8490629296495887
2010-11-16,-1.6338157414688126,0.805957106352282
2010-11-17,0.0212140375987729,0.9644548522454609
2010-11-18,1.5240583543647692,0.9087092694595389
2010-11-19,0.2537151911910495,0.9966221811678434
2010-11-22,-0.1576608885061295,0.9403599407753775
2010-11-23,-1.4387031590549966,0.8898619011284657
2010-11-24,1.481271551861717,0.9886969415636202
2010-11-26,-0.749659142423389,1.0530806161004174
2010-11-29,-0.1379810265237083,1.0288859284353595
2010-11-30,-0.6088715610163862,0.9699702810077
2010-12-01,2.138662226312978,0.9427841185513972
2010-12-02,1.273710016062085,1.144314755132564
2010-12-03,0.2599854016351503,1.152726730869945
2010-12-06,-0.1299082103300364,1.0831578334040242
2010-12-07,0.0514947584458007,1.0193512302478942
2010-12-08,0.3694925752614823,0.9587814516369672
2010-12-09,0.3835383567009256,0.9097199286658475
2010-12-10,0.5983703744360294,0.865903227842432
2010-12-13,0.0048319150458452,0.8396837426671916
2010-12-14,0.0910541684680049,0.7951608166263409
2010-12-15,-0.5135617015335396,0.7545712607534347
2010-12-16,0.6166045704273937,0.7449632253378297
2010-12-17,0.083645445989307,0.7347509351199762
2010-12-20,0.2545111460542946,0.6998705956126757
2010-12-21,0.60119938497866,0.6717098219377723
2010-12-22,0.3373857625542624,0.6697366243538437
2010-12-23,-0.1645681777604647,0.6483559721793358
2010-12-27,0.061250962481097,0.6269845856108169
2010-12-28,0.0771026595142012,0.6029159815982967
2010-12-29,0.1008636510664864,0.581437551909422
2010-12-30,-0.150935769641743,0.5624427526453156
2010-12-31,-0.0190807652683977,0.550359682820815
2011-01-03,1.125129414776139,0.5354214757591678
2011-01-04,-0.1313924652635054,0.6388614430720206
2011-01-05,0.4994676074308498,0.6171885862915722
2011-01-06,-0.2125214370637225,0.6132826470422749
2011-01-07,-0.1846485769081899,0.598270508846539
2011-01-10,-0.1377275180819885,0.5835532670318783
2011-01-11,0.3718206258407198,0.5683789439050245
2011-01-12,0.8967253798850817,0.5610983163727777
2011-01-13,-0.1712211240459357,0.616563401002253
2011-01-14,0.7357410347301483,0.5990652143154541
2011-01-18,0.1375464266183254,0.6235301248034107
2011-01-19,-1.0167165793385584,0.6004060367030818
2011-01-20,-0.1295798403833902,0.6894985676634037
2011-01-21,0.2410637604260442,0.6623497402661895
2011-01-24,0.5819315234595438,0.6376662242498569
2011-01-25,0.0263427773618527,0.6385437668383701
2011-01-26,0.4212024148480004,0.6133854831426186
2011-01-27,0.2241791060799816,0.6037988548662129
2011-01-28,-1.8013805424182845,0.5849299269159837
2011-01-31,0.7633349932881147,0.8587618099315318
2011-02-01,1.6555791837834375,0.8479825306988116
2011-02-02,-0.2726230259362927,0.9746169030374242
2011-02-03,0.235143229012668,0.9251760276630816
2011-02-04,0.2880111062752558,0.8748323826763089
2011-02-07,0.6220782345952653,0.8306123322820029
2011-02-08,0.4176020375839696,0.8103654830443296
2011-02-09,-0.2789653077800705,0.7781654592960792
2011-02-10,0.0749212207498601,0.7484812556220515
2011-02-11,0.5492261501886461,0.7122515321903835
2011-02-14,0.2382084644068833,0.7002781621693132
2011-02-15,-0.3240154691578971,0.6715350824533506
2011-02-16,0.6237938698850808,0.6566360235176176
2011-02-17,0.3070970880380493,0.6590283541329885
2011-02-18,0.1922872722024487,0.6373558303059161
2011-02-22,-2.0742204920454523,0.6138796895637446
2011-02-23,-0.6130715010508628,0.9479865949480977
2011-02-24,-0.0994871961242903,0.9237139220433405
2011-02-25,1.0495248165324718,0.8732103310764816
2011-02-28,0.5545679951233037,0.8937724078168903
2011-03-01,-1.586486179105863,0.8612945497974868
2011-03-02,0.1613897889520178,0.9952371586696444
2011-03-03,1.7072434579238578,0.9373667978555232
2011-03-04,-0.740538978936872,1.0522940826900224
2011-03-07,-0.8376215256269803,1.027331622041274
2011-03-08,0.8883161530176172,1.015200601740844
2011-03-09,-0.1362631392970809,0.9971406965732056
2011-03-10,-1.9051280476330656,0.9409712520309191
2011-03-11,0.7055564524569619,1.1192436038975164
2011-03-14,-0.6067696956773772,1.0737696833883597
2011-03-15,-1.1263544394845546,1.0348969683060565
2011-03-16,-1.9687481949372252,1.0566941236328697
2011-03-17,1.3309266231874255,1.217459200719864
2011-03-18,0.4300939582545809,1.2224956980914483
2011-03-21,1.487466793018228,1.1521350493620268
2011-03-22,-0.355688534103817,1.188328112096789
2011-03-23,0.2909742258502921,1.1230075994222526
2011-03-24,0.9297393435475378,1.0567124915126869
2011-03-25,0.3156151002188939,1.0376602678270257
2011-03-28,-0.2751618499391395,0.9795027609999123
2011-03-29,0.7035239607301627,0.9297148593162238
2011-03-30,0.6662462626235184,0.9047490203858073
2011-03-31,-0.1831177104975248,0.8795301205989519
2011-04-01,0.4950712944456071,0.8354846021419862
2011-04-04,0.0345150180851755,0.8052791594381516
2011-04-05,-0.018007145753026,0.7637357311664198
2011-04-06,0.2181296758153027,0.7265588251442768
2011-04-07,-0.1521162699225294,0.6945604694330292
2011-04-08,-0.4012483000974196,0.667707016980158
2011-04-11,-0.279728829140217,0.6592782667272429
2011-04-12,-0.7807095445724583,0.6428551012972555
2011-04-13,0.0190217490310104,0.6828211764965696
2011-04-14,0.008367309086169,0.6531806193877752
2011-04-15,0.3917728825568013,0.6266568591598368
2011-04-18,-1.1078997728577973,0.6134222039562398
2011-04-19,0.5714810218094469,0.716711492370041
2011-04-20,1.3424435132347328,0.706077680955689
2011-04-21,0.5262908499655702,0.8073184879774598
2011-04-25,-0.1593939550095812,0.7823315957771999
2011-04-26,0.8939507790192993,0.7468172976561351
2011-04-27,0.6230397799828821,0.7671834926427801
2011-04-28,0.3549118471434546,0.754739210804818
2011-04-29,0.2298019742020782,0.7250782593313604
2011-05-02,-0.1754249109045456,0.6935573616401631
2011-05-03,-0.338502637105266,0.6677567373973244
2011-05-04,-0.6878914252832363,0.654360340633493
2011-05-05,-0.9111217180694527,0.6791899079638127
2011-05-06,0.3812642995876722,0.7321655264095647
2011-05-09,0.4533870101931406,0.7062628019574477
2011-05-10,0.804161600966336,0.6877001527062606
2011-05-11,-1.1173689687885626,0.7061046098725663
2011-05-12,0.4883493672167491,0.7883956319209761
2011-05-13,-0.8100047045425268,0.7628838805408518
2011-05-16,-0.6223718638095737,0.7857805264082859
2011-05-17,-0.0368628523330036,0.7828290013998014
2011-05-18,0.8765271983703135,0.7441075596841373
2011-05-19,0.2175572589167488,0.7626525056208016
2011-05-20,-0.7717974612614023,0.7270736944144727
2011-05-23,-1.1997264840988668,0.7508033887793568
2011-05-24,-0.0827722645331466,0.8377281971337591
2011-05-25,0.3178113156669572,0.7947188349251773
2011-05-26,0.3945322767699228,0.7593269422244338
2011-05-27,0.4072615318765918,0.7312336205475453
2011-05-31,1.053701485636789,0.7069065884534184
2011-06-01,-2.304822570064041,0.7574622623245902
2011-06-02,-0.1225586114047521,1.0922772940008807
2011-06-03,-0.978149266519151,1.0275273788850403
2011-06-06,-1.0818516013722312,1.0313972398345195
2011-06-07,-0.0956865042667683,1.0478027355687025
2011-06-08,-0.4195664421607697,0.986318129993141
2011-06-09,0.7350409328991669,0.9434579997103784
2011-06-10,-1.407848288184634,0.9196250782273986
2011-06-13,0.0668532559501226,1.0063916449277146
2011-06-14,1.253291348510731,0.9469251915507692
2011-06-15,-1.7585569507258008,0.983735869289823
2011-06-16,0.1752797975682748,1.1210251188541702
2011-06-17,0.3040390291799793,1.052631350033619
2011-06-20,0.5380689090158733,0.9928023168152283
2011-06-21,1.33341790614636,0.9490176654231341
2011-06-22,-0.6489459844407727,0.9974549623032515
2011-06-23,-0.2831992858193941,0.9705799007723154
2011-06-24,-1.1795077176858442,0.9219865080663633
2011-06-27,0.9142536655730836,0.9705949757607766
2011-06-28,1.2861292735996777,0.9609000085028621
2011-06-29,0.8248633534913172,1.0001136074534587
2011-06-30,1.0068371595162744,0.9777439905632695
2011-07-01,1.4306869106082432,0.9774224544876684
2011-07-05,-0.1337072545078201,1.0358198586189737
2011-07-06,0.1001057819605282,0.9761947208246871
2011-07-07,1.0399582892092554,0.9194222702215279
2011-07-08,-0.6985458106936123,0.9315763236649487
2011-07-11,-1.8256166936573937,0.917319297156668
2011-07-12,-0.4443369829837216,1.0853579395818462
2011-07-13,0.3101027109122117,1.0342032856330636
2011-07-14,-0.6738782369334765,0.9761813523767099
2011-07-15,0.5539055540283085,0.9540667601996353
2011-07-18,-0.8163117539368405,0.9152061219825641
2011-07-19,1.617714964684356,0.9157988590664309
2011-07-20,-0.0671058407399806,1.0190305292131163
2011-07-21,1.3455262786265243,0.9595200621392357
2011-07-22,0.0907439513112766,1.007912192567213
2011-07-25,-0.5658995223243947,0.9483679999962584
2011-07-26,-0.411342006232854,0.9200409609183846
2011-07-27,-2.051772480729147,0.8834409784525844
2011-07-28,-0.3239207155505587,1.1110532911532014
2011-07-29,-0.6471427287173138,1.051289674912501
2011-08-01,-0.4140860866230743,1.0181383195693958
2011-08-02,-2.5888909190623943,0.97177941368104
2011-08-03,0.5003145952717516,1.2974922140377707
2011-08-04,-4.90016550437416,1.2234518229603335
2011-08-05,-0.057508298927246,2.068086692667097
2011-08-08,-6.895836939262512,1.9252553068919118
2011-08-09,4.631744106338802,3.006972540198034
2011-08-10,-4.515679702747438,3.2123172612112096
2011-08-11,4.525059436377156,3.3801398268477345
2011-08-12,0.5247875067275939,3.5005002030605756
2011-08-15,2.1550727976033657,3.254711491248866
2011-08-16,-0.9786275177620172,3.109108907418463
2011-08-17,0.0946938139812665,2.910660505789162
2011-08-18,-4.561859893236344,2.7044534459186047
2011-08-19,-1.5122756128207964,2.9818274800136986
2011-08-22,0.0258007873224272,2.8236335340336303
2011-08-23,3.371024838647401,2.6238814569780713
2011-08-24,1.3034651368546804,2.695759492941819
2011-08-25,-1.568793473796148,2.542262851627546
2011-08-26,1.5008418274915636,2.4301585259999503
2011-08-29,2.788750501216433,2.3142013106345862
2011-08-30,0.2344275023769241,2.351231601605226
2011-08-31,0.4909908712070555,2.1874722375543403
2011-09-01,-1.1942460792303735,2.040637476665454
2011-09-02,-2.5607017291752765,1.948775552138924
2011-09-06,-0.7464076457609709,2.029881663548858
2011-09-07,2.8243824959147195,1.9101811191856621
2011-09-08,-1.066889038730246,2.0207656687176425
2011-09-09,-2.706856251096215,1.921388819216708
2011-09-12,0.6941568182022928,2.0307847785267192
2011-09-13,0.9078726180354302,1.903037356531804
2011-09-14,1.338976051823038,1.7964584199523348
2011-09-15,1.704104671810514,1.731554271908641
2011-09-16,0.5690475561935461,1.7116210467766375
2011-09-19,-0.985094868808036,1.6052318777695638
2011-09-20,-0.1662386452724142,1.5407929411539771
2011-09-21,-2.9830995087147443,1.440138726428644
2011-09-22,-3.2402456759229787,1.7104495257063517
2011-09-23,0.6063588829469748,1.963364866191356
2011-09-26,2.306802129696945,1.837778923783251
2011-09-27,1.0631665357294655,1.8809450139553678
2011-09-28,-2.090819585269548,1.7860275216334376
2011-09-29,0.8081486435358656,1.8241116850906112
2011-09-30,-2.529127447886567,1.7190277976986144
2011-10-03,-2.886360290378494,1.8372896694431522
2011-10-04,2.223930613115467,1.9939088224355639
2011-10-05,1.7707918945510777,2.002163509830662
2011-10-06,1.813816846648048,1.9559685252252563
2011-10-07,-0.819681118762265,1.920009649776189
2011-10-10,3.3555643919288363,1.8139257116709924
2011-10-11,0.0543855637252652,2.0402082704925713
2011-10-12,0.9747046937638062,1.8990453915313241
2011-10-13,-0.2978102395136133,1.7967646020360724
2011-10-14,1.7230948802478143,1.6787770220135336
2011-10-17,-1.955993759944958,1.6680386409698935
2011-10-18,2.021304938031121,1.7056022262079622
2011-10-19,-1.2729818787026608,1.7292999851939588
2011-10-20,0.4543839821084399,1.6770498790749189
2011-10-21,1.863406749243458,1.5695705145529066
2011-10-24,1.279080668037179,1.5923784021528344
2011-10-25,-2.024834619938208,1.5444391076888944
2011-10-26,1.048143054408723,1.612913674694449
2011-10-27,3.3716591168134338,1.5429304444745553
2011-10-28,0.0389153528541357,1.8419054272706268
2011-10-31,-2.504861661297761,1.7158440199406455
2011-11-01,-2.834005962159464,1.830617059412767
2011-11-02,1.5976363304397203,1.9793393550843539
2011-11-03,1.8607607200930412,1.9183256917136564
2011-11-04,-0.6299819537189565,1.8923637507437356
2011-11-07,0.6276008211166596,1.7786886133864919
2011-11-08,1.1667310321725162,1.669050253682686
2011-11-09,-3.7385347098988095,1.6028118367936544
2011-11-10,0.8587201099481742,1.9934970434376091
2011-11-11,1.9293223004513556,1.8763750856257386
2011-11-14,-0.9596036687554768,1.8639622449639721
2011-11-15,0.480559827730043,1.7719799997272896
2011-11-16,-1.6755798341954984,1.6576475648231435
2011-11-17,-1.6942671987706432,1.6590936241642504
2011-11-18,-0.0394756490472428,1.6627015439027293
2011-11-21,-1.882457110494877,1.5507961620203905
2011-11-22,-0.4149438857005794,1.5966631003998482
2011-11-23,-2.2342970458596256,1.4986299097536362
2011-11-25,-0.2689119300250522,1.6099909222448157
2011-11-28,2.882107903860992,1.5061454380356256
2011-11-29,0.2211206969396991,1.7131187123839473
2011-11-30,4.240343833622763,1.5978846577488492
2011-12-01,-0.1910469577852648,2.079507319033133
2011-12-02,-0.0241015373327281,1.93735224656161
2011-12-05,1.02344632992658,1.804238497281986
2011-12-06,0.1105137906526291,1.7138580214090833
2011-12-07,0.201632078265752,1.5976973603274205
2011-12-08,-2.1368498950929857,1.4912304427988115
2011-12-09,1.6742412907085384,1.5875488093476489
2011-12-12,-1.502638690477899,1.5832666799654815
2011-12-13,-0.8723953020305214,1.5736784827232042
2011-12-14,-1.141325149713759,1.5036207010466993
2011-12-15,0.3237852858081692,1.4644389398918238
2011-12-16,0.3210989101900451,1.3706297354766979
2011-12-19,-1.180219845855773,1.2843865214627632
2011-12-20,2.938929593094407,1.276783007706158
2011-12-21,0.1947608164854339,1.557116321765291
2011-12-22,0.8231577169829831,1.4537531973009976
2011-12-23,0.8994480783105518,1.3832424656412783
2011-12-27,0.0079104819039186,1.325124041294486
2011-12-28,-1.2556506256502389,1.2394930509337352
2011-12-29,1.0650172463280614,1.2473706438760963
2011-12-30,-0.4300570740064627,1.2186706298312906
2012-01-03,1.5355483670177896,1.1541733154330414
2012-01-04,0.0187906344437293,1.1970612227559818
2012-01-05,0.2939392669493865,1.1217545667629742
2012-01-06,-0.2540185002539133,1.0556449646420798
2012-01-09,0.2259044362608636,0.9980110898201368
2012-01-10,0.88465236130604,0.9409921259611795
2012-01-11,0.0309549344632173,0.9320255759543498
2012-01-12,0.2333882738569188,0.8790666426461047
2012-01-13,-0.4960204447869401,0.8328781668776619
2012-01-17,0.3546657768174128,0.8121107557917513
2012-01-18,1.104668913022228,0.7765680964101185
2012-01-19,0.4926501717244015,0.8216724175685777
2012-01-20,0.0669235793285626,0.7927991613762847
2012-01-23,0.047123192204085,0.7523627959156503
2012-01-24,-0.1026343825223596,0.715763479084904
2012-01-25,0.8641694717196025,0.6850610473217941
2012-01-26,-0.5770508287989055,0.7117804178740544
2012-01-27,-0.1594147545290945,0.714328005249303
2012-01-30,-0.2525309086345372,0.685692914564161
2012-01-31,-0.0457051128077936,0.6645914163533337
2012-02-01,0.8860237474265962,0.6377140620524706
2012-02-02,0.1094547830667123,0.6760407274674917
2012-02-03,1.449972594810765,0.6471303791989808
2012-02-06,-0.0423964013531118,0.7859357227266869
2012-02-07,0.2021337525470153,0.7470099011897245
2012-02-08,0.2157880933325035,0.7125788382287351
2012-02-09,0.147302512587866,0.68192198689713
2012-02-10,-0.6910122643616179,0.6528845356111012
2012-02-13,0.6777023326497382,0.6783829868526693
2012-02-14,-0.0939965003925926,0.6833335010426044
2012-02-15,-0.5397747536216692,0.6556988261447064
2012-02-16,1.09653658332769,0.6623606144539881
2012-02-17,0.2346175882940296,0.7291968036610939
2012-02-21,0.0719663757695736,0.6974042413093992
2012-02-22,-0.3345697412145528,0.6661511867263553
2012-02-23,0.426290318060624,0.6526622319197469
2012-02-24,0.1670841175508428,0.6385903252469496
2012-02-27,0.1353642551879206,0.6143990514024483
2012-02-28,0.3350713492314775,0.5922189037046665
2012-02-29,-0.4748242756953383,0.5796998788171103
2012-03-01,0.6139156544532941,0.5908051409223684
2012-03-02,-0.325103502785812,0.6019489971131409
2012-03-05,-0.387720050282114,0.5958462365861816
2012-03-06,-1.5489506127544146,0.5958565039724137
2012-03-07,0.6876921722994126,0.8018803929143226
2012-03-08,0.9770049174722242,0.7910208094605271
2012-03-09,0.3624673020731523,0.815188291066166
2012-03-12,0.016044778678812,0.7796952132278996
2012-03-13,1.7969133090434228,0.7406532585102654
2012-03-14,-0.1196978088596141,0.927276115042101
2012-03-15,0.5949465701560221,0.8769273332754414
2012-03-16,0.1118772476700465,0.8492097242088295
2012-03-19,0.3965971514071156,0.8037666519858891
2012-03-20,-0.3005028734390367,0.7711224708289195
2012-03-21,-0.1872949903774228,0.7434098297444175
2012-03-22,-0.7232634226897842,0.7128981710404458
2012-03-23,0.3104036007556158,0.73259105680626
2012-03-26,1.3790299964088288,0.7032012092411674
2012-03-27,-0.2820749754246321,0.8122323881337068
2012-03-28,-0.4953758683289015,0.779161537985671
2012-03-29,-0.1609223943387386,0.7648130069329924
2012-03-30,0.3691613621621361,0.7310947758649119
2012-04-02,0.7476626120982405,0.7046594628873637
2012-04-03,-0.3996611820141247,0.7135683796367334
2012-04-04,-1.0254926852538038,0.6992642424452613
2012-04-05,-0.0629240152421399,0.766963699347731
2012-04-09,-1.1423437999542612,0.7302338498056322
2012-04-10,-1.7229025277185803,0.8115103886464897
2012-04-11,0.7421289800123757,0.9875338388673012
2012-04-12,1.3685315235975748,0.9592123168198818
2012-04-13,-1.255346712505612,1.0112148596405783
2012-04-16,-0.0503727240173452,1.0553732055041054
2012-04-17,1.5367979157954643,0.9924987096366191
2012-04-18,-0.4063533761746023,1.0652758600819834
2012-04-19,-0.5952075477202332,1.013887029284515
2012-04-20,0.1168582621337329,0.9806193027772283
2012-04-23,-0.8443113102887432,0.9235667771367724
2012-04-24,0.3673019641628904,0.9262430963655249
2012-04-25,1.35523428987414,0.8801476495413635
2012-04-26,0.6657952133507797,0.945132852871852
2012-04-27,0.2411413929023093,0.9153023941746979
2012-04-30,-0.3891062275369614,0.8659981545848066
2012-05-01,0.5642435719684133,0.8336395927630357
2012-05-02,-0.2499805576658762,0.8084693750157028
2012-05-03,-0.7688351103506842,0.7741541522398915
2012-05-04,-1.6278995721590046,0.7898853724270756
2012-05-07,0.0350519582897645,0.9516809880634545
2012-05-08,-0.4287853134969311,0.8969858561162081
2012-05-09,-0.672482753178195,0.8639734323735889
2012-05-10,0.2514247406385252,0.8557783271902019
2012-05-11,-0.3393091334281743,0.81222728865598
2012-05-14,-1.1175073102338486,0.7824416621449057
2012-05-15,-0.5762408276502476,0.8481549383861727
2012-05-16,-0.4413543928947924,0.8325633708350748
2012-05-17,-1.5165797405604462,0.8075233143456994
2012-05-18,-0.7415201826754865,0.9413523557973913
2012-05-21,1.5908684395839308,0.930222708915947
2012-05-22,0.0486218795141868,1.0253573404984373
2012-05-23,0.1692270514548765,0.9642796415987953
2012-05-24,0.1379080158588088,0.9092103914597337
2012-05-25,-0.2167980702760717,0.8586081739651343
2012-05-29,1.101805527882847,0.8178441159817487
2012-05-30,-1.4438629304797284,0.8550123891338417
2012-05-31,-0.2279261060043257,0.9628468465563739
2012-06-01,-2.4951295414361523,0.9126753191985151
2012-06-04,0.0109548194987798,1.2364807553096115
2012-06-05,0.5710514594359025,1.157994617060985
2012-06-06,2.2787776048048256,1.100099902002931
2012-06-07,-0.0106470160167373,1.2877848421013935
2012-06-08,0.8081420799989608,1.2052747486060542
2012-06-11,-1.2700423815401067,1.158536284642365
2012-06-12,1.1583389901239802,1.1804669248574393
2012-06-13,-0.7048030071104174,1.1700481973320807
2012-06-14,1.0756592649869776,1.1286279651475748
2012-06-15,1.0284745652146794,1.1158035222007876
2012-06-18,0.1443703958935358,1.0995452701242918
2012-06-19,0.9767834417612749,1.0326013644829364
2012-06-20,-0.1687780512771723,1.021518957973086
2012-06-21,-2.251320818337585,0.9640748826412249
2012-06-22,0.7148989234504349,1.2119983074183942
2012-06-25,-1.6083502390603004,1.1577875588111906
2012-06-26,0.4761368161020214,1.2305523810693186
2012-06-27,0.894478141961743,1.1613612082946343
2012-06-28,-0.2112028345766752,1.1265940819404083
2012-06-29,2.4614793734920246,1.0612239975491868
2012-07-02,0.2456292158706836,1.2991018123714277
2012-07-03,0.6212771568424255,1.2170985566135937
2012-07-05,-0.4698041566321199,1.1564844027888646
2012-07-06,-0.947741865558198,1.0999723102907124
2012-07-09,-0.164017617051813,1.0903570362901425
2012-07-10,-0.815912178959069,1.0267673106992112
2012-07-11,-0.0014923688990578,1.012418720805088
2012-07-12,-0.4999574352459078,0.9526855025539297
2012-07-13,1.6362759247573275,0.9187481888669966
2012-07-16,-0.2316995891620551,1.0247315963101096
2012-07-17,0.738235580991176,0.9690519386342913
2012-07-18,0.6658275330085007,0.9425186539266466
2012-07-19,0.2713415248511383,0.9129828750377573
2012-07-20,-1.0112620534169032,0.8647083399364316
2012-07-23,-0.8948979003707246,0.898410963750612
2012-07-24,-0.908205019242412,0.9109535118189209
2012-07-25,-0.0313910722117955,0.9232802454725918
2012-07-26,1.6405662864951118,0.8716224630688424
2012-07-27,1.8900814490450275,0.9895029539742484
2012-07-30,-0.0483476444610617,1.1270450390976128
2012-07-31,-0.4326172766220222,1.058097330791232
2012-08-01,-0.2904192901745425,1.0089078464300527
2012-08-02,-0.7531963624136045,0.9570461352257603
2012-08-03,1.8861288185302485,0.9451032393460775
2012-08-06,0.2326560724057678,1.0929746315618702
2012-08-07,0.5093762742592908,1.0278966683008457
2012-08-08,0.0620633807453192,0.9790051954463802
2012-08-09,0.0413599995173019,0.9218923217573369
2012-08-10,0.2186050667104794,0.8697887079557045
2012-08-13,-0.1252685078193954,0.8241001485176659
2012-08-14,-0.0128154612019971,0.7834459557571437
2012-08-15,0.1138991629449067,0.7443302095636964
2012-08-16,0.7075420387505466,0.7087170811782848
2012-08-17,0.1870383739476702,0.7125158077936828
2012-08-20,-0.0021175053652821,0.6811547247423098
2012-08-21,-0.3503666814444632,0.6518891263420361
2012-08-22,0.0226377623456796,0.6413518691546766
2012-08-23,-0.8104999597722565,0.6159276316672403
2012-08-24,0.6433988343262266,0.6657563796791929
2012-08-27,-0.0489134420522445,0.6688760533499792
2012-08-28,-0.0808509042796279,0.6416219216718813
2012-08-29,0.0843992964299478,0.6179990390708617
2012-08-30,-0.7836429729673381,0.5949339918118028
2012-08-31,0.5060469767645165,0.6448328617050061
2012-09-04,-0.1166639322688079,0.6378318097103213
2012-09-05,-0.1068231653288801,0.6157376457808184
2012-09-06,2.022953661200689,0.5957300271640319
2012-09-07,0.4041794988943029,0.8909693835228515
2012-09-10,-0.6166805654652836,0.8499366613803683
2012-09-11,0.3130052101452872,0.8379568196118562
2012-09-12,0.2090505602596938,0.7981334790855009
2012-09-13,1.617817215384428,0.758925886954925
2012-09-14,0.3951135292808127,0.901353218853255
2012-09-17,-0.3129582860265519,0.8588747488374652
2012-09-18,-0.1280595132117327,0.8226907434310767
2012-09-19,0.1184851744374258,0.7822513730415268
2012-09-20,-0.0540879992821339,0.7430641458868185
2012-09-21,-0.0075321855717051,0.7084757307219717
2012-09-24,-0.2235150069379947,0.6765420298713215
2012-09-25,-1.0557389418567713,0.6548774836497749
2012-09-26,-0.5753253211740956,0.7379358848454576
2012-09-27,0.9602727708234702,0.736628385122836
2012-09-28,-0.4487808236766832,0.7677177243501601
2012-10-01,0.2647997667994667,0.7508146847367876
2012-10-02,0.0871906727265814,0.7178205581502103
2012-10-03,0.3617857293033645,0.6846032713327376
2012-10-04,0.7148821731697362,0.6628576474153455
2012-10-05,-0.0321641084075123,0.6743240542570826
2012-10-08,-0.3462723847428905,0.646190995661066
2012-10-09,-0.9940182135141966,0.6360539911064246
2012-10-10,-0.6207255566481142,0.7123889660104519
2012-10-11,0.0195370436984577,0.7196909755915557
2012-10-12,-0.2970544956016541,0.6863872163001725
2012-10-15,0.8045470752666933,0.6679121967942
2012-10-16,1.0217555817170516,0.6896191789251226
2012-10-17,0.4108606125954804,0.7385590162594297
2012-10-18,-0.2446719876894957,0.7136393294337606
2012-10-19,-1.671014460003599,0.6890131278279215
2012-10-22,0.0439485678550861,0.8916928362507821
2012-10-23,-1.454923497073801,0.8422595721554312
2012-10-24,-0.3090152483587832,0.9552362256827739
2012-10-25,0.2991064948394708,0.909318572390294
2012-10-26,-0.0729247568644406,0.8622478906449056
2012-10-31,0.0155867551280532,0.8167670767738653
2012-11-01,1.0867212600985972,0.7742671704640399
2012-11-02,-0.9423718242892511,0.8170717301465182
2012-11-05,0.2161471345057592,0.8491137144649538
2012-11-06,0.7822509122727109,0.8052790178043382
2012-11-07,-2.3990484179204747,0.8035840218227249
2012-11-08,-1.22799333135091,1.1444515711945036
2012-11-09,0.169725127982159,1.1628958662715407
2012-11-12,0.0130479376548562,1.0909430685593586
2012-11-13,-0.3993383474745327,1.024456116040684
2012-11-14,-1.3948870444327603,0.9766241769591836
2012-11-15,-0.1594815957016725,1.0494029050205347
2012-11-16,0.4828274735175702,0.9892498220121593
2012-11-19,1.966737673954756,0.9426585076674763
2012-11-20,0.0663166435827691,1.1076195948266427
2012-11-21,0.2317493660971613,1.0396026981481423
2012-11-23,1.294220206896831,0.9790874480224502
2012-11-26,-0.2031644269326344,1.0163543529263004
2012-11-27,-0.5240293685227754,0.9604346287065858
2012-11-28,0.7825330760125263,0.9274571265593423
2012-11-29,0.4260553566881813,0.9099061850374509
2012-11-30,0.0162494334068118,0.8680982260944824
2012-12-03,-0.4756519166260062,0.8209071542303151
2012-12-04,-0.1711275791054211,0.7998794575209538
2012-12-05,0.1583607654586976,0.76306172820846
2012-12-06,0.3301135858709377,0.7262029968574724
2012-12-07,0.2916661999350491,0.698357171177932
2012-12-10,0.0338503249975896,0.6717637382996919
2012-12-11,0.6527531315292976,0.643143493777329
2012-12-12,0.0448139333956705,0.6505785673906259
2012-12-13,-0.6341489977008348,0.6240783806765868
2012-12-14,-0.4143975679491531,0.6470260210376352
2012-12-17,1.180068803781103,0.64244967024916
2012-12-18,1.1421185666775555,0.7287216653833034
2012-12-19,-0.7618145562821222,0.7891503032174566
2012-12-20,0.5473104693568626,0.8016796415623074
2012-12-21,-0.9422944450144788,0.7788727290854622
2012-12-24,-0.2443278971266398,0.8176349754697942
2012-12-26,-0.4798956789925719,0.7821234047811814
2012-12-27,-0.1219184916266406,0.7660747024455068
2012-12-28,-1.1111445674961484,0.7309278337322427
2012-12-31,1.680002726988578,0.8065325858359103
2013-01-02,2.5086115958697297,0.9488539879255035
2013-01-03,-0.2087795423524573,1.2332260403206805
2013-01-04,0.4853299978981066,1.158673207755121
2013-01-07,-0.3128003259122683,1.0963299639634878
2013-01-08,-0.3247639180733108,1.0374161287445127
2013-01-09,0.265234535868163,0.984468704791445
2013-01-10,0.756870010921085,0.9295761216766395
2013-01-11,-0.0047515114977522,0.9093615420858125
2013-01-14,-0.093110490491978,0.8586443430525548
2013-01-15,0.1128033295304306,0.8139261329234524
2013-01-16,0.0196972509956261,0.7717299102100099
2013-01-17,0.5627060541354582,0.7334148500790442
2013-01-18,0.3397492378151099,0.7199418022117253
2013-01-22,0.441833162771152,0.6932151501592395
2013-01-23,0.1506341924293118,0.6753871959179212
2013-01-24,0.0006614661544302,0.6470684111484278
2013-01-25,0.5430708661868183,0.6212625969630781
2013-01-28,-0.1851334274792124,0.6207121431518849
2013-01-29,0.5093003781205059,0.6034055147496716
2013-01-30,-0.3907244671751714,0.6022378874119976
2013-01-31,-0.2566591958392015,0.6016304422451584
2013-02-01,1.000251322400968,0.5906736288433297
2013-02-04,-1.16058327096515,0.6569379389913529
2013-02-05,1.0362632222059642,0.7592124701117252
2013-02-06,0.0549019859133929,0.7972420928426251
2013-02-07,-0.1807031055856767,0.7563922291995366
2013-02-08,0.5641994585043149,0.7242827838713509
2013-02-11,-0.0606301247638277,0.7120703791567631
2013-02-12,0.1594001137604206,0.6806793168874127
2013-02-13,0.0592087774790656,0.6519731704018956
2013-02-14,0.0690433265053607,0.6253029242704298
2013-02-15,-0.1045627796013619,0.6014172765048597
2013-02-19,0.7309694441361245,0.5829302677119579
2013-02-20,-1.2481711430005844,0.6095984293725895
2013-02-21,-0.632300546566533,0.7426430528785516
2013-02-22,0.8734213386774423,0.7468231424611622
2013-02-25,-1.8479275584774388,0.7645349686176172
2013-02-26,0.6090876862567387,0.9834275633227858
2013-02-27,1.2645699119019571,0.9452261169819324
2013-02-28,-0.086445346145724,0.9839828969043932
2013-03-01,0.2321159449526721,0.9278615566438723
2013-03-04,0.460012654834963,0.8772043883176199
2013-03-05,0.9520551872499976,0.8404970293265194
2013-03-06,0.1083925055414681,0.8535534462403597
2013-03-07,0.1814843617206424,0.8076900859539535
2013-03-08,0.447112871295497,0.7669963218760723
2013-03-11,0.3243818865873685,0.7411631865603298
2013-03-12,-0.2406145396801988,0.7114927296998893
2013-03-13,0.1313189157170757,0.6868843015596704
2013-03-14,0.5587352158971998,0.6571167860143147
2013-03-15,-0.1619773749988756,0.6531177117230335
2013-03-18,-0.5525570335024047,0.6311110234638717
2013-03-19,-0.2425469726876229,0.6429396136261315
2013-03-20,0.6675163815817943,0.6261544252860987
2013-03-21,-0.8316923756005078,0.6378309354876249
2013-03-22,0.7148643803299891,0.6865574954062662
2013-03-25,-0.3345629300947282,0.6944236066490471
2013-03-26,0.7754963194634992,0.677540596922826
2013-03-27,-0.0588523052564596,0.6939910949110857
2013-03-28,0.4048463396191122,0.6643812545076087
2013-04-01,-0.4483616865356026,0.6474936598650265
2013-04-02,0.5158933898853431,0.6459824313016526
2013-04-03,-1.0602133218841154,0.6396652991924677
2013-04-04,0.4040279012737101,0.7271954656150932
2013-04-05,-0.4304145168907639,0.7031231728983282
2013-04-08,0.6282958765270947,0.6926532556023922
2013-04-09,0.3538065806577469,0.6904637376290752
2013-04-10,1.2115443329548887,0.6676405856801657
2013-04-11,0.3545956179576568,0.7536743111494304
2013-04-12,-0.2840798318549253,0.7241092484968598
2013-04-15,-2.323412455036433,0.7005583049225536
2013-04-16,1.4205840828064489,1.0641075423504567
2013-04-17,-1.4431313685984553,1.1053760836954583
2013-04-18,-0.6723555969544303,1.1614927514494267
2013-04-19,0.8808989051054724,1.118382507758439
2013-04-22,0.4650798215427388,1.0872983655021085
2013-04-23,1.036531280555277,1.0305371982752598
2013-04-24,0.000634017007284,1.0263697409984591
2013-04-25,0.4026614564991383,0.9654265124131274
2013-04-26,-0.1843811801517763,0.9171603931838174
2013-04-29,0.716031536940742,0.8696411356344584
2013-04-30,0.248181741858196,0.8529520297890288
2013-05-01,-0.9351472649564404,0.8095747573726693
2013-05-02,0.9364003810320708,0.8418802954853631
2013-05-03,1.047956394817034,0.8527767287600955
2013-05-06,0.1905961128483939,0.8764212449380006
2013-05-07,0.5216639159837863,0.8295420878473466
2013-05-08,0.4130538866696586,0.8017627314044373
2013-05-09,-0.369391802877331,0.7702092950423881
2013-05-10,0.4312343771584845,0.7470097014833905
2013-05-13,0.0042888448869531,0.7223887782267007
2013-05-14,1.0091066969150286,0.6889532161085469
2013-05-15,0.5101103490210886,0.7360530947813556
2013-05-16,-0.5022331985410746,0.7180787158427713
2013-05-17,1.0247411986562578,0.7121674398897584
2013-05-20,-0.0707868404707233,0.757201340752017
2013-05-21,0.1720904683002347,0.7215839014276644
2013-05-22,-0.8308074265778554,0.6890101319514453
2013-05-23,-0.2928115104606085,0.7277312654855712
2013-05-24,-0.0551517498988894,0.7043023547355771
2013-05-28,0.6320962109160131,0.6735734367505845
2013-05-29,-0.7072936243165862,0.6744139402006609
2013-05-30,0.3663625114313424,0.6984054462983561
2013-05-31,-1.4410576921857086,0.6753784555396876
2013-06-03,0.5918439859741687,0.8303890364189362
2013-06-04,-0.5526048005605536,0.807714127848164
2013-06-05,-1.3875554543922224,0.7949767190250547
2013-06-06,0.8454454144230643,0.9065446680712456
2013-06-07,1.274991452694569,0.8979599082325929
2013-06-10,-0.0346873603637034,0.9467325337490675
2013-06-11,-1.020526418482108,0.8930460583723091
2013-06-12,-0.8404776908050976,0.9232546498678348
2013-06-13,1.467606909735932,0.9255246929174382
2013-06-14,-0.5902401062457968,1.0001471440561274
2013-06-17,0.7538875562714678,0.9680001261876778
2013-06-18,0.7760963428783294,0.9429573566750471
2013-06-19,-1.3948301328481996,0.922907989260743
2013-06-20,-2.532842439229829,1.006698883721717
2013-06-21,0.2666219053525561,1.306725802472485
2013-06-24,-1.221936895962692,1.224501779479075
2013-06-25,0.9452456559302368,1.2302839969262531
2013-06-26,0.9544789666190032,1.1922760592482928
2013-06-27,0.6180691300296602,1.1594315478491828
2013-06-28,-0.4298788980467904,1.1041375103316737
2013-07-01,0.5389199609389811,1.0503405489003659
2013-07-02,-0.0545056690050896,1.000935133519856
2013-07-03,0.0823707894575447,0.9427942406697973
2013-07-05,1.0150045703225965,0.8888574839401909
2013-07-08,0.5237805213836031,0.9024856311489264
2013-07-09,0.7203661934863007,0.8670364921973736
2013-07-10,0.0181575964628013,0.851070485131374
2013-07-11,1.3463212765353811,0.8054088469711169
2013-07-12,0.3081730220628843,0.8843801906363583
2013-07-15,0.1373935151556153,0.8399500043091259
2013-07-16,-0.3715655417706993,0.7955955315457384
2013-07-17,0.2770206648398141,0.7697060786708
2013-07-18,0.5020341712006725,0.7352518054206199
2013-07-19,0.1608755579645654,0.7167692981551074
2013-07-22,0.2030962542426818,0.6844659419990123
2013-07-23,-0.185365386833642,0.6563354438609273
2013-07-24,-0.3818502729718421,0.6350200680004475
2013-07-25,0.2553209985188819,0.6292035900655715
2013-07-26,0.0827951437909226,0.6086284326711361
2013-07-29,-0.3743034175367717,0.5865570124196993
2013-07-30,0.0373747085334094,0.5866565500559227
2013-07-31,-0.013641851599842,0.5669834114955359
2013-08-01,1.2462588230416578,0.5500492904563338
2013-08-02,0.1639114087947027,0.6742354169283369
2013-08-05,-0.1480930877563641,0.6462711221083329
2013-08-06,-0.573947283055402,0.6244384753928314
2013-08-07,-0.3813125661941763,0.6398293753619083
2013-08-08,0.3877921074046536,0.6333360627777334
2013-08-09,-0.3576348041426874,0.6190415304304753
2013-08-12,-0.1153585860524894,0.6133052789918118
2013-08-13,0.2772210007268357,0.5938661956414109
2013-08-14,-0.5190063227858108,0.5782084618805189
2013-08-15,-1.4384564947961866,0.5945635333980618
2013-08-16,-0.3310067623478068,0.7747968819554863
2013-08-19,-0.5917777957153822,0.7485426460998766
2013-08-20,0.3813913098371144,0.7474900269984847
2013-08-21,-0.5796369467346861,0.7199477713373843
2013-08-22,0.8582441743413965,0.7216114582420536
2013-08-23,0.393924191021318,0.7414334431766502
2013-08-26,-0.4047839230058562,0.7152278184224479
2013-08-27,-1.6001539229183352,0.7011293183899454
2013-08-28,0.2743877308968975,0.8835440690877313
2013-08-29,0.1961476649095653,0.838078150605545
2013-08-30,-0.3179367192635175,0.7948328315668978
2013-09-03,0.4155575226959593,0.7656094134234063
2013-09-04,0.8084187928560308,0.7380271634206088
2013-09-05,0.1209131539467338,0.7490512581769392
2013-09-06,0.0054429659782231,0.7130497135258969
2013-09-09,0.9943282138970118,0.6805200723589248
2013-09-10,0.7318940484802409,0.7269749029636747
2013-09-11,0.3047634613818484,0.7308144510439977
2013-09-12,-0.3386141827801778,0.7013707885625471
2013-09-13,0.2711001653103429,0.6839532417480041
2013-09-16,0.5677008295820801,0.6580637950111825
2013-09-17,0.420886959655227,0.6547651440713377
2013-09-18,1.2104121558415792,0.6400717798813703
2013-09-19,-0.1844654148481558,0.7325947610006415
2013-09-20,-0.7243053962847499,0.7030802206165181
2013-09-23,-0.4730758941951057,0.7245180690466073
2013-09-24,-0.2600521497731875,0.7150656169791201
2013-09-25,-0.2743225154377713,0.6911255883169529
2013-09-26,0.347936584799795,0.6706875512662133
2013-09-27,-0.4082121663443528,0.6497510086108957
2013-09-30,-0.6047479981190951,0.6442651001401088
2013-10-01,0.7966724683406784,0.6601889123236371
2013-10-02,-0.0666891870340862,0.6821646028666994
2013-10-03,-0.9019972500552984,0.6539381321118101
2013-10-04,0.7028466704283861,0.7106177384763824
2013-10-07,-0.8542747536819599,0.7136328820134008
2013-10-08,-1.2408749931083476,0.7512751093164447
2013-10-09,0.0573741730605798,0.8456349480999437
2013-10-10,2.1595622882836496,0.8003280036610614
2013-10-11,0.6266595617327234,1.0518216603649526
2013-10-14,0.4066441145288558,1.007751451300631
2013-10-15,-0.7088789613758755,0.9556997647707295
2013-10-16,1.3732804307132302,0.9394398314500975
2013-10-17,0.6721314413737084,0.9958690896843699
2013-10-18,0.652740546362272,0.9609523379756096
2013-10-21,0.0091732209604654,0.9283539581967263
2013-10-22,0.5721116239627231,0.8758418554267176
2013-10-23,-0.4735753240036748,0.846551811256082
2013-10-24,0.3252838544355574,0.8223915200095188
2013-10-25,0.4385214392774677,0.784566564576267
2013-10-28,0.1328816519236969,0.7562986528668523
2013-10-29,0.5568661214094168,0.7197321674048976
2013-10-30,-0.4887849694569304,0.7074671022119018
2013-10-31,-0.3846770567938354,0.7016867567019683
2013-11-01,0.2899214412209612,0.6876531017876972
2013-11-04,0.3564199378098168,0.6621226793733592
2013-11-05,-0.2809530848340283,0.6426112551164163
2013-11-06,0.4256468712287574,0.6282480292393386
2013-11-07,-1.3270435999594776,0.6171196700968886
2013-11-08,1.3338208792264143,0.7649041907326628
2013-11-11,0.0722670064972908,0.850622627347142
2013-11-12,-0.2373205445619954,0.8048698668422112
2013-11-13,0.8062752720499361,0.7703170211089668
2013-11-14,0.4825596820450656,0.77626948353252
2013-11-15,0.4213146273881076,0.7517163786676685
2013-11-18,-0.3705052423504697,0.725977279495011
2013-11-19,-0.204505527760066,0.7079571911219069
2013-11-20,-0.3642235996161311,0.6819256868229759
2013-11-21,0.8095705420755901,0.6687278891306596
2013-11-22,0.4949190500029173,0.6909518383677979
2013-11-25,-0.1264140787239754,0.677239649255352
2013-11-26,0.0149793235503835,0.6512666132515813
2013-11-27,0.2481998677460742,0.624877183253187
2013-11-29,-0.0785998457116431,0.6045117826119677
2013-12-02,-0.2722723534716429,0.5848599827243424
2013-12-03,-0.3197955991893614,0.5770633108822834
2013-12-04,-0.1304343469786797,0.5738463235570184
2013-12-05,-0.4349015813080098,0.559504744130712
2013-12-06,1.1175194876875878,0.5694680864606825
2013-12-09,0.1815451247950981,0.6622427281377583
2013-12-10,-0.3184724895657049,0.6358847103639186
2013-12-11,-1.1381397674606988,0.6249481904528174
2013-12-12,-0.3777688379156343,0.7311499722990262
2013-12-13,-0.0101415286505878,0.7130566793202613
2013-12-16,0.6300152129396221,0.6807023755482899
2013-12-17,-0.3105805936371412,0.6803343467068175
2013-12-18,1.651090600917418,0.6634601841415437
2013-12-19,-0.0580097428393842,0.8415564038753599
2013-12-20,0.4807155440690711,0.7976981466734288
2013-12-23,0.530402888620606,0.7706542879027601
2013-12-24,0.2911504304306033,0.7501538101438405
2013-12-26,0.4734304621132077,0.7181827577205947
2013-12-27,-0.0336641010607471,0.6996277326092258
2013-12-30,-0.0179269962014678,0.6689596490864604
2013-12-31,0.3951856349111547,0.6411448103493499
2014-01-02,-0.8901413016629188,0.62638800708082
2014-01-03,-0.0333020520160609,0.6869479626329844
2014-01-06,-0.2514927253759435,0.657550721540052
2014-01-07,0.606334537539104,0.6395947964764037
2014-01-08,-0.0212231503451083,0.6426407438160125
2014-01-09,0.0348248543514175,0.6176023614940795
2014-01-10,0.23040304904553,0.5945984690001749
2014-01-13,-1.265596645879401,0.576979874383655
2014-01-14,1.0759876119934082,0.7237071769624975
2014-01-15,0.5152889134682223,0.7744748983097016
2014-01-16,-0.1348028486425925,0.7524164792071204
2014-01-17,-0.3902780320014972,0.7190281470609672
2014-01-21,0.2769912242817671,0.7033265950731621
2014-01-22,0.0574700049768162,0.6756269604550279
2014-01-23,-0.892932476457093,0.6465459619256543
2014-01-24,-2.109642142734084,0.7032878255170928
2014-01-27,-0.4888221853339347,1.0091394020357944
2014-01-28,0.6121875622432071,0.9684477730523168
2014-01-29,-1.026170390849596,0.9320448018669495
2014-01-30,1.1204044372218205,0.956612892361041
2014-01-31,-0.6486290214250375,0.9734437209052106
2014-02-03,-2.309660470448658,0.9493457347209834
2014-02-04,0.7612043683081426,1.215562751160345
2014-02-05,-0.2030282408656588,1.1642421682156319
2014-02-06,1.2363054453375717,1.0953843751014114
2014-02-07,1.321419350429692,1.1062309398177619
2014-02-10,0.1568004803254035,1.126605881019586
2014-02-11,1.1001375944254963,1.0575249829298796
2014-02-12,-0.0269298647720886,1.057041400825655
2014-02-13,0.5793211978776681,0.9937404384267255
2014-02-14,0.4797689385548304,0.9524581634482292
2014-02-18,0.1157803392558767,0.909304895774461
2014-02-19,-0.6545861773195999,0.8584915244967548
2014-02-20,0.6013341826934013,0.8491811285447349
2014-02-21,-0.1920566673181065,0.8250933349610954
2014-02-24,0.6167455552331448,0.7865986426507561
2014-02-25,-0.1348590676774649,0.7711928101363426
2014-02-26,0.0021699742124629,0.7359457512346725
2014-02-27,0.4935881408416543,0.7012099678244357
2014-02-28,0.277882428133809,0.686149507709307
2014-03-03,-0.7405866200454787,0.6602913045034147
2014-03-04,1.5152322676141787,0.6912669725868607
2014-03-05,-0.0053352749664553,0.8311723327186924
2014-03-06,0.1716933496857088,0.787525824715185
2014-03-07,0.0537944577115705,0.7485576113080825
2014-03-10,-0.0463353641219493,0.712310366981861
2014-03-11,-0.5095096975215844,0.6806046119724405
2014-03-12,0.0305124323210006,0.6805021045608864
2014-03-13,-1.1770091695883622,0.6510170793371616
2014-03-14,-0.2825766417445165,0.7580284359840959
2014-03-17,0.9567717695038962,0.7306902158268455
2014-03-18,0.7193682245473189,0.762324164113597
2014-03-19,-0.6150525096734505,0.7598546262577257
2014-03-20,0.6022334087521748,0.75970221945111
2014-03-21,-0.2936980116608755,0.746352838648174
2014-03-24,-0.4876580959363224,0.7209252860590144
2014-03-25,0.4394270848822234,0.7132697023776339
2014-03-26,-0.7024936954876045,0.6929609797659005
2014-03-27,-0.1901891343977055,0.7132341063281428
2014-03-28,0.4629489243409657,0.6859900427022836
2014-03-31,0.7892871384796676,0.6704940489828113
2014-04-01,0.7014688044213445,0.6898153927956586
2014-04-02,0.2849263831838461,0.6956982664994108
2014-04-03,-0.1127085213010655,0.6691109952961899
2014-04-04,-1.2616542925313996,0.6435334042227088
2014-04-07,-1.0808312332149783,0.7696609276542199
2014-04-08,0.374353798017728,0.831895616208852
2014-04-09,1.0859039341965573,0.7952847292249816
2014-04-10,-2.110596773738713,0.8341373223868062
2014-04-11,-0.9532059739897396,1.0917574511283143
2014-04-14,0.8183708150740607,1.0838449996383217
2014-04-15,0.6734579517703411,1.0511496403855523
2014-04-16,1.043386794876615,1.0104352365571632
2014-04-17,0.1362923707093935,1.009828192812048
2014-04-21,0.3768015655572547,0.9504201010940635
2014-04-22,0.4083788996128047,0.9024439121792661
2014-04-23,-0.2215766862522173,0.860491272946805
2014-04-24,0.1715488275330874,0.8197420618845639
2014-04-25,-0.8129344743501644,0.777741877994249
2014-04-28,0.3230811162502122,0.7985989379590913
2014-04-29,0.4749460504633521,0.7630365136648299
2014-04-30,0.298754980270127,0.7394512101674962
2014-05-01,-0.014327174433241,0.7088709897486926
2014-05-02,-0.1349355029870908,0.6769856717017623
2014-05-05,0.1869467582340003,0.651342170265528
2014-05-06,-0.9029031461991046,0.6262508896827429
2014-05-07,0.5600754871033284,0.6889801753811855
2014-05-08,-0.1374569232786406,0.6808992852760396
2014-05-09,0.1518323194878839,0.6549340624796259
2014-05-12,0.9626256172315508,0.6287404973541529
2014-05-13,0.0421668788283033,0.6805649048511385
2014-05-14,-0.4712089565017091,0.6510193249369601
2014-05-15,-0.9405904183934904,0.6512294484218364
2014-05-16,0.3739962819000603,0.7148909568372681
2014-05-19,0.3837414189704193,0.6904694787926071
2014-05-20,-0.6519604608543308,0.6693023231264644
2014-05-21,0.8083340547746922,0.6870126418228392
2014-05-22,0.2359444194713881,0.7060586649403146
2014-05-23,0.4239392917884754,0.6766517008858057
2014-05-27,0.5969950211528873,0.6595658742285015
2014-05-28,-0.1114692750058423,0.6588581529756448
2014-05-29,0.5352758657361124,0.6343261907283818
2014-05-30,0.1841980443101369,0.6312673631909499
2014-06-02,0.07275613640587,0.6082403119219046
2014-06-03,-0.0379288469534866,0.5861769918296603
2014-06-04,0.1889876606362932,0.5675442801090789
2014-06-05,0.6504082119662982,0.5517051534686553
2014-06-06,0.461708354801898,0.5735193494745187
2014-06-09,0.0938330856486817,0.5723378625990679
2014-06-10,-0.0246013881879537,0.5543001080544343
2014-06-11,-0.3543311151666162,0.5390100150419621
2014-06-12,-0.7114139088910179,0.5441284322233055
2014-06-13,0.312965919907076,0.5932546125356043
2014-06-16,0.0836355330786806,0.5794056802514636
2014-06-17,0.2170212444889151,0.5605221326323344
2014-06-18,0.7689243160729405,0.5463686718402312
2014-06-19,0.1276663295165036,0.5851325608809625
2014-06-20,0.172856349567606,0.5660307374878792
2014-06-23,-0.0132472852898927,0.5499442189949229
2014-06-24,-0.645610649861748,0.5349521258661417
2014-06-25,0.4885557422717193,0.5759398555220869
2014-06-26,-0.1179579427639114,0.5767479904361013
2014-06-27,0.1909045238083737,0.5615692316446841
2014-06-30,-0.0372325997001354,0.5464738495139667
2014-07-01,0.6655572896822518,0.5323544238718665
2014-07-02,0.0658596075123193,0.5595113203428915
2014-07-03,0.5464550227672395,0.5428029927251236
2014-07-07,-0.3931239054323629,0.554167844477906
2014-07-08,-0.7073762181680687,0.5607111357995135
2014-07-09,0.4633516553259208,0.6057753369303374
2014-07-10,-0.4139628324473833,0.6003794690796904
2014-07-11,0.1469841998047235,0.6021892386790689
2014-07-14,0.4831860726996925,0.5815209401671275
2014-07-15,-0.1933964567945513,0.5810741389356641
2014-07-16,0.4192285009448555,0.5688711068024942
2014-07-17,-1.1904605927478005,0.5649122503995817
2014-07-18,1.0212608899671185,0.6989753712917485
2014-07-21,-0.2322946423904652,0.7460109787661827
2014-07-22,0.5003611167300126,0.7172841270546679
2014-07-23,0.1752900777012884,0.7008050480857418
2014-07-24,0.0488036812550669,0.6703685166364719
2014-07-25,-0.4860946046109087,0.6418332253381742
2014-07-28,0.0288113393552832,0.6448398425608473
2014-07-29,-0.4538068413714011,0.619009900876207
2014-07-30,0.0060910919410201,0.6220364288366999
2014-07-31,-2.020193215523012,0.5987989793575461
2014-08-01,-0.2863216231298331,0.9249389861743782
2014-08-04,0.7163314449646608,0.880846139476058
2014-08-05,-0.9732679197336652,0.8628146120090676
2014-08-06,0.0015638426360123,0.8914523007304412
2014-08-07,-0.5572115446733026,0.8422752633808568
2014-08-08,1.1465422557972031,0.8256707849654278
2014-08-11,0.2755625025841847,0.8680783807323403
2014-08-12,-0.1637982374155941,0.8240929030800085
2014-08-13,0.6684767102510805,0.7846584017223807
2014-08-14,0.4336398273697699,0.7741796100429666
2014-08-15,-0.0061374807571155,0.7467383382587551
2014-08-18,0.84954832196601,0.7110480577269832
2014-08-19,0.4988190179197794,0.7314673017348021
2014-08-20,0.2474748282543622,0.7131920652514262
2014-08-21,0.2945547280270624,0.683423634053715
2014-08-22,-0.199457491882262,0.6585399765599853
2014-08-25,0.4776353863603847,0.6376565629692614
2014-08-26,0.1050528895243578,0.6292593498950272
2014-08-27,0.0049986043284556,0.6051401005923923
2014-08-28,-0.1691330544946164,0.5837262020092788
2014-08-29,0.3314914329019902,0.5699593373763193
2014-09-02,-0.0544214217702696,0.5599655424688729
2014-09-03,-0.0779444752801545,0.5446908983629141
2014-09-04,-0.1535599204712169,0.5318786756490101
2014-09-05,0.5023247704958487,0.5236941847641554
2014-09-08,-0.3077845854315851,0.5335262717681137
2014-09-09,-0.6566521532685439,0.5353652313405421
2014-09-10,0.3639443600367803,0.5779115739323102
2014-09-11,0.0881516764723205,0.5689034873790129
2014-09-12,-0.5980405492006543,0.5512134452391845
2014-09-15,-0.0710403748109373,0.5823015239966054
2014-09-16,0.7456507324556423,0.5649206732940971
2014-09-17,0.1294805079088434,0.596839936022759
2014-09-18,0.4879257127339826,0.5764764558196585
2014-09-19,-0.0477383510403398,0.5771529433421401
2014-09-22,-0.80456025302185,0.5597511087569922
2014-09-23,-0.5793250079626252,0.6206190253434908
2014-09-24,0.7801976758654436,0.6372728905626299
2014-09-25,-1.630091326517051,0.6609728036064793
2014-09-26,0.8539261124001539,0.8635269920100848
2014-09-29,-0.2550050856915712,0.8616452750656921
2014-09-30,-0.2789816544312018,0.8222529566231339
2014-10-01,-1.3337106112637436,0.7879903308459317
2014-10-02,0.0005143328250229,0.8909939556230374
2014-10-03,1.1103635523902509,0.8418669931307684
2014-10-06,-0.1566386001398183,0.8760712424977275
2014-10-07,-1.5241618619128747,0.8314655774089508
2014-10-08,1.731094749805919,0.9606208491646945
2014-10-09,-2.087784845431485,1.074622887547072
2014-10-10,-1.1517080026210946,1.2549822594582003
2014-10-13,-1.6605033202522508,1.248001922099264
2014-10-14,0.1577619680866768,1.3123562357812226
2014-10-15,-0.8133300726077349,1.228064127174617
2014-10-16,0.0144967200441769,1.1895126903974789
2014-10-17,1.280181337714614,1.1148456447583652
2014-10-20,0.9101116121281314,1.1284486273499044
2014-10-21,1.938537082775091,1.0988822112109196
2014-10-22,-0.7326100661612184,1.2199873821662797
2014-10-23,1.2228305721599455,1.1754618246261497
2014-10-24,0.7028690175716193,1.173201443231775
2014-10-27,-0.1502696878837878,1.122044440464058
2014-10-28,1.1868364566910392,1.0553864967027586
2014-10-29,-0.138631599064252,1.0658503826034302
2014-10-30,0.6210797247873184,1.0037376793529051
2014-10-31,1.1663114233148568,0.9642475190120479
2014-11-03,-0.0118928916399473,0.9859859095584472
2014-11-04,-0.2833853252665144,0.9286199891093876
2014-11-05,0.568431106080471,0.8840333703128068
2014-11-06,0.3768403644328259,0.8535816135856468
2014-11-07,0.0349525126780807,0.8149305744378544
2014-11-10,0.3115327019558855,0.7724911845374776
2014-11-11,0.0696451630287213,0.7390702759291353
2014-11-12,-0.0701362578917869,0.7037361565684239
2014-11-13,0.0529704428400231,0.6733967877839075
2014-11-14,0.0240241348546805,0.6445464680083252
2014-11-17,0.0735088777658679,0.6187796550910196
2014-11-18,0.5120849353688389,0.5955932257516771
2014-11-19,-0.1502286875618818,0.5957625775985492
2014-11-20,0.1965164013202754,0.5797073967320401
2014-11-21,0.5223212603738253,0.5626914164350049
2014-11-24,0.285992981373923,0.5685679838672447
2014-11-25,-0.1150691468417284,0.5563181687936432
2014-11-26,0.2802052471603563,0.5434345102969419
2014-11-28,-0.2545664637012221,0.533981538706607
2014-12-01,-0.6852789344834435,0.5316416363434249
2014-12-02,0.6364166758848178,0.5793207878959673
2014-12-03,0.3757673834026979,0.5948406304510743
2014-12-04,-0.1162571731785843,0.584473756920605
2014-12-05,0.1663831598921052,0.5683353928507349
2014-12-08,-0.7283022149715385,0.5518326661467581
2014-12-09,-0.0237851825834147,0.6019905888545355
2014-12-10,-1.6486121183048768,0.5813405177805022
2014-12-11,0.4525433971620776,0.817406604027879
2014-12-12,-1.634646579165845,0.786476334923764
2014-12-15,-0.6362786271721939,0.9506963408499186
2014-12-16,-0.8525259865380821,0.9281746290670471
2014-12-17,2.0148073243295617,0.9311642632036763
2014-12-18,2.373137488570905,1.1093340856476872
2014-12-19,0.4559637967419008,1.314303285968339
2014-12-22,0.3803222479927145,1.2369961067767097
2014-12-23,0.1744838629704487,1.1636057489995801
2014-12-24,-0.0139306241074564,1.0916521326301114
2014-12-26,0.3304109982120948,1.0253019894147977
2014-12-29,0.0861403428089447,0.9687226844612704
2014-12-30,-0.4900593034504285,0.9125394795780638
2014-12-31,-1.036438356125046,0.8822411841109608
2015-01-02,-0.034002147313528,0.9165548615963625
2015-01-05,-1.844721353258727,0.8655285211768411
2015-01-06,-0.8933254690700171,1.0522778881027899
2015-01-07,1.1562735844876304,1.0429276957355789
2015-01-08,1.773016812715569,1.0513690247053342
2015-01-09,-0.8439322147078786,1.1528059659666732
2015-01-12,-0.8126616843470486,1.1257648636942679
2015-01-13,-0.2581885435816322,1.098925670490126
2015-01-14,-0.583002896797565,1.037579661935237
2015-01-15,-0.9290903004567546,1.0007587383809948
2015-01-16,1.3334893186267298,1.0025356693904484
2015-01-20,0.1548752433400387,1.0415341863397722
2015-01-21,0.472046502218936,0.9796073645672574
2015-01-22,1.5154313070630328,0.9333768567151732
2015-01-23,-0.5506656279301936,1.0145538832522347
2015-01-26,0.2565167998623274,0.977738932379333
2015-01-27,-1.3478287815857577,0.9232185387330663
2015-01-28,-1.358750281102202,0.9988592559813562
2015-01-29,0.948951705826357,1.0613768770378136
2015-01-30,-1.3077099006318498,1.043695136024968
2015-02-02,1.2879170000215296,1.0900311523079511
2015-02-03,1.4336238577453098,1.1084234795255001
2015-02-04,-0.4164706572452961,1.1441041433861
2015-02-05,1.0238810710909236,1.085796804531041
2015-02-06,-0.342402761187852,1.0728920197774434
2015-02-09,-0.4256239310481708,1.0174797255792254
2015-02-10,1.0618979554062369,0.9718740385775885
2015-02-11,-0.0029034010158247,0.978982804812175
2015-02-12,0.9598295065916026,0.92214267089085
2015-02-13,0.4066459227779422,0.9241422542590179
2015-02-17,0.1596299697798396,0.8799993724825377
2015-02-18,-0.0314358623228748,0.8322859099582608
2015-02-19,-0.1062621715718928,0.7888552837714112
2015-02-20,0.6107842721055837,0.7510447151976005
2015-02-23,-0.0303385211985694,0.7395351634698716
2015-02-24,0.2754972468831103,0.7048712420315503
2015-02-25,-0.0766016963602602,0.6769533899925648
2015-02-26,-0.147711863025381,0.6495071170408234
2015-02-27,-0.296068304863237,0.6273050658402016
2015-03-02,0.6106238181133017,0.6158302108932002
2015-03-03,-0.4548872603817567,0.622803771806364
2015-03-04,-0.4398161230154572,0.6253932801099216
2015-03-05,0.1195365251036088,0.6261396705567276
2015-03-06,-1.4275356362467069,0.6024966943237537
2015-03-09,0.3936662357975968,0.7775283073282017
2015-03-10,-1.7106820937141425,0.7474617174594621
2015-03-11,-0.1919520676484767,0.940258870399794
2015-03-12,1.2522702206037069,0.8908658019204237
2015-03-13,-0.6093237090196838,0.9374475616873367
2015-03-16,1.344290902385591,0.9140815673848673
2015-03-17,-0.3325697707782002,0.9707021027014493
2015-03-18,1.2085101501628708,0.9244752394663853
2015-03-19,-0.4884489126950175,0.9586354980243502
2015-03-20,0.8972382193259681,0.923223817939994
2015-03-23,-0.1747256606713301,0.9179803699522909
2015-03-24,-0.6158345701590925,0.870063132606326
2015-03-25,-1.4665926527239062,0.8554623949071414
2015-03-26,-0.2380330737473896,0.9674903056762626
2015-03-27,0.236576072950336,0.9172809744141475
2015-03-30,1.2162382647149437,0.8676850255682382
2015-03-31,-0.8834686217530795,0.9129962396583594
2015-04-01,-0.3973254201847525,0.9219271362797409
2015-04-02,0.3523452303714153,0.8842424686674916
2015-04-06,0.6587072647165644,0.841525415336648
2015-04-07,-0.2064032708587167,0.8231022835548306
2015-04-08,0.26789415573472,0.7853756113200194
2015-04-09,0.4447575873625805,0.7490630987054182
2015-04-10,0.5189376899456222,0.72506169294868
2015-04-13,-0.4591806820961145,0.7090722035124095
2015-04-14,0.162843225851382,0.7003593680050734
2015-04-15,0.5134989044995592,0.6697270481672395
2015-04-16,-0.0778746757985199,0.6601422895747948
2015-04-17,-1.137570418905323,0.6344789841879074
2015-04-20,0.9192748586536724,0.7380668249480308
2015-04-21,-0.1481702504767951,0.7632465180363226
2015-04-22,0.5074582853386292,0.7292302942175412
2015-04-23,0.2354940842552367,0.7118640649763739
2015-04-24,0.2250266824753486,0.6818507872587118
2015-04-27,-0.4149913240734652,0.6546050508240394
2015-04-28,0.2765404437346507,0.6490738473592369
2015-04-29,-0.3747348127573222,0.6271563595062407
2015-04-30,-1.0180553033248203,0.6217753424743603
2015-05-01,1.0863776563455256,0.7058507801149594
2015-05-04,0.293643314776302,0.7618406096172337
2015-05-05,-1.19080033585301,0.7287848427240677
2015-05-06,-0.4465681140931977,0.8191820969529492
2015-05-07,0.3766710469475405,0.7960610280023531
2015-05-08,1.3368147987361163,0.7631933330210352
2015-05-11,-0.5102556456082039,0.849839961569603
2015-05-12,-0.2953996439367266,0.8282600091996958
2015-05-13,-0.0305001290651667,0.7942525634009795
2015-05-14,1.0721604261760034,0.7543538697336093
2015-05-15,0.0768118827866475,0.798654484158472
2015-05-18,0.3043312472570502,0.7576881809219878
2015-05-19,-0.0643581597842015,0.7254723305955512
2015-05-20,-0.0930949450794048,0.6928279496192673
2015-05-21,0.2335145908744808,0.6641898933898143
2015-05-22,-0.2236385149483597,0.6390608409769564
2015-05-26,-1.0335204907502331,0.6216510549527094
2015-05-27,0.912091892911008,0.7086192912830985
2015-05-28,-0.1267563917487054,0.7378460826694658
2015-05-29,-0.6338515184097658,0.7056543507851832
2015-06-01,0.205734349914766,0.7154830616537328
2015-06-02,-0.100910516534782,0.6842692348056549
2015-06-03,0.2116629469755999,0.6567393348081536
2015-06-04,-0.8660562215101069,0.63173106629908
2015-06-05,-0.1437215232732535,0.6871910967679226
2015-06-08,-0.6495560338305542,0.6607941844726948
2015-06-09,0.0418265519002764,0.6795866372738912
2015-06-10,1.1970491752514407,0.6501407673905806
2015-06-11,0.1737116756528132,0.7376966571054557
2015-06-12,-0.7018874653102702,0.7035675593191448
2015-06-15,-0.4633289621771347,0.7220352409570971
2015-06-16,0.5673730515753803,0.7120293101196703
2015-06-17,0.197768439507284,0.7016323940475436
2015-06-18,0.9854000054008836,0.6716166354471061
2015-06-19,-0.531761523794962,0.7184285056123538
2015-06-22,0.6076367981542122,0.7153516431025249
2015-06-23,0.0635666425193386,0.7081437390960214
2015-06-24,-0.7380465718305258,0.6758189430053735
2015-06-25,-0.2978004156596414,0.703710943692639
2015-06-26,-0.0390155744922384,0.683292950564321
2015-06-29,-2.108696950861153,0.6543688461058608
2015-06-30,0.265496235246741,0.980168162243786
2015-07-01,0.6912096434637041,0.92566501390617
2015-07-02,-0.0308070189546534,0.9001226870824767
2015-07-06,-0.3869232698897424,0.8505204094858669
2015-07-07,0.6062560593868743,0.8196717021742791
2015-07-08,-1.679296491214163,0.7994081238575413
2015-07-09,0.2259647644819989,0.9695066669470236
2015-07-10,1.226298638500772,0.9149967036221938
2015-07-13,1.1005268507355188,0.9533797220011071
2015-07-14,0.444327323650017,0.9681214718683671
2015-07-15,-0.0735256300737286,0.9215736446632475
2015-07-16,0.7982733444475738,0.8707314411588302
2015-07-17,0.110557162445071,0.8619371692177239
2015-07-20,0.0770936624001602,0.8153291680939515
2015-07-21,-0.4270796242723094,0.7728169791477104
2015-07-22,-0.2390565020190279,0.7535723504765355
2015-07-23,-0.5692210211379454,0.7243863148885232
2015-07-24,-1.0761020696661188,0.7243227642525194
2015-07-27,-0.5791755065064178,0.795285161213727
2015-07-28,1.2310073801889354,0.7866773323946262
2015-07-29,0.7292142927383681,0.8499396977978406
2015-07-30,0.0028366904022368,0.8369465088487024
2015-07-31,-0.2274103801051709,0.7926916882864011
2015-08-03,-0.276069394490455,0.7589131008148565
2015-08-04,-0.2252239166932867,0.7311146978459557
2015-08-05,0.3109838185490679,0.7036135319991134
2015-08-06,-0.7783195922562142,0.6772902067514401
2015-08-07,-0.2879022856337714,0.7105424732787256
2015-08-10,1.2726835632025084,0.6887356133922833
2015-08-11,-0.9603064680182268,0.7810390388735072
2015-08-12,0.0949603638214694,0.8220868974761936
2015-08-13,-0.1276025868381203,0.7790194349411634
2015-08-14,0.3904332274359137,0.7427769901518375
2015-08-17,0.5197891709402951,0.7162321193272542
2015-08-18,-0.26289829356331,0.7013763277444899
2015-08-19,-0.8289136409597112,0.6791127587125277
2015-08-20,-2.132596045414616,0.7194003140449431
2015-08-21,-3.23692425218784,1.0247668805676402
2015-08-24,-4.021144434651916,1.4962051847025943
2015-08-25,-1.3614249742655895,1.989474144709295
2015-08-26,3.829129943453164,1.9168326677521854
2015-08-27,2.400725448969004,2.212548310525383
2015-08-28,0.0608551156876215,2.2126267360978638
2015-08-31,-0.8427078663984168,2.058449887017879
2015-09-01,-3.0022649842427995,1.9414235261013937
2015-09-02,1.812767142321464,2.0971629063988377
2015-09-03,0.1164115699418892,2.0440990321436434
2015-09-04,-1.544830875427624,1.902735344471781
2015-09-08,2.4773637197038503,1.857602369708286
2015-09-09,-1.3995035769084718,1.9226787711853668
2015-09-10,0.5264075444935657,1.860820778432631
2015-09-11,0.447700644498628,1.7407863166171977
2015-09-14,-0.409804122304381,1.6279860693875374
2015-09-15,1.274968763143236,1.5271551395855716
2015-09-16,0.8667740715375899,1.4862844694709805
2015-09-17,-0.2564344442560098,1.4155819456375733
2015-09-18,-1.629623095438354,1.3271992634675753
2015-09-21,0.4555392033672696,1.372971971483913
2015-09-22,-1.2394930019378314,1.2906421066663678
2015-09-23,-0.2050744229593946,1.2892550646417602
2015-09-24,-0.336865187130644,1.209907345992864
2015-09-25,-0.0465901801220549,1.1418500141293109
2015-09-28,-2.600121116280911,1.0716449908522638
2015-09-29,0.1232093912981713,1.3661013654992238
2015-09-30,1.889589860356512,1.2772359648815024
2015-10-01,0.1971938678337172,1.353193208847887
2015-10-02,1.4213793016405512,1.26605357928233
2015-10-05,1.812459351850216,1.275522343350221
2015-10-06,-0.35946893441433,1.339452428737757
2015-10-07,0.8003519857552759,1.2610232942496018
2015-10-08,0.8779780144558488,1.2079327093489634
2015-10-09,0.0724848560515357,1.1665621281780978
2015-10-12,0.127466447733306,1.093667558491354
2015-10-13,-0.6848823690127077,1.0270696960639336
2015-10-14,-0.4727430911939143,0.9999549552941774
2015-10-15,1.4743551351355089,0.9591227436493442
2015-10-16,0.4560061373697022,1.0281346288695221
2015-10-19,0.0270508943873059,0.9764524418282953
2015-10-20,-0.1422101055893761,0.9196378285415269
2015-10-21,-0.5842448911134254,0.8705791005831278
2015-10-22,1.6490847012594123,0.8529692603680903
2015-10-23,1.0969953969042787,0.9770812610121059
2015-10-26,-0.191493300110011,0.9877961662399173
2015-10-27,-0.255738586508774,0.93405922304382
2015-10-28,1.1770488488143476,0.8877091354250076
2015-10-29,-0.0449875380660723,0.9236292780620714
2015-10-30,-0.4821481688425431,0.8721276805490507
2015-11-02,1.1803876338814607,0.8457294437933154
2015-11-03,0.2724352925067521,0.8895976680960713
2015-11-04,-0.3551666939647187,0.8435105220028015
2015-11-05,-0.1132789756498302,0.8113801869605634
2015-11-06,-0.034768178002366,0.7716010020117121
2015-11-09,-0.9871290656502512,0.7339152497987368
2015-11-10,0.1509455153449644,0.7880951731729625
2015-11-11,-0.3233307321568945,0.7487400079056641
2015-11-12,-1.4089163336632673,0.7248751465561764
2015-11-13,-1.127064043215544,0.8588765181901542
2015-11-16,1.4793302794234362,0.9110554942172404
2015-11-17,-0.1340277018246574,0.9906654156400345
2015-11-18,1.6033229877172244,0.9350119133600071
2015-11-19,-0.1123740328979201,1.031333171633964
2015-11-20,0.3802955280149416,0.9716115125628203
2015-11-23,-0.1235623841684088,0.9217989446827939
2015-11-24,0.1221249944960792,0.8720429140358327
2015-11-25,-0.0129140614967155,0.8246150769359084
2015-11-27,0.0593441559480839,0.7816552272144865
2015-11-30,-0.4651800139618441,0.7422613129101134
2015-12-01,1.062393894673922,0.7298632137203215
2015-12-02,-1.105659263944892,0.777310331406384
2015-12-03,-1.4477826444150088,0.8421011804841134
2015-12-04,2.031785636385123,0.9537533432175237
2015-12-07,-0.7014043960397749,1.1292802064361702
2015-12-08,-0.6511052625594548,1.0920299027035176
2015-12-09,-0.7769086365692726,1.0547069380230487
2015-12-10,0.2248856578594677,1.032941031177069
2015-12-11,-1.961386775581532,0.9728609173128941
2015-12-14,0.4744288064068024,1.1542250045584754
2015-12-15,1.0562580105914383,1.0917829231132656
2015-12-16,1.4410635650771484,1.0816380297915977
2015-12-17,-1.5154776635876426,1.1229295444834437
2015-12-18,-1.7957495007106823,1.1872480573992619
2015-12-21,0.77483067271562,1.2857970747613063
2015-12-22,0.8778095591568889,1.2283814929481371
2015-12-23,1.2341596527553889,1.1847764397967995
2015-12-24,-0.1599915403863319,1.182581549579727
2015-12-28,-0.2180936456306016,1.1110249500971172
2015-12-29,1.0573664173022947,1.0472262107351091
2015-12-30,-0.7243398783778549,1.0431736373095617
2015-12-31,-0.9456485041467846,1.0177775887148053
2016-01-04,-1.5422041797805928,1.0191247427030483
2016-01-05,0.2010204139359939,1.1083746961920702
2016-01-06,-1.320216300262602,1.0414192741574038
2016-01-07,-2.3985816519344776,1.0900584429430338
2016-01-08,-1.089753744584791,1.3327424336730387
2016-01-11,0.0852908295822672,1.3088118985337396
2016-01-12,0.7772514117774639,1.2243779507644639
2016-01-13,-2.528237507790891,1.173328101370392
2016-01-14,1.6558060934383971,1.4202734894437268
2016-01-15,-2.183577269816237,1.437621608575201
2016-01-19,0.0531680187428828,1.5524906376502463
2016-01-20,-1.1762766025898372,1.4487559410381619
2016-01-21,0.5181988635948063,1.419681195983462
2016-01-22,2.008072688221347,1.3358136428199978
2016-01-25,-1.5761545172821467,1.4200927769196108
2016-01-26,1.4045237830367907,1.4433237106084154
2016-01-27,-1.0922922300528426,1.4264218790166885
2016-01-28,0.5513350717591524,1.3914263952267627
2016-01-29,2.4458650994556432,1.3114270461009492
2016-02-01,-0.0443334845541805,1.4796618035327662
2016-02-02,-1.892096871823143,1.3821179044816674
2016-02-03,0.4979620021574023,1.4588479157147476
2016-02-04,0.1525568292523437,1.3708454577382532
2016-02-05,-1.8654158276351849,1.281812081943058
2016-02-08,-1.4255057923057348,1.373275772477999
2016-02-09,-0.0663840646760225,1.3834735498477682
2016-02-10,-0.0188968130760916,1.2938070700583426
2016-02-11,-1.2377447329256217,1.2108733052974283
2016-02-12,1.933001520704595,1.2206389593993574
2016-02-16,1.6381737741684916,1.3148543058351607
2016-02-17,1.6346110625641337,1.3460915512225502
2016-02-18,-0.4676632123934705,1.3719045914148102
2016-02-19,-0.0026033281801842,1.2954751423808857
2016-02-22,1.4350731099076084,1.2122897895443796
2016-02-23,-1.253257757078849,1.231596369042789
2016-02-24,0.4429960034631948,1.2403174640204517
2016-02-25,1.1284366730450843,1.1689060910118356
2016-02-26,-0.1871865329564653,1.1566572226268896
2016-02-29,-0.8154131091571704,1.0879995410599679
2016-03-01,2.358838540161873,1.0659697177332572
2016-03-02,0.4085949861101922,1.2799623286105293
2016-03-03,0.3492634320316937,1.2038622266704628
2016-03-04,0.3300439865941698,1.1323123256394694
2016-03-07,0.0884622800863948,1.0663197955673787
2016-03-08,-1.130375605600619,1.0018061967017333
2016-03-09,0.5039672782814251,1.0294522827367758
2016-03-10,0.0155792797122626,0.9801146815764826
2016-03-11,1.626254558885149,0.923043517198181
2016-03-14,-0.1261768616611857,1.0262032174632951
2016-03-15,-0.1838630934317958,0.9672378034133068
2016-03-16,0.5584727881779918,0.9151122097431187
2016-03-17,0.6573583068596323,0.8806266913951238
2016-03-18,0.4395967251026177,0.8574593314080728
2016-03-21,0.0985091904292301,0.8216199441223636
2016-03-22,-0.0877772896772251,0.7786148327578937
2016-03-23,-0.640650953066712,0.7413184084788693
2016-03-24,-0.0378141779376819,0.7466304782394706
2016-03-28,0.0545106888072358,0.711398262410607
2016-03-29,0.877801205423741,0.6787571446222315
2016-03-30,0.4340879993566219,0.7084432691384301
2016-03-31,-0.2041842359620711,0.6883379297995892
2016-04-01,0.6310959066599756,0.6644050550388434
2016-04-04,-0.3213480045854618,0.6664406575502608
2016-04-05,-1.019629841179453,0.6519662108488624
2016-04-06,1.0452797932013158,0.729190682582883
2016-04-07,-1.204807397000487,0.7741303618608429
2016-04-08,0.2782702604616283,0.8567019618494587
2016-04-11,-0.2743545889603834,0.8138724761603925
2016-04-12,0.9615753881389976,0.7802279274707893
2016-04-13,0.9990069768557897,0.8040955124643022
2016-04-14,0.0172912430132425,0.8290857242534049
2016-04-15,-0.0984769576145959,0.7854387194267788
2016-04-18,0.6519725613797989,0.7477523360351442
2016-04-19,0.3079737902866533,0.7404855082961568
2016-04-20,0.07612550492345,0.710177346947237
2016-04-21,-0.5207562857292034,0.6776709534988234
2016-04-22,0.0047858579540742,0.6791292455609288
2016-04-25,-0.1813689620762995,0.6499915583341126
2016-04-26,0.187100017423693,0.6291940622944141
2016-04-27,0.164799411174684,0.60646081876624
2016-04-28,-0.9273636061561672,0.5856733213603376
2016-04-29,-0.5075949230557177,0.6619197440930099
2016-05-02,0.7779606697244105,0.6642583178402327
2016-05-03,-0.8714499388395888,0.6831655737421365
2016-05-04,-0.595458270547255,0.7291258532049582
2016-05-05,-0.0239036692794152,0.7311893201033908
2016-05-06,0.3169610553552606,0.6972418083268213
2016-05-09,0.0753213307609947,0.671867730712873
2016-05-10,1.240636523603733,0.6431832557450647
2016-05-11,-0.9607522877868724,0.7406764961732004
2016-05-12,-0.0169479267964244,0.7893637441549832
2016-05-13,-0.8514434161752484,0.7497406182751774
2016-05-16,0.9748976389612768,0.7805445193244163
2016-05-17,-0.9455863552162806,0.8061658614208581
2016-05-18,0.0205157686401279,0.8405606386783409
2016-05-19,-0.3713594522720624,0.7958416466261579
2016-05-20,0.6001459222804671,0.7699109892522951
2016-05-23,-0.2087636568101688,0.7551196422889539
2016-05-24,1.3588637533990109,0.7243355583177653
2016-05-25,0.6950529651583447,0.8242140339697436
2016-05-26,-0.021046604992859,0.8112178609613065
2016-05-27,0.4277694939439437,0.7695999121871642
2016-05-31,-0.1005768620589989,0.7423029908379466
2016-06-01,0.1134398653926189,0.7088859623985991
2016-06-02,0.2820696166986195,0.6767276787779375
2016-06-03,-0.2916062236694851,0.6520411149706968
2016-06-06,0.4885328519363623,0.6372526176372739
2016-06-07,0.1288615629197613,0.6297860771423871
2016-06-08,0.3304101971954724,0.6058737542736325
2016-06-09,-0.1719235597893807,0.591457737098201
2016-06-10,-0.9217532410166118,0.5769111294041633
2016-06-13,-0.8148298789709478,0.6542489587248818
2016-06-14,-0.1800505071971903,0.6971507638255848
2016-06-15,-0.1842409063810195,0.6711668154347966
2016-06-16,0.3128093111045572,0.6481685505756762
2016-06-17,-0.3263284144608922,0.6279737971764245
2016-06-20,0.5791382778423102,0.6186151248805412
2016-06-21,0.2708390604209703,0.6219311940031803
2016-06-22,-0.165292899657585,0.6027884386424213
2016-06-23,1.3275567071955108,0.5866009532097762
2016-06-24,-3.658079280558263,0.7171646666552591
2016-06-27,-1.8262246511702755,1.4606497467849622
2016-06-28,1.7614121604087918,1.5132212508770164
2016-06-29,1.6889242971253915,1.5307573374756962
2016-06-30,1.3473863149466128,1.5362628122817117
2016-07-01,0.1946706293032022,1.50161124426468
2016-07-05,-0.6871028985598719,1.4026167586089608
2016-07-06,0.5338687058275959,1.3361600306761232
2016-07-07,-0.0871957886733,1.2602098176342622
2016-07-08,1.51381865659924,1.1807943195014996
2016-07-11,0.3402819311998238,1.2160497016002911
2016-07-12,0.6984842307345719,1.1431936996595724
2016-07-13,0.0134758674981703,1.0947638216862945
2016-07-14,0.5245422801697,1.0279542701953814
2016-07-15,-0.0929379059871143,0.9799062752597946
2016-07-18,0.2379461821868736,0.9242703294602859
2016-07-19,-0.1436204500415386,0.8740759455659394
2016-07-20,0.4261208315763991,0.8292570794573724
2016-07-21,-0.3619069856524975,0.7955685564502833
2016-07-22,0.4543626789510244,0.7690348303739308
2016-07-25,-0.30160187399297,0.7434354143141876
2016-07-26,0.0322732160719412,0.7188028429074386
2016-07-27,-0.1199260946808637,0.6855064658265817
2016-07-28,0.1604920448092453,0.6584464728544219
2016-07-29,0.1629980117657865,0.6320449284314252
2016-08-01,-0.1270594147491058,0.6084645895873801
2016-08-02,-0.6381940812667669,0.5900031299886798
2016-08-03,0.3129042716071097,0.6194597950956248
2016-08-04,0.0212549299489087,0.6025345151950459
2016-08-05,0.856669728938006,0.5812398249247852
2016-08-08,-0.0907577291541599,0.626164965543533
2016-08-09,0.0389717986555982,0.6044957894079159
2016-08-10,-0.2868797063488285,0.5828743361460109
2016-08-11,0.4723415102443644,0.5763739247478528
2016-08-12,-0.0796363386914057,0.5757020912498315
2016-08-15,0.2789016294521772,0.5593244603000485
2016-08-16,-0.5494142216478226,0.547853207680694
2016-08-17,0.1866846006155566,0.5731143130929427
2016-08-18,0.2197201696382422,0.5565739848621071
2016-08-19,-0.1441309568768186,0.5429790409545321
2016-08-22,-0.0563481883323107,0.5329566944929589
2016-08-23,0.1949867178361733,0.5209096117000901
2016-08-24,-0.5254055259671874,0.510780979692263
2016-08-25,-0.1366160396645455,0.5396604362695633
2016-08-26,-0.1580064238713278,0.5297041786635451
2016-08-29,0.5214428428674345,0.5220174887179303
2016-08-30,-0.1955591407122778,0.5340553830532899
2016-08-31,-0.2378691105562606,0.5278627159861943
2016-09-01,-0.0041385389411442,0.525181760405129
2016-09-02,0.4192241599034617,0.512947926392344
2016-09-06,0.2977242370005349,0.5167947819115544
2016-09-07,-0.014639593829345,0.5116606206117446
2016-09-08,-0.2225488192470288,0.5012321551638236
2016-09-09,-2.482774241083641,0.5011608726749552
2016-09-12,1.4570387233434434,1.0103204830876449
2016-09-13,-1.4941748278210834,1.066748966658582
2016-09-14,-0.0587849399812835,1.138283096511447
2016-09-15,1.005851644943989,1.068532275196408
2016-09-16,-0.37794277955721,1.0559166283498245
2016-09-19,-0.0018603233824686,1.0038842907873011
2016-09-20,0.0299093484234177,0.9448866518579148
2016-09-21,1.085800033363595,0.8908049608975722
2016-09-22,0.6478751917642122,0.913411057779732
2016-09-23,-0.5753292959718775,0.8857132547887236
2016-09-26,-0.8624850117916046,0.8654751851825598
2016-09-27,0.6423495165298114,0.87892989735777
2016-09-28,0.5282576603642458,0.8547172754099214
2016-09-29,-0.9365127730081196,0.8246444386716614
2016-09-30,0.79363925880277,0.8545628904878149
2016-10-03,-0.3266023181527122,0.8474177995852051
2016-10-04,-0.4967881786362002,0.8131754325617105
2016-10-05,0.4287486231196994,0.7948113908106542
2016-10-06,0.0481443852604502,0.7648741099688771
2016-10-07,-0.3258787441614204,0.7270799043765122
2016-10-10,0.4595330317324387,0.705818211768973
2016-10-11,-1.2524577697755963,0.6877324265725961
2016-10-12,0.114593220639882,0.8000501176619498
2016-10-13,-0.3104076412233994,0.7591587966511383
2016-10-14,0.020158415912115,0.7333366916883133
2016-10-17,-0.3042618111840263,0.698698341156075
2016-10-18,0.6141505605698631,0.6792683222939887
2016-10-19,0.2189572155350499,0.6775215874080247
2016-10-20,-0.1376671131380955,0.6505460857654434
2016-10-21,-0.0084145140154779,0.6278374193311252
2016-10-24,0.4738594647427365,0.6041662739818693
2016-10-25,-0.3804957464706359,0.599842154262824
2016-10-26,-0.1741927921187231,0.5986487616614166
2016-10-27,-0.2991195906008866,0.5833672571114941
2016-10-28,-0.311314013962507,0.577707779164612
2016-10-31,-0.0122283884198553,0.5737332219809135
2016-11-01,-0.6810019108735079,0.5560153488045809
2016-11-02,-0.6546884453454002,0.5980410750085803
2016-11-03,-0.4433213022609399,0.6282975353214862
2016-11-04,-0.166752027169296,0.6289737391286155
2016-11-07,2.1980199729464904,0.6098603219246964
2016-11-08,0.376487839715753,0.9459683134933606
2016-11-09,1.1016119879656034,0.8983974987337295
2016-11-10,0.1948845716095396,0.9219202325053454
2016-11-11,-0.1398928347797605,0.8710165147991348
2016-11-14,-0.0115509457183237,0.8263725519407912
2016-11-15,0.7452955022089459,0.7832349500825455
2016-11-16,-0.1583516522375953,0.7806227104133284
2016-11-17,0.4665469361197901,0.7452401728013447
2016-11-18,-0.238965136554844,0.72309593571838
2016-11-21,0.7433702070873875,0.697145044701492
2016-11-22,0.2163091103593048,0.706689750942421
2016-11-23,0.0807698156908801,0.6766433439374264
2016-11-25,0.3906745613423708,0.6474927591401193
2016-11-28,-0.5268389254735216,0.631695788752016
2016-11-29,0.1334402353261901,0.6405338457466296
2016-11-30,-0.2656930555156394,0.6155533355756518
2016-12-01,-0.3521722966763813,0.6034707486557123
2016-12-02,0.0396927720084623,0.5993487756487615
2016-12-05,0.5804426926743671,0.578280113674683
2016-12-06,0.3405084468874609,0.5877307630958101
2016-12-07,1.307735874472335,0.5760708043671469
2016-12-08,0.2157015016871101,0.7055472574347939
2016-12-09,0.5921418532969714,0.6756001030067231
2016-12-12,-0.1138082290599516,0.6722271056200575
2016-12-13,0.651848320123699,0.6463570770358725
2016-12-14,-0.8150295461858615,0.6532142626440761
2016-12-15,0.3875707687553573,0.6963457854585824
2016-12-16,-0.1752156750980241,0.6747411272996546
2016-12-19,0.1973172715211258,0.650950837934439
2016-12-20,0.3630912401152755,0.6261612643943765
2016-12-21,-0.2460385724677666,0.6112043293549527
2016-12-22,-0.1864711222396504,0.5984020171036063
2016-12-23,0.1250932535079235,0.583762135264155
2016-12-27,0.2245848904548634,0.5647764674479117
2016-12-28,-0.8391640709771516,0.550388566063385
2016-12-29,-0.0293347731868372,0.6193435429001444
2016-12-30,-0.4647834696854234,0.5969154070509148
2017-01-03,0.8450766753157112,0.6043119711947037
2017-01-04,0.5705963770549438,0.6429710034579246
2017-01-05,-0.0770967602481184,0.642010724851164
2017-01-06,0.3510789180579059,0.6182436403854281
2017-01-09,-0.3554905471559629,0.6035223403535576
2017-01-10,0.0,0.5996702271550579
2017-01-11,0.2825642389101951,0.5789107121359657
2017-01-12,-0.2147112393729617,0.5652577942845279
2017-01-13,0.1848131395146655,0.5562183945316576
2017-01-17,-0.2971914456218445,0.5415742254349576
2017-01-18,0.176220046980932,0.541416046674286
2017-01-19,-0.3615837624319374,0.5282785128638212
2017-01-20,0.3360584061299942,0.5356812952605685
2017-01-23,-0.2693749646069815,0.5303349661226276
2017-01-24,0.6543140528962317,0.5295821345501462
2017-01-25,0.7994052795968681,0.55578773144466
2017-01-26,-0.0735654935263103,0.5971728411849287
2017-01-27,-0.0866839489741592,0.5781929820341574
2017-01-30,-0.6027673496096654,0.5617491559945386
2017-01-31,-0.0890301608032545,0.5915373841449045
2017-02-01,0.0298318988116289,0.573651129946605
2017-02-02,0.0570146838691013,0.5554622386757411
2017-02-03,0.7238496854553608,0.5392134874401904
2017-02-06,-0.2117597513709103,0.5729433308480522
2017-02-07,0.0226803463845771,0.5627694971664257
2017-02-08,0.0693082148609631,0.5458572257951526
2017-02-09,0.573606373596025,0.5307121743466371
2017-02-10,0.3559706822009091,0.5469867745346392
2017-02-13,0.5232133584011204,0.5414330813914301
2017-02-14,0.3999327195672579,0.5506134807124775
2017-02-15,0.497988866573445,0.5476534347031222
2017-02-16,-0.0864491601550169,0.5534218398893391
2017-02-17,0.1677149327237158,0.539849627816257
2017-02-21,0.6029850020069154,0.5266828388746987
2017-02-22,-0.1082786146804093,0.5470426153510816
2017-02-23,0.0418898971259233,0.5350075635576549
2017-02-24,0.1492250232031652,0.5211576832731577
2017-02-27,0.1017465267733664,0.5098047334405532
2017-02-28,-0.2581706115194909,0.49909891741324336
2017-03-01,1.3581211083725322,0.5019118683380936
2017-03-02,-0.587711697210527,0.66666789222713
2017-03-03,0.0503750368534789,0.6770655681455081
2017-03-06,-0.3282622763565812,0.6478493791224924
2017-03-07,-0.2917625902089877,0.6361459110794083
2017-03-08,-0.2286827964063899,0.6232881954576622
2017-03-09,0.0799575612766386,0.6080048108287954
2017-03-10,0.3263339705858542,0.5859887405230049
2017-03-13,0.0366565619169632,0.5737337600757672
2017-03-14,-0.3384748980891005,0.5554938598100804
2017-03-15,0.8339879124686365,0.5568123859001018
2017-03-16,-0.1628034799183614,0.6032286818358624
2017-03-17,-0.1315179264231435,0.5868749941780941
2017-03-20,-0.2011916080380294,0.5710570781798734
2017-03-21,-1.2485594590102116,0.5605096847344575
2017-03-22,0.1888102847462667,0.7086782216254192
2017-03-23,-0.1060832144830083,0.6777414860317291
2017-03-24,-0.0844352213938482,0.65104763960005
2017-03-27,-0.102010758584563,0.6265219211299635
2017-03-28,0.7225308829623951,0.6051674726788153
2017-03-29,0.1084736203830169,0.6268877781345847
2017-03-30,0.2930810911705013,0.6030496457693438
2017-03-31,-0.2257593938266817,0.5870567895204476
2017-04-03,-0.1643475308013331,0.5759680396308104
2017-04-04,0.0559366074661371,0.5628944913732801
2017-04-05,-0.3059536811522123,0.5458053116994981
2017-04-06,0.1927650293734993,0.5457614473493573
2017-04-07,-0.0827472462944871,0.5325716246432805
2017-04-10,0.0687450135783276,0.5213701826202054
2017-04-11,-0.1434908291958284,0.5090886899463264
2017-04-12,-0.3767037418986906,0.5033252743719218
2017-04-13,-0.6838020289804216,0.5161162166933387
2017-04-17,0.8576465691107291,0.5668795734202458
2017-04-18,-0.2907602845833255,0.6148863980562524
2017-04-19,-0.1717825396868574,0.6045837638840649
2017-04-20,0.7528850362973852,0.5884938512103058
2017-04-21,-0.3039688107115378,0.6170963563747659
2017-04-24,1.0781736588111828,0.6074580221837707
2017-04-25,0.6072214211751177,0.6835300261787234
2017-04-26,-0.0485821475687349,0.6805261481280873
2017-04-27,0.0552767000299206,0.6520696159408015
2017-04-28,-0.1914979471490041,0.6253926624345102
2017-05-01,0.1730791826893825,0.6078641652159997
2017-05-02,0.1188343585811529,0.5871060663330787
2017-05-03,-0.1272169395827386,0.5676704783840494
2017-05-04,0.0581933287869546,0.5539250470915639
2017-05-05,0.4080359407478359,0.537850286303665
2017-05-08,0.0037445271907879,0.5372528741697882
2017-05-09,-0.1025774556793217,0.523480598190708
2017-05-10,0.1129962717449474,0.5141044170815717
2017-05-11,-0.2165151374106618,0.5030025374045394
2017-05-12,-0.1479535340794259,0.5022782828567662
2017-05-15,0.4765142303015233,0.4976276140744869
2017-05-16,-0.0687133036986045,0.509005801831697
2017-05-17,-1.834546817111504,0.50024583324995
2017-05-18,0.3680038627215951,0.8206217581918349
2017-05-19,0.67447032082007,0.7848415290856066
2017-05-22,0.514686329600843,0.7749075150779317
2017-05-23,0.183618517238041,0.752755887069458
2017-05-24,0.2486033804576294,0.7173540726547394
2017-05-25,0.4432112041978174,0.6871978492093537
2017-05-26,0.0310501785302423,0.6701702173842281
2017-05-30,-0.1205350729533819,0.6417269058832636
2017-05-31,-0.0460074619951327,0.6193452943885225
2017-06-01,0.7542595584847225,0.5972503774642771
2017-06-02,0.370087461804602,0.6244755638516826
2017-06-05,-0.1218407140428638,0.6101401090786425
2017-06-06,-0.2782908666204083,0.591292340812109
2017-06-07,0.1567028796347538,0.5830942187482387
2017-06-08,0.0267169035664767,0.5647178590166944
2017-06-09,-0.0830333866187276,0.5475529767257832
2017-06-12,-0.0979242479718113,0.5345637185365181
2017-06-13,0.450135884323014,0.5236512820393727
2017-06-14,-0.0996326965317602,0.5285829142400128
2017-06-15,-0.2242109796840374,0.518465278762692
2017-06-16,0.0283599150059695,0.516134064136676
2017-06-19,0.8312583206893995,0.5046023248485119
2017-06-20,-0.6719160446931665,0.5618734383381232
2017-06-21,-0.0582814193271596,0.6013922418330918
2017-06-22,-0.0455885972438085,0.5815402185536882
2017-06-23,0.1559698555409097,0.5635945198233763
2017-06-26,0.0315751939732361,0.547405305810138
2017-06-27,-0.8105586575672906,0.5321766327478172
2017-06-28,0.8769501646551084,0.6004326628449689
2017-06-29,-0.8637216844141349,0.6446138694650559
2017-06-30,0.1532057610873533,0.6970344998838027
2017-07-03,0.230816797914758,0.6665681704708121
2017-07-05,0.14522240362887,0.6411012001653503
2017-07-06,-0.9412987306866184,0.6162404496980964
2017-07-07,0.6382712569615802,0.6878130289188905
2017-07-10,0.0927336103512565,0.6872882101659753
2017-07-11,-0.0782987066082173,0.6571229456279305
2017-07-12,0.7279050947821435,0.6317880031200508
2017-07-13,0.1872829473473065,0.6497509744474315
2017-07-14,0.4662616170009233,0.624835353141084
2017-07-17,-0.0052914236706864,0.6171850862368754
2017-07-18,0.0597678698110987,0.5946053363282556
2017-07-19,0.535825821605345,0.5740022445299814
2017-07-20,-0.0153671088607044,0.5795266597485277
2017-07-21,-0.0367939329208882,0.5612112835789925
2017-07-24,-0.1064300995408804,0.5453761607705077
2017-07-25,0.2918907519898033,0.5334714054938726
2017-07-26,0.0282624006119479,0.5258682239739015
2017-07-27,-0.0973161637393713,0.5131769501485897
2017-07-28,-0.1342015678116038,0.5048855063462778
2017-07-31,-0.0728410834559801,0.49922095364687963
2017-08-01,0.2446120774938466,0.49182309946098124
2017-08-02,0.0492527407347449,0.48728458381794076
2017-08-03,-0.218604183494567,0.47917067184739537
2017-08-04,0.1887321417539568,0.4819607770144028
2017-08-07,0.1645844644280467,0.4765459310391248
2017-08-08,-0.2417352230385335,0.4711275953167354
2017-08-09,-0.0363674792712376,0.47679658384262374
2017-08-10,-1.458021840074153,0.4712119199704895
2017-08-11,0.1274757127987136,0.7030789655312586
2017-08-14,0.9993651246049404,0.67164392172101
2017-08-15,-0.049893232688349,0.7206256294931388
2017-08-16,0.1419095523332371,0.6881624306770713
2017-08-17,-1.5557342487191417,0.6584117461103787
2017-08-18,-0.1837053661351993,0.8444822844724684
2017-08-21,0.1161975714566196,0.803794630211437
2017-08-22,0.9891695260625076,0.762567822447752
2017-08-23,-0.3459570132639007,0.7932221345940168
2017-08-24,-0.2076616747138441,0.7659058561403261
2017-08-25,0.1671471668937421,0.7339652754061725
2017-08-28,0.0486953473296074,0.7000791371530884
2017-08-29,0.0842466762009791,0.6685656052670786
2017-08-30,0.4604531788061043,0.6402467883785297
2017-08-31,0.5704673584713544,0.6301816599368973
2017-09-01,0.1980578042335197,0.6309940249195802
2017-09-05,-0.7579458552144929,0.6083519086148674
2017-09-06,0.3123842493144133,0.6515749684549339
2017-09-07,-0.0178452044853709,0.6309789658551528
2017-09-08,-0.1489960143457705,0.6071150072347832
2017-09-11,1.0780975197147025,0.5897001362952575
2017-09-12,0.3358302594883113,0.6700037305152392
2017-09-13,0.0756834248082529,0.6485139130802788
2017-09-14,-0.1101323850827973,0.6222193853626634
2017-09-15,0.1845477546159349,0.6016087279467279
2017-09-18,0.145486192912933,0.5818147956238073
2017-09-19,0.1109579616731385,0.5633667038186688
2017-09-20,0.0634146702309437,0.5464903784283391
2017-09-21,-0.3050565946914834,0.531265975485372
2017-09-22,0.064758399516702,0.533201337762023
2017-09-25,-0.2224522699853856,0.5195193587592288
2017-09-26,0.0072164125894879,0.5169284755602517
2017-09-27,0.4076822401987924,0.5055216215333647
2017-09-28,0.1203890628938027,0.5095013889273414
2017-09-29,0.3698263068498826,0.4990553217944349
2017-10-02,0.3866518829712313,0.501019018936947
2017-10-03,0.2156511184660919,0.503977027818035
2017-10-04,0.1245943661113638,0.4966716636514799
2017-10-05,0.563090403129274,0.4878648329137532
2017-10-06,-0.1074211165239724,0.5102584246397279
2017-10-09,-0.1806063868013556,0.5027309180092011
2017-10-10,0.2319719630478064,0.4997997794955947
2017-10-11,0.1801882929663564,0.4936732084201608
2017-10-12,-0.1688177120351388,0.48649156694287904
2017-10-13,0.0877722004846304,0.48508632873372287
2017-10-16,0.1749222532305753,0.477316030441651
2017-10-17,0.0672352905433993,0.4720833011342556
2017-10-18,0.0742059511329546,0.46587955774776213
2017-10-19,0.0327944115010485,0.46049224045295695
2017-10-20,0.5103796185030386,0.4558939602130503
2017-10-23,-0.3980395312997195,0.4778843455416779
2017-10-24,0.1616600874558041,0.49719796271238853
2017-10-25,-0.4673955687259984,0.48907118076226275
2017-10-26,0.1270139250602399,0.5145539036480088
2017-10-27,0.8040609979727099,0.5035938903792259
2017-10-30,-0.3197577376740719,0.5566642543812705
2017-10-31,0.0944012936679315,0.556236821379611
2017-11-01,0.1590844107903869,0.5400184263313373
2017-11-02,0.0189947769666715,0.5266306811854099
2017-11-03,0.3092289326314394,0.5139314134249092
2017-11-06,0.127044388477643,0.5098311425332199
2017-11-07,-0.0189120805081917,0.4994447875743622
2017-11-08,0.1442613932060414,0.49059952822814856
2017-11-09,-0.3768981339370136,0.48290778408079865
2017-11-10,-0.089804697605371,0.49907174061765813
2017-11-13,0.0983150911293032,0.49228569267376654
2017-11-14,-0.2312280560281922,0.48369857257116533
2017-11-15,-0.5540998742123611,0.4867315961609787
2017-11-16,0.8162652782972404,0.5241648830241695
2017-11-17,-0.2629416978897395,0.5746861626319382
2017-11-20,0.127486988879011,0.5675503244812286
2017-11-21,0.6519838879752696,0.550410706228912
2017-11-22,-0.0750542703329544,0.5726437043410345
2017-11-24,0.2053984278231966,0.5564792194463085
2017-11-27,-0.0384331586803253,0.5424154910950352
2017-11-28,0.9800332196793644,0.5287987152826796
2017-11-29,-0.0369293882790778,0.6061799527130592
2017-11-30,0.8157586662811174,0.5853221688817005
2017-12-01,-0.2026582935805332,0.623336186266999
2017-12-04,-0.1052710549286453,0.6066172009870896
2017-12-05,-0.3746390525955308,0.5875715921537269
2017-12-06,-0.0114112170530349,0.5875593607992412
2017-12-07,0.2928067010109385,0.5682888292476479
2017-12-08,0.5491202035518141,0.5564088251635225
2017-12-11,0.3196842121695832,0.565933598637586
2017-12-12,0.1547723722089516,0.5557665790428838
2017-12-13,-0.0473068970150185,0.5404508102183481
2017-12-14,-0.4079167730762682,0.5272767427962527
2017-12-15,0.8934313410142761,0.5394658144664348
2017-12-18,0.5348478579597589,0.5991716476127535
2017-12-19,-0.3235498043118501,0.6009520246937544
2017-12-20,-0.0828236073572566,0.5948585037775427
2017-12-21,0.1983687012658398,0.5764070712019983
2017-12-22,-0.0458271638113755,0.5598210814196043
2017-12-26,-0.1058975700058569,0.5443509916113634
2017-12-27,0.0790628310242261,0.532549644884143
2017-12-28,0.1832319002919555,0.5189784992168867
2017-12-29,-0.5196632292748299,0.5087321180453546
2018-01-02,0.8269078218398127,0.5372418078172669
2018-01-03,0.6378433243936035,0.5866457722318286
2018-01-04,0.4020542855326989,0.6011496392120931
2018-01-05,0.7009145888585349,0.5917546383967907
2018-01-08,0.1660963767296979,0.6130188541991439
2018-01-09,0.1302083517298422,0.5915454852754766
2018-01-10,-0.1112845811520687,0.5717727205629511
2018-01-11,0.7009025768882019,0.5569209274132912
2018-01-12,0.6726926399094035,0.5842656722594676
2018-01-16,-0.353071326160267,0.6032957691334756
2018-01-17,0.9371006206502086,0.5992720064906579
2018-01-18,-0.1617697497473624,0.6531273805785138
2018-01-19,0.4375647986990156,0.63111078445822
2018-01-22,0.803436438221324,0.6204840539283747
2018-01-23,0.2172004968222319,0.6502344084067748
2018-01-24,-0.0560132547232047,0.6260780837668631
2018-01-25,0.0602439398832889,0.6034841081486172
2018-01-26,1.1771638106084168,0.5819193864602474
2018-01-29,-0.6754736284863033,0.6830035958117444
2018-01-30,-1.0958642805337084,0.7014504716408086
2018-01-31,0.0488865858694788,0.7809500906797142
2018-02-01,-0.0648298352023325,0.741635022862771
2018-02-02,-2.143668051669881,0.7074074334274632
2018-02-05,-4.184254093838143,1.0204361699522966
2018-02-06,1.7290573348937088,1.7582535428218087
2018-02-07,-0.5014138223752627,1.737743379527302
2018-02-08,-3.82590522458017,1.6313875861994904
2018-02-09,1.4825645199524344,2.0333238254830035
2018-02-12,1.3818665678186273,1.9558550833520258
2018-02-13,0.2609521980277558,1.8778341426347078
2018-02-14,1.3313439808897014,1.7503791767778802
2018-02-15,1.199686177677526,1.6897726878745252
2018-02-16,0.0373399649921694,1.6241268697801503
2018-02-20,-0.5858517106837343,1.5148373403155766
2018-02-21,-0.5511664483310909,1.431773671040566
2018-02-22,0.097307748557786,1.3543057038311408
2018-02-23,1.5901278245121022,1.266262466273274
2018-02-26,1.16884386206274,1.2984978845041917
2018-02-27,-1.278831144146754,1.2741770292614423
2018-02-28,-1.115780608365608,1.2799831255807366
2018-03-01,-1.3413965854876448,1.2655801086159784
2018-03-02,0.5058785485198549,1.2807169970177814
2018-03-05,1.097161761052657,1.2083943447261083
2018-03-06,0.263538293199681,1.1877299168198705
2018-03-07,-0.0483991825716375,1.1152950477147243
2018-03-08,0.4453148208884627,1.0473318086705254
2018-03-09,1.7229546741207586,0.9933456457629655
2018-03-12,-0.1274797337998416,1.0984360537133606
2018-03-13,-0.6383910414314703,1.0332672033532124
2018-03-14,-0.5740969825188785,1.0013990497426821
2018-03-15,-0.078223639909655,0.967821254003703
2018-03-16,0.1701997947231741,0.9129643437208806
2018-03-19,-1.4306040541373417,0.8624456930014601
2018-03-20,0.1480708661718925,0.9660602527104749
2018-03-21,-0.1845692125629406,0.910563422472151
2018-03-22,-2.5484886972854417,0.8636628494945927
2018-03-23,-2.1189807311750664,1.2194973490956067
2018-03-26,2.679504070603539,1.3701020831855284
2018-03-27,-1.7427285645321902,1.5701826391671823
2018-03-28,-0.2920918899462677,1.593214446680297
2018-03-29,1.3675777493843446,1.491358569051875
2018-04-02,-2.259068234349587,1.4642996245716347
2018-04-03,1.2535961315741069,1.5869239311825958
2018-04-04,1.150010234644679,1.5371985839684184
2018-04-05,0.6839421401651201,1.4835388638860925
2018-04-06,-2.2164067057064987,1.401938014366581
2018-04-09,0.3330994967592829,1.5300102194787095
2018-04-10,1.6588598996314068,1.4311356904159758
2018-04-11,-0.5540685772461174,1.447264955494692
2018-04-12,0.8216898697657044,1.3685553021931174
2018-04-13,-0.2890799826706634,1.3062241058299096
2018-04-16,0.8076336801563068,1.2280100964385976
2018-04-17,1.060507161386675,1.178859414209281
2018-04-18,0.0831020407553266,1.1580431723505569
2018-04-19,-0.574258179583257,1.085869775933616
2018-04-20,-0.8573177188352707,1.0432589950244688
2018-04-23,0.0056230111184539,1.031172121678555
2018-04-24,-1.3470888006475166,0.9697830627161662
2018-04-25,0.1835374232823634,1.0360036863833544
2018-04-26,1.0380144187376954,0.9749302186591241
2018-04-27,0.1113005271363814,0.9786937955619058
2018-04-30,-0.8221192548921248,0.9217697675582284
2018-05-01,0.2545802171027392,0.9221129581009133
2018-05-02,-0.7231951201402356,0.8725375765402196
2018-05-03,-0.2256217585064076,0.8685755264128798
2018-05-04,1.2729810028334958,0.8272125218519047
2018-05-07,0.3451980554989958,0.8892196331672262
2018-05-08,-0.0265676611733821,0.8457331573665154
2018-05-09,0.9635647934868784,0.8009991191438881
2018-05-10,0.9327011603848374,0.8217406763474442
2018-05-11,0.1706139270961256,0.8352398143817752
2018-05-14,0.0883099510126558,0.7917852110000678
2018-05-15,-0.6865655043990812,0.7514988259058315
2018-05-16,0.4052339847514407,0.7606237892091989
2018-05-17,-0.08562387886101,0.7329873111213933
2018-05-18,-0.2635665254550315,0.7000992183418617
2018-05-21,0.7359604547933372,0.6780166274807458
2018-05-22,-0.3140688592875189,0.6896157249387044
2018-05-23,0.3243145206898751,0.6718872447801194
2018-05-24,-0.2025262957722551,0.6496152927205349
2018-05-25,-0.2360003054185922,0.6298854409041224
2018-05-29,-1.1631572511792223,0.6142477803924944
2018-05-30,1.2615875351923802,0.7283367488601127
2018-05-31,-0.6903333243434208,0.8093702560022362
2018-06-01,1.079079970923988,0.8105195363557393
2018-06-04,0.4469594898352221,0.8456681034046968
2018-06-05,0.0702346269575674,0.8114549596181102
2018-06-06,0.8530900637311971,0.7692878485134984
2018-06-07,-0.0714443621984528,0.780954852863645
2018-06-08,0.3121028907751347,0.7430596909606043
2018-06-11,0.106813700694032,0.7126601452132778
2018-06-12,0.1741867278703848,0.6800724715411478
2018-06-13,-0.4034254541411456,0.6517157934629093
2018-06-14,0.2468500522503686,0.6455531172860113
2018-06-15,-0.101762031549408,0.6228743785595121
2018-06-18,-0.2128391180886516,0.6019112777693842
2018-06-19,-0.4031517951391294,0.5882688470182889
2018-06-20,0.1710690224112545,0.5907821950231913
2018-06-21,-0.6365728843220269,0.5718606820735374
2018-06-22,0.1860203255133883,0.6044193623794384
2018-06-25,-1.3819722967770651,0.5843531434600248
2018-06-26,0.2202150505696723,0.7549421569780969
2018-06-27,-0.8641586313141116,0.7201875109677032
2018-06-28,0.6159680019031287,0.7580837882300575
2018-06-29,0.0758115887517,0.7461502712438175
2018-07-02,0.3063260834293461,0.7101463759980479
2018-07-03,-0.4959629280533677,0.6829280267853983
2018-07-05,0.8583856745537827,0.6811520825273729
2018-07-06,0.844551760058016,0.7077591234558519
2018-07-09,0.8784290785341505,0.7280691643370673
2018-07-10,0.3467249318821859,0.74946585991997
2018-07-11,-0.7119486371916502,0.7199610180515971
2018-07-12,0.87109915801719,0.7370709121640645
2018-07-13,0.1078655536608647,0.7560491820719635
2018-07-16,-0.1028664620898538,0.7192601628941029
2018-07-17,0.3965824343443431,0.6882112899264377
2018-07-18,0.2158182076737462,0.6680593879128132
2018-07-19,-0.3960826849049506,0.64198020649453
2018-07-20,-0.0948897771274367,0.6364649146884925
2018-07-23,0.1836362343231518,0.613805556698975
2018-07-24,0.4769518886053561,0.5926509830085458
2018-07-25,0.9060435070372712,0.5901373282808156
2018-07-26,-0.303690274886736,0.6409338602037511
2018-07-27,-0.6583834644845457,0.6283155634479576
2018-07-30,-0.5770789315587143,0.6537111232771241
2018-07-31,0.4872837219303093,0.6648690950922019
2018-08-01,-0.1040893067571133,0.6537886269107757
2018-08-02,0.4914349582208699,0.6295584679085118
2018-08-03,0.4633432065347987,0.6233332205233864
2018-08-06,0.3531982650801626,0.6156468011117777
2018-08-07,0.2820201746485767,0.6013575181177107
2018-08-08,-0.0262414393295107,0.5850472382117017
2018-08-09,-0.1442714677039949,0.566308005004089
2018-08-10,-0.7139312263244473,0.553456184307866
2018-08-13,-0.4014037665980266,0.6010227196947389
2018-08-14,0.6368930016417421,0.601562859321922
2018-08-15,-0.7631208581378816,0.6135943694151895
2018-08-16,0.788821455263811,0.6565710339975238
2018-08-17,0.3317606375263089,0.6781354410436149
2018-08-20,0.2425074902128281,0.6555417142909251
2018-08-21,0.2066399954627057,0.631634261314238
2018-08-22,-0.0398231054243505,0.6091621927639458
2018-08-23,-0.1692693923535106,0.5880389738308666
2018-08-24,0.6179705928285333,0.5737673075618767
2018-08-27,0.7641141407110444,0.5880591355649849
2018-08-28,0.0269242077598355,0.6182656982811767
2018-08-29,0.5685242468911669,0.5952402013669649
2018-08-30,-0.4440172044458075,0.6008979402064748
2018-08-31,0.013446846730492,0.6055718915194326
2018-09-04,-0.1655692048879307,0.5840202782622506
2018-09-05,-0.2807062801265972,0.5700462253446642
2018-09-06,-0.3658991036618157,0.5647739209679833
2018-09-07,-0.2215797895014483,0.5672000569726922
2018-09-10,0.1896028214693379,0.5583311915946844
2018-09-11,0.3732865689715426,0.5435747686431784
2018-09-12,0.0356608349893552,0.5396409887368094
2018-09-13,0.5268352159391334,0.525283962060169
2018-09-14,0.0275443900766355,0.5373630191393661
2018-09-17,-0.5585290991549207,0.5233268268157459
2018-09-18,0.5354652867625239,0.5542636791571433
2018-09-19,0.1252488033171986,0.5627168341863352
2018-09-20,0.7810014185329059,0.5460924025561188
2018-09-21,-0.0368600937007048,0.5866815491150063
2018-09-24,-0.3521882314013849,0.5679702261830297
2018-09-25,-0.1305948493117946,0.5687199522030149
2018-09-26,-0.3294699681159941,0.5549899678884084
2018-09-27,0.2759476228511396,0.5556087803025417
2018-09-28,-0.0006870144138179,0.5444496771888644
2018-10-01,0.3634492342198501,0.5298994198995793
2018-10-02,-0.0396768910279079,0.5271203058244074
2018-10-03,0.0711266736718371,0.5153487624471347
2018-10-04,-0.8203035421009814,0.5037911581796702
2018-10-05,-0.5543314584622145,0.5807563848131831
2018-10-08,-0.0395194708349697,0.6009445236684421
2018-10-09,-0.1418909834154297,0.5807126136597588
2018-10-10,-3.341638904260208,0.5660486811970942
2018-10-11,-2.078757997254153,1.3020396137596586
2018-10-12,1.4106235408376289,1.4266458572329275
2018-10-15,-0.5922482291300049,1.4126135413843355
2018-10-16,2.126782803490127,1.339224024238381
2018-10-17,-0.0252694262664882,1.4428617970534048
2018-10-18,-1.4496490575341183,1.3480655655644613
2018-10-19,-0.0361235135279379,1.365170610751433
2018-10-22,-0.4308797096477867,1.2766493863551114
2018-10-23,-0.5527076180694164,1.2069306390307042
2018-10-24,-3.135077386114084,1.1506282447417515
2018-10-25,1.8453717978714168,1.54743156339857
2018-10-26,-1.7479138010003177,1.5711506835280498
2018-10-29,-0.658120829519397,1.5947427388285829
2018-10-30,1.5545322971877482,1.508521378033123
2018-10-31,1.0792878754571094,1.5004905974075984
2018-11-01,1.0502498868529206,1.4446523780990268
2018-11-02,-0.6336721055879746,1.3923087685329782
2018-11-05,0.5584693697194117,1.3233480329610021
2018-11-06,0.6239787744408636,1.2496741042466175
2018-11-07,2.0987078560774024,1.186150886353948
2018-11-08,-0.2512068988491457,1.3173495536360698
2018-11-09,-0.9241585915372432,1.2369704572311147
2018-11-12,-1.989815098546749,1.2077472410900738
2018-11-13,-0.1483018822173893,1.3367252447731546
2018-11-14,-0.7596188818450545,1.2521438362130812
2018-11-15,1.053803274264194,1.2063806918615134
2018-11-16,0.2220837537483982,1.1814959659240405
2018-11-19,-1.6783161235721438,1.1087680294224107
2018-11-20,-1.831799555658597,1.2030768390728803
2018-11-21,0.3038669310767201,1.304646971264648
2018-11-23,-0.6576419711855616,1.2234135940785384
2018-11-26,1.5412975845366428,1.1727124278528036
2018-11-27,0.3256384364612641,1.213306731544184
2018-11-28,2.271405130311378,1.1402638984330578
2018-11-29,-0.2185494545393453,1.3160068252897807
2018-11-30,0.8137547716617559,1.2347968587381073
2018-12-03,1.0882001794362437,1.1854086443035916
2018-12-04,-3.290022883855611,1.1666787519009902
2018-12-06,-0.1523387914144285,1.596463741265348
2018-12-07,-2.359633545632224,1.4911470485672218
2018-12-10,0.1760603222916321,1.6260386732660421
2018-12-11,-0.0356409675305666,1.5170984434999213
2018-12-12,0.5404871010351243,1.4165296417862805
2018-12-13,-0.0199950312415038,1.3338736458253961
2018-12-14,-1.927121226869981,1.2477229289798444
2018-12-17,-2.0992284828576646,1.3567569690287657
2018-12-18,0.0086396853789103,1.473458712299952
2018-12-19,-1.55154591759368,1.376037033257343
2018-12-20,-1.5897809484103955,1.4027018803472435
2018-12-21,-2.080312049854063,1.4305051049230513
2018-12-24,-2.748657287831441,1.5290932886174768
2018-12-26,4.840317767080504,1.7284725632983378
2018-12-27,0.8526228968816992,2.311949219365372
2018-12-28,-0.1242353910231272,2.16776188031351
2018-12-31,0.8456625862206875,2.017992424023947
2019-01-02,0.1267693062626164,1.8981136864353834
2019-01-03,-2.506833181891511,1.7678885002317697
2019-01-04,3.375939906034647,1.8730623077908188
2019-01-07,0.6985975995229761,2.0895557181363644
2019-01-08,0.9648587336497392,1.9571824877420085
2019-01-09,0.408967133282216,1.8490770569580866
2019-01-10,0.4508241374462229,1.7266638315814087
2019-01-11,-0.0146308544482466,1.6150854425880612
2019-01-14,-0.5271394587249489,1.5067061013161605
2019-01-15,1.0664618879761,1.4213028303483186
2019-01-16,0.2219520529088364,1.3728959208920466
2019-01-17,0.7562730706235749,1.2845168910182134
2019-01-18,1.309691283985578,1.2259462327822392
2019-01-22,-1.425847682797247,1.2271511315761054
2019-01-23,0.2200489919450871,1.2598450072668648
2019-01-24,0.1374780110977555,1.1806136619131096
2019-01-25,0.8452867700518018,1.1068712340347864
2019-01-28,-0.7877775848708899,1.0739210209310375
2019-01-29,-0.1457307935114838,1.0508865962731126
2019-01-30,1.5429609891560043,0.9902460369827432
2019-01-31,0.8560648809767757,1.0645017450283436
2019-02-01,0.0898206584807114,1.0374027950169318
2019-02-04,0.6753381117479677,0.9753400498768132
2019-02-05,0.4697370437350199,0.9429142604516227
2019-02-06,-0.2226915717508786,0.9001524896471772
2019-02-07,-0.9401193202230232,0.8556454289682845
2019-02-08,0.06759725660127,0.880886438067498
2019-02-11,0.0708851803818394,0.8323994576507678
2019-02-12,1.2807852902838603,0.7883057581635303
2019-02-13,0.3019431593710975,0.8596046145576789
2019-02-14,-0.2655163383698621,0.8172989109366816
2019-02-15,1.082000466495754,0.7828529306357255
2019-02-19,0.1497621326592005,0.823374305986359
2019-02-20,0.177553356074094,0.7807027993512174
2019-02-21,-0.3532669325841389,0.7424907928505188
2019-02-22,0.6390638694710404,0.721324126567333
2019-02-25,0.123110444975171,0.7163108973103167
2019-02-26,-0.0790769672840298,0.6835177482430236
2019-02-27,-0.0544197436298073,0.6554584550245385
2019-02-28,-0.2829507598950442,0.629715235595643
2019-03-01,0.6871656588713029,0.6170450703111898
2019-03-04,-0.3888107395255168,0.6324548160236685
2019-03-05,-0.1132173489706859,0.627573741177733
2019-03-06,-0.6545473604125029,0.606480717922526
2019-03-07,-0.8158911138331157,0.6352002089717059
2019-03-08,-0.2133964131453649,0.681990910102828
2019-03-11,1.4559535563489443,0.6592047912747963
2019-03-12,0.2948965727805163,0.7957820054865313
2019-03-13,0.6925546757019283,0.7593952747236526
2019-03-14,-0.0868399331596182,0.7545751797032298
2019-03-15,0.497251940843072,0.7195902097180347
2019-03-18,0.3699096798908033,0.7026030565908908
2019-03-19,-0.0130570079926759,0.6793065878135921
2019-03-20,-0.2948696740769673,0.6503678118591427
2019-03-21,1.0794015494689355,0.6359989997491347
2019-03-22,-1.9156827134273255,0.7057241514814495
2019-03-25,-0.0839372833310059,0.961480418306637
2019-03-26,0.7157052947934055,0.9072901207889048
2019-03-27,-0.465514327659887,0.8860198905599682
2019-03-28,0.3583054715261726,0.856812233198226
2019-03-29,0.6711706043324668,0.8170065355031686
2019-04-01,1.1502195518044496,0.8026972546011771
2019-04-02,0.0017455554858152,0.849904836712564
2019-04-03,0.2146072420089187,0.8044758108978411
2019-04-04,0.2082465242994273,0.7647968545283884
2019-04-05,0.4625717623099122,0.7287761141941986
2019-04-08,0.1046911750523666,0.7082395788719223
2019-04-09,-0.6085976435669539,0.6760710686663488
2019-04-10,0.3471837754499924,0.6874574701666493
2019-04-11,0.0038122340342693,0.6646196497125393
2019-04-12,0.6587578389545727,0.6369681712713922
2019-04-15,-0.0629567244357108,0.6459959204097185
2019-04-16,0.0509228325139962,0.6214445960963562
2019-04-17,-0.2276400820738859,0.5979723166959261
2019-04-18,0.1577846824249674,0.5856604764682904
2019-04-22,0.1011505816932909,0.567019926006242
2019-04-23,0.8802351174995391,0.5496355909359072
2019-04-24,-0.2194168603036236,0.6049074670499817
2019-04-25,-0.0369041740272857,0.591278934242342
2019-04-26,0.4674350323304823,0.5720579934206248
2019-04-29,0.1070948504233886,0.5715646652632976
2019-04-30,0.0950964698791445,0.5537256556899183
2019-05-01,-0.753044585029134,0.5377987364080089
2019-05-02,-0.2126244648682788,0.5949923394240603
2019-05-03,0.959212747891747,0.5821696025622898
2019-05-06,-0.4481013189072523,0.643360689731008
2019-05-07,-1.6649488088905522,0.6423950915549445
2019-05-08,-0.1606715389419968,0.859762604965754
2019-05-09,-0.3025998661928289,0.8168193010454032
2019-05-10,0.3713394069918638,0.7843915325191892
2019-05-13,-2.4426469138497504,0.7524598409758735
2019-05-14,0.7983987523216094,1.1257838350653033
2019-05-15,0.5821994327723055,1.086761000596268
2019-05-16,0.8855957116499086,1.036356466929992
2019-05-17,-0.5854437174043804,1.0154255751355097
2019-05-20,-0.6772257975405369,0.9812073397004678
2019-05-21,0.8459949093190606,0.9588019682012646
2019-05-22,-0.2828392363899436,0.9435563341668287
2019-05-23,-1.198569224128196,0.8975117684947318
2019-05-24,0.1352643772037317,0.9536679633874071
2019-05-28,-0.8410950000260243,0.8991170915797092
2019-05-29,-0.693591016723137,0.9049234307881292
2019-05-30,0.2096272674997037,0.8935656757223148
2019-05-31,-1.328320525045296,0.84550706499117
2019-06-03,-0.2769070654307939,0.934287667006663
2019-06-04,2.1205927081077776,0.8888563934256684
2019-06-05,0.8128726978813691,1.1024872798528107
2019-06-06,0.6116840676004416,1.067231243666351
2019-06-07,1.0442979247260027,1.0206100543915322
2019-06-10,0.4649220074765499,1.01869895835817
2019-06-11,-0.0349941457951285,0.9683492172844731
2019-06-12,-0.2039657827237423,0.9127726400717029
2019-06-13,0.4089010502850191,0.8663565147634167
2019-06-14,-0.161281178615296,0.8279934106703729
2019-06-17,0.0931315432352843,0.7880970344071372
2019-06-18,0.9670489592970688,0.7481787154733546
2019-06-19,0.2980716793023842,0.7782140455384773
2019-06-20,0.942760533587314,0.7436875686948007
2019-06-21,-0.1260016279727998,0.7711211002636433
2019-06-24,-0.1733388460587026,0.73560291318237
2019-06-25,-0.9541775640387554,0.7053207728768529
2019-06-26,-0.1234695678803998,0.7599331785399707
2019-06-27,0.3815885792590847,0.7254387014431698
2019-06-28,0.5740941840599626,0.70028322303801
2019-07-01,0.7643018610953927,0.6919827194975587
2019-07-02,0.2923847276988696,0.7047910090067387
2019-07-03,0.7643095660684157,0.6775493362274336
2019-07-05,-0.1807534204548664,0.6926222861870076
2019-07-08,-0.4847173010123794,0.6671516547332259
2019-07-09,0.123579305845389,0.6664454018691572
2019-07-10,0.4500546936082613,0.6386567735558796
2019-07-11,0.2282619578948549,0.6280076223476591
2019-07-12,0.4609534302066538,0.6065973201852675
2019-07-15,0.0175853728384132,0.6009005744795092
2019-07-16,-0.3409584555010327,0.5798148183210968
2019-07-17,-0.6552665466093183,0.5779576993012882
2019-07-18,0.3575597708819082,0.6119953735673231
2019-07-19,-0.6195889464844692,0.5984003359551106
2019-07-22,0.2824701686250326,0.623877336704443
2019-07-23,0.682414513927642,0.6050143382632871
2019-07-24,0.4677192813475714,0.6218016521655031
2019-07-25,-0.5276296483599537,0.6146593106691469
2019-07-26,0.7360535770783042,0.6262012283972216
2019-07-29,-0.1617421929057436,0.6461001492586951
2019-07-30,-0.2581985372044371,0.624855657156272
2019-07-31,-1.094520695213996,0.6111630477206014
2019-08-01,-0.9039527568806016,0.7124250839049726
2019-08-02,-0.7309388539565105,0.7577493841491061
2019-08-05,-3.023018216969477,0.771294034164741
2019-08-06,1.2933023911166612,1.297143954981786
2019-08-07,0.0766582333858876,1.286683298815663
2019-08-08,1.8588462466865088,1.2040134433538856
2019-08-09,-0.6638593133657111,1.288955352527798
2019-08-12,-1.2393809115915355,1.2320719472373758
2019-08-13,1.5018346267301863,1.2389614396509452
2019-08-14,-2.973035245453567,1.263207944851835
2019-08-15,0.2461236698180242,1.583279292845664
2019-08-16,1.4323058172245002,1.4785297498410879
2019-08-19,1.2033175564397505,1.4602245288144464
2019-08-20,-0.7946215312115467,1.4201070711865345
2019-08-21,0.8212979557352937,1.359621635412333
2019-08-22,-0.050620295927854,1.2981453322851884
2019-08-23,-2.6288881122837853,1.215163964242858
2019-08-26,1.092311273079789,1.4721169923414446
2019-08-27,-0.3208321800556238,1.4204469911707949
2019-08-28,0.6524151530562512,1.333700672461039
2019-08-29,1.2607482441094398,1.263983928684932
2019-08-30,0.0642580759876775,1.2541773446080235
2019-09-03,-0.6923009332685417,1.1741229389833876
2019-09-04,1.0783725278421428,1.131251857393148
2019-09-05,1.292591292175976,1.1183838433046054
2019-09-06,0.0910190804376786,1.1330730183173605
2019-09-09,-0.0094014678899926,1.062987807137689
2019-09-10,0.0322252425931015,0.999014288530815
2019-09-11,0.7203672326387199,0.9402334273729893
2019-09-12,0.2875016278233316,0.9154947813008858
2019-09-13,-0.072467687696605,0.867479064597822
2019-09-16,-0.314051291635599,0.8215097967251757
2019-09-17,0.2578425372461985,0.7892408220898224
2019-09-18,0.034263328426719,0.7522262197703911
2019-09-19,0.0019974521929475,0.7156849893989105
2019-09-20,-0.4907599104880387,0.6829309832732142
2019-09-23,-0.0096940617827513,0.6806441647259732
2019-09-24,-0.845198896355148,0.6515245523880002
2019-09-25,0.6139685241963904,0.6996269742392235
2019-09-26,-0.243187100961319,0.6950990770704644
2019-09-27,-0.5330534579128577,0.6724281275763405
2019-09-30,0.5034910215248393,0.6759209721616614
2019-10-01,-1.2334126945412849,0.6647415686241926
2019-10-02,-1.8065404187643832,0.7793245615592563
2019-10-03,0.7940304773866788,0.983845088500707
2019-10-04,1.4116785239259273,0.9605531921524213
2019-10-07,-0.448835227368152,1.0191042667221408
2019-10-08,-1.5683159552109929,0.974768173246418
2019-10-09,0.9063296514845924,1.0782257160300925
2019-10-10,0.6395202411782605,1.0542414029353633
2019-10-11,1.0879579673789057,1.0108003633562777
2019-10-14,-0.138808167321898,1.0154629459662472
2019-10-15,0.9906445376489172,0.9577440903347529
2019-10-16,-0.2001544553193733,0.9583305776445395
2019-10-17,0.2759021969775287,0.9075621089472932
2019-10-18,-0.3927045709799847,0.8599204148372271
2019-10-21,0.6848114105333746,0.8284457828684912
2019-10-22,-0.3575049258376838,0.8139665053166336
2019-10-23,0.2843103345830729,0.7851395952631103
2019-10-24,0.1918604659171353,0.7494163846414155
2019-10-25,0.4064429510656049,0.7145149156192068
2019-10-28,0.55658199161177,0.6919926934502624
2019-10-29,-0.0832751956480766,0.6832166833854324
2019-10-30,0.324808940085731,0.6552984173749813
2019-10-31,-0.302743863453909,0.6348937141929933
2019-11-01,0.9615930559647514,0.6229506438662382
2019-11-04,0.3697245805312427,0.6758030763731964
2019-11-05,-0.1186402711820663,0.6554862249118327
2019-11-06,0.0702250592289623,0.631555004485952
2019-11-07,0.2726375244280665,0.6070135686767713
2019-11-08,0.2557403145115828,0.5896377283577626
2019-11-11,-0.1964395413337192,0.5735498093720655
2019-11-12,0.1563423301263032,0.562430365172234
2019-11-13,0.0711281570116295,0.5463819961667028
2019-11-14,0.0836692614456759,0.5311801469816227
2019-11-15,0.7666028777973181,0.5177908980953946
2019-11-18,0.0503026322809636,0.5619801584783891
2019-11-19,-0.0592770099692526,0.5450045473327978
2019-11-20,-0.3763256420941067,0.5316052276875739
2019-11-21,-0.1584006086189507,0.5399221196318532
2019-11-22,0.2172573942375937,0.530966981683789
2019-11-25,0.7479251887467208,0.5203597077408273
2019-11-26,0.2193163644940227,0.5612369308561511
2019-11-27,0.4165735625299744,0.5470787352280276
2019-11-29,-0.4019286229989053,0.5458714009672402
2019-12-02,-0.8668483693963605,0.5545434834240554
2019-12-03,-0.6660225258045148,0.627401244535882
2019-12-04,0.6303657608769992,0.6539737500115935
2019-12-05,0.149912692663027,0.6574279591786414
2019-12-06,0.9094246030426012,0.6309429918034428
2019-12-09,-0.3167833684474369,0.6740568204113265
2019-12-10,-0.1097536168984129,0.6583502849497714
2019-12-11,0.290393752935077,0.6338162851347835
2019-12-12,0.8538667375555057,0.614187023285026
2019-12-13,0.0072579150214686,0.6522511604595782
2019-12-16,0.7122360942542787,0.6258348739032111
2019-12-17,0.0335236028460926,0.6428456291999906
2019-12-18,-0.0432393640522742,0.6171949374533658
2019-12-19,0.4449378821864254,0.5952727687164725
2019-12-20,0.4932595804334098,0.5897985732212857
2019-12-23,0.086576871429851,0.5890871894629347
2019-12-24,-0.019546730246814,0.5691523941279638
2019-12-26,0.5115062410053991,0.5520736611568362
2019-12-27,0.003398413965793,0.5584805408257543
2019-12-30,-0.5797596079349905,0.5422617631747818
2019-12-31,0.2941690644190718,0.5725301940362382
2020-01-02,0.8343895362316707,0.5602050331504378
2020-01-03,-0.7084909364954552,0.6059867130762614
2020-01-06,0.3527145194272564,0.6423513002359569
2020-01-07,-0.280717508459484,0.6248990896331224
2020-01-08,0.4890473485641129,0.6126675729049526
2020-01-09,0.6633214116906491,0.608478593088628
2020-01-10,-0.2859262487504901,0.622449397197245
2020-01-13,0.6951994045933256,0.6108724996751366
2020-01-14,-0.151568083689572,0.628248695239207
2020-01-15,0.1868450243687962,0.6085545291961653
2020-01-16,0.8331747422232019,0.5880549875640965
2020-01-17,0.3854723247485144,0.6280973948574792
2020-01-21,-0.2655500369585384,0.6142846037308346
2020-01-22,0.0289034296681074,0.6023481414008048
2020-01-23,0.114032619335824,0.5810158870708664
2020-01-24,-0.9083289426193788,0.562197333187647
2020-01-27,-1.5855752356844035,0.6406758100649848
2020-01-28,1.0003383500352516,0.8396759667620616
2020-01-29,-0.0867250143584631,0.8590698555282786
2020-01-30,0.312945693021106,0.8141693630345045
2020-01-31,-1.7864443571362951,0.7766612875579921
2020-02-03,0.7228425761232584,0.9774432033405924
2020-02-04,1.486931591750606,0.9486378687977712
2020-02-05,1.1187778658972936,1.021836396012641
2020-02-06,0.3320155057001924,1.0286864790217285
2020-02-07,-0.5415491009458352,0.9718583075430879
2020-02-10,0.7299690120573207,0.9389752546912564
2020-02-11,0.1687048686002117,0.9152218186428874
2020-02-12,0.6441853105203067,0.8644792370487678
2020-02-13,-0.1631776359988659,0.8420951541756398
2020-02-14,0.1841836098485414,0.8009124595255358
2020-02-18,-0.2924213986147713,0.7609090040831583
2020-02-19,0.4694748284284925,0.7338254417508976
2020-02-20,-0.3822817427997528,0.7131825372412672
2020-02-21,-1.0573809232819775,0.6975696057407687
2020-02-24,-3.408807942044074,0.7711456537564114
2020-02-25,-3.0747904375353223,1.4095530697996592
2020-02-26,-0.3785697323530029,1.7084741158050338
2020-02-27,-4.516813635226115,1.599941208112544
2020-02-28,-0.8272463109653078,2.1797207731670873
2020-03-02,4.50108687694132,2.051332837716685
2020-03-03,-2.851048492291458,2.453265188288562
2020-03-04,4.133634936063314,2.4948931770611664
2020-03-05,-3.451078243998112,2.7160309454017995
2020-03-06,-1.720094365238617,2.803077077191891
2020-03-09,-7.901041294037148,2.6771694262484944
2020-03-10,4.821505242585911,3.7181695712021714
2020-03-11,-5.01028928086054,3.8271394691927667
2020-03-12,-9.994485240247352,3.965278141410255
2020-03-13,8.880840694923595,5.072209393166726
2020-03-16,-12.765219747281742,5.614589174340079
2020-03-17,5.822631263569171,6.852292202270096
2020-03-18,-5.322227233208024,6.6646043189915645
2020-03-19,0.4696760970401053,6.459717461216175
2020-03-20,-4.432762405336681,5.995413702380035
2020-03-23,-2.973150100957679,5.777671825997256
2020-03-24,8.968323251796326,5.463789074945476
2020-03-25,1.1468990420822227,5.937991482303527
2020-03-26,6.054383107424656,5.522861529517014
2020-03-27,-3.4267845541626296,5.530905154774585
2020-03-30,3.296659056997479,5.273370605090165
2020-03-31,-1.6142310788415843,5.0209264583375806
2020-04-01,-4.514636273278691,4.695948986177474
2020-04-02,2.257265705696037,4.63878821813099
2020-04-03,-1.52528608259443,4.37247858631826
2020-04-06,6.796824414483035,4.095929945309631
2020-04-07,-0.1604339048362459,4.463223755155334
2020-04-08,3.3489371191284687,4.143577646267672
2020-04-09,1.438347030369934,4.012178801716325
2020-04-13,-1.015605944467711,3.755355859128489
2020-04-14,3.0114559572307567,3.5068354269759596
2020-04-15,-2.227673267236925,3.4136793985365355
2020-04-16,0.5799837839541289,3.268297453999064
2020-04-17,2.6440932021320576,3.0409650897129055
2020-04-20,-1.8042845615347771,2.963806629205077
2020-04-21,-3.115511523633067,2.8287187237951557
2020-04-22,2.267130058213675,2.8503561487710645
2020-04-23,-0.0539567660195596,2.756944944715345
2020-04-24,1.3822090566839216,2.562425778093718
2020-04-27,1.4606868181735997,2.4257425706742404
2020-04-28,-0.5256170190483643,2.3072400340489967
2020-04-29,2.623670404507307,2.155603499005459
2020-04-30,-0.9255143319054838,2.1939183195605456
2020-05-01,-2.846021101477596,2.069681253468752
2020-05-04,0.4240822578849401,2.174480387321357
2020-05-05,0.8999935197779801,2.027083199590265
2020-05-06,-0.7003880399042588,1.9092109092994076
2020-05-07,1.1438955754890805,1.7975408178931587
2020-05-08,1.6730795065226245,1.7164501873626796
2020-05-11,0.0133069366790764,1.6949001311065652
2020-05-12,-2.0713365772047605,1.580199543502114
2020-05-13,-1.7616996624280044,1.6496192079894652
2020-05-14,1.1458917804071491,1.6633288692567185
2020-05-15,0.3918675203723029,1.595966580010637
2020-05-18,3.1015208770073426,1.4932477161538131
2020-05-19,-1.0539747711599283,1.7482304997920413
2020-05-20,1.65139906134157,1.674674157812418
2020-05-21,-0.7803968309953686,1.656034277508637
2020-05-22,0.2350945686812366,1.5716361922857047
2020-05-26,1.2214285021460518,1.4676417233617347
2020-05-27,1.4718447490314346,1.4284279089416845
2020-05-28,-0.2110139324919548,1.4213351436533483
2020-05-29,0.4800793552307952,1.3312665819834486
2020-06-01,0.3744216478364391,1.2534469599772524
2020-06-02,0.8177307282398658,1.1784638353283163
2020-06-03,1.355667081256392,1.1353227264762937
2020-06-04,-0.3374389083608904,1.1558003730215796
2020-06-05,2.587401282163581,1.0925903862734732
2020-06-08,1.1969656405806002,1.34924617205661
2020-06-09,-0.7829743419721977,1.3216358342787546
2020-06-10,-0.5327255735182077,1.2703988265225743
2020-06-11,-6.075269299628893,1.2067760920133335
2020-06-12,1.297628660521173,2.410869659471224
2020-06-15,0.827786081817526,2.282484277438178
2020-06-16,1.8784852866710529,2.1396420795760633
2020-06-17,-0.3606796232629414,2.088399231633871
2020-06-18,0.0594043403801757,1.9491018405132092
2020-06-19,-0.5665513565673728,1.8148501199629081
2020-06-22,0.6474093296658384,1.7048264974929448
2020-06-23,0.4298169191483789,1.602221746538202
2020-06-24,-2.61952655956623,1.5000639825788131
2020-06-25,1.089982772821816,1.6812480835570716
2020-06-26,-2.4525204274831163,1.6076219669929088
2020-06-29,1.457888811353358,1.7348512162688294
2020-06-30,1.529234943575556,1.6880146047599534
2020-07-01,0.5009563975870565,1.6541075863926236
2020-07-02,0.4530970476816914,1.549989917028839
2020-07-06,1.575693083216329,1.452815497377415
2020-07-07,-1.0877477869643568,1.4550638392212998
2020-07-08,0.7796986263430269,1.416266648698336
2020-07-09,-0.5659591476194623,1.3464979607591054
2020-07-10,1.0411809774443004,1.2777030299303862
2020-07-13,-0.9406645216058874,1.2431252591671138
2020-07-14,1.331730058290395,1.214798799438267
2020-07-15,0.9041056936355047,1.2203173410516486
2020-07-16,-0.3411915214115237,1.1798129698059248
2020-07-17,0.284456258758356,1.1146149778158896
2020-07-20,0.8371797255140334,1.0488707045926278
2020-07-21,0.1677629334560068,1.0218679704827551
2020-07-22,0.5730630594473862,0.9617842405978825
2020-07-23,-1.239637841224685,0.9233841270830487
2020-07-24,-0.6209640024276134,0.9811611047465686
2020-07-27,0.7367928821482372,0.9537276695888202
2020-07-28,-0.6494435418646306,0.9288470898367694
2020-07-29,1.2351783351742582,0.9101704827544296
2020-07-30,-0.3757301763454851,0.9507126705160951
2020-07-31,0.7641236242176269,0.908807356492905
2020-08-03,0.7155362664358673,0.8918022371042645
2020-08-04,0.3605423026133557,0.8723717084310216
2020-08-05,0.6409160435517922,0.8311482231684808
2020-08-06,0.6407126020664802,0.8124308200197206
2020-08-07,0.0632829269956669,0.7959577917601416
2020-08-10,0.2738465273391921,0.7552244620040547
2020-08-11,-0.8001055401377297,0.7221030010939214
2020-08-12,1.3899502293613537,0.750523130199739
2020-08-13,-0.2049272676156681,0.8499321383137955
2020-08-14,-0.0171897396279029,0.8095292233018013
2020-08-17,0.2706177507423455,0.7680199001868467
2020-08-18,0.2300740419816847,0.733510158924083
2020-08-19,-0.4414123345182018,0.7011517021312141
2020-08-20,0.3153654768346133,0.6918843655446074
2020-08-21,0.3435199982972466,0.6670125356177105
2020-08-24,0.9993615364903508,0.6462543512152619
2020-08-25,0.3589899745540117,0.7003665076652759
2020-08-26,1.0144001344841498,0.6767284105416541
2020-08-27,0.1671646031809138,0.7270639992486974
2020-08-28,0.6710002849570254,0.6938563310321073
2020-08-31,-0.2197375175508541,0.6958613855431524
2020-09-01,0.7496831420705943,0.6718761923445049
2020-09-02,1.5249050143869731,0.6860684760315275
2020-09-03,-3.5757594142185303,0.8295086577171493
2020-09-04,-0.8166280754275103,1.4866318242625471
2020-09-08,-2.8148829086466787,1.4211006659373595
2020-09-09,1.9944760662180383,1.6609812444722634
2020-09-10,-1.7741245925395586,1.6877992042781553
2020-09-11,0.0532930158087349,1.697575072006603
2020-09-14,1.266133502502299,1.5825821403225704
2020-09-15,0.5205785930499657,1.534522068714237
2020-09-16,-0.4629646892151834,1.4410195473964138
2020-09-17,-0.8447949528552456,1.3582783691698543
2020-09-18,-1.1245576947828506,1.3082152054398153
2020-09-21,-1.1638564027297718,1.2911446799405593
2020-09-22,1.0463016398376153,1.2807377519883474
2020-09-23,-2.400733891437413,1.246294997992589
2020-09-24,0.298300555462905,1.44620786184456
2020-09-25,1.5850439224188495,1.3533078194791217
2020-09-28,1.59821918538544,1.3712772312425725
2020-09-29,-0.4824282704443997,1.3882998227472825
2020-09-30,0.8219842568379611,1.3111433042322833
2020-10-01,0.5278949564295078,1.2545584618114702
2020-10-02,-0.962381286637086,1.1855694986824585
2020-10-05,1.781310900290093,1.1665215397674564
2020-10-06,-1.4072064387523204,1.2458376460646423
2020-10-07,1.7247163770241565,1.2729226484425238
2020-10-08,0.7978212894869287,1.3237696881629706
2020-10-09,0.8755095180752878,1.2641934611977592
2020-10-12,1.6282530158324222,1.2165688915477655
2020-10-13,-0.6326891629163268,1.262599388741084
2020-10-14,-0.6645172084059406,1.2061584904969138
2020-10-15,-0.1528923514213078,1.1577493920231507
2020-10-16,0.0134910456630455,1.0881202418852807
2020-10-19,-1.6464663514942677,1.0218675175453793
2020-10-20,0.4716195320001127,1.1291062743120148
2020-10-21,-0.2198114011570277,1.0688162316776266
2020-10-22,0.5205354003491341,1.0087822579598547
2020-10-23,0.3439838320389479,0.9623810097701588
2020-10-26,-1.8764472985322007,0.9119903332209861
2020-10-27,-0.3030205350445511,1.0922562300134318
2020-10-28,-3.592554210857772,1.0332917693288262
2020-10-29,1.1876524939997442,1.5973112350390233
2020-10-30,-1.2203713445259965,1.5404642212272834
2020-11-02,1.2242950890591666,1.5048978219653177
2020-11-03,1.7642737684077832,1.4616719418711068
2020-11-04,2.18075256550917,1.487432767050672
2020-11-05,1.927326577670128,1.5714517970065607
2020-11-06,-0.0287756585373819,1.6028032786664985
2020-11-09,1.1631974746344154,1.4954746181658762
2020-11-10,-0.1400775220867666,1.4475853982219469
2020-11-11,0.7622728362991461,1.3538880175210466
2020-11-12,-1.002865154706935,1.2889596026954673
2020-11-13,1.3518546706294008,1.2613714937289544
2020-11-16,1.1580734922832605,1.262771899368074
2020-11-17,-0.4803443784647531,1.2417512425510948
2020-11-18,-1.1631210647481314,1.177806800436879
2020-11-19,0.3938675690732779,1.1829332469181593
2020-11-20,-0.6815737372918576,1.1146682727622208
2020-11-23,0.5620108181849692,1.0773694924877482
2020-11-24,1.6032458814031776,1.026677613693802
2020-11-25,-0.1585674755509406,1.1037766625399166
2020-11-27,0.2394111025901136,1.0388890910433446
2020-11-30,-0.4606140636972006,0.9785996760277542
2020-12-01,1.1208140661592922,0.9391607288011948
2020-12-02,0.1789564528604284,0.9587663789890549
2020-12-03,-0.0624352080294229,0.9043262200862534
2020-12-04,0.8797463715186881,0.8548298254553877
2020-12-07,-0.1937513438963252,0.8570776783090219
2020-12-08,0.2783271170170473,0.8155546888121198
2020-12-09,-0.7980964948471709,0.776655268182389
2020-12-10,-0.1285934527771722,0.7957445760045408
2020-12-11,-0.1265798084232835,0.7579065099168346
2020-12-14,-0.4368788245146958,0.72370885395575
2020-12-15,1.2838482022218645,0.7112025045433152
2020-12-16,0.1771225620323064,0.8002201195816401
2020-12-17,0.5741142808983284,0.7601488226771863
2020-12-18,-0.3517296952148704,0.744352415418331
2020-12-21,-0.3913928486909485,0.7228669189212569
2020-12-22,-0.207524469177036,0.7067897262160852
2020-12-23,0.0745533271818688,0.6810257981971413
2020-12-24,0.3530349979486952,0.6514150405881104
2020-12-28,0.8684707538411499,0.6329374740240746
2020-12-29,-0.2229864827278697,0.6695980840397783
2020-12-30,0.1340648095079215,0.6486804807174114
2020-12-31,0.6418204711703793,0.62285838387827
2021-01-04,-1.4864762712025787,0.632152191527631
2021-01-05,0.7057631383362026,0.8109263594733341
2021-01-06,0.5693603382474094,0.800643256044557
2021-01-07,1.4738260107752972,0.779648601148166
2021-01-08,0.5476837393515369,0.8879210430362937
2021-01-11,-0.6576327616621317,0.8555977347972991
2021-01-12,0.0415702030569564,0.8469755738942775
2021-01-13,0.2273056386726107,0.8015752656621612
2021-01-14,-0.3760513068743101,0.7624919833492851
2021-01-15,-0.7216000798278505,0.740637276152019
2021-01-19,0.8103457635761656,0.7556876390368662
2021-01-20,1.3839417376510863,0.7642773995733904
2021-01-21,0.0316673161313549,0.8592973069662834
2021-01-22,-0.301515266293771,0.8128160501689622
2021-01-25,0.3609317513017465,0.7807448385244675
2021-01-26,-0.1489943161153501,0.7486801777189935
2021-01-27,-2.601331512610035,0.7161503706444455
2021-01-28,0.9713298778760396,1.14901155001553
2021-01-29,-1.9500377654792,1.1228502177024242
2021-02-01,1.5924300234678626,1.2637850403857473
2021-02-02,1.3802528814310624,1.2967467989320263
2021-02-03,0.100826061534478,1.296675718847094
2021-02-04,1.0794847643921974,1.2132663943794293
2021-02-05,0.3889919607763825,1.1901605948737237
2021-02-08,0.7372107476289037,1.1210948294381329
2021-02-09,-0.1114145421721174,1.0777657831180343
2021-02-10,-0.0345244522391567,1.0140223807204922
2021-02-11,0.1661074814587707,0.9544830528453321
2021-02-12,0.4699970926162607,0.900228840856491
2021-02-16,-0.0569434515415466,0.8617503540378144
2021-02-17,-0.032045334891695,0.816017135816556
2021-02-18,-0.4425614227243303,0.7741033292648395
2021-02-19,-0.1856619095664925,0.7559321807420566
2021-02-22,-0.7762892893710862,0.7240712311710293
2021-02-23,0.1255529611526533,0.7489065367274612
2021-02-24,1.1287667670985946,0.7129672883162664
2021-02-25,-2.478339442417185,0.7744449580026267
2021-02-26,-0.4761532293798777,1.1480177663686213
2021-03-01,2.351217322569352,1.092689368651022
2021-03-02,-0.8113678739508761,1.2975812331470278
2021-03-03,-1.315233589480116,1.2512312742792577
2021-03-04,-1.3508038064390469,1.265073609889965
2021-03-05,1.9308356338709187,1.281531016806739
2021-03-08,-0.537364322402543,1.3634322632204139
2021-03-09,1.4055400743930568,1.2914271874411845
2021-03-10,0.6012203770988197,1.2952334345667746
2021-03-11,1.0341825500657609,1.2262478267424874
2021-03-12,0.101488332753085,1.197025451023197
2021-03-15,0.6470939539413049,1.1217096312084889
2021-03-16,-0.157091697859591,1.0719518169401432
2021-03-17,0.2875244650159259,1.0097731177224412
2021-03-18,-1.4870560065947798,0.953246961311501
2021-03-19,-0.0602885673755023,1.0467941166127226
2021-03-22,0.7000556898342752,0.9847928448229472
2021-03-23,-0.7660118119334028,0.9532864271873589
2021-03-24,-0.5482336600348829,0.9431727455493464
2021-03-25,0.522658343272929,0.9139965350484194
2021-03-26,1.6494418658716574,0.8772778166573294
2021-03-29,-0.0868389626386738,0.9954945852703205
2021-03-30,-0.3162829409650029,0.9383738368900181
2021-03-31,0.3615953592419885,0.894451873781516
2021-04-01,1.1755830427674128,0.8511440185539164
2021-04-05,1.43349877622439,0.8933067168000643
2021-04-06,-0.0974004940796928,0.9687475737727332
2021-04-07,0.1474145698106813,0.914186354081143
2021-04-08,0.4211750940591774,0.8632494677876102
2021-04-09,0.7690288135687275,0.825829640301981
2021-04-12,-0.0196098074739533,0.819946343013863
2021-04-13,0.3289071877062569,0.7774989868578593
2021-04-14,-0.4096104320730151,0.7443017766138349
2021-04-15,1.1033101401119478,0.7270724506245159
2021-04-16,0.3602323390517967,0.7815215314273216
2021-04-19,-0.5320689893757947,0.7493434191908815
2021-04-20,-0.6825561005077803,0.7421658006071438
2021-04-21,0.9263020919853237,0.7522200396726462
2021-04-22,-0.9253337860554324,0.7759825464101643
2021-04-23,1.086940989553096,0.8127705489825099
2021-04-26,0.1780684564582624,0.8486647068983768
2021-04-27,-0.0214918981444234,0.8040989293897194
2021-04-28,-0.0845897587396047,0.7631511859257754
2021-04-29,0.6740041536702409,0.7272745895028071
2021-04-30,-0.7220713417119827,0.724929891514499
2021-05-03,0.2744321649512167,0.7425279844728204
2021-05-04,-0.670073748984723,0.7107057222440893
2021-05-05,0.0703216447113516,0.7240815489901166
2021-05-06,0.8132299498632055,0.6902016708069241
2021-05-07,0.7346291419186352,0.7093522990304267
2021-05-10,-1.0490480503138024,0.7160696633316089
2021-05-11,-0.8711750141781542,0.7841737995887905
2021-05-12,-2.168278235830241,0.8118340273649264
2021-05-13,1.2099644578094055,1.0912930409015635
2021-05-14,1.480777856362363,1.0994008358766132
2021-05-17,-0.2533258183961915,1.143539841145038
2021-05-18,-0.85537723840327,1.0780871866656476
2021-05-19,-0.294775181137841,1.0613435882877194
2021-05-20,1.049942933450842,1.0048390377759782
2021-05-21,-0.0784188075252809,1.0057860458675176
2021-05-24,0.9862497481216076,0.9476141538729833
2021-05-25,-0.2127545400828598,0.9491107943425059
2021-05-26,0.1875057550610454,0.8996399857251188
2021-05-27,0.1164636089862995,0.8506016613938946
2021-05-28,0.0768586452887337,0.8050680418675258
2021-06-01,-0.0492454758629164,0.7635053950529365
2021-06-02,0.1445889036900292,0.7268429187664914
2021-06-03,-0.3635303056049319,0.6932871340618989
2021-06-04,0.8795303383016323,0.6786516446737741
2021-06-07,-0.0797056269421507,0.7085964261428348
2021-06-08,0.0175009549441211,0.6779993579167732
2021-06-09,-0.1825532590615683,0.6488571632118669
2021-06-10,0.4641454776462911,0.628241184297312
2021-06-11,0.194653893280836,0.6199866086251828
2021-06-14,0.181355638513617,0.598443628019417
2021-06-15,-0.201371995427588,0.5789191170421155
2021-06-16,-0.5404703747026491,0.5674159494968337
2021-06-17,-0.0435810543672647,0.5881533164066797
2021-06-18,-1.321135568728416,0.5694228437387272
2021-06-21,1.3905163512319856,0.7310388123877567
2021-06-22,0.5111406378990612,0.8353026745272653
2021-06-23,-0.1083870518649585,0.8061772378044083
2021-06-24,0.5794429545916893,0.766762380594883
2021-06-25,0.3325063164687565,0.7506060928972769
2021-06-28,0.2312288860471749,0.7203216048501002
2021-06-29,0.0277297742687815,0.6893220700152528
2021-06-30,0.1327278422907191,0.6589682974151752
2021-07-01,0.5208041432254744,0.632062696990308
2021-07-02,0.7472095894691672,0.628018046401963
2021-07-06,-0.2023902770021778,0.6490245183203945
2021-07-07,0.3353346553662935,0.6293544144063693
2021-07-08,-0.8597881009556395,0.6124515451690894
2021-07-09,1.1214825902413763,0.6709690934955579
2021-07-12,0.344523269559405,0.74019921783139
2021-07-13,-0.3523011181165584,0.7115596551878702
2021-07-14,0.1164256565469325,0.6939154370388843
2021-07-15,-0.3267573562745912,0.663273208301398
2021-07-16,-0.7567415006813216,0.6495680207743824
2021-07-19,-1.5996781399983977,0.6847754408633538
2021-07-20,1.50488060047999,0.8723305428387532
2021-07-21,0.8208041662144043,0.9647818607013384
2021-07-22,0.2014639209242975,0.9463152910945524
2021-07-23,1.0094332386254414,0.8933623251388209
2021-07-26,0.2379366922729592,0.9056004238983244
2021-07-27,-0.4723583382178002,0.8570977838924995
2021-07-28,-0.0186279231552706,0.8316419621352318
2021-07-29,0.4197331845272641,0.7881014916079301
2021-07-30,-0.5420713608261166,0.7583582795188895
2021-08-02,-0.1844505670060361,0.750962734719041
2021-08-03,0.8169961338918061,0.7195587129624299
2021-08-04,-0.4643150661295458,0.7344861327163493
2021-08-05,0.5987485990419112,0.7229885678679289
2021-08-06,0.1673864548528882,0.7139737200868855
2021-08-09,-0.0940350264954934,0.6820655638529662
2021-08-10,0.099218695386345,0.6545631849355252
2021-08-11,0.1274930718015483,0.6277624383598166
2021-08-12,0.413780773547866,0.604046072907645
2021-08-13,0.1606016320922844,0.5951091495341396
2021-08-16,0.2617422261994359,0.5754791563388857
2021-08-17,-0.708574350713799,0.5612950810711136
2021-08-18,-1.080665284525433,0.6064234737078417
2021-08-19,0.1255903256156918,0.7062230682012941
2021-08-20,0.810860389074176,0.6744539485687708
2021-08-23,0.8487667984412182,0.6958906985720983
2021-08-24,0.1494618801962072,0.7187136686734614
2021-08-25,0.2217657403250879,0.686030221392834
2021-08-26,-0.5841949827602656,0.6582545910234786
2021-08-27,0.8769071540452218,0.6695367788485971
2021-08-30,0.42973241068746,0.7007288105162599
2021-08-31,-0.1350026915893209,0.6812253869692052
2021-09-01,0.0311640060953341,0.6551365691678313
2021-09-02,0.2838605754404257,0.6282286953469425
2021-09-03,-0.0335087261181347,0.6089367185448927
2021-09-07,-0.3401352452320346,0.5877110577806296
2021-09-08,-0.1319436813816666,0.5847108718845709
2021-09-09,-0.4616247150002522,0.5691613827006333
2021-09-10,-0.77525522862761,0.5804746962996856
2021-09-13,0.2273900346369644,0.6320515990200425
2021-09-14,-0.5763213966258605,0.6101715389524448
2021-09-15,0.8438294222079725,0.6281653521493022
2021-09-16,-0.155234471276383,0.6621699681371573
2021-09-17,-0.91526302757993,0.6388951890714343
2021-09-20,-1.7123077726381843,0.7009599242631743
2021-09-21,-0.0812688658546956,0.9093042604080049
2021-09-22,0.9474585224220085,0.859712793281891
2021-09-23,1.206168036993597,0.8692973510933029
2021-09-24,0.1459942811364263,0.9127889832918069
2021-09-27,-0.2780243920187674,0.8619594692514464
2021-09-28,-2.0574317739894057,0.8236406833374268
2021-09-29,0.1567954336283807,1.0721462498591392
2021-09-30,-1.1981202945014902,1.0076412123521592
2021-10-01,1.142595211333416,1.0439608517678205
2021-10-04,-1.3070952048643705,1.0505467691869548
2021-10-05,1.0469517498601526,1.0955866414828441
2021-10-06,0.4094399349624824,1.0839188946462606
2021-10-07,0.8264039225065405,1.025017062024511
2021-10-08,-0.1915556602421452,0.9998276615569414
2021-10-11,-0.6889441644339833,0.9450102282620689
2021-10-12,-0.2419705686554925,0.9281256802293832
2021-10-13,0.3017955870231918,0.8817553908503809
2021-10-14,1.6919162285711566,0.837349303071411
2021-10-15,0.7432520637190081,0.9739441360177993
2021-10-18,0.3369087801803826,0.9472801734385078
2021-10-19,0.7366142784235753,0.8980208986429618
2021-10-20,0.3657333598560688,0.8797619298318877
2021-10-21,0.2991393168360022,0.8380480061130667
2021-10-22,-0.1073129224664356,0.7977041850494834
2021-10-25,0.4736959440853509,0.7590712212491306
2021-10-26,0.1818141432244113,0.7358472973276706
2021-10-27,-0.506437037110553,0.7020610024899804
2021-10-28,0.9781288424184026,0.6987024166962834
2021-10-29,0.1947437231717556,0.7392295162691647
2021-11-01,0.1798458945902388,0.7053910555278152
2021-11-02,0.3673607120388547,0.6745882907140359
2021-11-03,0.644049461289024,0.6542752594234313
2021-11-04,0.4173222342817035,0.6591265239293814
2021-11-05,0.3725850045284445,0.6436729969275121
2021-11-08,0.0887394060702519,0.6272177275309538
2021-11-09,-0.3504910926400127,0.603198604799713
2021-11-10,-0.8259842163861059,0.5989735485061455
2021-11-11,0.0550788332988928,0.6548214019075348
2021-11-12,0.7196697564130407,0.6278616558489286
2021-11-15,-0.0010739878017001,0.6454517825327679
2021-11-16,0.3857779057126637,0.6198349209867181
2021-11-17,-0.2605015482895879,0.607040855216479
2021-11-18,0.3379064740171914,0.5956655936344015
2021-11-19,-0.1399644604988097,0.5828911391461643
2021-11-22,-0.3202258316960725,0.5678891428337367
2021-11-23,0.1655761383195201,0.5659525408587794
2021-11-24,0.2291223776667279,0.5497032530654913
2021-11-26,-2.298701115932116,0.5372669769899212
2021-11-29,1.3113836082824228,0.9717578039026229
2021-11-30,-1.9143381187850563,1.0128200267539003
2021-12-01,-1.1885541457955926,1.173817794181278
2021-12-02,1.4094638396057768,1.182724901458724
2021-12-03,-0.848445514173865,1.2031293586230911
2021-12-06,1.166259930968614,1.170611812402745
2021-12-07,2.0495603186252547,1.1624020200162306
2021-12-08,0.3080535586585806,1.2898087985303521
2021-12-09,-0.7206988232523656,1.209903848556479
2021-12-10,0.9503769118209724,1.1654914726527108
2021-12-13,-0.9178158342793816,1.1353723536001434
2021-12-14,-0.7498722854623672,1.117941161463917
2021-12-15,1.6216267351890876,1.0861829852966736
2021-12-16,-0.8781863311112446,1.154709068986559
2021-12-17,-1.034096458405368,1.1308111927888054
2021-12-20,-1.145339832325659,1.1269196354213158
2021-12-21,1.7621755385195486,1.1372009497697453
2021-12-22,1.0128728029127596,1.2190649349703258
2021-12-23,0.6204412685251626,1.1886220908166518
2021-12-27,1.3744051573605864,1.1306660711138705
2021-12-28,-0.1010665398887373,1.1544166920499344
2021-12-29,0.1400913401857678,1.0839852891940482
2021-12-30,-0.2994233841904309,1.018308519403926
2021-12-31,-0.2629634373474439,0.9659738414359601
2022-01-03,0.6353824170388397,0.9169268375511938
2022-01-04,-0.0629820252203269,0.8878508401992679
2022-01-05,-1.9583264304501076,0.8398498236824962
2022-01-06,-0.0964233740180988,1.0598642233468523
2022-01-07,-0.4058441082336512,0.997357639279926
2022-01-10,-0.1442070537538897,0.9525682225818157
2022-01-11,0.9118286452399372,0.9005818183257888
2022-01-12,0.281379201466707,0.9000682902675866
2022-01-13,-1.4346029234400532,0.8532851037333561
2022-01-14,0.0819644269590565,0.9597860416831027
2022-01-18,-1.85591053980085,0.9043663183081645
2022-01-19,-0.9736790941460196,1.082394307902666
2022-01-20,-1.109874230433073,1.0780812296300166
2022-01-21,-1.9095995324635424,1.0910654840600518
2022-01-24,0.2767904758269516,1.231755988858877
2022-01-25,-1.2246590556866266,1.1559373514683033
2022-01-26,-0.1497756925885658,1.1721877677050718
2022-01-27,-0.5398635199970924,1.1012664182437808
2022-01-28,2.4055967914736693,1.0546267212781906
2022-01-31,1.8709826222984445,1.282083541520116
2022-02-01,0.6839560348317066,1.3541257363666646
2022-02-02,0.9378400448324454,1.2843262907074868
2022-02-03,-2.469347172012065,1.2397044469422727
2022-02-04,0.5143678439863626,1.455564503057596
2022-02-07,-0.3708580927828488,1.3684813523368395
2022-02-08,0.836611346663433,1.2880134535021772
2022-02-09,1.4412842079264785,1.234868422072255
2022-02-10,-1.828182448505601,1.2515688260719693
2022-02-11,-1.915168263808653,1.3427067435126327
2022-02-14,-0.3847990755628314,1.4306520327312189
2022-02-15,1.5643717646064172,1.345425860523892
2022-02-16,0.08808197202838,1.36182552495627
2022-02-17,-2.1400504136936647,1.2731548745737549
2022-02-18,-0.7191961663866342,1.4154023298591993
2022-02-22,-1.0194735435016016,1.349900067394496
2022-02-23,-1.858373574878844,1.3167002843206854
2022-02-24,1.4846105252724002,1.4002213123437617
2022-02-25,2.2126080551265788,1.3985370983730145
2022-02-28,-0.2445591463126114,1.505032208269286
2022-03-01,-1.559446778661305,1.4090158024552017
2022-03-02,1.8471046780652185,1.4316660512549435
2022-03-03,-0.5268520744245652,1.4739582360140204
2022-03-04,-0.7965684543001903,1.3914324615948277
2022-03-07,-2.9962586814416494,1.3340215616074118
2022-03-08,-0.7260043975698096,1.6376928158801438
2022-03-09,2.537359812214112,1.5515786177486401
2022-03-10,-0.4301049920247208,1.6835849971516954
2022-03-11,-1.3046278933238145,1.5789107881842361
2022-03-14,-0.7448675095533314,1.5475003338669433
2022-03-15,2.118262972414497,1.4710068716860907
2022-03-16,2.2136921648393444,1.547977761348991
2022-03-17,1.2272205068700268,1.626194954161751
2022-03-18,1.1594814411888112,1.5697293527988885
2022-03-21,-0.0434754854301459,1.5133851273522383
2022-03-22,1.1240699554074212,1.4131756816780523
2022-03-23,-1.2348630252495207,1.3708991233007186
2022-03-24,1.4242012281618024,1.358124681240358
2022-03-25,0.5053380704237665,1.3548971694908891
2022-03-28,0.7119551020042568,1.2760727308303537
2022-03-29,1.218204410139109,1.2153865618439068
2022-03-30,-0.6313588999088777,1.2071586745393807
2022-03-31,-1.577633522688176,1.1561989235229804
2022-04-01,0.3404420961463028,1.2242791326784397
2022-04-04,0.8058382532133648,1.1507302433377784
2022-04-05,-1.2631159074005371,1.1096102042056437
2022-04-06,-0.9764433912479722,1.138338926777513
2022-04-07,0.4244365552037262,1.1268692394137612
2022-04-08,-0.2654546675552394,1.0647229333051795
2022-04-11,-1.7021334584696128,1.0067128832612573
2022-04-12,-0.3423300530452235,1.127696514561743
2022-04-13,1.1112603268901935,1.0672464695497073
2022-04-14,-1.2218480383508163,1.0667258207867363
2022-04-18,-0.0204889272406506,1.0966143452409445
2022-04-19,1.5930044749386651,1.0299079755517724
2022-04-20,-0.0618666406182575,1.1046488750689933
2022-04-21,-1.4862855551311067,1.0377616742514844
2022-04-22,-2.813207637736697,1.1136683887929393
2022-04-25,0.5681765144111809,1.4447397637146875
2022-04-26,-2.8550008928597754,1.3608627652595393
2022-04-27,0.2095849024964595,1.6256277027560817
2022-04-28,2.444565534083217,1.5170689089644003
2022-04-29,-3.695915978469415,1.639837695317536
2022-05-02,0.5659199293818601,2.0096130736108075
2022-05-03,0.4825465075359521,1.8789363204477978
2022-05-04,2.942522155732583,1.7561160817429953
2022-05-05,-3.630067756409906,1.9177633894566979
2022-05-06,-0.569038441395277,2.1977570948223533
2022-05-09,-3.256151953960419,2.0563710760253673
2022-05-10,0.2454881760409255,2.2334957462241496
2022-05-11,-1.6600232095697796,2.078729828064836
2022-05-12,-0.129680499411244,2.0247674445473622
2022-05-13,2.358926795686944,1.8859395940038521
2022-05-16,-0.3954208517722458,1.9289246633043833
2022-05-17,1.996891958146264,1.8031910539879976
2022-05-18,-4.123380929124887,1.8093151963830187
2022-05-19,-0.585086477734781,2.2249045956732294
2022-05-20,0.0146131091990306,2.0819279205504433
2022-05-23,1.838499541206076,1.937675332752718
2022-05-24,-0.815395090355808,1.9067371332504897
2022-05-25,0.9406385648931586,1.8015889845493431
2022-05-26,1.9688166007720864,1.7060876461266998
2022-05-27,2.4441130195822014,1.7226333134539544
2022-05-31,-0.6294135193666944,1.806033458417365
2022-06-01,-0.751090504115545,1.6996913364689352
2022-06-02,1.8263225415545103,1.6094226756620351
2022-06-03,-1.6482405609817057,1.621338582303172
2022-06-06,0.3132489407036025,1.6244441725969063
2022-06-07,0.947833153171984,1.5176227885886557
2022-06-08,-1.0852623040155318,1.449610174278064
2022-06-09,-2.408645766515553,1.411203613839937
2022-06-10,-2.954241481140948,1.572656482471532
2022-06-13,-3.953993199003994,1.8022390704105113
2022-06-14,-0.3780818039489633,2.181966921363307
2022-06-15,1.4487058836534477,2.0358198157687473
2022-06-16,-3.3052207113840666,1.9551622317808561
2022-06-17,0.2198447341013387,2.163029769113305
2022-06-21,2.4182474960672,2.0133373408841204
2022-06-22,-0.1302420095357445,2.0448385545160983
2022-06-23,0.948707248555652,1.904485948848346
2022-06-24,3.0105539729901034,1.800147440229647
2022-06-27,-0.2977499890340672,1.9647607498009256
2022-06-28,-2.03486731494949,1.833560886332048
2022-06-29,-0.0711998820172695,1.8565512714689931
2022-06-30,-0.8797866246367652,1.7299655175211925
2022-07-01,1.0498511296639172,1.6452186416900272
2022-07-05,0.1582875106193491,1.5721301107711696
2022-07-06,0.3566795705066178,1.467244991938316
2022-07-07,1.4853723180930392,1.3740127465170118
2022-07-08,-0.083061639612735,1.3760864728999938
2022-07-11,-1.1594417660525544,1.28722413757717
2022-07-12,-0.928686849749371,1.2768289956129124
2022-07-13,-0.446686411181668,1.243355176360568
2022-07-14,-0.3003138812764307,1.1774561776106198
2022-07-15,1.901923165863364,1.1107764898667913
2022-07-18,-0.8398742485835936,1.2225356619710315
2022-07-19,2.725351764373082,1.1869966743229257
2022-07-20,0.5878493941057167,1.446308448376041
2022-07-21,0.9813066689504668,1.3631932743549156
2022-07-22,-0.9376287293813848,1.3137367523736305
2022-07-25,0.1314302973305868,1.2768442117920489
2022-07-26,-1.161034259926336,1.1952027655733228
2022-07-27,2.5820048778629068,1.197593903623664
2022-07-28,1.2060319791912806,1.4227000494317317
2022-07-29,1.4107775781753558,1.387220621364983
2022-08-01,-0.2827076544916728,1.378435643484362
2022-08-02,-0.668468837887098,1.2939325322018422
2022-08-03,1.5517456270090708,1.2368786744639555
2022-08-04,-0.0777642449583773,1.268411589800757
2022-08-05,-0.1627069018919119,1.1881879822330446
2022-08-08,-0.1238317122120914,1.1162245365640913
2022-08-09,-0.4257744235926498,1.0494615887524403
2022-08-10,2.10671584604075,1.0007138991208464
2022-08-11,-0.0705722922201817,1.1791784255503046
2022-08-12,1.7174046951492667,1.1061895390408432
2022-08-15,0.3961684056233163,1.1866647490841418
2022-08-16,0.1873922825947862,1.1181579804361337
2022-08-17,-0.726411486764802,1.0501709064472404
2022-08-18,0.2266989606384797,1.0241413576161065
2022-08-19,-1.2983928713038868,0.9648610173778315
2022-08-22,-2.1632366466494566,1.024148563464936
2022-08-23,-0.2240370434437464,1.2343324359163317
2022-08-24,0.2911916698724165,1.1601264496665111
2022-08-25,1.3993241836107049,1.090671163781728
2022-08-26,-3.4268576317039523,1.1243652622094473
2022-08-29,-0.6688675197324806,1.6056079563358865
2022-08-30,-1.1089416492117008,1.5190222184578202
2022-08-31,-0.7847738208153028,1.4749167508804109
2022-09-01,0.2991752267194871,1.4082134190757192
2022-09-02,-1.0794552570724387,1.3184035294488683
2022-09-06,-0.4103464690895143,1.2951608477727958
2022-09-07,1.817484866616988,1.2228067039848676
2022-09-08,0.6588966880442448,1.2972852163085886
2022-09-09,1.515601498121106,1.2313229144238618
2022-09-12,1.0528651483995637,1.258673101181611
2022-09-13,-4.419916303197407,1.227439502911202
2022-09-14,0.3381289078844715,1.933751118472655
2022-09-15,-1.1382272168149512,1.8032232310469216
2022-09-16,-0.7208049775663176,1.7309082083682972
2022-09-19,0.6833697724705768,1.6360196980796733
2022-09-20,-1.1336114736600402,1.5409665781855997
2022-09-21,-1.726467409850635,1.4967217079982507
2022-09-22,-0.8463293830453985,1.5288787560355999
2022-09-23,-1.7382828767330778,1.4613403506837823
2022-09-26,-1.0394360890280503,1.500843777538342
2022-09-27,-0.2122610954824728,1.4522889964349774
2022-09-28,1.948114418115236,1.35973470605198
2022-09-29,-2.13527948230975,1.4298485966291847
2022-09-30,-1.5181351546209298,1.5379280888654818
2022-10-03,2.555457753093017,1.5364192663983673
2022-10-04,3.012534141679984,1.6748174879708078
2022-10-05,-0.2019987558938117,1.8673523599660984
2022-10-06,-1.02979229113952,1.7417302105908616
2022-10-07,-2.8403196531478057,1.6669107577975266
2022-10-10,-0.7520673133652772,1.851917045795106
2022-10-11,-0.6540518412323781,1.7480172343941733
2022-10-12,-0.3296199650166294,1.6479471908854677
2022-10-13,2.5634259307631133,1.5427685871373202
2022-10-14,-2.394712074452842,1.6812573679675002
2022-10-17,2.6135524557561847,1.7842276928539997
2022-10-18,1.136276820708746,1.8836813628053979
2022-10-19,-0.6694455239684375,1.7936091897217779
2022-10-20,-0.7982686738766697,1.6903630598159018
2022-10-21,2.3447759860447266,1.6039121060422339
2022-10-24,1.1811940205111493,1.692980949990841
2022-10-25,1.6135770015874955,1.625453206187267
2022-10-26,-0.7415140398989886,1.6088489363928256
2022-10-27,-0.6101185053184452,1.526369165519275
2022-10-28,2.4328036770856336,1.443607135625898
2022-10-31,-0.7482327030336412,1.5796256919324339
2022-11-01,-0.4109663720359005,1.5003147436802715
2022-11-02,-2.5319843737482883,1.4102218793831394
2022-11-03,-1.0642422531956597,1.5956369771705254
2022-11-04,1.3526823285563951,1.5389349426908245
2022-11-07,0.956806167935914,1.5045095827843524
2022-11-08,0.5582282828760321,1.4384713443349177
2022-11-09,-2.0996784712303445,1.3546943771814561
2022-11-10,5.395251566479769,1.4719046339234718
2022-11-11,0.9198312304769029,2.305280750052333
2022-11-14,-0.8975940544918012,2.1647283711966834
2022-11-15,0.8675376414669187,2.041465308710528
2022-11-16,-0.8286283111873759,1.920677379580859
2022-11-17,-0.3094104644229283,1.8150594725122684
2022-11-18,0.4747295648158209,1.6959247029386761
2022-11-21,-0.3891249800275618,1.5875447089312194
2022-11-22,1.3488606269828392,1.4893053393405913
2022-11-23,0.5897266041738312,1.4605012900591865
2022-11-25,-0.0283084262202478,1.3762368042126778
2022-11-28,-1.5564696794064814,1.2867621947534036
2022-11-29,-0.159313370162437,1.3285219163487023
2022-11-30,3.0478643521294946,1.2448393481863218
2022-12-01,-0.0868009829606589,1.5595567341119854
2022-12-02,-0.1195374663761461,1.4561771692996723
2022-12-05,-1.8056249630972216,1.36144422385265
2022-12-06,-1.4503869422986058,1.4281677351859754
2022-12-07,-0.1864107253381664,1.4336249656568378
2022-12-08,0.7493634413933238,1.341981871772643
2022-12-09,-0.7376719464213213,1.2773583561071182
2022-12-12,1.417830729965003,1.227169414717292
2022-12-13,0.7263223255457212,1.241930315679341
2022-12-14,-0.6071116623835963,1.1855280644230364
2022-12-15,-2.523747790182607,1.135030868221837
2022-12-16,-1.1200239946011676,1.3922368594714702
2022-12-19,-0.90483289411038,1.3641726733157375
2022-12-20,0.1036800697890769,1.3186237383717234
2022-12-21,1.4758548669054294,1.2334612232025832
2022-12-22,-1.4557142498145654,1.255016276033112
2022-12-23,0.5850952271915072,1.2874465011549003
2022-12-27,-0.4057844034659477,1.2183256064942392
2022-12-28,-1.2093470442948606,1.1526450495269014
2022-12-29,1.731063431499432,1.1673779920012226
2022-12-30,-0.2543975646110833,1.2382757783496268
2023-01-03,-0.4008572481273608,1.164680328001521
2023-01-04,0.7510694562138917,1.103656506880412
2023-01-05,-1.1713869136457158,1.0632403066808664
2023-01-06,2.258383558903089,1.0866871960866316
2023-01-09,-0.0767927325990578,1.2737022886338834
2023-01-10,0.6953997970593733,1.193033618664998
2023-01-11,1.2767571192293676,1.1393901595453226
2023-01-12,0.341008491204273,1.1489098961391282
2023-01-13,0.3988892144656051,1.081820530707917
2023-01-17,-0.2032555430996314,1.0226825899138166
2023-01-18,-1.5684966977744674,0.9661996182624879
2023-01-19,-0.7667671901812427,1.071603148119373
2023-01-20,1.874167355235196,1.0468241213957623
2023-01-23,1.1811315951328556,1.167765022454072
2023-01-24,-0.0711756364291819,1.161651455962751
2023-01-25,-0.0181741573465663,1.0901272350101372
2023-01-26,1.0947708029114305,1.0239439048485652
2023-01-27,0.2491734021703855,1.0275518378071058
2023-01-30,-1.3053569315292664,0.9684686374383955
2023-01-31,1.4536304416419528,1.028186282438482
2023-02-01,1.039805629688473,1.0808062430580576
2023-02-02,1.459238462685438,1.0702876818924791
2023-02-03,-1.0408592637285454,1.1162591243458193
2023-02-06,-0.6159393193939262,1.115170495463329
2023-02-07,1.2790364037397075,1.072596585143069
2023-02-08,-1.1142573012411352,1.0924978049340843
2023-02-09,-0.8869009831037385,1.1038949484724823
2023-02-10,0.2192855709217127,1.087187317717827
2023-02-13,1.1383569951155146,1.0223439170288957
2023-02-14,-0.0280453855493762,1.0315614781118847
2023-02-15,0.2769337533076689,0.9704430115535095
2023-02-16,-1.3884689204881606,0.9171220817310745
2023-02-17,-0.2771242172282734,1.0010282627172722
2023-02-21,-2.0244783973471696,0.9493190177056183
2023-02-22,-0.1574795485643383,1.1508756874911321
2023-02-23,0.5315278263237728,1.0819393073300179
2023-02-24,-1.0593464619774184,1.02907455120793
2023-02-27,0.3068292539552277,1.042898990701867
2023-02-28,-0.3040619830947711,0.9840093792563495
2023-03-01,-0.4736464203492832,0.935107443549335
2023-03-02,0.7553593731195973,0.9011524093856093
2023-03-03,1.601874917648306,0.8842611395256066
2023-03-06,0.0686930778848301,0.9918050799405924
2023-03-07,-1.5445590479262548,0.9335921684469717
2023-03-08,0.1413794135603272,1.041975111709588
2023-03-09,-1.8631857945482355,0.9798670532217397
2023-03-10,-1.458396943606664,1.1390055047280803
2023-03-13,-0.1510901840738767,1.191452570023099
2023-03-14,1.6342388235363663,1.1189413676282969
2023-03-15,-0.7005363929353597,1.1833244822163627
2023-03-16,1.7409576249031722,1.140129840946439
2023-03-17,-1.10806212739537,1.2178764546120044
2023-03-20,0.8878869635940854,1.2108041268391712
2023-03-21,1.2898647518559103,1.1699582279251903
2023-03-22,-1.6600248639842885,1.1766828787076475
2023-03-23,0.2980083869182423,1.2543156297561615
2023-03-24,0.5623963084303207,1.1771136505347681
2023-03-27,0.1645599563767083,1.1169494691636275
2023-03-28,-0.1575083288387886,1.0487638937359798
2023-03-29,1.41368707750468,0.9886137751998424
2023-03-30,0.5698999199482653,1.042248672092596
2023-03-31,1.4333327782036556,0.9954798902636873
2023-04-03,0.3692022565802823,1.0509260242890313
2023-04-04,-0.5813839745162529,0.9934218858360141
2023-04-05,-0.2495481657121423,0.9613060120113981
2023-04-06,0.3572773132803247,0.9121341500687431
2023-04-10,0.0995807017010084,0.8669596759878533
2023-04-11,-0.004135333298352,0.8198274521297523
2023-04-12,-0.4143456323461385,0.777215252341613
2023-04-13,1.3175510497831548,0.7564773270208933
2023-04-14,-0.2071517584577988,0.8411756485607711
2023-04-17,0.3300703582614753,0.8017113091388519
2023-04-18,0.0854854803465975,0.7661304722390064
2023-04-19,-0.0084265547939628,0.7282498134027559
2023-04-20,-0.5970335188311131,0.6943816457546145
2023-04-21,0.0902781257300886,0.7016671414549652
2023-04-24,0.0851216778272312,0.6700559558844966
2023-04-25,-1.593718381857645,0.6415895861999698
2023-04-26,-0.3848583503344875,0.8422002971693949
2023-04-27,1.9377193402696355,0.8121100576563401
2023-04-28,0.8219331313243468,1.0082284603825302
2023-05-01,-0.0386181048510787,0.9846150565299906
2023-05-02,-1.1653906680571788,0.9276687437208703
2023-05-03,-0.7022908054892971,0.9730890317845428
2023-05-04,-0.7244913455062743,0.9540365958422367
2023-05-05,1.83061663818798,0.9395424807424354
2023-05-08,0.0452026484882065,1.0777563839504058
2023-05-09,-0.4589938949059595,1.0122529835007572
2023-05-10,0.4473942241914432,0.9692575825835801
2023-05-11,-0.1698064889706758,0.9227542832704964
2023-05-12,-0.1584561589439047,0.8742385691286121
2023-05-15,0.2953797680316934,0.8298621377851023
2023-05-16,-0.6398107681917463,0.7901723021569844
2023-05-17,1.1820688622071571,0.788469432891634
2023-05-18,0.9400723063727155,0.8434055898004584
2023-05-19,-0.1446913880675441,0.8545260930707733
2023-05-22,0.0155022679802391,0.811570433604842
2023-05-23,-1.1285468768284297,0.7695522119089124
2023-05-24,-0.734551267830521,0.8398245621024399
2023-05-25,0.8719456079011882,0.8416604077572774
2023-05-26,1.2964680931640788,0.8448853827035625
2023-05-30,0.0016603130665768,0.9072225368167204
2023-05-31,-0.6127358186214099,0.8566386727944962
2023-06-01,0.9806215085853812,0.8434271099462571
2023-06-02,1.4429812390107408,0.8596640540519946
2023-06-05,-0.2005591490657713,0.943863334976548
2023-06-06,0.2351130233850576,0.8944376830832426
2023-06-07,-0.3819293926420617,0.8468829793065976
2023-06-08,0.616957160752325,0.8160966052428306
2023-06-09,0.1147401023050523,0.7971446595271359
2023-06-12,0.927797498175416,0.756525972508831
2023-06-13,0.6908570725908897,0.7797754385949598
2023-06-14,0.0819089980126584,0.7720837140164432
2023-06-15,1.2104580493589998,0.7336259184470892
2023-06-16,-0.3678376467751089,0.8045325408664477
2023-06-20,-0.4746353835236048,0.7774080944361439
2023-06-21,-0.5259086366925201,0.761486359294867
2023-06-22,0.3703930387334525,0.7521420257859589
2023-06-23,-0.7688288056502157,0.7235289053404079
2023-06-26,-0.4496934363132171,0.7474538535054435
2023-06-27,1.139073352418076,0.733089450296516
2023-06-28,-0.0354139388389821,0.7921237386430696
2023-06-29,0.446356811449,0.7524999034104699
2023-06-30,1.21943502618858,0.7282184615924587
2023-07-03,0.1169993092673641,0.8018510532811796
2023-07-05,-0.1970258097612716,0.7608123985680593
2023-07-06,-0.7954061175894762,0.7289301637013601
2023-07-07,-0.2869212795733482,0.7555365077497216
2023-07-10,0.2402138610626312,0.7287149894971509
2023-07-11,0.6719583998254874,0.6971408722265966
2023-07-12,0.7383905235389678,0.6987806792111311
2023-07-13,0.8434482989627111,0.7075027231852392
2023-07-14,-0.1024932196907483,0.7277118979024707
2023-07-17,0.3847969574420413,0.6958026375058054
2023-07-18,0.7092066941428338,0.674098065836842
2023-07-19,0.2355134827233639,0.6831931050778657
2023-07-20,-0.6779827396257692,0.6561328578666711
2023-07-21,0.0324042014613091,0.6793535044506963
2023-07-24,0.4026038496874852,0.649973679076685
2023-07-25,0.2810719575838704,0.6346428521008259
2023-07-26,-0.0155450978675918,0.6145115237468877
2023-07-27,-0.6445393055197076,0.5923681365309635
2023-07-28,0.9829375810433848,0.6222620615200445
2023-07-31,0.1467635436568791,0.6787142672612853
2023-08-01,-0.2668645307682711,0.6499939936272202
2023-08-02,-1.3936200638336185,0.6338515583672252
2023-08-03,-0.2551225450291527,0.7911254114409663
2023-08-04,-0.531416937393797,0.7588380677866533
2023-08-07,0.8983618964856572,0.7503575780260178
2023-08-08,-0.4227205100058866,0.7707250683061463
2023-08-09,-0.7063619102045117,0.7513872453877624
2023-08-10,0.0250682521080863,0.762900612680343
2023-08-11,-0.1070264899229486,0.7253892668528769
2023-08-14,0.573400487941905,0.6938437740198898
2023-08-15,-1.1618139396096483,0.6863170009774436
2023-08-16,-0.7584081792624527,0.7814841138346196
2023-08-17,-0.7742811377529081,0.7947687391514198
2023-08-18,-0.0148717883957202,0.8079830364131757
2023-08-21,0.6855634859799785,0.7665896157819099
2023-08-22,-0.2781331046545683,0.760113352814388
2023-08-23,1.098433071079136,0.732301521976207
2023-08-24,-1.354935398400801,0.7849335052600596
2023-08-25,0.6695501060295156,0.8927028905296999
2023-08-28,0.6245078594196461,0.8691533707703425
2023-08-29,1.4404068712056506,0.8446191102076117
2023-08-30,0.3825854181192944,0.9316452983843911
2023-08-31,-0.1598212974339857,0.8856908073621466
2023-09-01,0.1797512765518541,0.8402878489118671
2023-09-05,-0.4202997821381205,0.7965241222346426
2023-09-06,-0.6996014491432261,0.7740072759307834
2023-09-07,-0.3216433115732967,0.7813180864821665
2023-09-08,0.1425606062257059,0.7537718809846856
2023-09-11,0.6700951498135518,0.7175718555397793
2023-09-12,-0.5712169023003997,0.7161618518513975
2023-09-13,0.1240862117534604,0.7174636968341699
2023-09-14,0.839458553366625,0.6845678163282418
2023-09-15,-1.2234145842493929,0.70805910095817
2023-09-18,0.0721027694175518,0.809568878878924
2023-09-19,-0.2153327361533126,0.7675791806116397
2023-09-20,-0.943920420629104,0.7358103690554949
2023-09-21,-1.6536918318488083,0.7828185169252395
2023-09-22,-0.2298237402760749,0.9522117271117599
2023-09-25,0.4014994203806617,0.9030984312995536
2023-09-26,-1.4844165482264944,0.8607514285999064
2023-09-27,0.0229287772294792,0.9749068350554866
2023-09-28,0.5875877143000698,0.9182457216444928
2023-09-29,-0.2713259648289315,0.8854557775178366
2023-10-02,0.0079364406152993,0.8444908697542322
2023-10-03,-1.3839395863449198,0.7995028159549197
2023-10-04,0.8077047607828945,0.9092699995094116
2023-10-05,-0.1304881146995122,0.896457921749021
2023-10-06,1.1745642093961115,0.8491951842985803
2023-10-09,0.6284068119387409,0.8915564252997648
2023-10-10,0.5194476099985355,0.8647818336842745
2023-10-11,0.4283819500095073,0.8330344664186201
2023-10-12,-0.6266024940654918,0.7990810651763494
2023-10-13,-0.5031495660219892,0.7947674530778656
2023-10-16,1.0538642302589984,0.7791793306568516
2023-10-17,-0.0098249879443765,0.8162045965528456
2023-10-18,-1.3490408251151895,0.7739884546409675
2023-10-19,-0.8519032328057976,0.8833079376700291
2023-10-20,-1.2665149196155916,0.8927523247607039
2023-10-23,-0.1686992065434917,0.9608972442304047
2023-10-24,0.723952351962882,0.9088697715963732
2023-10-25,-1.4443434657238052,0.8881479319577475
2023-10-26,-1.1903081205584871,0.9884033337093484
2023-10-27,-0.481183857862075,1.026867041417567
2023-10-30,1.1938474300285915,0.9838384885400394
2023-10-31,0.6454084821688244,1.00619038161817
2023-11-01,1.0451194990191868,0.9681755103525987
2023-11-02,1.8682938934086477,0.9737691762650952
2023-11-03,0.934988354455146,1.1109092264338727
2023-11-06,0.1751457724100586,1.0857756988829383
2023-11-07,0.2836093401711954,1.0203458722303942
2023-11-08,0.1004411032419886,0.962774387824935
2023-11-09,-0.8116690699068705,0.9071677818581751
2023-11-10,1.5495759270772258,0.908353473914708
2023-11-13,-0.0836188441370084,1.00088185777894
2023-11-14,1.889537047457725,0.9432308880440824
2023-11-15,0.1595738207847176,1.0922685441636548
2023-11-16,0.118971939671373,1.0260970938709684
2023-11-17,0.1281227937177987,0.9651520600415392
2023-11-20,0.7363103793795632,0.9095322432411044
2023-11-21,-0.2022975931757968,0.8898498591662561
2023-11-22,0.4052905094313324,0.8455280570693554
2023-11-24,0.0596695609645032,0.8090716524540202
2023-11-27,-0.1956069316898358,0.7671194540440803
2023-11-28,0.0979638528050291,0.7345351198304386
2023-11-29,-0.0946696615101938,0.6997478645930866
2023-11-30,0.3776931264994605,0.6704458705058741
2023-12-01,0.5856558953846637,0.6511961737696248
2023-12-04,-0.5423188063826943,0.6505452304447262
2023-12-05,-0.0569031593934802,0.6582545935648338
2023-12-06,-0.3913851944943747,0.6322749354993626
2023-12-07,0.7936610684821922,0.627640841216207
2023-12-08,0.4087134146503793,0.6547937263910665
2023-12-11,0.3916813547781492,0.6392874707929161
2023-12-12,0.45888127956924,0.6245284845291319
2023-12-13,1.355834517501981,0.6163398756906404
2023-12-14,0.2643565185154432,0.7441904824857405
2023-12-15,-0.0076252400448594,0.7118459728392244
2023-12-18,0.4518122263400515,0.6795799412363103
2023-12-19,0.5849267450818904,0.66405561952849
2023-12-20,-1.4793147965305629,0.661564941488471
2023-12-21,1.0248769307271877,0.8292618955343791
2023-12-22,0.1658682152761075,0.8536204938497285
2023-12-26,0.4222761046978559,0.8083986746084814
2023-12-27,0.1429435616422998,0.7766632407235373
2023-12-28,0.0370106110327118,0.7382799487462579
2023-12-29,-0.2830477036733835,0.7030677804328638
2024-01-02,-0.5676660799723162,0.6818069302402057
2024-01-03,-0.8048618327197647,0.6876741580978093
2024-01-04,-0.3434271663317428,0.7228532693907695
2024-01-05,0.182402163943398,0.7032644843628799
2024-01-08,1.401594543635314,0.6727301062371155
2024-01-09,-0.1478993852317584,0.7942740033409114
2024-01-10,0.5649980650495912,0.7571916541779841
2024-01-11,-0.0671280836961164,0.7410026856071116
2024-01-12,0.0750693753033959,0.7068870107874239
2024-01-16,-0.3738319052356834,0.6747021321768959
2024-01-17,-0.5632731271107821,0.663145647006332
2024-01-18,0.8766720726243148,0.6712969771865288
2024-01-19,1.2238308232548512,0.7021432896441969
2024-01-22,0.2191921187231685,0.7823717607652552
2024-01-23,0.2917115340764486,0.7449222885136305
2024-01-24,0.0811598976216865,0.7135043677504895
2024-01-25,0.524657813497798,0.6806862227421205
2024-01-26,-0.0651997755426364,0.6706337659767531
2024-01-29,0.7528365505246204,0.6435598213195365
2024-01-30,-0.0600830396978616,0.6626974927783097
2024-01-31,-1.6236851740733682,0.6363274316948848
2024-02-01,1.2416286114049784,0.8459123702665444
2024-02-02,1.062777072263312,0.8992225313335415
2024-02-05,-0.3191424709283971,0.9174248029164188
2024-02-06,0.2307745931748107,0.8757044155105836
2024-02-07,0.8207682594008627,0.829760699516446
2024-02-08,0.0570420540090595,0.8288836670467442
2024-02-09,0.5725917128795516,0.7851068968140301
2024-02-12,-0.0949404142652441,0.7661936443932841
2024-02-13,-1.3768609419845443,0.7302796762641619
2024-02-14,0.9534168304216808,0.8562761907367544
2024-02-15,0.580437267404004,0.867110003524769
2024-02-16,-0.4815043575961042,0.8393976941200469
2024-02-20,-0.602342646581725,0.8166885405436397
2024-02-21,0.1263401495103598,0.8075781715505133
2024-02-22,2.090288866640342,0.7660945057818224
2024-02-23,0.0347887026502183,1.0128059324514527
2024-02-26,-0.3793939244668484,0.9528339182206963
2024-02-27,0.1704895538720964,0.9109292264216802
2024-02-28,-0.1659531321112244,0.8605967574539851
2024-02-29,0.5215470455799964,0.8177495238243526
2024-03-01,0.7975936433387976,0.791263561928633
2024-03-04,-0.1193974574963011,0.7932133821362267
2024-03-05,-1.0245406275917994,0.7553484844470968
2024-03-06,0.5127932853001643,0.811276973137376
2024-03-07,1.0251402284983626,0.7848989235638152
2024-03-08,-0.6549922992050338,0.8167753703817462
2024-03-11,-0.11228682680281,0.8130523899310564
2024-03-12,1.1139512586668012,0.7730869560010679
2024-03-13,-0.1926384002121972,0.8202721732361891
2024-03-14,-0.2875221051495188,0.7822713003774251
2024-03-15,-0.6504022859737666,0.7526264200339822
2024-03-18,0.6298184238480455,0.7573976140531525
2024-03-19,0.563325304434312,0.7468051009967585
2024-03-20,0.8864765516360184,0.7317397598145807
2024-03-21,0.3231309094528888,0.7535912818919209
2024-03-22,-0.1403171834326712,0.7225822671865265
2024-03-25,-0.3059640382031929,0.6923920848698524
2024-03-26,-0.2803721982805726,0.6738014941872074
2024-03-27,0.8593595582706042,0.6557225254354483
2024-03-28,0.1115862700761605,0.6869222833600737
2024-04-01,-0.2015614526957724,0.6569341751299789
2024-04-02,-0.7265388203672426,0.6363342579290717
2024-04-03,0.1090527523337897,0.6696537078783632
2024-04-04,-1.241103561926225,0.6413880470841703
2024-04-05,1.1038050135699558,0.7638780395785298
2024-04-08,-0.0374701190041576,0.8112402287795328
2024-04-09,0.144444947363452,0.769853343710655
2024-04-10,-0.9501981832212592,0.7321382220375512
2024-04-11,0.7417221983342437,0.7808276347817618
2024-04-12,-1.4657587802248535,0.7781681782885463
2024-04-15,-1.2094195787459194,0.9094488852544045
2024-04-16,-0.2058624527503996,0.9650627134468253
2024-04-17,-0.5797375076004185,0.9138777258297449
2024-04-18,-0.2210601700485304,0.890691192079987
2024-04-19,-0.8797129654056974,0.847018700698531
2024-04-22,0.869335115683908,0.8655602375984357
2024-04-23,1.189356656772209,0.8651161461122504
2024-04-24,0.02129873779329,0.9068324474671872
2024-04-25,-0.4586934270119409,0.8561451207301829
2024-04-26,1.0157381332325344,0.8297530073582533
2024-04-29,0.3173408076639394,0.8527948282135989
2024-04-30,-1.5855551118928124,0.8117051167004912
2024-05-01,-0.3441353485631687,0.9585157069039362
2024-05-02,0.9087024725084856,0.9140796364069842
2024-05-03,1.2478557659508005,0.9113488934719074
2024-05-06,1.027317369124784,0.9535740108316384
2024-05-07,0.1342528228825613,0.9591178750314119
2024-05-08,-0.0005835635193424,0.904080846319927
2024-05-09,0.5078032639106711,0.8537956577166348
2024-05-10,0.1648040080166728,0.8224568541164093
2024-05-13,-0.0241333173865208,0.7800927560983194
2024-05-14,0.4826148527454041,0.7414410639422133
2024-05-15,1.164782778729962,0.7208375433035945
2024-05-16,-0.2083837474088046,0.7866925059559666
2024-05-17,0.1164095687893751,0.7526735334741264
2024-05-20,0.0915970308491166,0.7162805233752653
2024-05-21,0.2498749766892608,0.6832357918443185
2024-05-22,-0.2709791209352147,0.6566483780030725
2024-05-23,-0.7408162283471933,0.6399809470391348
2024-05-24,0.6976649076673259,0.6746658777925105
2024-05-28,0.0248770906885915,0.6823691520211456
2024-05-29,-0.7394317215742535,0.6527313761181002
2024-05-30,-0.5992957535754186,0.6848994356505528
2024-05-31,0.7995824231928896,0.6938618251845073
2024-06-03,0.1115460223535239,0.7106976090170436
2024-06-04,0.1501681003782753,0.6783433272715688
2024-06-05,1.1778015849957282,0.649715635347538
2024-06-06,-0.0199836601636851,0.7338274176612197
2024-06-07,-0.1115842050279066,0.6995658725110302
2024-06-10,0.2577529978240972,0.6707824411619053
2024-06-11,0.2706714855209522,0.6457902407722388
2024-06-12,0.8467720241887338,0.6239931111287343
2024-06-13,0.234191143711672,0.6591887619317487
2024-06-14,-0.0393938280997494,0.6346123739469072
2024-06-17,0.7635164372320518,0.6107473915709367
2024-06-18,0.2518154181517116,0.6368290537187248
2024-06-20,-0.252912739541154,0.6152821308692127
2024-06-21,-0.1563351718825249,0.602413911508884
2024-06-24,-0.3069879155866442,0.5858607526206614
2024-06-25,0.3925873679181343,0.5804698286692972
2024-06-26,0.1571196224720452,0.5730492201302658
2024-06-27,0.0906909856799073,0.5558097503908926
2024-06-28,-0.4092013462369599,0.5396142858365398
2024-07-01,0.2671990981429523,0.5499936967566379
2024-07-02,0.6176205771185049,0.5391122126458713
2024-07-03,0.5071562269533664,0.5590943868944055
2024-07-05,0.543397436096954,0.564041678958328
2024-07-08,0.1016182476404432,0.5718133910733135
2024-07-09,0.0740797478065475,0.553895526971056
2024-07-10,1.0156314878105883,0.5378406117071654
2024-07-11,-0.8801649969266724,0.6194977590836994
2024-07-12,0.550186402496512,0.679880881708872
2024-07-15,0.2822216423352684,0.6721104646942672
2024-07-16,0.6369049971453274,0.6479256847918182
2024-07-17,-1.4025441523645543,0.6529457987538628
2024-07-18,-0.7847112145350073,0.8063215157024517
2024-07-19,-0.7165879226406084,0.819061781022857
2024-07-22,1.0734217246220292,0.8218001951724094
2024-07-23,-0.155931769394619,0.8541742908902856
2024-07-24,-2.3421242222892857,0.8116050127377948
2024-07-25,-0.5155889019717259,1.1347154094496246
2024-07-26,1.1029420409570925,1.08311509886618
2024-07-29,0.0812979571828451,1.0794289299174105
2024-07-30,-0.4972514361367621,1.0137925551231826
2024-07-31,1.5669980701917767,0.9731982758454238
2024-08-01,-1.3788123791990166,1.054993354267166
2024-08-02,-1.855290660855327,1.110233390019783
2024-08-05,-3.04270413923931,1.2361644259958937
2024-08-06,1.0300849493599515,1.5811745642331434
2024-08-07,-0.7764715388769489,1.5129989448591956
2024-08-08,2.278113959089888,1.4419690931182478
2024-08-09,0.4660798434381699,1.5510337903774096
2024-08-12,0.0043033051720097,1.4542015960506212
2024-08-13,1.6707233419049987,1.3583194358392046
2024-08-14,0.381643656119841,1.3872305129672462
2024-08-15,1.6004489931304131,1.3012542381818457
2024-08-16,0.1987802368396151,1.3293614713135122
2024-08-19,0.9675327436177776,1.2441636710152997
2024-08-20,-0.1986527237609709,1.2065952561988993
2024-08-21,0.4230714721006796,1.13400960529476
2024-08-22,-0.8972942256657219,1.0711696971568356
2024-08-23,1.141793740166443,1.0597759978131511
2024-08-26,-0.3158710169605814,1.0639848518568917
2024-08-27,0.1593925112723203,1.0081638411914589
2024-08-28,-0.5993900794735212,0.9491517734480723
2024-08-29,-0.0039379843436586,0.9235526028556852
2024-08-30,1.004245707914417,0.8715704984242865
2024-09-03,-2.1377963372397697,0.8864774228568436
2024-09-04,-0.1603829027380963,1.1330171347391143
2024-09-05,-0.3022581014674196,1.0656719260156031
2024-09-06,-1.7410944507424406,1.0090940081187354
2024-09-09,1.1513534435818251,1.1369068173696604
2024-09-10,0.4462699977793541,1.1315158472194462
2024-09-11,1.060855564984334,1.0698731141489841
2024-09-12,0.746735215680267,1.0631548957771653
2024-09-13,0.5393142234356035,1.0267720942766705
2024-09-16,0.1255840867310285,0.9796937369920551
2024-09-17,0.026451509389645,0.9227893010219733
2024-09-18,-0.2900658708313291,0.870663535767322
2024-09-19,1.6834356892725129,0.8320819287061966
2024-09-20,-0.1942913630015734,0.9683393951831897
2024-09-23,0.2805334425713122,0.9164572924446295
2024-09-24,0.2508031103345345,0.8681379868261474
2024-09-25,-0.1862983206212128,0.8234171237169271
2024-09-26,0.4030542158199222,0.7848646679223168
2024-09-27,-0.1254002900072123,0.7545341551857948
2024-09-30,0.4227603658441509,0.7206338706158322
2024-10-01,-0.9367848694454448,0.6984241478214885
2024-10-02,0.0138381326986477,0.7516330806785448
2024-10-03,-0.1682828654458689,0.7152774207849795
2024-10-04,0.8930255699186382,0.6868942344058109
2024-10-07,-0.9632263829388772,0.7172674104085196
2024-10-08,0.9642706804694384,0.7709362416928794
2024-10-09,0.7088231016994585,0.7967150086220649
2024-10-10,-0.2072268505982484,0.7885745379813003
2024-10-11,0.603360870729872,0.7543162710486889
2024-10-14,0.7678114574594324,0.7417371847997163
2024-10-15,-0.7638566037513421,0.7474598353742542
2024-10-16,0.4668232782779766,0.7667994574024763
2024-10-17,-0.0171175128538166,0.7422533325962682
2024-10-18,0.3963686942774387,0.7071331669838222
2024-10-21,-0.1824432756419033,0.6848363910334114
2024-10-22,-0.0474966667195793,0.6602753008249185
2024-10-23,-0.9233824267679565,0.6338819124364364
2024-10-24,0.2143473130556828,0.6984073684695258
2024-10-25,-0.029949201318627,0.6691498089895754
2024-10-28,0.2647934626732945,0.6415083141243652
2024-10-29,0.1612825944901219,0.6199462021226491
2024-10-30,-0.3305691672488118,0.5976251398740308
2024-10-31,-1.8790134928745348,0.5925224158315898
2024-11-01,0.4084158004525459,0.8835790978249843
2024-11-04,-0.2816044813190291,0.8434816954874373
2024-11-05,1.2191031029563082,0.8071969888322578
2024-11-06,2.4981280957186653,0.8644072121533408
2024-11-07,0.7403754173995657,1.1759871767337315
2024-11-08,0.3749794035718046,1.127198100156249
2024-11-11,0.0968594190956923,1.0631298249151004
2024-11-12,-0.2896851476936499,0.9989166970432269
2024-11-13,0.0232200764140183,0.947953912253617
2024-11-14,-0.6068108582244001,0.8936356419709934
2024-11-15,-1.3291430866793768,0.8752838653322359
2024-11-18,0.3910159746206537,0.957732520298851
2024-11-19,0.3955750520596487,0.9096773169006681
2024-11-20,0.0021950621335444,0.8664135908377915
2024-11-21,0.5326251844288491,0.81948251416486
2024-11-22,0.3461959591536465,0.7935874147175906
2024-11-25,0.3015927820124541,0.7595262856122628
2024-11-26,0.5705697155263866,0.7270145524293845
2024-11-27,-0.3808481083577711,0.7150042321112415
2024-11-29,0.5592120396801623,0.6990627526041734
2024-12-02,0.2445463880581373,0.6896089957976245
2024-12-03,0.0451347242022181,0.6621753269325612
2024-12-04,0.603318162813612,0.6344839471544588
2024-12-05,-0.1871525839382334,0.637957979644743
2024-12-06,0.2492345367538312,0.618783928448285
2024-12-09,-0.6163167285227462,0.5991340742849762
2024-12-10,-0.2968284314279252,0.6240541027798093
2024-12-11,0.8132626411368236,0.6130354436525215
2024-12-12,-0.5428731461463251,0.6454976339986445
2024-12-13,-0.0026466989371873,0.654027201277244
2024-12-16,0.3792155008784429,0.6275399810741407
2024-12-17,-0.3871479480655496,0.6134003980957399
2024-12-18,-2.993650530451818,0.6109382351237543
2024-12-19,-0.0865486750536793,1.212511408712822
2024-12-20,1.08104794023973,1.137005330332418
2024-12-23,0.7260849585616372,1.1236840841260654
2024-12-24,1.0982233165126825,1.0792517057179456
2024-12-26,-0.0405741088257819,1.0755458902112063
2024-12-27,-1.1117304964912211,1.0108330980500813
2024-12-30,-1.0759673941729728,1.0344530639535927
2024-12-31,-0.4294006458982307,1.0496217857541317
2025-01-02,-0.2226363149448992,1.0010717561374844
2025-01-03,1.251735670782609,0.9472043696883511
2025-01-06,0.5522766496818171,0.9837403395937517
2025-01-07,-1.116602151663701,0.9417428474097995
2025-01-08,0.1559144093831242,0.977451243740927
2025-01-10,-1.5531637650233374,0.9210553664049479
2025-01-13,0.1574204378055117,1.0339463119014929
2025-01-14,0.1145623334164268,0.9726971619350337
2025-01-15,1.8147132504516368,0.916314662231968
2025-01-16,-0.2114924340866761,1.0572266301078246
2025-01-17,0.9941478308394032,0.9979419098164299
2025-01-21,0.8730009440596049,0.9933864627521884
2025-01-22,0.611918108699413,0.9765106430053564
2025-01-23,0.5299419459529372,0.9392355250095519
2025-01-24,-0.2859215984467759,0.9003733426707123
2025-01-27,-1.4688059032112328,0.8586497910992908
2025-01-28,0.9175644177716802,0.970336480470367
2025-01-29,-0.4689876056919602,0.961029819895783
2025-01-30,0.5261548152180238,0.9239940477766906
2025-01-31,-0.5059603990267195,0.8864619930644504
2025-02-03,-0.7637690729495203,0.860308641905751
2025-02-04,0.7198907403029113,0.8625873685376786
2025-02-05,0.3901053915613613,0.8471275557595568
2025-02-06,0.3637674355266266,0.8097511377943568
2025-02-07,-0.95098456936602,0.7748664623930593
2025-02-10,0.6690112295455173,0.8156477358729669
2025-02-11,0.0339525143673855,0.8013100852980677
2025-02-12,-0.2727583189647575,0.7601381102831208
2025-02-13,1.0372313214235749,0.7320258343044044
2025-02-14,-0.0071946395574495,0.7752052551416466
2025-02-18,0.2442003655551808,0.7368041350954005
2025-02-19,0.2374148866824243,0.7045408734373081
2025-02-20,-0.4343604884290259,0.6753351736521288
2025-02-21,-1.7211396672539132,0.6687924773576173
2025-02-24,-0.4981493566252351,0.8903419020738782
2025-02-25,-0.4690715138395557,0.8631349548974512
2025-02-26,0.0136015029583465,0.8367448294038002
2025-02-27,-1.5991742678524652,0.79242135096601
2025-02-28,1.5729780420663384,0.947398033090728
2025-03-03,-1.7753402648308867,1.0356410367593019
2025-03-04,-1.2310288231505475,1.163727865218788
2025-03-05,1.1097472528735688,1.179639356561821
2025-03-06,-1.7979677107455567,1.1639515582554623
2025-03-07,0.5505435045454466,1.2677312895906852
2025-03-10,-2.734354178842815,1.198651411477986
2025-03-11,-0.7596646918536578,1.4840821100956663
2025-03-12,0.4874967940490777,1.4146931080880223
2025-03-13,-1.3988366806464148,1.3300270452494176
2025-03-14,2.1042905953196938,1.3431124879556702
2025-03-17,0.6395634974606036,1.4421161608350745
2025-03-18,-1.0710667074319702,1.361893657975786
2025-03-19,1.0740608172953767,1.3324528516772451
2025-03-20,-0.2187283513782985,1.294678400586112
2025-03-21,0.0824313607832321,1.2152493042970423
2025-03-24,1.749211712863917,1.1383819459239641
2025-03-25,0.157309549065382,1.2178435295169858
2025-03-26,-1.1219640357598033,1.1412257459918245
2025-03-27,-0.3312461007132111,1.1464793925511474
2025-03-28,-1.9934601126853548,1.0838363897337633
2025-03-31,0.5523240357645721,1.2427168472837997
2025-04-01,0.3774104555212066,1.175988519387731
2025-04-02,0.6705661429484109,1.1077486090289772
2025-04-03,-4.960591182899663,1.0609800434516814
2025-04-04,-6.160906189823093,2.0075605709624234
2025-04-07,-0.2334194605963588,2.855554133697123
2025-04-08,-1.5825083277054854,2.655378456583636
2025-04-09,9.089487983303645,2.5331584934241778
2025-04-10,-3.522060702411168,3.919017110852429
2025-04-11,1.793038083577807,3.8451127552822135
2025-04-14,0.7913319326342991,3.6202344590780697
2025-04-15,-0.1729275225300909,3.3711933866207664
2025-04-16,-2.2663253964902528,3.1320080562958146
2025-04-17,0.1325958623772775,3.019444221521802
2025-04-21,-2.384964833401801,2.805269920540698
2025-04-22,2.480695212545062,2.741580195280285
2025-04-23,1.6523864366879455,2.6826016098216003
2025-04-24,2.0056628082583163,2.55366810411111
2025-04-25,0.7346084795700513,2.46794332617478
2025-04-28,0.0640501539001933,2.3064856710142174
2025-04-29,0.5785641545556399,2.1452579244390577
2025-04-30,0.147889725193352,2.004201805686353
2025-05-01,0.6279345716451974,1.8660066885840925
2025-05-02,1.461919110911272,1.7491629293557094
2025-05-05,-0.6402047029318447,1.701072641700439
2025-05-06,-0.7722985278391797,1.6043897929341355
2025-05-07,0.4336938106710132,1.5243170229178777
2025-05-08,0.5783021147465641,1.4286309023901573
2025-05-09,-0.0711734134876363,1.3466155735282963
2025-05-12,3.2039976677020814,1.259966760449056
2025-05-13,0.7222059020245977,1.606245521600228
2025-05-14,0.1023891242276053,1.5157581304524632
2025-05-15,0.4123817438757677,1.4149643636067144
2025-05-16,0.6980849368100189,1.3276319600733892
2025-05-19,0.0875729566048273,1.261154105436393
2025-05-20,-0.3887777069572578,1.1805690708515537
2025-05-21,-1.6266719267758898,1.1174921839605414
2025-05-22,-0.0444970022421169,1.2011615269008726
2025-05-23,-0.6730899591473138,1.1260223691295321
2025-05-27,2.025258080218437,1.086785755729355
2025-05-28,-0.5586802576444734,1.2270795354707467
2025-05-29,0.4003170870631741,1.1691987002908848
2025-05-30,-0.0081188456995205,1.1023671380797317
2025-06-02,0.4093651490626028,1.035069082599347
2025-06-03,0.5783533535368979,0.9806118254467948
2025-06-04,0.0073684744719162,0.9406146473262849
2025-06-05,-0.5291357978698112,0.8870379435485805
2025-06-06,1.0228196215376713,0.8626940842173136
2025-06-09,0.0919525186391365,0.8813944719815809
2025-06-10,0.5468012541646841,0.8329263273473868
2025-06-11,-0.2747660318287345,0.8065514222425919
2025-06-12,0.3815133071676387,0.7736812584730708
2025-06-13,-1.136066859010289,0.743377914103905
2025-06-16,0.93488231481891,0.8206084233356746
2025-06-17,-0.8387259723643135,0.8345560816705685
2025-06-18,-0.0309288034720587,0.8497517053640796
2025-06-20,-0.2181035215587759,0.804708701331201
2025-06-23,0.9560655071259438,0.7693028412677814
2025-06-24,1.1060328616958608,0.7942385361419642
2025-06-25,-0.0003286108349665,0.8362824352289833
2025-06-26,0.7988131032516798,0.7921174685035253
2025-06-27,0.5205399256150098,0.7940824907267525
2025-06-30,0.5151137506128882,0.7701736829752533
2025-07-01,-0.1119157109879143,0.7485957082303968
2025-07-02,0.4733874306490774,0.7148767134218798
2025-07-03,0.8304378210663941,0.6967055919575986
2025-07-07,-0.7893368104244017,0.7170017733737737
2025-07-08,-0.0716143250469574,0.7448147078479315
2025-07-09,0.604380277677969,0.7104248577814585
2025-07-10,0.2742441072925791,0.703560397789767
2025-07-11,-0.3302971773225842,0.675731564061224
2025-07-14,0.1406424330936794,0.6607744203929355
2025-07-15,-0.3964145065672561,0.6337958828575676
2025-07-16,0.3188568525384415,0.6293974810148956
2025-07-17,0.5359380240011014,0.6116287568488274
2025-07-18,-0.0090490302808416,0.6117549234596286
2025-07-21,0.1398157005673256,0.5898104711224788
2025-07-22,0.0637328496666757,0.5703776961718795
2025-07-23,0.7781532145702873,0.5524457493089112
2025-07-24,0.0697979996933251,0.5913605663540596
2025-07-25,0.3966451001680551,0.5711180327914283
2025-07-28,0.0176842471266575,0.5651952585309674
2025-07-29,-0.2963830197466829,0.5480545767255024
2025-07-30,-0.1250213938509471,0.5469337270829744
2025-07-31,-0.3701662046374567,0.5355827028163505
2025-08-01,-1.61213871855698,0.5426996777343073
2025-08-04,1.4629564491414495,0.7848104545008866
2025-08-05,-0.4869703780462016,0.8897578917781567
2025-08-06,0.7255522219852605,0.8617517839680839
2025-08-07,-0.0797798171827866,0.8469279237804732
2025-08-08,0.7769454816389475,0.8029998729960018
2025-08-11,-0.2507268393885107,0.8010470579591485
2025-08-12,1.1281559075170764,0.7675239074724427
2025-08-13,0.3224873384046401,0.8179835334370559
2025-08-14,0.0303044878554451,0.780478834777224
2025-08-15,-0.2901339916364711,0.7412742205298527
2025-08-18,-0.0100768257735796,0.7161914086118539
2025-08-19,-0.5875329112207127,0.6835269782523623
2025-08-20,-0.2434630632264957,0.691356256671392
2025-08-21,-0.4012219728951122,0.6691153824580142
2025-08-22,1.507228515877914,0.6605033415092587
2025-08-25,-0.4275512539646319,0.8076363881249293
2025-08-26,0.412547371011636,0.7843920600352436
2025-08-27,0.2388130453303026,0.7546358917164345
2025-08-28,0.3151747441466755,0.7204336829096649
2025-08-29,-0.6418740402792551,0.6925193213790349
2025-09-02,-0.6946350061030363,0.7053134663014772
2025-09-03,0.5087112302941308,0.7225816924677136
2025-09-04,0.8311847102873572,0.7061025921243852
2025-09-05,-0.317017266993674,0.7249626697974113
2025-09-08,0.2103764450888567,0.7033614376192441
2025-09-09,0.2684547030073441,0.6734921814571765
2025-09-10,0.2979028229398127,0.6486126651512507
2025-09-11,0.8450087623093565,0.6276713245078843
2025-09-12,-0.0482877881428329,0.6619347653388806
2025-09-15,0.4695577726559718,0.6353855604794815
2025-09-16,-0.1288760433331324,0.6266406685787091
2025-09-17,-0.0970639078244386,0.6062180631134014
2025-09-18,0.4777687836708262,0.5869432968277233
2025-09-19,0.4873523937481177,0.585278998106151
2025-09-22,0.4400350714762291,0.5846748894552589
2025-09-23,-0.5517351828739722,0.5802191509568342
2025-09-24,-0.2850677165295369,0.6001779233313014
2025-09-25,-0.5021648742526333,0.591326525223361
2025-09-26,0.5884489130413512,0.6036430824383581
2025-09-29,0.2632077259912618,0.6101029771996508
2025-09-30,0.4082503613507919,0.5919788178042664
2025-10-01,0.3394154171223507,0.5841854237611167
2025-10-02,0.0618163621384244,0.572895948524532
2025-10-03,0.0065510656865871,0.554682467991225
2025-10-06,0.3639959282762629,0.5388576435721796
2025-10-07,-0.3818687706853079,0.5349135439243047
2025-10-08,0.5810748494187323,0.5432674618247584
2025-10-09,-0.2759373980278982,0.5583215209432617
2025-10-10,-2.748597543989981,0.5542539531414098
2025-10-13,1.547826303693403,1.1136951978311793
2025-10-14,-0.156555149694257,1.1654846828424061
2025-10-15,0.4017918503427978,1.0952886295763062
2025-10-16,-0.6314280275141976,1.035056789598043
2025-10-17,0.5256873944526299,1.0024055462401784
2025-10-20,1.0615724136144116,0.9569307111700002
2025-10-21,0.0032695916416987,0.96619458112302
2025-10-22,-0.535183477474303,0.9104147681327647
2025-10-23,0.5810479862013386,0.8838865207584096
2025-10-24,0.7871361975244856,0.8543637665345146
2025-10-27,1.221514132737935,0.846571215235656
2025-10-28,0.2285330502229925,0.8966010275233741
2025-10-29,-0.0043579204733175,0.8486897965807175
2025-10-30,-0.9954191424534512,0.8034289297041532
2025-10-31,0.261450091788327,0.8456568253255603
2025-11-03,0.1719233996918152,0.8033480009079176
2025-11-04,-1.1806250392326716,0.7628892031363727
2025-11-05,0.3646897675687718,0.8436649053886661
2025-11-06,-1.1241134514722728,0.8054357763663812
2025-11-07,0.1261046347493107,0.8675595466812025
2025-11-10,1.5283626703501816,0.820573035917457
2025-11-11,0.2073199952392317,0.9293274701377295
2025-11-12,0.0629319125944597,0.8780006301743155
2025-11-13,-1.6695451630927778,0.8297697157340878
2025-11-14,-0.0501851471271773,0.9891525121556337
2025-11-17,-0.9204497894305158,0.9319706217678325
2025-11-18,-0.8290709844169318,0.9426804935102855
2025-11-19,0.3746807737265329,0.9409137849519059
2025-11-20,-1.568972611631523,0.8937428143858865
2025-11-21,0.9775103041592068,1.016158420373497
2025-11-24,1.5348818899081835,1.0073127118625842
2025-11-25,0.9020886000832944,1.0768564348342897
2025-11-26,0.6882969436149685,1.0526279549131417
2025-11-28,0.5340487341137372,1.0128514722761366
2025-12-01,-0.5337548746055967,0.9668351828734537
2025-12-02,0.2454221195936617,0.9339014626195156
2025-12-03,0.2975360521085286,0.883023077494059
2025-12-04,0.1079738711974404,0.8383521272982332
2025-12-05,0.1934768884679477,0.7938713293384303
2025-12-08,-0.3483315331647693,0.7547229788242295
2025-12-09,-0.0876743161013238,0.7318296858136994
2025-12-10,0.6726880659139977,0.6991088611209031
2025-12-11,0.207719198371703,0.7005467600564158
2025-12-12,-1.0720913458554535,0.6708932062380142
2025-12-15,-0.1597838891836707,0.7531587845860541
2025-12-16,-0.238676400843967,0.7205684705541068
2025-12-17,-1.165985661137129,0.6948749295051532
2025-12-18,0.7902951520479157,0.7887442688871779
2025-12-19,0.8779407421828872,0.7902377742038251
2025-12-22,0.6415870575561936,0.8017543643294772
2025-12-23,0.4540067046788208,0.7866665106675335
2025-12-24,0.3216304344700708,0.7591185459762007
2025-12-26,-0.0304409877108288,0.72747796214318
2025-12-29,-0.3498162923937312,0.6939944050244887
2025-12-30,-0.1376614250653447,0.6782560651791019
2025-12-31,-0.7384867434248815,0.6525777108015616
2026-01-02,0.1892914026115554,0.6846404410855184
2026-01-05,0.6334024511051581,0.6561509176934478
2026-01-06,0.6177592003893837,0.6596078745524112
2026-01-07,-0.3445853571010193,0.6609621868565898
2026-01-08,0.0076545329422946,0.6488533901446146
2026-01-09,0.6454611138321038,0.6227846769777984
2026-01-12,0.1576390059180513,0.6324932623918775
2026-01-13,-0.1941005588207007,0.6087605383656747
2026-01-14,-0.5347633584135448,0.5932947505138636
2026-01-15,0.2576603920444464,0.6090511505210351
2026-01-16,-0.0642508668451502,0.590821435745704
2026-01-20,-2.0842460953261224,0.5722963404208768
2026-01-21,1.152111763356032,0.9281221747718267
2026-01-22,0.547250070790214,0.9537300301248548
2026-01-23,0.0326816427482245,0.9144756852473498
2026-01-26,0.499359426016032,0.863056313657309
2026-01-27,0.407358784044124,0.8301896822704444
2026-01-28,-0.008172639170147,0.7953966957764188
2026-01-29,-0.1293467442462301,0.7551025667487429
2026-01-30,-0.4311179414458075,0.7212703371985298
2026-02-02,0.5376785277364613,0.7085832426938979
2026-02-03,-0.8439495590663714,0.6961072950707807
2026-02-04,-0.5085300155013825,0.7354554067459329
2026-02-05,-1.232667785383289,0.7278542097248648
2026-02-06,1.950434428220072,0.8262741244498882
2026-02-09,0.4680117860123293,1.0209080942920175
2026-02-10,-0.3309182284510705,0.9705039541523501
2026-02-11,-0.0048957269949773,0.9242116434888127
2026-02-12,-1.578494138611745,0.872180026473946
2026-02-13,0.0498964644447585,1.001782096494187
2026-02-17,0.1030790630656517,0.9427174802023857
2026-02-18,0.5550636821134018,0.8888750182636663
2026-02-19,-0.2826115391534785,0.8569575634062365
2026-02-20,0.6915755702175205,0.8193683973275268
2026-02-23,-1.043995947145646,0.8066557990887373
2026-02-24,0.7622488962383376,0.8557172804136348
2026-02-25,0.8103433970129401,0.8452220166517234
2026-02-26,-0.5380026995566102,0.8410918662035048
2026-02-27,-0.4348795128037643,0.8229222782348887
2026-03-02,0.0398275413134989,0.7984882975589549
2026-03-03,-0.9488908731312504,0.7575561820321338
2026-03-04,0.772612574014956,0.8012176673602482
2026-03-05,-0.5662707772703004,0.7990447419783268
2026-03-06,-1.3365720432496335,0.7886997356867993
2026-03-09,0.8269871665388671,0.8920733208108462
2026-03-10,-0.2137402505887721,0.8834567332502348
2026-03-11,-0.0837952185634873,0.8401826087387293
2026-03-12,-1.5344808189494537,0.7969672230946012
2026-03-13,-0.6077546398501344,0.9372371984382759
2026-03-16,1.0079909746818998,0.9137574494424815
2026-03-17,0.2491149384952951,0.922763083117673
2026-03-18,-1.370099938373084,0.8729852257247337
2026-03-19,-0.2752582623899739,0.9631774461981165
2026-03-20,-1.5253934307770225,0.914927552779373
2026-03-23,1.13881090950741,1.0240418261031006
2026-03-24,-0.3749595459320553,1.0330663453143316
2026-03-25,0.5404493759949214,0.9830576885813641
2026-03-26,-1.7559440961209507,0.9403954756699945
2026-03-27,-1.686323194605131,1.0880295275036465
2026-03-30,-0.3953553833355895,1.1880913513793134
2026-03-31,2.8714893309798715,1.1246493721123278
2026-04-01,0.7142945003759281,1.4367052962437095
2026-04-02,0.1120248136237017,1.3610391053993927
2026-04-06,0.4417013131605808,1.272518512405282
2026-04-07,0.0758960033127059,1.198264070600316
2026-04-08,2.4772038357183543,1.1227721938879203
2026-04-09,0.6151066869514015,1.3462645293324156
2026-04-10,-0.1139169699139363,1.2733743461708682
2026-04-13,1.0121875493741077,1.1933200583442685
2026-04-14,1.1713988916143618,1.1658617829296967
2026-04-15,0.794414491156507,1.158878989573346
2026-04-16,0.2606555815286028,1.115972549575571
2026-04-17,1.1968553928737802,1.0495358169557052
2026-04-20,-0.2377195910252037,1.0621529329920414
2026-04-21,-0.6368453580853141,1.0033330992536023
2026-04-22,1.0405756011537826,0.9747261840936867
2026-04-23,-0.4141432170939998,0.9788270145242722
2026-04-24,0.7942067917632457,0.9363884690523615
2026-04-27,0.1231618000549854,0.9188547049659648
2026-04-28,-0.4906187868795949,0.8672547432237533
2026-04-29,-0.0399251743512484,0.8420711079015764
2026-04-30,1.0186184168105012,0.7978639075685539
2026-05-01,0.292404968652147,0.8266003521781388
2026-05-04,-0.4070462487840939,0.7871197138492924
2026-05-05,0.8087227380575185,0.7646945753316973
2026-05-06,1.4482944327746905,0.7717570155961365
2026-05-07,-0.3810345482678693,0.8770784494716465
2026-05-08,0.8390405429031966,0.8430321325272205
2026-05-11,0.1878191740675333,0.8423351380919821
2026-05-12,-0.1603894411407971,0.7985310870660212
2026-05-13,0.5832206062995343,0.7614600249009053
2026-05-14,0.7626449143738461,0.7462646879986636
2026-05-15,-1.2440381787730352,0.7507440884166549
2026-05-18,-0.0735938592565556,0.8458164387014775
2026-05-19,-0.6700720556670582,0.8018630134951825
2026-05-20,1.0734208066325956,0.8018209990693935
2026-05-21,0.1713860931666642,0.8376787565679972
2026-05-22,0.3720045284340991,0.7940116108291102
2026-05-26,0.6089680623147165,0.7611234999219882
2026-05-27,0.0164865553618602,0.7481874794901252
2026-05-28,0.5737227212216409,0.7121420229859314
2026-05-29,0.2169904731487845,0.7022851413478958
2026-06-01,0.2621856060490788,0.6727053607951783
2026-06-02,0.1291254912588006,0.6476723298875456
2026-06-03,-0.7399348892067432,0.6218881134787275
2026-06-04,0.404676236918739,0.6598196450936695
2026-06-05,-2.6801330315360894,0.6434572203088881
2026-06-08,0.2973705207661197,1.1342275076582589
2026-06-09,-0.2579718592621945,1.06714020696201
2026-06-10,-1.6332095868206011,1.008623802685922
2026-06-11,1.736719891346488,1.116384740905791
2026-06-12,0.5012928127161433,1.198087745751594
2026-06-15,1.639328413858115,1.1329233560119618
2026-06-16,-0.5700396039273383,1.1955229819500417
2026-06-17,-1.2222675603360271,1.1414755621450037
2026-06-18,1.0787813962926185,1.1596120710476916
2026-06-22,-0.3711932684976348,1.1431436395909051
2026-06-23,-1.4466928386098656,1.082635865571342
2026-06-24,-0.0983415367731933,1.143481972251614
2026-06-25,-0.0099211040047032,1.073918542341734
2026-06-26,-0.0471768682918393,1.009026214042973
2026-06-29,1.168156135934559,0.9500810461844069
2026-06-30,0.7888998838148293,0.9743346222264391
2026-07-01,-0.2153150985551308,0.9517030113030611
2026-07-02,0.0001370250446897,0.9020870742521592
2026-07-06,0.7215413830444529,0.851973126221638
2026-07-07,-0.446506325318549,0.837991794685179
2026-07-08,-0.2821214562612669,0.8127255120045775
2026-07-09,0.8109821657156896,0.7796062669902855
2026-07-10,0.4200010992571726,0.7847469187173788
2026-07-13,-0.7958609028043705,0.7553748203788555
2026-07-14,0.3751931076883282,0.7776237658643776
2026-07-15,0.3811869942054222,0.7465857637295412
2026-07-16,-0.5114462132765812,0.7191291458304595
2026-07-17,-1.0149876192112737,0.7139622532390689
2026-07-20,-0.1934123886780441,0.7767672606659873
2026-07-21,0.8817378432212827,0.743115880484258
2026-07-22,-0.1364622426399714,0.7624931839381232
2026-07-23,-1.216337213127651,0.7281575174131782
2026-07-24,0.0496640537188817,0.823439111500579
2026-07-27,0.0161913301775201,0.7801715756820916
2026-07-28,0.2102096375460347,0.7410836140565213
2026-07-29,-1.5277397157074193,0.7074339732096131
2026-07-30,1.646801397705684,0.8717498582494061
2026-07-31,0.6979208383378552,0.9907989669826651
