Date,LogReturn,ConditionalVolatility
2000-01-04,-3.909917534093802,1.6074334765833598
2000-01-05,0.1920337961585907,2.140099463623416
2000-01-06,0.0955221740056988,1.9733203248171767
2000-01-07,2.672994972987063,1.8234761626893465
2000-01-10,1.1127824873139451,1.6990986501278231
2000-01-11,-1.3148576788902815,1.5809485341318106
2000-01-12,-0.4396019678609714,1.6644959504774517
2000-01-13,1.2096245165416932,1.6096618720993714
2000-01-14,1.0614763497340869,1.5006842037906793
2000-01-18,-0.6855516976735141,1.4016483999537586
2000-01-19,0.0522156873622269,1.4085126742117315
2000-01-20,-0.7120612569861287,1.3141981305653605
2000-01-21,-0.291656813395358,1.3335833616498707
2000-01-24,-2.8022584228459118,1.2899083241577365
2000-01-25,0.6046483603040548,1.664331227646619
2000-01-26,-0.4221619766667546,1.5475936968781263
2000-01-27,-0.3946204024482488,1.5018910377043244
2000-01-28,-2.784081272973308,1.4567407066802718
2000-01-31,2.490485052912464,1.801942609004297
2000-02-01,1.0571740915406744,1.679008215361563
2000-02-02,-0.011356385074743,1.5626219150966767
2000-02-03,1.1185347697919614,1.4580084405257316
2000-02-04,-0.0421133035721908,1.3632691356702906
2000-02-07,-0.0091276014316644,1.281845061550068
2000-02-08,1.219849367259354,1.2033965501234267
2000-02-09,-2.103511705975112,1.1326280870609613
2000-02-10,0.3620242852776449,1.4009649709952485
2000-02-11,-2.119229898918964,1.3085938693471444
2000-02-14,0.203088685354913,1.5559612398310034
2000-02-15,0.8674947553079746,1.4481941148449289
2000-02-16,-1.0309372816680578,1.353384221199148
2000-02-17,0.0425058137474761,1.4171556098834688
2000-02-18,-3.084710308169203,1.3219894636425944
2000-02-22,0.4506673481115292,1.7452036710755714
2000-02-23,0.6281139106337607,1.619850267522715
2000-02-24,-0.5349730316245382,1.5075659864894217
2000-02-25,-1.4940089385435542,1.4819991208436085
2000-02-28,1.0957078745980513,1.6045026526606103
2000-02-29,1.3535073096645704,1.4955747321944963
2000-03-01,0.9302114728482016,1.3981926490766823
2000-03-02,0.1861728134993852,1.308349211508591
2000-03-03,1.9642853797381483,1.2238871225629022
2000-03-06,-1.2776701994211102,1.1542635034538111
2000-03-07,-2.596529712028953,1.2779128623708818
2000-03-08,0.8140128606934441,1.6156094460139894
2000-03-09,2.5279570403423506,1.504477966033
2000-03-10,-0.4734054939684533,1.4109372470115658
2000-03-13,-0.8241305233129576,1.3859213403158546
2000-03-14,-1.784372717541607,1.414974392400729
2000-03-15,2.3982619773033385,1.592243508158629
2000-03-16,4.654577885905089,1.4897019633796984
2000-03-17,0.4105461314759303,1.4061187599377167
2000-03-20,-0.5367830413634725,1.3134571124514716
2000-03-21,2.5244513080495854,1.307030212559685
2000-03-22,0.4521628609461416,1.2320622369761727
2000-03-23,1.7642498044501167,1.1556280582871912
2000-03-24,0.0072007983406823,1.0913246822796692
2000-03-27,-0.2359619652895298,1.027677504632144
2000-03-28,-1.0641384406600805,1.003843948895755
2000-03-29,0.0523855171532201,1.1086694234112633
2000-03-30,-1.3749849620433678,1.0416312114278556
2000-03-31,0.7138762685515928,1.1937902694492972
2000-04-03,0.4919225661762653,1.121853661557571
2000-04-04,-0.7491613948027298,1.0554207763748482
2000-04-05,-0.4936119081060471,1.1053848345898563
2000-04-06,0.9348563512982748,1.1121420077819033
2000-04-07,0.9948095294857916,1.0483438822408224
2000-04-10,-0.7872111321383407,0.9903449362591505
2000-04-11,-0.2575662535388924,1.0524147937821662
2000-04-12,-2.2522936175410977,1.0295139376783118
2000-04-13,-1.833818082166074,1.3408666587748947
2000-04-14,-6.0045097522022965,1.5352403390734073
2000-04-17,3.2548110813340263,2.543707143728801
2000-04-18,2.8260296800704303,2.3457064083575836
2000-04-19,-0.985690838193474,2.1674847503114667
2000-04-20,0.4940641519006725,2.1383232580532585
2000-04-24,-0.3267740424217845,1.972919494780477
2000-04-25,3.2734293540990405,1.8707502764498527
2000-04-26,-1.1196539243597152,1.7439754155269052
2000-04-27,0.2686382033973639,1.7802791344303508
2000-04-28,-0.8562610676304283,1.6507028017134937
2000-05-01,1.0833162628904172,1.6576090693208472
2000-05-02,-1.5069531532927791,1.5434337515647418
2000-05-03,-2.180150116391077,1.661148894488512
2000-05-04,-0.3915527488209627,1.8740997233208092
2000-05-05,1.6227264098328114,1.7911979459560483
2000-05-08,-0.592270059019445,1.6658947821780121
2000-05-09,-0.8482924072715453,1.6327618917514433
2000-05-10,-2.0815054047135644,1.6403425684555766
2000-05-11,1.774410644515053,1.839550436712567
2000-05-12,0.9297324968961715,1.7099802217341484
2000-05-15,2.185713743258197,1.5900258241430527
2000-05-16,0.9375105396318106,1.4868515278097787
2000-05-17,-1.2519718264096238,1.3886437712507413
2000-05-18,-0.7341489575181015,1.483074972338217
2000-05-19,-2.1279500834297727,1.4890190613339243
2000-05-22,-0.4437836972822325,1.714735562313777
2000-05-23,-1.9362083559102845,1.6554413133679098
2000-05-24,1.8169184098520843,1.829061210730307
2000-05-25,-1.2609113327974115,1.7007188370258812
2000-05-26,-0.2536655984128445,1.7630238757296435
2000-05-30,3.1733002241273844,1.672129949353079
2000-05-31,-0.1301402293098524,1.564852157747507
2000-06-01,1.966326987402928,1.4764002695874943
2000-06-02,1.9446456896420408,1.383297766437581
2000-06-05,-0.6540169012008555,1.2989099419943073
2000-06-06,-0.6692993404042076,1.3111502372185522
2000-06-07,0.923126844668116,1.3244704023152594
2000-06-08,-0.6607485476626416,1.2414666978023365
2000-06-09,-0.3234471699907343,1.2602527190665542
2000-06-12,-0.754405228380546,1.22796965071848
2000-06-13,1.608021221744243,1.2621192743881329
2000-06-14,0.0748370883408386,1.1875885122732377
2000-06-15,0.5553891236846383,1.1136469737293864
2000-06-16,-0.9697050911417971,1.0481908948476217
2000-06-19,1.460139913271512,1.1333500770412055
2000-06-20,-0.6786129112329043,1.0697973448087408
2000-06-21,0.2152263211684242,1.1076044496361694
2000-06-22,-1.8388167747017907,1.0413129038933162
2000-06-23,-0.7395562633629121,1.2742451867467557
2000-06-26,0.9548626596742144,1.301648115398232
2000-06-27,-0.3276148091889774,1.2208761673313522
2000-06-28,0.2939316191940989,1.1928368120385286
2000-06-29,-0.8580674562089075,1.1193024201325774
2000-06-30,0.8429461805284734,1.1799079214881028
2000-07-03,1.0218521276461745,1.1097326224637134
2000-07-05,-1.598929617329866,1.0464962840645504
2000-07-06,0.7192881877199921,1.2363824679836886
2000-07-07,1.5145545764216402,1.1606269432370258
2000-07-10,-0.2220347550682792,1.0948725738636114
2000-07-11,0.3558271818368465,1.0631274211648023
2000-07-12,0.8097454201544736,1.0012772837140311
2000-07-13,0.1953935942965212,0.9465665652369685
2000-07-14,0.9408493660190482,0.8939917081381217
2000-07-17,0.033770226184571,0.8487855228732124
2000-07-18,-1.115105945617103,0.803587737807638
2000-07-19,-0.7917525979241625,0.9380127489240325
2000-07-20,0.914185956935876,1.0057888803772148
2000-07-21,-1.033695083770937,0.951115421441405
2000-07-24,-1.07999082984729,1.0564029838447737
2000-07-25,0.6928073285986649,1.158374540813449
2000-07-26,-1.5067422285769314,1.0895165694581554
2000-07-27,-0.1929711278503244,1.2584659867024146
2000-07-28,-2.072203561206855,1.2078060737120921
2000-07-31,0.7675250620293993,1.4602383312896385
2000-08-01,0.5068116172807686,1.363887057135184
2000-08-02,0.0417113188203251,1.2755611567134477
2000-08-03,0.9587663196748386,1.1935295264238397
2000-08-04,0.711375339942963,1.122599077743762
2000-08-07,1.1141175706899775,1.056982168887896
2000-08-08,0.2349738799248673,0.9987175895508756
2000-08-09,-0.6719350214888085,0.9419079056693863
2000-08-10,-0.8605221070946711,0.9906203436178798
2000-08-11,0.7905641586007474,1.064174368782913
2000-08-14,1.3309295881220085,1.0039827281938771
2000-08-15,-0.4791695036623892,0.9511469522005996
2000-08-16,-0.3090181578268623,0.9696906983424505
2000-08-17,1.090091920947978,0.9614695762133282
2000-08-18,-0.2911837030270272,0.9112590159752316
2000-08-21,0.5188571343542924,0.9054608053580818
2000-08-22,-0.0900701347940382,0.8576028597628914
2000-08-23,0.5219522441311926,0.8273306403576179
2000-08-24,0.1552668191408988,0.7858324129780248
2000-08-25,-0.1234000485538184,0.7461395003463281
2000-08-28,0.5058718739776826,0.7295432120037911
2000-08-29,-0.2810913542595063,0.6956455916930154
2000-08-30,-0.4813399257303448,0.7060981443151412
2000-08-31,0.9992625399822191,0.7461798566832725
2000-09-01,0.2033909928443819,0.7130109960604052
2000-09-05,-0.9042823704100792,0.679145253848886
2000-09-06,-0.9888926610032612,0.7906387935990412
2000-09-07,0.6852001412039173,0.9049983465069404
2000-09-08,-0.5345346736805905,0.8578512970575002
2000-09-11,-0.3512343891048993,0.8930285121684954
2000-09-12,-0.489358622753845,0.8976050542973686
2000-09-13,0.196841475218659,0.9224144902588396
2000-09-14,-0.272443776783442,0.871855007574197
2000-09-15,-1.0221718934521251,0.8666517493503056
2000-09-18,-1.4637860201737054,0.9787229508919966
2000-09-19,1.059778647554107,1.1533084490134058
2000-09-20,-0.5880712886379447,1.0863751727387951
2000-09-21,-0.1579041064424616,1.1089545608433857
2000-09-22,-0.0227815267742334,1.0668519942508732
2000-09-25,-0.6711091870692856,1.0094953425780608
2000-09-26,-0.8247833681979313,1.0518064611675964
2000-09-27,-0.0448538205449603,1.113821017480113
2000-09-28,2.199161923055056,1.0554268125919561
2000-09-29,-1.504797562522097,1.0016829166284529
2000-10-02,-0.0194956242969308,1.180641558583306
2000-10-03,-0.682578809750394,1.1127920865559195
2000-10-04,0.5495008622973145,1.147140621011966
2000-10-05,0.136562623082401,1.0787047451877254
2000-10-06,-1.918332936055016,1.0146214984035462
2000-10-09,-0.4951921445981094,1.2656179246063712
2000-10-10,-1.0763632361505893,1.2576673655344013
2000-10-11,-1.6303582750874754,1.3383339369687222
2000-10-12,-2.5840455121106687,1.4991453948180098
2000-10-13,3.283640742377901,1.8023951712972244
2000-10-16,0.0327381261936722,1.682572835777969
2000-10-17,-1.809497745525861,1.5617706855158289
2000-10-18,-0.5824440440586927,1.7258814802544726
2000-10-19,3.415336185901189,1.6852409059491211
2000-10-20,0.5865740397982498,1.577634646931907
2000-10-23,-0.0823590308256553,1.4692939131366711
2000-10-24,0.1682213178921447,1.3834277885255772
2000-10-25,-2.4054449199316688,1.2919271373536962
2000-10-26,-0.0337138662044313,1.5924966324238823
2000-10-27,1.1035028060664311,1.4880515192073351
2000-10-30,1.3735586682098206,1.3903910787944909
2000-10-31,2.174013303587748,1.3030517010790088
2000-11-01,-0.5739155817162054,1.227041260467429
2000-11-02,0.4983253778122986,1.2343101606169353
2000-11-03,-0.1141855982315385,1.1578572953251618
2000-11-06,0.3847665526959488,1.1052444156466112
2000-11-07,-0.0223421504775999,1.0398403935261449
2000-11-08,-1.5902322423898214,0.9847599394705868
2000-11-09,-0.6506714376939785,1.1807011286681997
2000-11-10,-2.470013662903212,1.2037945330298132
2000-11-13,-1.0834607728647911,1.5292544892634106
2000-11-14,2.318136570591192,1.5828083952510497
2000-11-15,0.4948225879737868,1.4808647688426524
2000-11-16,-1.266439019045086,1.381464301663486
2000-11-17,-0.3357600653106314,1.4789362649609894
2000-11-20,-1.852217322376188,1.427647187421382
2000-11-21,0.351675698623508,1.6146553690191405
2000-11-22,-1.872167427473288,1.501780349261401
2000-11-24,1.4571644470684244,1.6832301229370266
2000-11-27,0.5351664138539549,1.568016971614472
2000-11-28,-0.9593904031944648,1.4604037889879011
2000-11-29,0.436150372729836,1.5022815849600832
2000-11-30,-2.031031130031256,1.4006020891769082
2000-12-01,0.0212935468455588,1.6209848596987395
2000-12-04,0.7378255132535632,1.5062304213395068
2000-12-05,3.818333720268016,1.4053738920371286
2000-12-06,-1.838767211567056,1.3264406888285294
2000-12-07,-0.5870059698293583,1.5233960070356283
2000-12-08,1.941505438901164,1.5037944878558254
2000-12-11,0.7497925487985166,1.407973586272747
2000-12-12,-0.6556658664756471,1.3164909210986133
2000-12-13,-0.8194382562943504,1.3272702215554464
2000-12-14,-1.4113896457878423,1.3614660888551469
2000-12-15,-2.1696411279964054,1.4841174779210937
2000-12-18,0.8038303521842073,1.7175271908989098
2000-12-19,-1.3042648854882348,1.5963249117351077
2000-12-20,-3.179612679193636,1.6765703373257765
2000-12-21,0.7969797433423939,2.0604298674576467
2000-12-22,2.409435072348548,1.904351097844888
2000-12-26,0.7050389439815639,1.770722444378913
2000-12-27,1.038551801890451,1.6438304289426398
2000-12-28,0.398021412730193,1.5308301212300586
2000-12-29,-1.050297197343172,1.4262600932861704
2001-01-02,-2.84323345214164,1.4854834326529762
2001-01-03,4.888407020840131,1.837149654739042
2001-01-04,-1.0608546388114073,1.7202232886970346
2001-01-05,-2.659283806587432,1.7502483607188524
2001-01-08,-0.1919652639159028,2.0323271267760754
2001-01-09,0.3804941248795059,1.905308639623864
2001-01-10,0.954072765251826,1.7635478478615203
2001-01-11,1.026483635719767,1.6383600676026988
2001-01-12,-0.6252376353325712,1.5258480852089273
2001-01-16,0.6124301133249056,1.51155839846799
2001-01-17,0.2123358397782718,1.4096920148887542
2001-01-18,1.3819390779688845,1.3159044778603293
2001-01-19,-0.4036364104246305,1.2355294151171894
2001-01-22,0.0268101573827583,1.2170916642809702
2001-01-23,1.2947319312044343,1.1403077199821043
2001-01-24,0.2862720279423331,1.0754730227170466
2001-01-25,-0.4989365901461464,1.012272065819114
2001-01-26,-0.1887629230125118,1.0282985152508102
2001-01-29,0.678170005523196,0.9976585842666029
2001-01-30,0.6983436422109728,0.9427248005103189
2001-01-31,-0.5635564807286338,0.8925008644212831
2001-02-01,0.5446274059599507,0.9290401405095908
2001-02-02,-1.7628461911447508,0.8793350159930841
2001-02-05,0.3580241741748479,1.120561634709888
2001-02-06,-0.1514868758901133,1.0537049133126315
2001-02-07,-0.844369052364719,1.0155543746611628
2001-02-08,-0.6254170660763811,1.0841431177424214
2001-02-09,-1.342526596679741,1.1125473854432286
2001-02-12,1.1757894931235195,1.2513835501623956
2001-02-13,-0.8689772585958535,1.1760960624894272
2001-02-14,-0.2186195063210996,1.2328005883297568
2001-02-15,0.8090730929249642,1.1881225363991934
2001-02-16,-1.908628708319949,1.1170760129106654
2001-02-20,-1.7508953990654743,1.3524744322273512
2001-02-21,-1.8680859586076648,1.531584119515567
2001-02-22,-0.1953736951163641,1.7088164076483519
2001-02-23,-0.5570924750844155,1.6152426606774741
2001-02-26,1.7338769191571488,1.5821502952013726
2001-02-27,-0.7689396127662075,1.4779391339644867
2001-02-28,-1.4412471713944133,1.4895412944954463
2001-03-01,0.1039863628340481,1.6028404261979143
2001-03-02,-0.5695982258483536,1.4901337439439526
2001-03-05,0.5841032455202131,1.471300147643111
2001-03-06,0.993112088261496,1.3731662265852438
2001-03-07,0.6431629893613798,1.2859173438184786
2001-03-08,0.2255951040818529,1.205342307342931
2001-03-09,-2.5075725323942804,1.130411542091516
2001-03-12,-4.414078294443772,1.4745122629974619
2001-03-13,1.4719630139540336,2.137589161336341
2001-03-14,-2.618189309370976,1.9761174826271473
2001-03-15,0.5854125517359441,2.2216948772885496
2001-03-16,-1.9819182794657757,2.047867291216587
2001-03-19,1.7473135776606017,2.182278718815722
2001-03-20,-2.4372000192958607,2.0171932928705334
2001-03-21,-1.80862772659719,2.2279169351136847
2001-03-22,-0.4071995565797344,2.314413050434638
2001-03-23,1.9713495936903385,2.187262401553518
2001-03-26,1.121920054569309,2.022535397418382
2001-03-27,2.525347937182508,1.8716684065594806
2001-03-28,-2.473300853089892,1.741826038371242
2001-03-29,-0.4641060904985464,1.9935053978395325
2001-03-30,1.0726709139390915,1.9084200176848187
2001-04-02,-1.254023999486656,1.7690789606307367
2001-04-03,-3.4998475022451245,1.8229327300684957
2001-04-04,-0.2905325361392833,2.2422542614337866
2001-04-05,4.275291291739027,2.1066957581064543
2001-04-06,-2.018594837777301,1.9595578307321833
2001-04-09,0.808462583936063,2.1102188825412513
2001-04-10,2.670621859203787,1.9489962674648538
2001-04-11,-0.2133421718970636,1.8118372202007307
2001-04-12,1.499139355233697,1.71040825518893
2001-04-16,-0.3232889182608421,1.5926730608067934
2001-04-17,1.0229948339488113,1.5285095702796763
2001-04-18,3.815322509881213,1.4266504596839782
2001-04-19,1.246472175351813,1.3456948014641885
2001-04-20,-0.8579449399815879,1.2620182586138242
2001-04-23,-1.5093460052377403,1.3085292495754266
2001-04-24,-1.2236023629359138,1.452905119502281
2001-04-25,1.581516957968027,1.5360569630418615
2001-04-26,0.4684853904600156,1.4356979632408164
2001-04-27,1.4898371931206402,1.3404797742739956
2001-04-30,-0.2869191603224831,1.2582621302112809
2001-05-01,1.3498341704493846,1.2209442274861195
2001-05-02,0.0781502095204331,1.1491156864607228
2001-05-03,-1.4984400130627271,1.078614491597128
2001-05-04,1.4337158275437674,1.2474226717738692
2001-05-07,-0.2450458589421953,1.173530717937875
2001-05-08,-0.1829960093747652,1.1380094473136158
2001-05-09,-0.4497819936253592,1.0968707349599967
2001-05-10,-0.0286758651484411,1.0979430543881523
2001-05-11,-0.76054583320409,1.0386930616672836
2001-05-14,0.2605639984349348,1.092007201260625
2001-05-15,0.04161909984873,1.0272624959852183
2001-05-16,2.805552457975033,0.9672394146591788
2001-05-17,0.2720053922715442,0.923508339463016
2001-05-18,0.2689432355072174,0.873161498891284
2001-05-21,1.6024664084721572,0.826939125156679
2001-05-22,-0.2631332512547939,0.789865400286915
2001-05-23,-1.5648195622524033,0.790084931140782
2001-05-24,0.3191051471414715,1.0067721226228983
2001-05-25,-1.1886310588375482,0.9496159024895479
2001-05-29,-0.782459992146223,1.0806592141717446
2001-05-30,-1.5779356558458757,1.1333351185114433
2001-05-31,0.6182367657796666,1.3092401118247026
2001-06-01,0.3854657622684866,1.2264224011121663
2001-06-04,0.50953447410036,1.1502313017783645
2001-06-05,1.2906511100564182,1.0813609425429147
2001-06-06,-1.060467106196446,1.0216904068521016
2001-06-07,0.5441677248723177,1.1240850080907863
2001-06-08,-0.9441752309571274,1.0576653952634083
2001-06-11,-0.8391059924567633,1.1378315924430344
2001-06-12,0.1163204401009928,1.1936925000858551
2001-06-13,-1.1411763938773378,1.1193702297529415
2001-06-14,-1.7656559095685551,1.2246502501456888
2001-06-15,-0.4527114710082972,1.4215690092205904
2001-06-18,-0.4895136092087169,1.3925416835634328
2001-06-19,0.3428243907661208,1.371632124456709
2001-06-20,0.867104994474383,1.2819296275517726
2001-06-21,1.130012602445341,1.2026163265585443
2001-06-22,-0.949496321273554,1.1315571860404865
2001-06-25,-0.5523858751956685,1.2051861217947406
2001-06-26,-0.1511042458996914,1.2113403003146042
2001-06-27,-0.4687374320122502,1.1590920887304728
2001-06-28,1.2415694507143689,1.157235913101509
2001-06-29,-0.1485319113264489,1.0906846398950176
2001-07-02,1.0028092604268009,1.0488721151278408
2001-07-03,-0.1837202816089598,0.9908598187964281
2001-07-05,-1.239778139926692,0.9627388262694023
2001-07-06,-2.3778751934215294,1.1009284488420032
2001-07-09,0.6855443542898605,1.4249764932327573
2001-07-10,-1.4502635743563457,1.3316361162673156
2001-07-11,-0.11347469386804,1.463836680057257
2001-07-12,2.3414984234097416,1.3828036577556562
2001-07-13,0.6221636236980788,1.3000537524843867
2001-07-16,-1.0942533714401794,1.2180971176180089
2001-07-17,0.9921915461124284,1.3056559047541703
2001-07-18,-0.5557044822974007,1.2246645380298973
2001-07-19,0.6034581514543652,1.2294692364734374
2001-07-20,-0.3437981475594382,1.15387562126286
2001-07-23,-1.650406859089024,1.1343084755283117
2001-07-24,-1.6405470991123063,1.3224571368706346
2001-07-25,1.595194629485564,1.4867842569674017
2001-07-26,1.0395313211512855,1.3912073230448412
2001-07-27,0.2399496805141022,1.3024558775113264
2001-07-30,-0.10786253410535,1.2187507518908751
2001-07-31,0.5555192543405518,1.159766318538993
2001-08-01,0.3872904176774551,1.0902335472428988
2001-08-02,0.3956163689383959,1.0261526961657714
2001-08-03,-0.5256489848173491,0.9676485446042414
2001-08-06,-1.14874735657115,0.99169955175436
2001-08-07,0.326007735042001,1.1116265648266894
2001-08-08,-1.7480014949267868,1.0454267505446593
2001-08-09,-0.0084475937481698,1.2616043385284959
2001-08-10,0.5670733575997913,1.1849120082853868
2001-08-13,0.0949005801395615,1.113182143953985
2001-08-14,-0.3835177286675257,1.0459184352758675
2001-08-15,-0.7366529506445029,1.041864687935579
2001-08-16,0.3085178882578139,1.0911927595201276
2001-08-17,-1.6803443148875,1.0267117430212627
2001-08-20,0.8091365281536667,1.233298396808272
2001-08-21,-1.2153030103248523,1.158182381433273
2001-08-22,0.6932045817424317,1.271308520793266
2001-08-23,-0.2767117637131845,1.1922704935977397
2001-08-24,1.9463667754720435,1.15956389138933
2001-08-27,-0.4839056824065403,1.0956444050333038
2001-08-28,-1.5123798461059843,1.1018599744140682
2001-08-29,-1.1211856303303616,1.2703296573372735
2001-08-30,-1.715015190128704,1.3567068828440085
2001-08-31,0.4021844613325859,1.5293605158473709
2001-09-04,-0.0564755390998746,1.4249483722010567
2001-09-05,-0.1059709380918615,1.3397150224315626
2001-09-06,-2.264473935776002,1.2693440163766005
2001-09-07,-1.8812873731179889,1.5476979072773402
2001-09-10,0.6206646640060623,1.7251786508367706
2001-09-17,-5.046795662810626,1.6024904800315745
2001-09-18,-0.5821884809079506,2.3707942583924764
2001-09-19,-1.6243709423848802,2.2619425641179753
2001-09-20,-3.155251976718532,2.316572759818872
2001-09-21,-1.92177438972797,2.6061009504659007
2001-09-24,3.824259274960759,2.6652023085037855
2001-09-25,0.8751278426766528,2.4560687772163745
2001-09-26,-0.5180039919528648,2.258262897786614
2001-09-27,1.1423625360937937,2.1526224950411987
2001-09-28,2.168515635909315,1.9882725392805032
2001-10-01,-0.2298538239235396,1.8450836505762163
2001-10-02,1.223043093528238,1.742571942237706
2001-10-03,1.9731262404344156,1.620543725935972
2001-10-04,-0.2474451049697681,1.5135443820671486
2001-10-05,0.1634742837950908,1.4464387384839292
2001-10-08,-0.8379447200028666,1.3489895892454413
2001-10-09,-0.5369934018738904,1.3838117047493772
2001-10-10,2.267911842175475,1.3706381546999273
2001-10-11,1.5093852667844136,1.2887315341571561
2001-10-12,-0.5280796063004708,1.211369058543307
2001-10-15,-0.1531005961402244,1.2133571329672712
2001-10-16,0.6912017833284514,1.161206467795554
2001-10-17,-1.88084189541386,1.092090151012121
2001-10-18,-0.7904203580733224,1.325829435942768
2001-10-19,0.4546964493033415,1.3558007742916218
2001-10-22,1.518028199200593,1.2680196180157308
2001-10-23,-0.47087428503352,1.192588690232676
2001-10-24,0.0387028344981305,1.1879372177127345
2001-10-25,1.3627706761264229,1.1138198394613155
2001-10-26,0.4100354664347971,1.0515973521629765
2001-10-29,-2.4106546045271102,0.9909623904454504
2001-10-30,-1.7314960040262073,1.3395897551161808
2001-10-31,-0.0009445090562961,1.51699407766111
2001-11-01,2.2688760107419914,1.4153504889982167
2001-11-02,0.2855411777992649,1.3292495614096949
2001-11-05,1.4283100883702895,1.2432557123878962
2001-11-06,1.442165687681226,1.169720791884807
2001-11-07,-0.2738616513563872,1.1028642021026187
2001-11-08,0.2452618222911972,1.0778264159151523
2001-11-09,0.1581186611715765,1.0142560872223236
2001-11-12,-0.1769023194877762,0.9558138012174984
2001-11-13,1.839320618887372,0.9297169005058682
2001-11-14,0.1859400777162265,0.8852017615497331
2001-11-15,0.0902169426756197,0.83766156760564
2001-11-16,-0.314786663248987,0.7935870503706759
2001-11-19,1.0839936279118731,0.8011289621781835
2001-11-20,-0.7324400212031177,0.7640009613432428
2001-11-21,-0.493928224634252,0.838715146557397
2001-11-23,1.1637895729167196,0.8693702551569942
2001-11-26,0.6135906947333913,0.8270822521213096
2001-11-27,-0.6866362866131652,0.7859755345382249
2001-11-28,-1.8420008155057117,0.8513217636689148
2001-11-29,1.0296585725125815,1.1116721500637545
2001-11-30,-0.0657995796888704,1.0482968392586893
2001-12-03,-0.841649215393885,0.998551264958666
2001-12-04,1.3100837071863545,1.0683617456867363
2001-12-05,2.2072836601092405,1.0099008976863957
2001-12-06,-0.2780809995695209,0.9601099125161014
2001-12-07,-0.7559921671188211,0.9482185316941365
2001-12-10,-1.5995192716303892,1.0094116828225244
2001-12-11,-0.2784784846049183,1.2039375990177232
2001-12-12,0.0272611876302971,1.1704171558868552
2001-12-13,-1.5679766197094782,1.0978188148016073
2001-12-14,0.3308819623699007,1.276221060790227
2001-12-17,0.9984817742795103,1.1952846195719096
2001-12-18,0.7517827232348779,1.124356108149733
2001-12-19,0.5792881874600667,1.0587467771717607
2001-12-20,-0.8412407306602606,0.9981747548330586
2001-12-21,0.4341671186717037,1.0679574924867201
2001-12-24,-0.0209640566366498,1.0060036054514245
2001-12-26,0.4115027177954587,0.9536330596677094
2001-12-27,0.67288437415869,0.9013386097936786
2001-12-28,0.3356140248724933,0.8544431756486816
2001-12-31,-1.1208002315408978,0.810009196044336
2002-01-02,0.5723683319385651,0.9447101014274965
2002-01-03,0.913820966062987,0.893811429767533
2002-01-04,0.619392183206329,0.848510520365223
2002-01-07,-0.6520083881542553,0.8057050570871273
2002-01-08,-0.3594821341845335,0.8637713305962158
2002-01-09,-0.4810291761541906,0.8720639130991883
2002-01-10,0.1219916438481459,0.8978536584760545
2002-01-11,-0.9512981955861712,0.8490183900808519
2002-01-14,-0.6295913875496008,0.951171471520549
2002-01-15,0.6810765458505635,0.992512784463352
2002-01-16,-1.6378520405579702,0.9380277264049213
2002-01-17,0.9980500536555896,1.1483624623283513
2002-01-18,-0.9971623285766816,1.0816201240478855
2002-01-22,-0.7361227964756903,1.1677758741061142
2002-01-23,0.7893286045234099,1.204986435990994
2002-01-24,0.3512738978946531,1.1323466675181064
2002-01-25,0.0997607473846755,1.0644240321308018
2002-01-28,-0.0194119766041371,1.0014326810246679
2002-01-29,-2.903014700394928,0.9492356328009945
2002-01-30,1.1679180242276892,1.4086957316843123
2002-01-31,1.4823542663659697,1.3188150088218333
2002-02-01,-0.7103564186859824,1.238573632489793
2002-02-04,-2.5048237435489957,1.265061869665861
2002-02-05,-0.4046700773350976,1.5877254824403602
2002-02-06,-0.5990282300850029,1.5355722182418923
2002-02-07,-0.308730347398157,1.516504142230102
2002-02-08,1.474939474392453,1.457743087480895
2002-02-11,1.4238313259156417,1.3644522057469035
2002-02-12,-0.4000961905916361,1.2797396915560617
2002-02-13,0.9892228247223758,1.2566538631119917
2002-02-14,-0.1816589661701154,1.1801384217938207
2002-02-15,-1.1077834836375688,1.1350235061837433
2002-02-19,-1.9054196735832063,1.2333238496482648
2002-02-20,1.3423280246381113,1.4531881532574675
2002-02-21,-1.5631871250006664,1.3598000077636425
2002-02-22,0.8190626166710079,1.5071573985425684
2002-02-25,1.7815553217049178,1.4065356471162367
2002-02-26,-0.0045113215472967,1.319312712713342
2002-02-27,0.0459619397472878,1.2367815615497684
2002-02-28,-0.2851220621873709,1.1582950114699513
2002-03-01,2.238193659848506,1.12988263484453
2002-03-04,1.9303840181350156,1.0697762632415886
2002-03-05,-0.6695693009899559,1.0136983849901733
2002-03-06,1.4405318712671682,1.0553819130949402
2002-03-07,-0.4508009010616361,0.9985732708217699
2002-03-08,0.5831589837769866,1.0086639362035767
2002-03-11,0.3386783532078208,0.9524101803354006
2002-03-12,-0.2296691228402683,0.899924376747207
2002-03-13,-0.9906654474038424,0.8861437723468572
2002-03-14,-0.0910158359580404,0.9910158430074651
2002-03-15,1.1314362422677835,0.9497355552861804
2002-03-18,-0.0523208584054173,0.9006769922768149
2002-03-19,0.4058494213817126,0.8615394961188608
2002-03-20,-1.5882290455983863,0.8168151665836166
2002-03-21,0.1509465099049259,1.0341879516933252
2002-03-22,-0.4247963704122044,0.9740102570387981
2002-03-25,-1.4759697779003194,0.9824259957414163
2002-03-26,0.5831686535411811,1.1586828875758193
2002-03-27,0.5334904674459322,1.0893574129823256
2002-03-28,0.2452091465145393,1.0259405943786903
2002-04-01,-0.0741064988848635,0.9668493895566521
2002-04-02,-0.8566626285034671,0.9252425061316342
2002-04-03,-1.0043569573342934,1.0045386734843629
2002-04-04,0.0834857900930352,1.0996337119777289
2002-04-05,-0.3210205585397316,1.0335116963434574
2002-04-08,0.2277612902201911,1.0214473164080888
2002-04-09,-0.6678303392647302,0.962670620509255
2002-04-10,1.127093800175141,1.0088288576597204
2002-04-11,-2.397439130394684,0.9547558688863035
2002-04-12,0.6610462073328417,1.3071655399719782
2002-04-15,-0.7643797235958176,1.2247100834824272
2002-04-16,2.314838607707869,1.2606847703549766
2002-04-17,-0.204046209783577,1.1891273205209516
2002-04-18,-0.1421859566596496,1.1463667084571343
2002-04-19,0.0622386924332482,1.0987168149501023
2002-04-22,-1.5531067125201046,1.0325897649069464
2002-04-23,-0.6220616291123798,1.2162126659752988
2002-04-24,-0.712818876779094,1.2316520720791992
2002-04-25,-0.151974668629157,1.2591799255388378
2002-04-26,-1.398679014478052,1.20268627390289
2002-04-29,-1.0150566091619933,1.3407949793164944
2002-04-30,1.070795651211028,1.4034149604961612
2002-05-01,0.8819512806962408,1.313642676780272
2002-05-02,-0.1750239805862305,1.231474035239394
2002-05-03,-1.031524983296207,1.1807588972246392
2002-05-06,-1.9529343513434487,1.2622826958208675
2002-05-07,-0.3025512886755084,1.4867057139602544
2002-05-08,3.681774841373444,1.4299622994810377
2002-05-09,-1.4654278624167747,1.3481554365215005
2002-05-10,-1.6936513417258974,1.4809689569037756
2002-05-13,1.8380051041598384,1.6356710028403674
2002-05-14,2.092308699684628,1.5266521819145176
2002-05-15,-0.5675600107153393,1.4292384777758513
2002-05-16,0.654095824893372,1.416092586707946
2002-05-17,0.7583408730942015,1.3234640836339593
2002-05-20,-1.3382198218289814,1.239894246819025
2002-05-21,-1.105105727304864,1.3640772005479593
2002-05-22,0.5669727159328478,1.438194883894968
2002-05-23,1.0132409207079518,1.3431332013025319
2002-05-24,-1.2160276727984638,1.2587611878001272
2002-05-28,-0.8589773282158751,1.3613315154415622
2002-05-29,-0.6432644922662764,1.3980911162041965
2002-05-30,-0.2813838338753309,1.3990736740494474
2002-05-31,0.2326654968281653,1.347745337032564
2002-06-03,-2.510778918222929,1.2598265988012374
2002-06-04,0.000950114139799,1.584374126348649
2002-06-05,0.8811046396816432,1.475965975484587
2002-06-06,-1.9961702247038615,1.3785714558654603
2002-06-07,-0.1575349991163369,1.5957801976043973
2002-06-10,0.3119088855630685,1.5081140064158434
2002-06-11,-1.6768655471583804,1.4053818106873806
2002-06-12,0.6549180408375339,1.566081718962989
2002-06-13,-1.0542916396383086,1.4591320453249728
2002-06-14,-0.2270869624141374,1.5155565738539167
2002-06-17,2.828754512479371,1.445399918920506
2002-06-18,0.093567362958642,1.3587015726284561
2002-06-19,-1.6674125328220637,1.2692097390532644
2002-06-20,-1.352253507426956,1.4442126409824907
2002-06-21,-1.718966411805787,1.548427407313153
2002-06-24,0.3612727412517391,1.6994388464034298
2002-06-25,-1.684258719901702,1.5782731211002448
2002-06-26,-0.2677362683760665,1.7202730436307971
2002-06-27,1.7422542621819808,1.6356358145029601
2002-06-28,-0.0828097878251334,1.5262390153482486
2002-07-01,-2.1619741078265013,1.4349739125584244
2002-07-02,-2.145391195362674,1.6733531161863586
2002-07-03,0.6203716192900638,1.8790456419599193
2002-07-05,3.607151547841261,1.7409037744484015
2002-07-08,-1.2258533442125268,1.628533707459436
2002-07-09,-2.502963938534363,1.693267348908644
2002-07-10,-3.4552144296682985,1.9562853066084838
2002-07-11,0.746824033702075,2.347476588070784
2002-07-12,-0.6469202376315163,2.160879704676771
2002-07-15,-0.3762288280677478,2.083873460712102
2002-07-16,-1.8682461584747103,1.9769989275739839
2002-07-17,0.5644765501472655,2.101962947627191
2002-07-18,-2.739036837838281,1.940641134246078
2002-07-19,-3.9107281543326815,2.210939059340826
2002-07-22,-3.3464414088565317,2.6442120396983326
2002-07-23,-2.73887646973144,2.921145115354746
2002-07-24,5.5744300086781005,3.0660600633636905
2002-07-25,-0.5647683762642759,2.818687971934264
2002-07-26,1.6742769572254284,2.6575908792569987
2002-07-29,5.266657592569263,2.440856090437866
2002-07-30,0.4240359807039844,2.2620039805102157
2002-07-31,0.974430737280289,2.083265999398669
2002-08-01,-3.001987117799916,1.925510981325274
2002-08-02,-2.3352863334735607,2.242355730121525
2002-08-05,-3.4897957804021087,2.4088918942253663
2002-08-06,2.9479733821624494,2.7414596370118014
2002-08-07,1.981244982962769,2.5204172416193633
2002-08-08,3.219840356906479,2.319953800266281
2002-08-09,0.350586612504229,2.146047841319826
2002-08-12,-0.5340908779561914,1.9792688446966327
2002-08-13,-2.19134676341581,1.9055470244819164
2002-08-14,3.926592009259359,2.0903004034910833
2002-08-15,1.1492831297458543,1.943493171159818
2002-08-16,-0.1592216077143471,1.800871140502028
2002-08-19,2.33374170554417,1.6930577697142122
2002-08-20,-1.4056487627908718,1.5803624056984444
2002-08-21,1.2645977349959243,1.6780806813929792
2002-08-22,1.3953791536835125,1.5626101114727404
2002-08-23,-2.294751441212088,1.4589443800363215
2002-08-26,0.7507436073546675,1.7170672616656806
2002-08-27,-1.3947765903818603,1.5957000070973983
2002-08-28,-1.829824214914384,1.6900418720937007
2002-08-29,-0.0076274411963601,1.8424254823052522
2002-08-30,-0.188669969685001,1.7096113069154146
2002-09-03,-4.242339429995484,1.6150274185229057
2002-09-04,1.7365041581542155,2.212198380824402
2002-09-05,-1.6078876884529298,2.0439100829240884
2002-09-06,1.6660707232347711,2.1209785112165416
2002-09-09,1.0062013388429862,1.9620139324779624
2002-09-10,0.7304693315016768,1.8169269642579937
2002-09-11,-0.0142938688135996,1.6855003419168266
2002-09-12,-2.5096553340929875,1.569274923330749
2002-09-13,0.3264472778256881,1.8499054672558422
2002-09-16,0.1448673175396407,1.713553457662432
2002-09-17,-1.9925579155947,1.590132905636848
2002-09-18,-0.4658693507558172,1.7807955841381917
2002-09-19,-3.052586322072577,1.717931161602912
2002-09-20,0.2451585333254364,2.0729241662638613
2002-09-23,-1.3924436611466149,1.9133707014583234
2002-09-24,-1.74355553457417,1.9723598634373634
2002-09-25,2.45589312978232,2.0784665148283907
2002-09-26,1.8045985962022224,1.9270656278903144
2002-09-27,-3.279101266239068,1.788718927354282
2002-09-30,-1.4720340855098002,2.1735811779349787
2002-10-01,3.924281795629962,2.215413619011293
2002-10-02,-2.3870046023859417,2.0554310923563452
2002-10-03,-1.0881373553519444,2.253269908484806
2002-10-04,-2.2686560504886213,2.2295458007031685
2002-10-07,-1.9296106939168385,2.387146873524026
2002-10-08,1.675718842577852,2.473391911698452
2002-10-09,-2.766613289814817,2.2768495585746567
2002-10-10,3.4368305564888963,2.5080127185858294
2002-10-11,3.831515325417132,2.314629602047899
2002-10-14,0.7299819005761639,2.143710524917859
2002-10-15,4.624935832453217,1.9786709893420507
2002-10-16,-2.440840356570623,1.8462288281513968
2002-10-17,2.205674947233797,2.0791072644567237
2002-10-18,0.5885741408169234,1.9266495839712872
2002-10-21,1.718541286405438,1.7835338728364531
2002-10-22,-1.0682379565699471,1.6593798368003152
2002-10-23,0.6695475435134607,1.6969482528319033
2002-10-24,-1.5337878307867137,1.5772513792880956
2002-10-25,1.7021475707138043,1.695432052020561
2002-10-28,-0.8300430148164086,1.5799873099437098
2002-10-29,-0.911769711671531,1.590288089050785
2002-10-30,0.9656784918521018,1.6116604331258018
2002-10-31,-0.5572877593899489,1.501517332536499
2002-11-01,1.7014841320024658,1.4797752358194698
2002-11-04,0.8168854113023245,1.3852920410031726
2002-11-05,0.7720479968744898,1.2962052124484
2002-11-06,0.910208823907956,1.2152018920778476
2002-11-07,-2.3117399785440327,1.1421268390973813
2002-11-08,-0.8801746066798628,1.4474023364335404
2002-11-11,-2.095019718133086,1.4786724165463554
2002-11-12,0.768562250277899,1.7001203129394584
2002-11-13,-0.0475771924015324,1.5805025732848448
2002-11-14,2.4335194203291945,1.479129028933106
2002-11-15,0.6129777692192472,1.3876358242806839
2002-11-18,-1.0463120579778833,1.2975154285740098
2002-11-19,-0.4028712996013078,1.3694018321550339
2002-11-20,1.9228744401268,1.338222418851444
2002-11-21,2.122475787139622,1.257950604226918
2002-11-22,-0.3443660280864257,1.185868424991478
2002-11-25,0.2490054356224836,1.1634590714665887
2002-11-26,-2.119049015884691,1.0923686207041414
2002-11-27,2.7601658999426766,1.3692537077149263
2002-11-29,-0.2730403650863829,1.2894537079647548
2002-12-02,-0.1902855159449281,1.2472628418129037
2002-12-03,-1.485520513320732,1.1972535848149575
2002-12-04,-0.3448767112179138,1.350280813525999
2002-12-05,-1.2093615806547986,1.3126133515310638
2002-12-06,0.6245957444590386,1.4084246960197337
2002-12-09,-2.2425997271028626,1.3164000280342407
2002-12-10,1.3860905064269249,1.5844159391017392
2002-12-11,0.056373046407111,1.4785985993911879
2002-12-12,-0.3741969459544805,1.3776692132528605
2002-12-13,-1.35117982956279,1.3415900383870083
2002-12-16,2.3247089835741592,1.456788868011445
2002-12-17,-0.8172621845138583,1.366988067281571
2002-12-18,-1.323237528625631,1.3969019506853084
2002-12-19,-0.7739264971933619,1.5016674150253289
2002-12-20,1.293270276840668,1.511619881867682
2002-12-23,0.1806881274973349,1.412460545078555
2002-12-24,-0.5486545312232814,1.318286570259476
2002-12-26,-0.3153529737852179,1.3131334644471575
2002-12-27,-1.6158384433054074,1.2747541698348164
2002-12-30,0.4547549304138501,1.4405159512923258
2002-12-31,0.0488847470141309,1.3447874787871819
2003-01-02,3.2660779741822408,1.25641012845852
2003-01-03,-0.0484152283104231,1.1890794088149004
2003-01-06,2.222553665158527,1.1244857512264528
2003-01-07,-0.6566129492672003,1.064793201126186
2003-01-08,-1.4185718611712492,1.099727105564606
2003-01-09,1.920060580196416,1.252643762413076
2003-01-10,0.0,1.1802310926004775
2003-01-13,-0.1413287911582527,1.109721301891524
2003-01-14,0.5812929118617343,1.0652101179027185
2003-01-15,-1.4530931016391218,1.0040862849304661
2003-01-16,-0.3950196888387922,1.1738419088487273
2003-01-17,-1.4116164167858547,1.1598659691342026
2003-01-21,-1.582690238645093,1.304868292151775
2003-01-22,-1.0487202275181196,1.4616802135930047
2003-01-23,1.0171737971112749,1.5169901095195395
2003-01-24,-2.966925270955569,1.4162147277596566
2003-01-27,-1.629178385249297,1.8013524775735004
2003-01-28,1.2966029443826306,1.909248598774965
2003-01-29,0.6756085188473634,1.7707093440790804
2003-01-30,-2.311436673158044,1.6437020202126955
2003-01-31,1.3044896679016544,1.880767035097189
2003-02-03,0.5384559885174526,1.7451579181700176
2003-02-04,-1.4187950142553594,1.620156921954382
2003-02-05,-0.5449845022301613,1.7155508438432316
2003-02-06,-0.6469515204079759,1.6705937287315027
2003-02-07,-1.0144971214753329,1.6448778055497077
2003-02-10,0.7540552236937189,1.67591080132232
2003-02-11,-0.8131296944902043,1.5586261409206799
2003-02-12,-1.2768117118207325,1.5686055217770383
2003-02-13,-0.1601415419246122,1.647606870505681
2003-02-14,2.1208134445614224,1.5552120111883272
2003-02-18,1.9311856336077744,1.4551563583900644
2003-02-19,-0.7121386071817133,1.363935344364733
2003-02-20,-0.9546958954540238,1.378452351721894
2003-02-21,1.313755874821075,1.4279913080260898
2003-02-24,-1.8551733389043052,1.3368745301732408
2003-02-25,0.7168735061912846,1.5353309446746681
2003-02-26,-1.3228555286300596,1.4315963687116335
2003-02-27,1.1689063978690684,1.5325504097501081
2003-02-28,0.4611454575361189,1.430883865063364
2003-03-03,-0.7565881065893376,1.3360911996204619
2003-03-04,-1.5475933472308012,1.3599764446667497
2003-03-05,0.951671449528586,1.5047761418420524
2003-03-06,-0.9382919685983232,1.4049108631516698
2003-03-07,0.8225461554722081,1.4492648272471669
2003-03-10,-2.616921121529518,1.3541741620994923
2003-03-11,-0.8394475599230986,1.6841489502800064
2003-03-12,0.4311775502897432,1.6851208454437665
2003-03-13,3.387670793320656,1.5656467490578536
2003-03-14,0.1645472102123125,1.4696480999947903
2003-03-17,3.481355607000204,1.3700008856954247
2003-03-18,0.4233119365493321,1.2930332322243372
2003-03-19,0.8698862860555134,1.2109263487183086
2003-03-20,0.1886007082035928,1.1380749602545628
2003-03-21,2.2716697858611123,1.0689937979810522
2003-03-24,-3.5867071493772107,1.0143653803267245
2003-03-25,1.2087773698511244,1.6113730753425306
2003-03-26,-0.5490935416151999,1.502225086000239
2003-03-27,-0.1645116651062916,1.479226879218445
2003-03-28,-0.579673852680565,1.403822713309316
2003-03-31,-1.7901028803951842,1.3949260830055075
2003-04-01,1.2070492085123463,1.5755199106260573
2003-04-02,2.5780778962752664,1.4698530369912484
2003-04-03,-0.5064468234289504,1.3798237423382127
2003-04-04,0.2734535282983263,1.3625962966456442
2003-04-07,0.1228143650809882,1.2734593712922828
2003-04-08,-0.1865540320781061,1.1919437454723374
2003-04-09,-1.4103460334560431,1.1464525854901813
2003-04-10,0.6434326234618374,1.292744702054725
2003-04-11,-0.3770413101379845,1.211544551862418
2003-04-14,1.931021317726776,1.1914868787714556
2003-04-15,0.6283682258609843,1.1246501606629093
2003-04-16,-1.231155944986838,1.0585189714477523
2003-04-17,1.541628625690498,1.1848791123644309
2003-04-21,-0.1758531023583988,1.1170671621313613
2003-04-22,2.14716023106121,1.0767844249965866
2003-04-23,0.8358949618774869,1.0209733029226034
2003-04-24,-0.8293119512326398,0.9646867747216545
2003-04-25,-1.394312316572739,1.0358276477606376
2003-04-28,1.7677552473808775,1.1919055831604377
2003-04-29,0.3273896797779724,1.124373651543287
2003-04-30,-0.1002903941149517,1.057058320116923
2003-05-01,-0.0676400160083197,1.0113907880105872
2003-05-02,1.4926813678558364,0.9650832049752148
2003-05-05,-0.3802624692331942,0.9161986198792295
2003-05-06,0.8425928003602796,0.9230742574975626
2003-05-07,-0.5118030395229842,0.8750692659812874
2003-05-08,-1.0108768772651344,0.9052626711456288
2003-05-09,1.4177391736409863,1.011506213416127
2003-05-12,1.245678912932096,0.9583793855336857
2003-05-13,-0.2977625078551852,0.9090582349908937
2003-05-14,-0.3210026745469151,0.9044087242826999
2003-05-15,0.783689004237993,0.9035606634779572
2003-05-16,-0.2506646213160596,0.8569306971323345
2003-05-19,-2.5233601618067265,0.8497973841469509
2003-05-20,-0.1130170250695113,1.2492300161057983
2003-05-21,0.4004022944009453,1.1881909391731427
2003-05-22,0.9109164321114696,1.115499379699518
2003-05-23,0.1447625419073617,1.0513097722812053
2003-05-27,1.9377706387686573,0.9896331692089734
2003-05-28,0.1827049680268822,0.9404763538205168
2003-05-29,-0.3762715392624655,0.8883586134692385
2003-05-30,1.4582939974265974,0.8970420264257095
2003-06-02,0.3532574646307761,0.8536845453845819
2003-06-03,0.4704529108941448,0.8093832948978457
2003-06-04,1.4996698227585568,0.7691072341860011
2003-06-05,0.3946639276500611,0.7361968854247117
2003-06-06,-0.2406598920196461,0.701335838158667
2003-06-09,-1.204890812146559,0.7053365324545933
2003-06-10,0.90883636738249,0.8667750301901824
2003-06-11,1.2752860158620625,0.8236634751665796
2003-06-12,0.1032098751345552,0.7855192410114025
2003-06-13,-0.996427628937111,0.745639988144692
2003-06-16,2.213810384766681,0.8659665355561367
2003-06-17,0.0909793305253878,0.8282312127245683
2003-06-18,-0.1553057108564282,0.7849155518589516
2003-06-19,-1.535354493299519,0.7698394463845109
2003-06-20,0.0994770179439832,0.9838081147057061
2003-06-23,-1.4211309324765902,0.9277167000977191
2003-06-24,0.1842152823243611,1.1009387207415677
2003-06-25,-0.8301180320273589,1.0351066941206881
2003-06-26,1.0708159797852024,1.099569861517327
2003-06-27,-0.9785848748285318,1.037422073746937
2003-06-30,-0.1763421890036724,1.125074972628423
2003-07-01,0.7992609360683223,1.084148653406826
2003-07-02,1.156853766024282,1.02225529220366
2003-07-03,-0.8133604913024198,0.9671542890456606
2003-07-07,1.881346140052808,1.035544277434377
2003-07-08,0.3399210064132708,0.9822311605073211
2003-07-09,-0.5601870071837125,0.9272414243678299
2003-07-10,-1.357190119870671,0.9601524857983622
2003-07-11,0.950260046028829,1.1185466537261757
2003-07-14,0.5714271995592051,1.0542471926198267
2003-07-15,-0.3432659981358797,0.994032688597318
2003-07-16,-0.6347400891690437,0.9886853730472529
2003-07-17,-1.2511471261658864,1.0273653008689392
2003-07-18,1.173657372512836,1.160398438614408
2003-07-21,-1.4725556198844163,1.093292578450453
2003-07-22,0.9466693661065904,1.2560178711871075
2003-07-23,0.0505888560923095,1.1793897810242038
2003-07-24,-0.7116032794080435,1.1060842743762636
2003-07-25,1.7250531155822024,1.1454767575050453
2003-07-28,-0.2165170384060533,1.0819174380877254
2003-07-29,-0.7291793872162242,1.0505329467509132
2003-07-30,-0.1811075172215334,1.0978895913217728
2003-07-31,0.2851662708710753,1.060053445169126
2003-08-01,-1.0312376876165157,0.9981854212684264
2003-08-04,0.2720351827634523,1.0982613400808448
2003-08-05,-1.7821303454706765,1.033016103041204
2003-08-06,0.1676545338155906,1.256877010567872
2003-08-07,0.7253254530505021,1.1770524885842928
2003-08-08,0.3555892377021268,1.1066602799934864
2003-08-11,0.3064072010588275,1.0410149683008236
2003-08-12,0.990393263719186,0.9808754623714165
2003-08-13,-0.6401977186592457,0.928625252048206
2003-08-14,0.6563557693260349,0.973662251370144
2003-08-15,0.0161492792649182,0.9206722440488377
2003-08-18,0.9113770757476484,0.8703135803852008
2003-08-19,0.2607262285548578,0.8269243915847789
2003-08-20,-0.2047275905896333,0.7844002475990431
2003-08-21,0.2964741838714095,0.7765219318052768
2003-08-22,-1.0228880904442752,0.7381321334377334
2003-08-25,0.065435297580108,0.8637877856069845
2003-08-26,0.3034465555052555,0.8175047123627706
2003-08-27,0.0060192583832658,0.775905531710897
2003-08-28,0.6051186744037782,0.738632393120698
2003-08-29,0.5142098324289219,0.7044401505543064
2003-09-02,1.377359751941786,0.672490013729374
2003-09-03,0.4179191612316912,0.6464729963762255
2003-09-04,0.165506617338273,0.6184558218308632
2003-09-05,-0.6421496186530918,0.5914489263887706
2003-09-08,0.9985324149892691,0.6672394087442975
2003-09-09,-0.824414882264681,0.6400610539559378
2003-09-10,-1.2044843941237446,0.7418727526720686
2003-09-11,0.542584232141206,0.8988883681170166
2003-09-12,0.2171959268529451,0.8516674008824955
2003-09-15,-0.3757191570332629,0.8069786415368887
2003-09-16,1.419693741454061,0.8224889313047588
2003-09-17,-0.3259859861945398,0.7850267914714525
2003-09-18,1.317826515972403,0.794938993390222
2003-09-19,-0.316001883365113,0.7592537513665634
2003-09-22,-1.3093198756223727,0.7697945529945198
2003-09-23,0.6053113846697271,0.9422228383955579
2003-09-24,-1.92803536018335,0.891664931365539
2003-09-25,-0.6071601170082328,1.1623608715789078
2003-09-26,-0.6419680828852999,1.180684814987361
2003-09-29,0.971345945988507,1.2024764767171174
2003-09-30,-1.0596635023890757,1.1307928360626502
2003-10-01,2.209414777544981,1.2218668628064433
2003-10-02,0.1981908137684299,1.1534133327399423
2003-10-03,0.937525269730636,1.0830119871123267
2003-10-06,0.4360049641707883,1.0217743820349328
2003-10-07,0.4726112646978274,0.9638078045216554
2003-10-08,-0.5277283320142506,0.9109061065656976
2003-10-09,0.4776778457734371,0.9403462836670383
2003-10-10,-0.0645151301417698,0.8894295159628458
2003-10-13,0.6998091228799304,0.8529360337522247
2003-10-14,0.3943050577315539,0.8100990355806483
2003-10-15,-0.2595096212525177,0.7694573144297401
2003-10-16,0.3157088883736722,0.7708024675184382
2003-10-17,-1.0290175994216977,0.732938073013685
2003-10-20,0.514406837000929,0.8602060529910514
2003-10-21,0.1291404087563267,0.8160292803161964
2003-10-22,-1.50938324056159,0.7738417345087396
2003-10-23,0.3304091577473251,0.9823989287320609
2003-10-24,-0.4712310410105174,0.9273566817696586
2003-10-27,0.2155270305798549,0.9468162201788526
2003-10-28,1.5073083026475456,0.8943016751371886
2003-10-29,0.1260152225262273,0.8513687903383964
2003-10-30,-0.1116960557373322,0.8063354373970857
2003-10-31,0.3594521265225859,0.783288224399231
2003-11-03,0.7877881670353122,0.7446232788745745
2003-11-04,-0.5463348747970752,0.7107127182261788
2003-11-05,-0.1368076530603818,0.7605576535580797
2003-11-06,0.591509210142308,0.7447544257764745
2003-11-07,-0.4585031069093424,0.710034515166194
2003-11-10,-0.580863191620655,0.7462485741358159
2003-11-11,-0.051587548441891,0.7984250154730789
2003-11-12,1.1363081883396915,0.7674736141074014
2003-11-13,-0.0113366570349649,0.7332078141815169
2003-11-14,-0.7644395575324582,0.7016841679288779
2003-11-17,-0.6418393523646264,0.7874694492033862
2003-11-18,-0.912516832111608,0.845580427043504
2003-11-19,0.7984205998370383,0.9417113550659415
2003-11-20,-0.8467811760956592,0.8919765590556894
2003-11-21,0.1575698721317819,0.9729173421038868
2003-11-24,1.60971654518563,0.9179790980011485
2003-11-25,0.1718978964221185,0.8735067751383535
2003-11-26,0.4317433443866976,0.826864072816309
2003-11-28,-0.0236222344456424,0.785037513129674
2003-12-01,1.120148181010298,0.7512042538545048
2003-12-02,-0.3276021552696881,0.7181392999731773
2003-12-03,-0.1773538053813163,0.7337536358812077
2003-12-04,0.4675677049765602,0.7259276406407694
2003-12-05,-0.7713902437453731,0.6921511422736514
2003-12-08,0.7321272282934284,0.7799918855975478
2003-12-09,-0.8565518753596266,0.7430996797786014
2003-12-10,-0.106642972705257,0.8401299727366879
2003-12-11,1.1416488246889036,0.813634343118636
2003-12-12,0.2731540835872265,0.7757470998475737
2003-12-15,-0.5695125452045471,0.7373233509632289
2003-12-16,0.6616359448140289,0.7884981789862572
2003-12-17,0.1254851736396092,0.7506504889727716
2003-12-18,1.172872808273277,0.7135809679923768
2003-12-19,-0.0477555302636169,0.6836249567889442
2003-12-22,0.3923645732691492,0.6610257706237327
2003-12-23,0.2814195063169291,0.6318310202668672
2003-12-24,-0.1808152247175734,0.6043273640425351
2003-12-26,0.1689529784631514,0.6069045474780914
2003-12-29,1.2324587594046723,0.5807430732733144
2003-12-30,0.0144232110311278,0.5608092189325186
2003-12-31,0.2052638719891723,0.5383204332232646
2004-01-02,-0.3098600424399039,0.5171185343193699
2004-01-05,1.2319150312860785,0.5456621584416861
2004-01-06,0.129131296210238,0.5281808455802971
2004-01-07,0.2364367420891018,0.5073587813608834
2004-01-08,0.4950824141421063,0.48838178122740955
2004-01-09,-0.8927335654944548,0.4717303899245306
2004-01-12,0.4775269467397349,0.6039113344924396
2004-01-13,-0.5345926491083228,0.5792262712721804
2004-01-14,0.8260369092161453,0.6384618838641579
2004-01-15,0.1352470406548642,0.6127013317558332
2004-01-16,0.684889837587539,0.5859857699378346
2004-01-20,-0.0930340218770337,0.5634283183494292
2004-01-21,0.7741478687196239,0.5561271518902241
2004-01-22,-0.3211835584894349,0.5360329359942956
2004-01-23,-0.2091361991880664,0.5649102155656592
2004-01-26,1.2033603951130558,0.5745985467352757
2004-01-27,-0.984599379170542,0.5549788329210276
2004-01-28,-1.3703063806122504,0.6942666488861258
2004-01-29,0.4976612278462383,0.887585270389545
2004-01-30,-0.2631052074532332,0.8411100706979224
2004-02-02,0.3644570817602933,0.8371080721789141
2004-02-03,0.0678045998096321,0.7941877998473323
2004-02-04,-0.8406502013905583,0.7534826446712917
2004-02-05,0.1835783517287929,0.8468617027174035
2004-02-06,1.2477361864295755,0.8024246647104537
2004-02-09,-0.2584764301568278,0.7658607292060549
2004-02-10,0.5014542394726692,0.7673447209995164
2004-02-11,1.0610936569044465,0.7305046377599305
2004-02-12,-0.4892081107810367,0.6987967099831396
2004-02-13,-0.5483169493580089,0.7407185434988861
2004-02-17,0.970993507301498,0.7882746565119045
2004-02-18,-0.4478543257261682,0.7517027589008047
2004-02-19,-0.4141055198369874,0.7827785619707905
2004-02-20,-0.2575168857733746,0.8061017362097158
2004-02-23,-0.2730731337193691,0.8041690573964924
2004-02-24,-0.16666300221781,0.804678970169228
2004-02-25,0.4012760212374236,0.7896516648476807
2004-02-26,0.108363291943891,0.7506558682610779
2004-02-27,0.0026121559825353,0.7135164582446286
2004-03-01,0.9587610302174582,0.6815401078552524
2004-03-02,-0.5960786977165636,0.6531308141728528
2004-03-03,0.1678213109540661,0.7159038920692263
2004-03-04,0.3330560153749792,0.681673471693485
2004-03-05,0.1721646336489629,0.6506996919376451
2004-03-08,-0.838527733463617,0.621369143991256
2004-03-09,-0.5787281873593576,0.7274723609944946
2004-03-10,-1.4740971479313585,0.7809607341952087
2004-03-11,-1.5340969821738988,0.9820090773843322
2004-03-12,1.23825113607057,1.1684350259432204
2004-03-15,-1.4453755361638922,1.1008727902316002
2004-03-16,0.5606722104589951,1.2581535327310085
2004-03-17,1.1680903574334842,1.1797848887865192
2004-03-18,-0.1273383232376009,1.1109267075672962
2004-03-19,-1.1236099690318035,1.0643372462067129
2004-03-22,-1.3042208225709502,1.172530770934079
2004-03-23,-0.1324661173771135,1.2985228894015746
2004-03-24,-0.2397858840762669,1.235671573871022
2004-03-25,1.62328707457067,1.1937313917817585
2004-03-26,-0.1019175023386993,1.1254539446370404
2004-03-29,1.2920796755779218,1.0740060093930441
2004-03-30,0.4027646938784567,1.0149818200432368
2004-03-31,-0.0701256526086978,0.9574621701130152
2004-04-01,0.5278205467613143,0.9160882113730576
2004-04-02,0.8478589928296738,0.8673890116108122
2004-04-05,0.7642651144618704,0.823980227938597
2004-04-06,-0.2096734294798575,0.7837331274569778
2004-04-07,-0.6667598441336015,0.7766284590515712
2004-04-08,-0.1061546272259737,0.8396664103823656
2004-04-12,0.5147705540932425,0.8131389300063655
2004-04-13,-1.3857368818181142,0.7727440505918994
2004-04-14,-0.1124992893466938,0.9586423679569244
2004-04-15,0.0593636618158541,0.9231458214833309
2004-04-16,0.5098440128641153,0.8719712585483134
2004-04-19,0.1065843112075956,0.8268202433439558
2004-04-20,-1.5679254026921736,0.7836805493703205
2004-04-21,0.5298233308886093,1.0018407545873849
2004-04-22,1.3993115096298263,0.9459532029688698
2004-04-23,0.0587514205613413,0.8982964180664629
2004-04-26,-0.4454890241813623,0.8491695615841247
2004-04-27,0.2269450876466077,0.8715772627315546
2004-04-28,-1.3890789272212254,0.8253140635155255
2004-04-29,-0.7619783185308593,1.0052399591769898
2004-04-30,-0.5933742694365864,1.0619613876525769
2004-05-03,0.916042636230619,1.087601276856843
2004-05-04,0.1841772288478733,1.0258768174811
2004-05-05,0.1766988161861904,0.9665455955504658
2004-05-06,-0.6745694593364456,0.912220770019439
2004-05-07,-1.382053775480007,0.9640818678502765
2004-05-10,-1.059562514437771,1.1262868226523322
2004-05-11,0.763320003992029,1.2178066166485475
2004-05-12,0.1669223813448215,1.1439074512985539
2004-05-13,-0.0765902615567176,1.0742234024441242
2004-05-14,-0.0675130510591733,1.0237337990944597
2004-05-17,-1.064325670081422,0.9763485934279256
2004-05-18,0.6793599149768805,1.0840395708020478
2004-05-19,-0.2577723776329879,1.0216732496887977
2004-05-20,0.0468244390869831,1.0015007536545748
2004-05-21,0.4004235965336309,0.9436974244854434
2004-05-24,0.1690270719088986,0.8921891762851155
2004-05-25,1.597528516923898,0.8440086020171631
2004-05-26,0.1696500468750559,0.8055412523842236
2004-05-27,0.5670376762131064,0.7643508508267473
2004-05-28,-0.0535224159259136,0.7280108077981925
2004-06-01,0.0463804904031475,0.7028461725206897
2004-06-02,0.3374641288739712,0.6691129412249489
2004-06-03,-0.744994864233399,0.6390942076142244
2004-06-04,0.5234151229250962,0.7275929430740663
2004-06-07,1.5838313508713902,0.6939162310897553
2004-06-08,0.1542109908978366,0.6671363870627898
2004-06-09,-0.9544871132276814,0.6365177863149287
2004-06-10,0.4533048431152937,0.7612013183452252
2004-06-14,-0.9886126422388992,0.7246442609739567
2004-06-15,0.5954007362582969,0.8458459652986017
2004-06-16,0.1368352355665815,0.8031582041973669
2004-06-17,-0.1332983097370596,0.7620236948939627
2004-06-18,0.2620097582006364,0.7455998179310811
2004-06-21,-0.4167161717527547,0.7094749885790939
2004-06-22,0.3629594705709495,0.7393092093850481
2004-06-23,0.8470668230836185,0.7040797226297567
2004-06-24,-0.2985093589967401,0.673514651162048
2004-06-25,-0.5467927269987727,0.6883233106513557
2004-06-28,-0.09525423036741,0.7401730341373903
2004-06-29,0.2511490979224847,0.7200091987940231
2004-06-30,0.4075485050745605,0.6858046431857875
2004-07-01,-1.0485715738500614,0.6548248448429244
2004-07-02,-0.3158326739292393,0.794131008412304
2004-07-06,-0.8181777434566554,0.8017832063491658
2004-07-07,0.1897478525346468,0.8868061243294778
2004-07-08,-0.8278583129612459,0.8391500847489062
2004-07-09,0.3330521881276837,0.9221463981007841
2004-07-12,0.1382852793648545,0.8721588579631242
2004-07-13,0.0708717329101138,0.8254900580920765
2004-07-14,-0.329653355821438,0.7823122025177752
2004-07-15,-0.4309911715561727,0.7929943595497022
2004-07-16,-0.4800493678889253,0.8180122043123548
2004-07-19,-0.0444982480753397,0.8483468965783989
2004-07-20,0.7033089079845094,0.8123903207893336
2004-07-21,-1.3430125117174374,0.7728202014255052
2004-07-22,0.2702273935774714,0.9509517287489431
2004-07-23,-0.9747965503679163,0.8983119496775592
2004-07-26,-0.1962894632787929,0.9993500460202223
2004-07-27,0.987663290261116,0.9722932558840758
2004-07-28,0.0538831553386254,0.920756959674113
2004-07-29,0.4563169830570782,0.8697581663358782
2004-07-30,0.1171507050304058,0.8245706178591926
2004-08-02,0.4437751914570244,0.7816534523344026
2004-08-03,-0.6282051661861334,0.743459144828109
2004-08-04,-0.0964315141991336,0.8033632982643355
2004-08-05,-1.6455019335206773,0.7783779538605172
2004-08-06,-1.5601766647242776,1.011993650894597
2004-08-09,0.1174155597206104,1.1993302291827472
2004-08-10,1.2890470057401044,1.1245065881724992
2004-08-11,-0.3016481436145039,1.0610456968061834
2004-08-12,-1.174388536288709,1.0437361884583316
2004-08-13,0.1475607602008251,1.1623612647339225
2004-08-16,1.3562677597921216,1.0909619928204222
2004-08-17,0.2193374653673491,1.0307178627001146
2004-08-18,1.2366556279305565,0.971113018157433
2004-08-19,-0.3604159986895391,0.9206833509390875
2004-08-20,0.6503548950728367,0.9242383304564752
2004-08-23,-0.2433807338341168,0.8753592169841822
2004-08-24,0.0465253601396027,0.8656279396577851
2004-08-25,0.7968622154363251,0.8191191866155353
2004-08-26,0.0117648819955049,0.7793927679870765
2004-08-27,0.2422254493345388,0.7410430304056757
2004-08-30,-0.7811827145077261,0.7051893619985822
2004-08-31,0.462013065367888,0.7934055358010954
2004-09-01,0.1511249684150345,0.7543602587658568
2004-09-02,1.1150113177674372,0.7171074527743494
2004-09-03,-0.419371527634213,0.6866458564264958
2004-09-07,0.6863815755776745,0.718769535104243
2004-09-08,-0.4495982352485438,0.6864314604760923
2004-09-09,0.1888426335716845,0.7232377366277581
2004-09-10,0.4941399647370169,0.6885334269812247
2004-09-13,0.168899766519991,0.6577017261706701
2004-09-14,0.2227013208305026,0.6278416536856363
2004-09-15,-0.7079640999058967,0.6003884220294746
2004-09-16,0.2789829107506611,0.6863382985659644
2004-09-17,0.448485351862951,0.654794682133631
2004-09-20,-0.5642665338214696,0.6262895992587174
2004-09-21,0.63070141613393,0.6862793955432803
2004-09-22,-1.403587195393221,0.6561740928452506
2004-09-23,-0.4680710946743261,0.8611431737962025
2004-09-24,0.157766423354196,0.8859245917266422
2004-09-27,-0.5954007917978772,0.838211493725738
2004-09-28,0.5909032301847805,0.884506560348518
2004-09-29,0.4260939723815224,0.8386606068765236
2004-09-30,-0.019744751784841,0.7958652398419002
2004-10-01,1.5066573183751386,0.7606317423095202
2004-10-04,0.3238272074267087,0.7284121096584967
2004-10-05,-0.0608079210805892,0.6938606089011895
2004-10-06,0.6650556912393899,0.672343780509275
2004-10-07,-1.0032225687499832,0.6434213971004672
2004-10-08,-0.7555120625710654,0.7759490329665384
2004-10-11,0.2003089852329478,0.8532709144073537
2004-10-12,-0.2270515437695603,0.8083843375904132
2004-10-13,-0.7327233030814119,0.8018116100510443
2004-10-14,-0.93462705073405,0.8730506492410908
2004-10-15,0.4440372959780712,0.9700617407581055
2004-10-18,0.5238078807163645,0.9165185866150805
2004-10-19,-0.9732889155441314,0.8677675651039705
2004-10-20,0.0389737334916136,0.9716468571263315
2004-10-21,0.2560873759713254,0.9163381075555171
2004-10-22,-0.9762908943220158,0.866520696697272
2004-10-25,-0.0858182409064229,0.9710204920804858
2004-10-26,1.4769741930593296,0.9307087384296979
2004-10-27,1.279706499569654,0.8846396063309707
2004-10-28,0.1810974219785502,0.8415751782071972
2004-10-29,0.2445041080019105,0.7975537353134744
2004-11-01,0.0274301968011335,0.7572987470141326
2004-11-02,0.0044270037300915,0.7193163134339504
2004-11-03,1.1118167905890102,0.6866431666008097
2004-11-04,1.6027357888423872,0.6584770213050589
2004-11-05,0.3866249772795957,0.6344292091953586
2004-11-08,-0.1098238049090609,0.6071658433194544
2004-11-09,-0.0695636815078217,0.599148761559823
2004-11-10,-0.1005523855696226,0.585902100395089
2004-11-11,0.9048162623096716,0.5780839097865627
2004-11-12,0.9068467860586732,0.5569889916550519
2004-11-15,-0.0304044239180576,0.5373810542695082
2004-11-16,-0.7104016316032263,0.5228807886502913
2004-11-17,0.5523022908414389,0.6166450269728312
2004-11-18,0.1361331205948454,0.591350045187097
2004-11-19,-1.122416222607588,0.5661645778538305
2004-11-22,0.587843175777874,0.7297794671691733
2004-11-23,-0.0254907303997434,0.6961974440351772
2004-11-24,0.4087060812071601,0.669493602345267
2004-11-26,0.0752842931308754,0.6397370778011796
2004-11-29,-0.3455910280641383,0.6108157218140381
2004-11-30,-0.4038451679006934,0.6376962885332534
2004-12-01,1.4840559419618788,0.6714139881767525
2004-12-02,-0.0873358651324854,0.645915326453417
2004-12-03,0.0705511589729841,0.6317953280375267
2004-12-06,-0.0772685182882421,0.603433964660821
2004-12-07,-1.1135114976819829,0.5909853230334838
2004-12-08,0.4864758897237687,0.7497384874207116
2004-12-09,0.5421426409419167,0.7142058909550296
2004-12-10,-0.104321848187489,0.6816278989997382
2004-12-13,0.8949775217871275,0.6672672394807861
2004-12-14,0.3913271987402067,0.6396629318725083
2004-12-15,0.1942606433847041,0.6120364126674426
2004-12-16,-0.2083921695699376,0.5856096676173675
2004-12-17,-0.751648864084824,0.5936624152877603
2004-12-20,0.037681164753962,0.6876408518608745
2004-12-21,0.8999624816466412,0.6550176058566188
2004-12-22,0.3411979436247485,0.6283420159840948
2004-12-23,0.0462915745797303,0.601336307970872
2004-12-27,-0.4314584720309152,0.575072553913077
2004-12-28,0.7128529166534989,0.6181538160801735
2004-12-29,-0.0074238370186028,0.5934073321980828
2004-12-30,0.008248673778874,0.5717087910267832
2004-12-31,-0.1344073574073107,0.5493294745209072
2005-01-03,-0.8152562047846815,0.5490679966205013
2005-01-04,-1.1740004384716105,0.6585251296986291
2005-01-05,-0.3634439193279408,0.8200466147191772
2005-01-06,0.3499726889387917,0.8326242724889001
2005-01-07,-0.1432195683594164,0.7900051312984636
2005-01-10,0.3416928383706967,0.7727820790410698
2005-01-11,-0.6118245472381096,0.7348684382510119
2005-01-12,0.3973499066449696,0.7929388560475777
2005-01-13,-0.8667580994090578,0.7536680076147022
2005-01-14,0.5986604031937076,0.8513518790983732
2005-01-18,0.96282709254362,0.8082329446399269
2005-01-19,-0.9535422983762518,0.7700480639301762
2005-01-20,-0.7813441684863667,0.8805817107998346
2005-01-21,-0.6435479320456572,0.9521706308139458
2005-01-24,-0.3534023051619929,0.995562484997072
2005-01-25,0.3996329851615026,0.9915633798375821
2005-01-26,0.4832419632938723,0.9360241232676993
2005-01-27,0.0408837995714989,0.8854900548166015
2005-01-28,-0.2719682678708843,0.8373405720507787
2005-01-31,0.8424693022826933,0.8349489650381058
2005-02-01,0.686726715863026,0.7941403429497635
2005-02-02,0.317292909969953,0.7559495928843042
2005-02-03,-0.2769465505019701,0.719248080612499
2005-02-04,1.0982520503199091,0.7272073950454676
2005-02-07,-0.1089559183575703,0.6959043545960016
2005-02-08,0.0482590104529293,0.6811224387290855
2005-02-09,-0.8612258457473676,0.6490304760852788
2005-02-10,0.4202617764653276,0.7562276182407401
2005-02-11,0.6901750205170698,0.7199228335014722
2005-02-14,0.0696650824547266,0.6875121706325827
2005-02-15,0.3294334262127831,0.6550286405451442
2005-02-16,0.0181759423647278,0.6260204290881182
2005-02-17,-0.7954922070865406,0.5983662743584415
2005-02-18,0.0699289747905968,0.6993797308053796
2005-02-22,-1.4611959979605211,0.6660041062980235
2005-02-23,0.5591699832857658,0.880686298491679
2005-02-24,0.7862777725995748,0.8350242017211973
2005-02-25,0.9263777602271862,0.7939814375268354
2005-02-28,-0.6434901002669486,0.7567776337398014
2005-03-01,0.5642127938093622,0.8179143856034764
2005-03-02,-0.0272736618104389,0.7773397133493858
2005-03-03,0.0322252928973915,0.7446260753173436
2005-03-04,0.9578361866919956,0.7076436839399404
2005-03-07,0.2606869420683149,0.6772605631866354
2005-03-08,-0.4810340527826947,0.6463218503224553
2005-03-09,-1.023734532231883,0.6913701243119774
2005-03-10,0.1854097544981847,0.8222248308523258
2005-03-11,-0.7612148101110925,0.7797712272386635
2005-03-14,0.5608866091690017,0.8576553161327645
2005-03-15,-0.7552253930440114,0.8138734499392088
2005-03-16,-0.8114700226148561,0.8875880798657192
2005-03-17,0.1799632767785662,0.9633054223661928
2005-03-18,-0.0470562585375787,0.909266082072636
2005-03-21,-0.4946433602739591,0.8686785768597443
2005-03-22,-1.0248546209256062,0.8968270396060346
2005-03-23,0.0699645425590822,1.0062349224334106
2005-03-24,-0.0947106721432445,0.9481218839385999
2005-03-28,0.2438493140166367,0.9109989571135656
2005-03-29,-0.7625179181011431,0.8615732399534908
2005-03-30,1.367862973137081,0.9319665113284338
2005-03-31,-0.0694384752181236,0.8853500522074175
2005-04-01,-0.6517880949263398,0.8498865533488161
2005-04-04,0.2724477316724463,0.9039073728200305
2005-04-05,0.447084278556942,0.8551817273208644
2005-04-06,0.2265887253641403,0.8111392092535844
2005-04-07,0.5953233066958343,0.7697351685938673
2005-04-08,-0.8380014491591885,0.7330899710648424
2005-04-11,0.0008474198803386,0.8280214355792368
2005-04-12,0.5529884802782767,0.7873428785207108
2005-04-13,-1.183132550562878,0.7491447808218407
2005-04-14,-1.0052134263021657,0.9015232222584533
2005-04-15,-1.686186196276537,1.0072186504321106
2005-04-18,0.2936282269934283,1.2173104867530375
2005-04-19,0.5916292813629376,1.1415743792384174
2005-04-20,-1.3343570060666856,1.0738007151874014
2005-04-21,1.954398680302204,1.2155648901668645
2005-04-22,-0.6773139368705897,1.1466538782293578
2005-04-25,0.8624972960833317,1.1769918732084277
2005-04-26,-0.8876748450908203,1.107155724202766
2005-04-27,0.3942496392166545,1.1735542149716172
2005-04-28,-1.1445623573942096,1.1021463907986095
2005-04-29,1.1851956462206028,1.2097736901395568
2005-05-02,0.4579598925333747,1.138291820336339
2005-05-03,-0.0852216655406016,1.070272004761588
2005-05-04,1.239305156034736,1.0213369299844164
2005-05-05,-0.2572113341297634,0.966647658060611
2005-05-06,-0.109218460463223,0.9511696723995392
2005-05-09,0.6373966172402125,0.9158404229332511
2005-05-10,-1.076315086971956,0.8676047017092661
2005-05-11,0.4184280247109813,0.988602286582956
2005-05-12,-1.0083888412137036,0.9333897431496522
2005-05-13,-0.4590579075786052,1.0363578311183896
2005-05-16,1.0035599091202396,1.0442832761331524
2005-05-17,0.6933254635373273,0.9866699845495294
2005-05-18,0.996889548132164,0.932729694090141
2005-05-19,0.4645135445231884,0.8845466684879114
2005-05-20,-0.1512315038010651,0.8381860552552702
2005-05-23,0.3843636265639544,0.8182196551153582
2005-05-24,0.0175851841596387,0.7768913835889988
2005-05-25,-0.3405876080396173,0.7379248387142164
2005-05-26,0.637453131772754,0.7538828939459613
2005-05-27,0.096814743655359,0.718643238624598
2005-05-31,-0.6091379853434455,0.683915629506443
2005-06-01,0.8956805725932198,0.7460730895902032
2005-06-02,0.1720390824511471,0.7124901237857566
2005-06-03,-0.6890819980251237,0.6785365152428469
2005-06-06,0.1245015026845046,0.7541139140392488
2005-06-07,-0.0208788316931622,0.7167721791945163
2005-06-08,-0.2165587433034947,0.6878525993268317
2005-06-09,0.5226267957247287,0.689351600810245
2005-06-10,-0.2350998409679674,0.6585745605915622
2005-06-13,0.2259309081521192,0.6650815926456858
2005-06-14,0.257000961982868,0.6349076462684163
2005-06-15,0.2215253311707825,0.6070800908162558
2005-06-16,0.3623526250350597,0.5811207977862305
2005-06-17,0.4942512444624592,0.5575851311635973
2005-06-20,-0.0706916730218183,0.5362392624981064
2005-06-21,-0.2049620033747776,0.5276106838703951
2005-06-22,0.0222468091279343,0.5393780084006667
2005-06-23,-1.0892156085218303,0.5173537674046584
2005-06-24,-0.7657968670771707,0.6811433081244657
2005-06-27,-0.0738798421939694,0.7691060899964627
2005-06-28,0.9096068495660192,0.7436310626907968
2005-06-29,-0.1432461671167803,0.7102936673313575
2005-06-30,-0.7126235441053447,0.6993513353588273
2005-07-01,0.2607114052726541,0.7768534502905609
2005-07-05,0.8793852803795384,0.7382925968558413
2005-07-06,-0.8375334165637525,0.7052439533568773
2005-07-07,0.2449049655565163,0.8028264864859993
2005-07-08,1.161138179782478,0.7621560462525031
2005-07-11,0.6235331585299627,0.7284065904795878
2005-07-12,0.2268974529875082,0.69507520645191
2005-07-13,0.088331890838511,0.6626626450092258
2005-07-14,0.2620602356418461,0.6321074940071377
2005-07-15,0.1157132095024646,0.604504672031578
2005-07-18,-0.5545053245331578,0.5782977393763185
2005-07-19,0.6708890992640745,0.6408469107953252
2005-07-20,0.4747306199091748,0.6142765130652947
2005-07-21,-0.6628063888680193,0.588834981819933
2005-07-22,0.5396819235282299,0.6682983950790523
2005-07-25,-0.3776351891558406,0.6391652278417573
2005-07-26,0.1731577935090858,0.6687223728780182
2005-07-27,0.4562502872513562,0.6380631342661275
2005-07-28,0.558752002041879,0.6108188499736921
2005-07-29,-0.7700039576876156,0.5859703258109054
2005-08-01,0.0947485512339227,0.6838355026534756
2005-08-02,0.7074137786163408,0.6517296130404306
2005-08-03,0.0739240526585375,0.6245087306842949
2005-08-04,-0.7400617130228753,0.5966902692258581
2005-08-05,-0.7667679991179147,0.6884083239774912
2005-08-08,-0.2686241126164497,0.7758401894302795
2005-08-09,0.6722344610712961,0.778010017047096
2005-08-10,-0.1828889635260019,0.7410297809080645
2005-08-11,0.7037130459696325,0.7334352776184941
2005-08-12,-0.6012532273180848,0.7000444863497528
2005-08-15,0.2824363312543445,0.759516620709864
2005-08-16,-1.184586679317268,0.7223965507828972
2005-08-17,0.0737851983626701,0.8781554501665292
2005-08-18,-0.1000279428975898,0.8307376714111935
2005-08-19,0.0565820267256068,0.8040621424024156
2005-08-22,0.1654777541679866,0.762531104588848
2005-08-23,-0.3394403944289071,0.7247019585029774
2005-08-24,-0.6592036186235425,0.7415636648011019
2005-08-25,0.2295686603122758,0.80657678466526
2005-08-26,-0.6014586766805522,0.76554699859949
2005-08-29,0.5940377442203705,0.8192575396535783
2005-08-30,-0.3197434047984468,0.7786967440993061
2005-08-31,0.9815803774647128,0.7882015349464315
2005-09-01,0.1031982962391605,0.7516784960269763
2005-09-02,-0.2926655374129036,0.7144389809163805
2005-09-06,1.2539882199711907,0.7251224259517983
2005-09-07,0.2405079165705973,0.6946157598639513
2005-09-08,-0.3800559147012174,0.6622932053501643
2005-09-09,0.7933192791395705,0.6903645183749103
2005-09-12,-0.0741262753738635,0.6606160475778254
2005-09-13,-0.7573673921888471,0.6435052009560991
2005-09-14,-0.3286679455365361,0.7336547436008543
2005-09-15,0.0464335506602796,0.7481724020048314
2005-09-16,0.8257581395948801,0.7109738041862
2005-09-19,-0.5581391440806682,0.679798231319885
2005-09-20,-0.7894521231179437,0.7341811261789436
2005-09-21,-0.9162993799830818,0.8209890282535977
2005-09-22,0.3645671793169123,0.9201871378757424
2005-09-23,0.0551496930232202,0.870489155704772
2005-09-26,0.0279701361116905,0.8236203471122958
2005-09-27,0.0024702356686383,0.780418286872322
2005-09-28,0.1011268462216317,0.7432878635560016
2005-09-29,0.8827817434815387,0.706688259691885
2005-09-30,0.0920015885151024,0.6760711387089531
2005-10-03,-0.171867183020373,0.6445343894529736
2005-10-04,-1.001985374354899,0.6427868488616244
2005-10-05,-1.4999041934534425,0.7751657285426397
2005-10-06,-0.4104085030942367,0.9817768128367601
2005-10-07,0.3694443864339434,0.9873765963761123
2005-10-10,-0.7192008635452506,0.9320704740693059
2005-10-11,-0.2073991965193739,0.9890347653011803
2005-10-12,-0.6086612731748998,0.9644579759984572
2005-10-13,-0.0713595908554969,1.0013819175669727
2005-10-14,0.8233895771379748,0.9564528188896886
2005-10-17,0.2970569754105139,0.9055851741419259
2005-10-18,-1.010038058975644,0.8568207302247778
2005-10-19,1.4845038560093755,0.9678906588056698
2005-10-20,-1.5133641676906875,0.9187363555455746
2005-10-21,0.1518558511769907,1.109271476755098
2005-10-24,1.6637869183025955,1.0425794508591202
2005-10-25,-0.2370669386532537,0.9877795170135584
2005-10-26,-0.4321788096966069,0.9675720504985265
2005-10-27,-1.053048217155628,0.9776521386983886
2005-10-28,1.6413885701011692,1.0833705402493734
2005-10-31,0.7150528449828979,1.0249401594950562
2005-11-01,-0.3527311213989366,0.9678265904420084
2005-11-02,0.9927610493678476,0.9661586456405216
2005-11-03,0.4255094722214066,0.9151599364880706
2005-11-04,0.0163989087439092,0.8661240967624753
2005-11-07,0.2185918605323468,0.8202043063977084
2005-11-08,-0.3457112258799154,0.7780462472727856
2005-11-09,0.1689099138900648,0.7914769346742664
2005-11-10,0.8410797282881278,0.751395076935055
2005-11-11,0.3049878965987544,0.7171774501949957
2005-11-14,-0.077777498176056,0.6834077494513235
2005-11-15,-0.3857449824625265,0.6651047689024322
2005-11-16,0.1788418746649066,0.6938209173964308
2005-11-17,0.9369543885684766,0.6613072950330456
2005-11-18,0.4391670522724698,0.6343175111682594
2005-11-21,0.5257415724039091,0.6072769719739235
2005-11-22,0.5071395717316795,0.5825479026003482
2005-11-23,0.3466788026831465,0.5595047069943042
2005-11-25,0.2083789648192422,0.5374199041408221
2005-11-28,-0.8544215188562845,0.5162924552227932
2005-11-29,0.0015920484557712,0.6362536877419617
2005-11-30,-0.6382253629954913,0.6101877101381945
2005-12-01,1.2083804199621733,0.6836389300083937
2005-12-02,0.0324073219063235,0.6560939849422706
2005-12-05,-0.2366276682576343,0.6257966530663024
2005-12-06,0.127483727667013,0.6350416051740391
2005-12-07,-0.5021653100799183,0.6066758937563442
2005-12-08,-0.1217589862909708,0.6583832047277223
2005-12-09,0.2806947864745591,0.648295215384695
2005-12-12,0.0841383154016426,0.6195840628936158
2005-12-13,0.5538295312984911,0.5921636115106076
2005-12-14,0.4180778582455103,0.568629872174587
2005-12-15,-0.1415311027309853,0.5462008410981559
2005-12-16,-0.2852345883930445,0.5472092309965904
2005-12-19,-0.5856130419099415,0.5697132310572033
2005-12-20,-0.0238177464847968,0.6381010298427952
2005-12-21,0.2513505394688519,0.6154911746810994
2005-12-22,0.4211895217280327,0.589048780931256
2005-12-23,0.0425767362105668,0.565192909524653
2005-12-27,-0.9599309229902498,0.5414665504084056
2005-12-28,0.1296376168455956,0.6778140634451386
2005-12-29,-0.2984969814584248,0.6463004161423053
2005-12-30,-0.4898703356058071,0.663243651169222
2006-01-03,1.6296964341378817,0.7082633160448873
2006-01-04,0.3665964386255771,0.6805833248911702
2006-01-05,0.0015720458048537,0.6498278055995428
2006-01-06,0.935551838421723,0.6227686719232975
2006-01-09,0.3649695996218134,0.5986009804977094
2006-01-10,-0.0356675622353004,0.5738350170310081
2006-01-11,0.3475497476943338,0.5575416101435391
2006-01-12,-0.6294004875159206,0.5355968757566689
2006-01-13,0.1204448836657688,0.6143219779088677
2006-01-17,-0.3641209037951744,0.5874293078224603
2006-01-18,-0.3904942983087808,0.6189982511228218
2006-01-19,0.5548253263319995,0.6521518884574633
2006-01-20,-1.8496322409992527,0.6242760683507986
2006-01-23,0.1845283766660529,0.9262764496410777
2006-01-24,0.2402548411444657,0.875347079847011
2006-01-25,-0.1722218211682101,0.8288307305319483
2006-01-26,0.7208907535489939,0.8126450146561884
2006-01-27,0.773401437250556,0.7731260231469
2006-01-30,0.1144431617966671,0.7369399085085998
2006-01-31,-0.3983980099300531,0.7008831730281545
2006-02-01,0.1857536385185309,0.7286228228350748
2006-02-02,-0.9102005775588268,0.6934939936859992
2006-02-03,-0.5373019460362076,0.8045265778762325
2006-02-06,0.0782894973074496,0.8448123625060552
2006-02-07,-0.8127666010110246,0.8001146622882352
2006-02-08,0.8625561733288215,0.8844185815932495
2006-02-09,-0.1478590368712153,0.8396800071777544
2006-02-10,0.2536747815164882,0.8191080959288475
2006-02-13,-0.3265022504588939,0.7771795166267923
2006-02-14,0.9982823043985454,0.7878152088595531
2006-02-15,0.3498276451837249,0.7513906116628838
2006-02-16,0.7301408539075194,0.7151746855721943
2006-02-17,-0.1661102641883317,0.6832891904673791
2006-02-21,-0.3275892937654234,0.6777491665337135
2006-02-22,0.7485389902519992,0.696601893051621
2006-02-23,-0.3782279549742235,0.6662003176618414
2006-02-24,0.1272700670312287,0.6936767329718841
2006-02-27,0.3630621795035809,0.6609641784167503
2006-02-28,-1.0455326977436477,0.6316544453175428
2006-03-01,0.8227392693299463,0.7730672505693692
2006-03-02,-0.1627648676222426,0.7370865072406926
2006-03-03,-0.1482733095977112,0.7268809153491044
2006-03-06,-0.6992821869927277,0.715376482258772
2006-03-07,-0.1863645342863235,0.7892291124451616
2006-03-08,0.2027887120114596,0.7782955571611327
2006-03-09,-0.4892776729698087,0.7393868048532581
2006-03-10,0.7197621493560185,0.7778771629360666
2006-03-13,0.2112577727036599,0.7411006023275647
2006-03-14,1.034245657662246,0.7051167178505372
2006-03-15,0.4260755580596741,0.6752377019866191
2006-03-16,0.1771186496393506,0.6451240766975315
2006-03-17,0.1469845381414607,0.6162233481129484
2006-03-20,-0.1661386180891845,0.5893019641401802
2006-03-21,-0.6033101043218729,0.5908228998941495
2006-03-22,0.6002514715950028,0.6602607428376495
2006-03-23,-0.2585632377503073,0.6319714077194397
2006-03-24,0.0982797745531337,0.6440226536722115
2006-03-27,-0.1028938455009137,0.6148813088183558
2006-03-28,-0.645899872572224,0.6052957855151482
2006-03-29,0.7441935488966642,0.6804541268458476
2006-03-30,-0.2028331583160994,0.6512490564014857
2006-03-31,-0.4146253429841803,0.6535444166601275
2006-04-03,0.2267973429724808,0.6876445082592466
2006-04-04,0.6237198100456351,0.6557903906472419
2006-04-05,0.4301841324002345,0.62792760847772
2006-04-06,-0.1923239116313828,0.6013156488709185
2006-04-07,-1.03973529590452,0.6058175256606595
2006-04-10,0.0864153811547859,0.7491880963722981
2006-04-11,-0.7781154126378512,0.712073175381285
2006-04-12,0.1204066548337026,0.7991255477235447
2006-04-13,0.0776024005504899,0.7582435434770035
2006-04-17,-0.2944350733115137,0.720391217600756
2006-04-18,1.6933204646026203,0.7308619909875019
2006-04-19,0.2025076501805496,0.7017128791011554
2006-04-20,0.1167248972276318,0.6687000992392708
2006-04-21,-0.0137208904868349,0.6378127151609219
2006-04-24,-0.2420445581025627,0.6137944622516834
2006-04-25,-0.4881512597334564,0.6247596073214206
2006-04-26,0.2815370297147241,0.6727290827955975
2006-04-27,0.3296157680539232,0.6422132658777945
2006-04-28,0.0679314969938932,0.6141480535310708
2006-05-01,-0.4144087356689018,0.5870536058308382
2006-05-02,0.6125912703046048,0.6264889244112798
2006-05-03,-0.3883503643349785,0.6007276164613726
2006-05-04,0.3152232936836416,0.6350049694403005
2006-05-05,1.0242666122685788,0.6074079917581637
2006-05-08,-0.0830038734127436,0.584714397291798
2006-05-09,0.0362276749305588,0.5744426668948145
2006-05-10,-0.1729643723628145,0.5500428609144707
2006-05-11,-1.288067467835875,0.5554228029820617
2006-05-12,-1.1304817461096426,0.7527332000782364
2006-05-15,0.2521530784402824,0.8954452057665843
2006-05-16,-0.1871231272629041,0.8473332565943318
2006-05-17,-1.698449398254566,0.831780844937376
2006-05-18,-0.6721550408601831,1.0677038488786326
2006-05-19,0.4128357614962439,1.1047256495144973
2006-05-22,-0.39224146258121,1.0394798267557068
2006-05-23,-0.4359477610648544,1.0372793117661998
2006-05-24,0.1582403218007078,1.0417055186436521
2006-05-25,1.130594031131146,0.9809108474392176
2006-05-26,0.5703043365720523,0.9292243891912223
2006-05-30,-1.597655965752121,0.8796076983602947
2006-05-31,0.8079200028414162,1.0902869561567914
2006-06-01,1.2223327369858277,1.0278927720114102
2006-06-02,0.1950333247538197,0.9725726829589284
2006-06-05,-1.7960022017338575,0.9178143778074717
2006-06-06,-0.1138777310743057,1.159778175966346
2006-06-07,-0.611109137700848,1.1069502541289198
2006-06-08,0.1416048446352157,1.1310695274738485
2006-06-09,-0.4485655970165158,1.0624186338553792
2006-06-12,-1.193721749259257,1.066440216512504
2006-06-13,-1.117384593032396,1.1858156064895873
2006-06-14,0.517588478216243,1.2803751363134908
2006-06-15,2.1012754739616786,1.1998053291158635
2006-06-16,-0.3684651440967768,1.132906893615959
2006-06-19,-0.915860746773235,1.1188194027794511
2006-06-20,-0.0008071577965939,1.1884596298521384
2006-06-21,0.9693820144398816,1.1173248354950354
2006-06-22,-0.5284643397792973,1.0532098493141302
2006-06-23,-0.0883479111898875,1.069925239743268
2006-06-26,0.4857655020670141,1.0214589313875995
2006-06-27,-0.9125527128600108,0.9637197295494512
2006-06-28,0.5472449647681757,1.048174232724898
2006-06-29,2.1335769185163973,0.9883868161868844
2006-06-30,-0.2099859604977492,0.9401305289055284
2006-07-03,0.7834128700747955,0.9201105707719142
2006-07-05,-0.7275252437706834,0.8721118761743052
2006-07-06,0.2491108826707996,0.9359771141809242
2006-07-07,-0.6772833620935191,0.8845020226266807
2006-07-10,0.1468707389671119,0.9393379356894657
2006-07-11,0.4008311513638601,0.8871706118615136
2006-07-12,-1.0928527604668774,0.8403377683384403
2006-07-13,-1.3051548192745042,0.9670090049183755
2006-07-14,-0.490630577568679,1.1157608875196992
2006-07-17,-0.1384197330362514,1.1211238066367537
2006-07-18,0.1917976706762714,1.075191598323187
2006-07-19,1.8385064331204768,1.0116356018210162
2006-07-20,-0.8513649549338661,0.9602009474172521
2006-07-21,-0.7102058166951474,1.0352625739580614
2006-07-24,1.6488454880015904,1.0811506107663742
2006-07-25,0.6300915845493745,1.0229440393405285
2006-07-26,-0.0378342531319662,0.9656590873403527
2006-07-27,-0.4108137624991621,0.9190657120892163
2006-07-28,1.207851619971792,0.9302262285995038
2006-07-31,-0.1479342153265696,0.8831060329436056
2006-08-01,-0.4506237112435881,0.8589740988660555
2006-08-02,0.5093535034171588,0.8813094025644724
2006-08-03,0.223639116973828,0.8353948117226433
2006-08-04,-0.0711067002883572,0.7920419945699606
2006-08-07,-0.2810008238870877,0.7643603067320097
2006-08-08,-0.3368372259265255,0.7692897241890853
2006-08-09,-0.4358771040950483,0.7821165261708681
2006-08-10,0.4618338861988249,0.8087972027662063
2006-08-11,-0.3994465346949095,0.7685327347072417
2006-08-14,0.1159763227049737,0.7908329718825875
2006-08-15,1.3603517555473534,0.7505873692737213
2006-08-16,0.7632783631721066,0.7185511497430791
2006-08-17,0.1581178797474585,0.6865432865039347
2006-08-18,0.3708062857582507,0.6544922742091915
2006-08-21,-0.3677204235229472,0.625692441996678
2006-08-22,0.1001353353987705,0.6547987411046324
2006-08-23,-0.4498760349021232,0.6248727591653831
2006-08-24,0.2371580108853858,0.6668036121790056
2006-08-25,-0.074877394949862,0.6365476228838458
2006-08-28,0.5152416785938775,0.6213327183171111
2006-08-29,0.1918605642752365,0.5955470551169845
2006-08-30,0.0835334909658773,0.5702908774476526
2006-08-31,-0.1188145781091462,0.5463756199831147
2006-09-01,0.5499463994837352,0.5440374407481111
2006-09-05,0.1707140885465104,0.5238578535285504
2006-09-06,-0.994072887125942,0.5034997722086737
2006-09-07,-0.4810584977398314,0.6508804791064995
2006-09-08,0.3779516785635686,0.6955520947400686
2006-09-11,0.0477201965123477,0.6637185800738317
2006-09-12,1.0304209566623772,0.632919882053836
2006-09-13,0.38539093735431,0.6084024562429109
2006-09-14,-0.1358906207768862,0.5830181607772686
2006-09-15,0.2564555076311261,0.5805557801391743
2006-09-18,0.1151163757380079,0.556626431810462
2006-09-19,-0.2683048555375884,0.5337929688010792
2006-09-20,0.5706071034442843,0.5547053372626075
2006-09-21,-0.5410119989902893,0.5338730711991962
2006-09-22,-0.246884627333857,0.5980268651576003
2006-09-25,0.8776510314245869,0.6109087231285557
2006-09-26,0.7496114733216496,0.5873610360811001
2006-09-27,0.0179570241218129,0.564971717855867
2006-09-28,0.1711878396564572,0.5416945734707131
2006-09-29,-0.2265672135253866,0.5201215445400871
2006-10-02,-0.3396884177235413,0.5356849320371321
2006-10-03,0.2093500975871098,0.5674618742223051
2006-10-04,1.198830157743166,0.5442594003926785
2006-10-05,0.2234222484696683,0.5267383315929777
2006-10-06,-0.2686098653359275,0.5064010770722543
2006-10-09,0.0792569884558926,0.5293684822187523
2006-10-10,0.2041367595884203,0.5082612004705241
2006-10-11,-0.2567236216697791,0.489091090794068
2006-10-12,0.9495869261272885,0.5114849201094362
2006-10-13,0.2045146573991786,0.49516957207040335
2006-10-16,0.2515881363474249,0.4768731517636215
2006-10-17,-0.3666164318479104,0.45997371313644814
2006-10-18,0.1282121858067292,0.5017558131647526
2006-10-19,0.0848894286278234,0.4827083421563096
2006-10-20,0.1199034115850298,0.46474153647584665
2006-10-23,0.6133456455451609,0.4480873845331517
2006-10-24,0.0261389304691764,0.43453765007452577
2006-10-25,0.3507733603266655,0.41941913290652977
2006-10-26,0.4950744808794787,0.4065823485132745
2006-10-27,-0.8487547836851526,0.39513211048995056
2006-10-30,0.0428333989383209,0.5285920835569249
2006-10-31,0.0007175734218364,0.5073883455770339
2006-11-01,-0.737862425334979,0.4904915453402992
2006-11-02,-0.0343741859766559,0.5922962303779116
2006-11-03,-0.2225709266821042,0.5745055544196982
2006-11-06,1.1282575026932746,0.5854976715760511
2006-11-07,0.2215243341597526,0.5647974903846754
2006-11-08,0.2080508269778957,0.5418310095496808
2006-11-09,-0.5347249472951695,0.5203997161937154
2006-11-10,0.1862888647065484,0.5846696489874585
2006-11-13,0.2545832920179789,0.560162659794633
2006-11-14,0.6336282710039514,0.5376546175807485
2006-11-15,0.2401598181758242,0.5182578525373062
2006-11-16,0.228160832990462,0.49856357015056774
2006-11-17,0.1028177162961428,0.48013912751836996
2006-11-20,-0.0499661775804919,0.4624142430177857
2006-11-21,0.1648093909236073,0.4557607751142946
2006-11-22,0.2335368784049262,0.4398688010060722
2006-11-24,-0.3662235340602542,0.4252702121130808
2006-11-27,-1.3647789970175506,0.4696180553456704
2006-11-28,0.3438472176622492,0.6978909057850721
2006-11-29,0.9159499819874408,0.6657420632369235
2006-11-30,0.0821413790701674,0.6383370052053233
2006-12-01,-0.2802695817626109,0.6095459150555902
2006-12-04,0.8845949539756106,0.626580424129029
2006-12-05,0.3994519694966535,0.601926809051682
2006-12-06,-0.1315565235804857,0.5770642612229406
2006-12-07,-0.3978450122078701,0.5743985218771467
2006-12-08,0.1810301583367398,0.6122463112106837
2006-12-11,0.2267240979036943,0.5857504301711811
2006-12-12,-0.1047922221211886,0.5613323592543079
2006-12-13,0.1168167687964415,0.55588836142572
2006-12-14,0.8651922436740064,0.5331130596482397
2006-12-15,0.1121774518763465,0.5149811888801692
2006-12-18,-0.3235568496471714,0.494982439616272
2006-12-19,0.2155924984594354,0.527311969966839
2006-12-20,-0.1418015509807603,0.5069036099465949
2006-12-21,-0.3680717164277038,0.5107102273494772
2006-12-22,-0.5330432553268684,0.5488483839605308
2006-12-26,0.4342830626287104,0.6104167378177999
2006-12-27,0.6990781099262332,0.585087675017577
2006-12-28,-0.1479876542664995,0.5626521115926882
2006-12-29,-0.4523302629615828,0.5634350994113412
2007-01-03,-0.1199388642525353,0.6107688282807177
2007-01-04,0.1227532497215299,0.6039562231422139
2007-01-05,-0.6103167832470129,0.5778173025895007
2007-01-08,0.2217857077497428,0.6495627259016068
2007-01-09,-0.0516809499364646,0.6205181162147391
2007-01-10,0.1938471807337008,0.6031588633774749
2007-01-11,0.6319861629223327,0.5773674195405741
2007-01-12,0.4841427093058067,0.5552020569493058
2007-01-16,0.0817460872325575,0.5339802250948015
2007-01-17,-0.089433741840016,0.5125688587508286
2007-01-18,-0.2975161375757787,0.5082930958451027
2007-01-19,0.2891281554245473,0.5355798228772058
2007-01-22,-0.5291886366783456,0.5149095453660912
2007-01-23,0.3535707111787036,0.5787336148576194
2007-01-24,0.8465536428398069,0.5553303729803877
2007-01-25,-1.133378773070705,0.5355895313909999
2007-01-26,-0.1208659535429596,0.7054161439912675
2007-01-29,-0.1097550811566401,0.6916189462207482
2007-01-30,0.5755498607645567,0.6772794628454442
2007-01-31,0.6571245841597129,0.6476232176851535
2007-02-01,0.5339451523831852,0.6204990481271769
2007-02-02,0.1693016252195719,0.5948502732803669
2007-02-05,-0.0967074802488095,0.5695515013401579
2007-02-06,0.0697763937016067,0.5623476780401739
2007-02-07,0.1394068946924395,0.5389309316304364
2007-02-08,-0.1179963006150226,0.5174172361004886
2007-02-09,-0.7102376113371196,0.5169854528465733
2007-02-12,-0.3266712097896208,0.6112961397370216
2007-02-13,0.7568774732917578,0.6352432341180897
2007-02-14,0.7615012063124971,0.6094348157097476
2007-02-15,0.1037055499453231,0.5855167468979312
2007-02-16,-0.0872161360529513,0.56061221538411
2007-02-20,0.2840277783407165,0.5526672525237647
2007-02-21,-0.1405437971554358,0.5308001573806632
2007-02-22,-0.0857924353369557,0.5327520200363635
2007-02-23,-0.3570038956787483,0.5265538452242966
2007-02-26,-0.1254893239734268,0.5617341170113317
2007-02-27,-3.5342660843100724,0.5592816038596865
2007-02-28,0.5545484952734019,1.3640850799100155
2007-03-01,-0.2597805977300521,1.2759313122203482
2007-03-02,-1.1468261829749615,1.233113385038094
2007-03-05,-0.9452209514841424,1.3274104210213706
2007-03-06,1.5374780717887004,1.3806851025432056
2007-03-07,-0.2468314486799026,1.294910905142493
2007-03-08,0.7101347730782964,1.2484926185752123
2007-03-09,0.0677392272920847,1.1716013575409712
2007-03-12,0.2676698622496704,1.0990595358446467
2007-03-13,-2.057857550740609,1.0337269450872308
2007-03-14,0.666888016495876,1.3077637240923943
2007-03-15,0.3676979959512594,1.2252765466799584
2007-03-16,-0.3835655701215665,1.149117868738071
2007-03-19,1.0835569042727349,1.1357451262513807
2007-03-20,0.6313481911504475,1.0704643863273111
2007-03-21,1.6936643202980273,1.0090860407039812
2007-03-22,-0.0348483047308206,0.9572826266781723
2007-03-23,0.109379160276004,0.9109770762537062
2007-03-26,0.0967434525865559,0.8610104866033379
2007-03-27,-0.6203560368758968,0.8150790451903215
2007-03-28,-0.7997684815493823,0.8673319559081448
2007-03-29,0.3732748516689657,0.9431163663116544
2007-03-30,-0.1174685237514386,0.8915470702042309
2007-04-02,0.2593696866817386,0.8623733867638739
2007-04-03,0.9237307072510436,0.8169888694841706
2007-04-04,0.1112198740916586,0.7779478849367651
2007-04-05,0.304531397039247,0.7386951368685469
2007-04-09,0.0588550367099576,0.7032754536906798
2007-04-10,0.261322602696913,0.6695604514160624
2007-04-11,-0.6594524912466886,0.6391980885135121
2007-04-12,0.6187116686112808,0.713515792716836
2007-04-13,0.3481931165325918,0.6813023397077447
2007-04-16,1.059854287315681,0.6504180184536966
2007-04-17,0.2143013111473107,0.6247371395987689
2007-04-18,0.0692952791006442,0.5974749080118055
2007-04-19,-0.1202773657771309,0.5715806325473534
2007-04-20,0.9218086660297052,0.5676615606372922
2007-04-23,-0.2306644470370378,0.5473697257909338
2007-04-24,-0.0351205549623648,0.561573828411711
2007-04-25,1.0088033702708323,0.54606564451768
2007-04-26,-0.0782724506617998,0.527635410676688
2007-04-27,-0.0120504975632885,0.520700277777242
2007-04-30,-0.7861748709062836,0.5047215610817125
2007-05-01,0.2647687987313794,0.6136539975976726
2007-05-02,0.6451588538502733,0.5873988325168297
2007-05-03,0.4315751619413164,0.564578131291739
2007-05-04,0.2147587075633329,0.5424878050280387
2007-05-07,0.2560437459192035,0.5210388882160788
2007-05-08,-0.1166651195633774,0.5012219055630791
2007-05-09,0.3218216510912948,0.5017104525849863
2007-05-10,-1.4054581884656236,0.4834617161766052
2007-05-11,0.9595315462487676,0.7178199076973388
2007-05-14,-0.1794584178452379,0.6866687442522834
2007-05-15,-0.1304834544834399,0.6828167674648474
2007-05-16,0.8589542804573146,0.6721396106880624
2007-05-17,-0.0918444171688858,0.644025002016545
2007-05-18,0.6588724214163112,0.6306939679361531
2007-05-21,0.1542054937372437,0.6048161720124421
2007-05-22,-0.0642774553430921,0.5787441350788967
2007-05-23,-0.1207960891085956,0.566201398390893
2007-05-24,-0.9749940652956228,0.5627434807588407
2007-05-25,0.5437868634530784,0.6993591013021908
2007-05-29,0.1568972258167277,0.6679139771232668
2007-05-30,0.79519076731304,0.6372485725621894
2007-05-31,0.0254840749242193,0.6114504635351248
2007-06-01,0.3730063260024788,0.5843769331484113
2007-06-04,0.1846899828252176,0.5606547784447328
2007-06-05,-0.5361416122665549,0.5378262138971831
2007-06-06,-0.8903259242367221,0.6008413805053804
2007-06-07,-1.772596154552924,0.7180722698504701
2007-06-08,1.1306236827796718,0.986147853778663
2007-06-11,0.0961254356284557,0.934018062385327
2007-06-12,-1.0739177694170063,0.882089080558392
2007-06-13,1.507009586153037,1.001163352300918
2007-06-14,0.4804742099217193,0.9492801954634124
2007-06-15,0.650555553085301,0.8976284568654872
2007-06-18,-0.121410562125395,0.8509478609139499
2007-06-19,0.1729278410380235,0.8256748102370508
2007-06-20,-1.3694428381801145,0.7828951425754951
2007-06-21,0.6161392441565994,0.9645517934713903
2007-06-22,-1.2979689827432703,0.9121667484092992
2007-06-25,-0.3213060312434161,1.065881021621497
2007-06-26,-0.3243450262866244,1.050986676776088
2007-06-27,0.8968996323785083,1.0378573087518403
2007-06-28,-0.0418323007466117,0.980367475296562
2007-06-29,-0.1568586791380063,0.9330897632256465
2007-07-02,1.0639364857749432,0.9060546793103498
2007-07-03,0.3573857444479607,0.8603542859051404
2007-07-05,0.0347529431044252,0.8155299198896725
2007-07-06,0.3298550721416329,0.7730001413110917
2007-07-09,0.0920901885555024,0.7350214004943415
2007-07-10,-1.42870247254699,0.6990213665796986
2007-07-11,0.570510424265772,0.9027134347373006
2007-07-12,1.8875707510562436,0.8552906742729729
2007-07-13,0.3096608437751028,0.8170924349879495
2007-07-16,-0.1921316668940251,0.7755512776510705
2007-07-17,-0.0096824613633028,0.7665533054821456
2007-07-18,-0.206745981076958,0.7322119824916845
2007-07-19,0.4459094012305411,0.7287936491170464
2007-07-20,-1.2296153790126367,0.6947094770541808
2007-07-23,0.4857468831634159,0.8619311854552857
2007-07-24,-2.0003161459610794,0.8174984946446295
2007-07-25,0.4654761912206715,1.11434079204358
2007-07-26,-2.361514831842795,1.0484625728993187
2007-07-27,-1.6120829482687424,1.3777754652177274
2007-07-30,1.0201791310726158,1.531058842500936
2007-07-31,-1.2727292908787835,1.428943244694212
2007-08-01,0.7216566833712894,1.5223163559215094
2007-08-02,0.434981680259466,1.419852440964081
2007-08-03,-2.694578841666203,1.325995987760011
2007-08-06,2.386408016486739,1.6745266263765766
2007-08-07,0.6140474654544519,1.5638721766161379
2007-08-08,1.3973752789070897,1.4569737874873598
2007-08-09,-3.009806670758095,1.3634461141805008
2007-08-10,0.0378465724980619,1.7652375223292083
2007-08-13,-0.049541086599718,1.6362517357743922
2007-08-14,-1.8323395498988104,1.529705376098347
2007-08-15,-1.400545824953103,1.7013084766761077
2007-08-16,0.3243520983883055,1.7849489254140813
2007-08-17,2.42695665225198,1.6551255090392223
2007-08-20,-0.0269682815299314,1.5465441226245045
2007-08-21,0.1085465275582073,1.445627336499278
2007-08-22,1.16448208805781,1.3480363552105494
2007-08-23,-0.1072891793787411,1.2638140893716048
2007-08-24,1.1469018050261517,1.2006402092489405
2007-08-27,-0.8539951913098606,1.129826610589045
2007-08-28,-2.3752942896165807,1.1887701635154577
2007-08-29,2.168505098090459,1.4988808994847485
2007-08-30,-0.4189774778312817,1.4044383498502124
2007-08-31,1.1154303290853471,1.3722136133369434
2007-09-04,1.041380907704796,1.2855427415321201
2007-09-05,-1.156777363141079,1.206596401674279
2007-09-06,0.4242872517797467,1.305245296934937
2007-09-07,-1.7053037079487448,1.2220200763672613
2007-09-10,-0.1273623892153689,1.4089958043719004
2007-09-11,1.3540236395020917,1.3351024095886261
2007-09-12,0.0047616152104553,1.2528394699063565
2007-09-13,0.838431615381002,1.1751234882028523
2007-09-14,0.0202175617601972,1.1053576178981042
2007-09-17,-0.5133568991712144,1.0386835112026862
2007-09-18,2.878958164080636,1.0544689408240906
2007-09-19,0.6067959764234634,1.0035659166761821
2007-09-20,-0.6745938475255173,0.9478418097969369
2007-09-21,0.4598464335745744,0.9964161444785496
2007-09-24,-0.5270307770366357,0.9407077066148699
2007-09-25,-0.0342688518638791,0.9673834199641219
2007-09-26,0.5396714632315107,0.9201460836468905
2007-09-27,0.3899482069183578,0.8711588604232611
2007-09-28,-0.3027999733853694,0.8255888264033586
2007-10-01,1.3202159881824789,0.8287064592971589
2007-10-02,-0.0265079453376737,0.7903410958701795
2007-10-03,-0.4562248537264931,0.7564951003956182
2007-10-04,0.210872673598282,0.7884476921709354
2007-10-05,0.9514881229474792,0.7487744660613521
2007-10-08,-0.322169799390635,0.7152099126806033
2007-10-09,0.8063646659190855,0.7302452001262446
2007-10-10,-0.1713797949295538,0.697517839973549
2007-10-11,-0.5171809293999425,0.6916491075982744
2007-10-12,0.4742959110705808,0.7385507849835052
2007-10-15,-0.8416732385427675,0.7038324568487379
2007-10-16,-0.6594866980535926,0.8022468746967374
2007-10-17,0.1759846754610529,0.8618061462088196
2007-10-18,-0.0752946305293071,0.8161304828063782
2007-10-19,-2.594931140710293,0.7871198396294674
2007-10-22,0.3791176519172483,1.2171696947890618
2007-10-23,0.8764339431983929,1.1417885470697093
2007-10-24,-0.2444407502362128,1.0751400502992652
2007-10-25,-0.0976794601235322,1.0483480572280919
2007-10-26,1.369345687603249,1.0030705525982013
2007-10-29,0.3705771083571753,0.9504678923150622
2007-10-30,-0.6484372289334848,0.8982733276784184
2007-10-31,1.1920661356754998,0.947360446599832
2007-11-01,-2.6778888689808897,0.8987462272126967
2007-11-02,0.0801886680887067,1.3207649746365666
2007-11-05,-0.4967093437071673,1.234735362938187
2007-11-06,1.1977204894451745,1.229920426642094
2007-11-07,-2.980972636157473,1.1566690854828698
2007-11-08,-0.0576178474867469,1.5893224768622964
2007-11-09,-1.43900618120116,1.488472448920057
2007-11-12,-1.0038452592368512,1.6015350984430836
2007-11-13,2.867778438776126,1.6355054060031695
2007-11-14,-0.7094477743350598,1.5306109997491502
2007-11-15,-1.3300488548972065,1.528151648146693
2007-11-16,0.5216680351984778,1.6197788616762183
2007-11-19,-1.7614482080618146,1.507078741196104
2007-11-20,0.4476163998967163,1.6697723215726454
2007-11-21,-1.605507806431886,1.5518762217251303
2007-11-23,1.6749426122977584,1.6842961803050973
2007-11-26,-2.3512966551297514,1.5698439578632581
2007-11-27,1.4819795556490158,1.823170018473227
2007-11-28,2.8159623399831912,1.6940928380402478
2007-11-29,0.0476361425261982,1.5832175393948709
2007-11-30,0.774018490674295,1.4721944202773576
2007-12-03,-0.5904735888843634,1.3747321768720486
2007-12-04,-0.6561737772241493,1.3702486150659527
2007-12-05,1.5075915045568595,1.3758612474564085
2007-12-06,1.4924972509290384,1.2904186422058048
2007-12-07,-0.1779503551010379,1.212833518111638
2007-12-10,0.7481894107170777,1.1642305586914443
2007-12-11,-2.5595871370425174,1.0950738297221019
2007-12-12,0.6031879025493236,1.4550994811699478
2007-12-13,0.122357552030208,1.3585809479790922
2007-12-14,-1.3841622651711092,1.2692151401957212
2007-12-17,-1.5134854466995853,1.3976219038246114
2007-12-18,0.6260159463819628,1.5326637355965227
2007-12-19,-0.1361756812645433,1.428824302292634
2007-12-20,0.4888236191244567,1.3542801899008445
2007-12-21,1.653242266561838,1.266776702181884
2007-12-24,0.8044560385114575,1.1920022996902768
2007-12-26,0.0808309033147075,1.1205894751205108
2007-12-27,-1.4385263354659774,1.0526182767590353
2007-12-28,0.1502640562007862,1.2142630851996177
2007-12-31,-0.687516831107418,1.1382279076987436
2008-01-02,-1.4543083003997033,1.1709082639084791
2008-01-03,0.0,1.3217404244652056
2008-01-04,-2.485797022395527,1.2383637380287664
2008-01-07,0.3218075231744636,1.5615164615428576
2008-01-08,-1.8522757462586332,1.4536841898594095
2008-01-09,1.3532109841889144,1.637587987153516
2008-01-10,0.7916711897125965,1.5264511032861
2008-01-11,-1.3688651328566237,1.4238686069589457
2008-01-14,1.0811976648879809,1.532920022285476
2008-01-15,-2.5240900594804327,1.4308683873144787
2008-01-16,-0.5627885721787484,1.7330427082189346
2008-01-17,-2.952417654491263,1.6888545429338622
2008-01-18,-0.6063769329588801,2.030321663224836
2008-01-22,-1.114705738766174,1.9614720933868797
2008-01-23,2.121552966457579,1.9736240191835526
2008-01-24,1.001243825754608,1.8317576326001446
2008-01-25,-1.599923900826646,1.699908935702639
2008-01-28,1.7396130410481234,1.8147132640641295
2008-01-29,0.6140880526633927,1.6875103026860483
2008-01-30,-0.4775378708849709,1.5685259103220788
2008-01-31,1.6633152629790866,1.5286697485324063
2008-02-01,1.2163219167380697,1.4293485928952465
2008-02-04,-1.051799001944954,1.3377143144677774
2008-02-05,-3.2518473415344133,1.4063146982538648
2008-02-06,-0.7652849389237927,1.847218925126572
2008-02-07,0.7854842639587953,1.8204026341403172
2008-02-08,-0.4212580221777428,1.6888439284161285
2008-02-11,0.5871726706863655,1.6289629703934803
2008-02-12,0.7239627380711977,1.5156253937256083
2008-02-13,1.351235803840717,1.4138130101968942
2008-02-14,-1.3512358038407142,1.3241833092334518
2008-02-15,0.0837397379674806,1.4412847071850559
2008-02-19,-0.0896675900364629,1.3440058937818884
2008-02-20,0.830627798826117,1.2709674232442614
2008-02-21,-1.295086452748304,1.1925108141165823
2008-02-22,0.7849720529112649,1.3148551128236565
2008-02-25,1.3718145806112505,1.2321866408591533
2008-02-26,0.6894091743071527,1.1594290954289885
2008-02-27,-0.0919867449763841,1.0904637001687112
2008-02-28,-0.8982092990434256,1.0407100075632938
2008-02-29,-2.7463395019370087,1.1153024668093272
2008-03-03,0.05334101903081,1.5085876180876236
2008-03-04,-0.3453585425228547,1.4047819202204388
2008-03-05,0.5224655309318044,1.3619946344200435
2008-03-06,-2.225985852476442,1.2739075228505201
2008-03-07,-0.8445928205016419,1.5447557381025327
2008-03-10,-1.558428579266265,1.5608114946964995
2008-03-11,3.645713261332977,1.6847355558563626
2008-03-12,-0.9036278359461816,1.5781001454409092
2008-03-13,0.5113823424050402,1.5995166860398284
2008-03-14,-2.100227439149456,1.4887511779577958
2008-03-17,-0.8999054083631237,1.709816151367933
2008-03-18,4.153489642900969,1.7170271931959349
2008-03-19,-2.4586996626083604,1.6092192665718714
2008-03-20,2.366228612414184,1.875747734303267
2008-03-24,1.520524258521512,1.7448590779927484
2008-03-25,0.2301247732709045,1.6237842753041594
2008-03-26,-0.8804405138629654,1.5095355144205227
2008-03-27,-1.1526658548939026,1.5345239760564424
2008-03-28,-0.7981957531415771,1.59808180059866
2008-03-31,0.567113539282709,1.6018324704012625
2008-04-01,3.5267092136393354,1.4910629447677126
2008-04-02,-0.1935942931411036,1.4028125076722495
2008-04-03,0.1300791782277431,1.3387596275081544
2008-04-04,0.079567972142592,1.251264993073631
2008-04-07,0.156038049182299,1.171598751975731
2008-04-08,-0.5113082927238636,1.09941078924154
2008-04-09,-0.8124990899776953,1.109337253982943
2008-04-10,0.4464073140925598,1.1638724388662929
2008-04-11,-2.0584597439500687,1.0935366110220885
2008-04-14,-0.338952276199069,1.3591423748420006
2008-04-15,0.4589329186817172,1.3197890900876306
2008-04-16,2.243764859546432,1.235361877250349
2008-04-17,0.0622720593669985,1.1658236795322643
2008-04-18,1.7976453606154177,1.0937746747482486
2008-04-21,-0.1554732801477157,1.0350659267188054
2008-04-22,-0.8849273303171198,0.9991036403756965
2008-04-23,0.289572084308319,1.075686184972051
2008-04-24,0.6421614900284472,1.0124799576265582
2008-04-25,0.647373652873597,0.9561384351500589
2008-04-28,-0.1052154891209574,0.9045860660904225
2008-04-29,-0.389627325560662,0.8725914052536624
2008-04-30,-0.3853718408086887,0.884612908265072
2008-05-01,1.6995468403442282,0.8949696390682839
2008-05-02,0.3230375437438833,0.8527633375710563
2008-05-05,-0.4543891610429601,0.8084142418107367
2008-05-06,0.7622805755977705,0.8356694996153382
2008-05-07,-1.827985274237049,0.7944775130246506
2008-05-08,0.3662835326675613,1.0609654565378257
2008-05-09,-0.6748165663026326,0.9993445836452599
2008-05-12,1.096049229248502,1.043169988090265
2008-05-13,-0.0384745351908804,0.9860257808504203
2008-05-14,0.3997583280623469,0.9377986706941858
2008-05-15,1.0528841196037528,0.8867797343456458
2008-05-16,0.1249617102144524,0.8426194450301213
2008-05-19,0.08976426143178,0.7982869529906419
2008-05-20,-0.9316856535458926,0.7573471245155079
2008-05-21,-1.6183786536071223,0.8655035859461435
2008-05-22,0.2613959343079893,1.081847271086562
2008-05-23,-1.3298434194715,1.0179918330231026
2008-05-27,0.6822892512121779,1.165207212245869
2008-05-28,0.3955058916479667,1.095698946624875
2008-05-29,0.5320756886204072,1.0311736521403452
2008-05-30,0.1515018374346011,0.9727882354951405
2008-06-02,-1.0559822954777744,0.9178364314583546
2008-06-03,-0.5804642134554054,1.0302093080277157
2008-06-04,-0.0326749732421311,1.0568330223433033
2008-06-05,1.9308535254153512,1.001722545430841
2008-06-06,-3.1376338018537795,0.951508695098183
2008-06-09,0.0793373654629412,1.4624899317255309
2008-06-10,-0.2441048502009588,1.3631839178883443
2008-06-11,-1.703868102064929,1.3099843120032963
2008-06-12,0.3274332291770189,1.4862775710541103
2008-06-13,1.493418918259099,1.3856945725680156
2008-06-16,0.0080866526610842,1.299274949526755
2008-06-17,-0.6794362473468583,1.2168550990138465
2008-06-18,-0.9759291491304708,1.240800847212747
2008-06-19,0.374530209313213,1.307559867377444
2008-06-20,-1.8716929874510455,1.2239227893612954
2008-06-23,0.0053071430313939,1.4391363877467003
2008-06-24,-0.2818810495015579,1.3440539658661717
2008-06-25,0.5826400535617632,1.2980049551011195
2008-06-26,-2.9805014810582438,1.2160785599099964
2008-06-27,-0.3724356139002652,1.6376392120341277
2008-06-30,0.1266422760193225,1.575964859092181
2008-07-01,0.3828625653153847,1.4659587010668707
2008-07-02,-1.83713449871704,1.3675312593210138
2008-07-03,0.1093324404224355,1.559243723509701
2008-07-07,-0.8420790350197398,1.450787044040082
2008-07-08,1.6936119626383928,1.476007203351935
2008-07-09,-2.3039556424807297,1.381851921015677
2008-07-10,0.6965436311526433,1.6518431808691076
2008-07-11,-1.115189535208209,1.536697758135484
2008-07-14,-0.9068857497041092,1.5943017286045225
2008-07-15,-1.0961111207184446,1.6145326993347628
2008-07-16,2.475460487471305,1.66103673829887
2008-07-17,1.1940981372926736,1.5520670387043927
2008-07-18,0.0285686175584439,1.448618758261244
2008-07-21,-0.0539579568169281,1.3504262354213379
2008-07-22,1.3401856087015562,1.2718374625354387
2008-07-23,0.4055930696717993,1.195343858630885
2008-07-24,-2.339598696581199,1.1220319612726881
2008-07-25,0.4158848046300203,1.4355635475748376
2008-07-28,-1.877165431708631,1.3401484417647358
2008-07-29,2.3087430794461805,1.5419206692160692
2008-07-30,1.6534539279929734,1.4439002544175314
2008-07-31,-1.3230903287162037,1.3526363269206807
2008-08-01,-0.5594012357643428,1.4621649987627705
2008-08-04,-0.9006523604902408,1.4446053659709144
2008-08-05,2.8314087237507635,1.4792372820303403
2008-08-06,0.3348736157926132,1.3893280015904337
2008-08-07,-1.8096496701488596,1.2979396455430667
2008-08-08,2.361186756964235,1.4934325113681017
2008-08-11,0.6918740696878146,1.4002825222630553
2008-08-12,-1.2123868402247893,1.3092912959584486
2008-08-13,-0.2919921838887153,1.4059315939440014
2008-08-14,0.5506612147370432,1.355452417054223
2008-08-15,0.4067649803148502,1.2680868305985125
2008-08-18,-1.5212941748937443,1.1881968124276112
2008-08-19,-0.935855756629458,1.3482033135320513
2008-08-20,0.6178207156833316,1.3979437668312915
2008-08-21,0.2491856843660088,1.3068765094696657
2008-08-22,1.1268937664792815,1.2228016173012137
2008-08-25,-1.9820570527915715,1.149909943222446
2008-08-26,0.3679594428953406,1.3940343050308448
2008-08-27,0.7950961127648376,1.3023369590424878
2008-08-28,1.473110654423011,1.2208621624919604
2008-08-29,-1.3818705278780865,1.149536398092096
2008-09-02,-0.4100911602328969,1.290776188776255
2008-09-03,-0.2037152152935799,1.2680947085057948
2008-09-04,-3.0378857722846977,1.2180635847838381
2008-09-05,0.4420977784567912,1.6506538916615385
2008-09-08,2.0302661013164878,1.5346151329656477
2008-09-09,-3.473448601838737,1.436186582735175
2008-09-10,0.6130591871801976,1.9148766419863854
2008-09-11,1.371193763772892,1.7730595507333455
2008-09-12,0.2119286882382651,1.6485755651927638
2008-09-15,-4.828298467905812,1.5318275687367546
2008-09-16,1.7371525271791657,2.270292888240797
2008-09-17,-4.82880326718849,2.095841406363742
2008-09-18,4.242880631709865,2.7160534531115266
2008-09-19,3.9467377977745945,2.5029256025950644
2008-09-22,-3.898680450101769,2.3121071499340076
2008-09-23,-1.575611173219346,2.7281437824586057
2008-09-24,-0.1979686016337657,2.7214821611679834
2008-09-25,1.9465810036084243,2.52091995478548
2008-09-26,0.3376721569391682,2.320265445470745
2008-09-29,-9.218959234553594,2.1349758590162486
2008-09-30,5.2758158003825,3.717650330677622
2008-10-01,-0.4554344139591543,3.3929852893859485
2008-10-02,-4.112494871855385,3.1506099222221264
2008-10-03,-1.3598565792345263,3.482623712386895
2008-10-06,-3.927926970654148,3.3553309752905296
2008-10-07,-5.910779118196403,3.6294262878916035
2008-10-08,-1.1397406925517295,4.189381613619325
2008-10-09,-7.922406331313588,3.944921532934193
2008-10-10,-1.1828976472150512,4.802934860220613
2008-10-13,10.957196759533849,4.487404280160141
2008-10-14,-0.5336349813536966,4.091167888890173
2008-10-15,-9.4695124884235,3.775746315440464
2008-10-16,4.162882229094104,4.953697159598877
2008-10-17,-0.6232205932727285,4.472748216892163
2008-10-20,4.658287732523133,4.122412318777633
2008-10-21,-3.128399253606988,3.746574950140242
2008-10-22,-6.295307968785188,3.84494389414269
2008-10-23,1.2554897845818158,4.436232333864633
2008-10-24,-3.512077795125516,4.008742335200409
2008-10-27,-3.2279789320129515,4.130617171414878
2008-10-28,10.245735847393652,4.193695407177813
2008-10-29,-1.114090717751644,3.830887846409949
2008-10-30,2.5476650236373044,3.626916927752159
2008-10-31,1.5248545898600414,3.302416958631695
2008-11-03,-0.2532248295049081,3.011992227996736
2008-11-04,4.001447845739003,2.7861858711197867
2008-11-05,-5.411525893116384,2.564289044902876
2008-11-06,-5.15712082795199,3.210249268184839
2008-11-07,2.84461819721001,3.7070406311750927
2008-11-10,-1.273389618685711,3.3741806068616644
2008-11-11,-2.228720025294257,3.2476697319315937
2008-11-12,-5.328886594572081,3.2747796004991208
2008-11-13,6.692259078968742,3.7908787489423212
2008-11-14,-4.259349062086725,3.4629870520400163
2008-11-17,-2.6149349993598614,3.775114221857684
2008-11-18,0.9790290485441312,3.7931885934633844
2008-11-19,-6.310549598420712,3.442814526779593
2008-11-20,-6.948184541277702,4.101590604739188
2008-11-21,6.1328001115067465,4.762823287997734
2008-11-24,6.271423081455647,4.3135106633463804
2008-11-25,0.6529413613966316,3.920547727855026
2008-11-26,3.471840142238202,3.5536329836811356
2008-11-28,0.9596913918806832,3.241391463781323
2008-12-01,-9.353652163820918,2.9558330228153715
2008-12-02,3.916366397642246,4.302041232053223
2008-12-03,2.550804791981371,3.9013611235722094
2008-12-04,-2.974649977384212,3.5441063705583327
2008-12-05,3.5849090941538373,3.645487016773932
2008-12-08,3.766888346678524,3.3228192390202285
2008-12-09,-2.338894447632593,3.038764901369641
2008-12-10,1.1824007505509535,3.1080988378092216
2008-12-11,-2.8938762495764387,2.8387389536123653
2008-12-12,0.7003831230512167,3.0181944205825575
2008-12-15,-1.2766830411484198,2.757213259218908
2008-12-16,5.008481578859222,2.7037251080192863
2008-12-17,-0.9639170015611964,2.4949811012606715
2008-12-18,-2.1389823129044907,2.4264445335105007
2008-12-19,0.2932591981723352,2.5400457639643004
2008-12-22,-1.8471576686337163,2.330816639716679
2008-12-23,-0.9764984984231136,2.411150602708255
2008-12-24,0.5764496357789292,2.3537774727073413
2008-12-26,0.5341881620716299,2.165835181283752
2008-12-29,-0.38801175284807,1.9977001172516604
2008-12-30,2.4114018863220665,1.9015022384721938
2008-12-31,1.4059048160206564,1.7681718787936014
2009-01-02,3.111881625446231,1.6443145939002028
2009-01-05,-0.4679288447595494,1.539530647938214
2009-01-06,0.7786737413759767,1.501164902096764
2009-01-07,-3.0469120220572425,1.4009560623936927
2009-01-08,0.3391315691974653,1.8036014592037284
2009-01-09,-2.1533214293202936,1.671965613420898
2009-01-12,-2.2822587628668867,1.8791383948141085
2009-01-13,0.1756515215766487,2.0818622580970954
2009-01-14,-3.40324644901829,1.921104597635373
2009-01-15,0.1328299166952238,2.3083322121483376
2009-01-16,0.7533131556373145,2.1235135843188555
2009-01-20,-5.426201462391315,1.960682832446307
2009-01-21,4.257205806919397,2.725524800242686
2009-01-22,-1.5278446440878557,2.511399827647653
2009-01-23,0.5363250283092427,2.5229155852341143
2009-01-26,0.5537850154850269,2.3165093709988813
2009-01-27,1.0866329534482322,2.1324704500980176
2009-01-28,3.300683868264074,1.9700154889845523
2009-01-29,-3.3681064466673822,1.8331979138344323
2009-01-30,-2.305282101067711,2.2272880743329035
2009-02-02,-0.0532909974890164,2.3909350327546726
2009-02-03,1.5709938442946172,2.2069613670883577
2009-02-04,-0.7517697439794895,2.0385742893051937
2009-02-05,1.6233188600758928,1.9895956279455225
2009-02-06,2.65406819353971,1.844112060771311
2009-02-09,0.1484091719280034,1.717574403816722
2009-02-10,-5.036866949414839,1.5937692984168919
2009-02-11,0.7923477223390516,2.362105294548614
2009-02-12,0.1737655357920974,2.1741168411590115
2009-02-13,-1.0048008389114624,2.0036918777955703
2009-02-17,-4.662949981810491,1.9951086218323681
2009-02-18,-0.0950817478245573,2.6020517076678886
2009-02-19,-1.2096896898495146,2.4007387192892433
2009-02-20,-1.1478592263616476,2.378230305133231
2009-02-23,-3.531531749022496,2.34926256261709
2009-02-24,3.93200492217266,2.6971522741371476
2009-02-25,-1.0715025437918897,2.484901363386535
2009-02-26,-1.5905676845763752,2.4329234254623273
2009-02-27,-2.384648417029285,2.462797731066912
2009-03-02,-4.774188875107267,2.610001959715193
2009-03-03,-0.6427378038351219,3.133562248019531
2009-03-04,2.347535830991525,2.9471738615078906
2009-03-05,-4.346330218569738,2.7006824369929747
2009-03-06,0.1215314395986425,3.136132766755691
2009-03-09,-1.007424513030657,2.8594284771625476
2009-03-10,6.17186323188922,2.7556949251638576
2009-03-11,0.2442830735847224,2.545747586088738
2009-03-12,3.992107486845256,2.3357034015979594
2009-03-13,0.7709235009042813,2.16316000355929
2009-03-16,-0.3522120560965446,1.996238605570192
2009-03-17,3.1634259452989566,1.8951920061628658
2009-03-18,2.064339177691497,1.7654925130087653
2009-03-19,-1.3064127999233972,1.644518992238611
2009-03-20,-1.996742895118435,1.7198730353809815
2009-03-23,6.836638735773641,1.895617953673599
2009-03-24,-2.062636109659859,1.780541715443138
2009-03-25,0.9580332245017488,1.9596650077776072
2009-03-26,2.3052602239829927,1.814628746353709
2009-03-27,-2.0524717385895697,1.6896810339083288
2009-03-30,-3.5439323427820706,1.8781246487386591
2009-03-31,1.3044168377756995,2.2968877523392464
2009-04-01,1.6421043179743084,2.117896982929633
2009-04-02,2.8322225961306,1.9591603795766148
2009-04-03,0.9684722294469392,1.821599063717883
2009-04-06,-0.8367275616680818,1.6906446396879422
2009-04-07,-2.414366931764816,1.6905443809156644
2009-04-08,1.1714557086847552,1.9389293851943863
2009-04-09,3.734709062073376,1.7968623698804498
2009-04-13,0.2530165856026846,1.679395183638948
2009-04-14,-2.026851722493524,1.559779366836116
2009-04-15,1.2470930388817558,1.7597937933190437
2009-04-16,1.5419309485732728,1.636143402210237
2009-04-17,0.4957054226539451,1.5258991746688262
2009-04-20,-4.373220914165703,1.422191770781607
2009-04-21,2.102938421614601,2.0888943250139507
2009-04-22,-0.7711320225478271,1.9350096665691365
2009-04-23,0.9873443065781582,1.8998071576022597
2009-04-24,1.6657834020331603,1.7610060324419943
2009-04-27,-1.0117587499046197,1.6388969978318506
2009-04-28,-0.2744297639849314,1.6701468329523739
2009-04-29,2.1379853727164115,1.5914484146547403
2009-04-30,-0.0950519220744608,1.4879451741838408
2009-05-01,0.5381880325807842,1.4020529519151812
2009-05-04,3.3307243587725845,1.3102822710333404
2009-05-05,-0.3798929477293887,1.2382622890995085
2009-05-06,1.725461832941929,1.216138147685366
2009-05-07,-1.3290338985760624,1.1462539155221754
2009-05-08,2.378390237911349,1.2791639507117365
2009-05-11,-2.1747190202753868,1.206171430291905
2009-05-12,-0.0979334983476185,1.47715742882821
2009-05-13,-2.7263198536612703,1.392696671545698
2009-05-14,1.029843199277203,1.7369386604230934
2009-05-15,-1.1475676904067544,1.614704496262727
2009-05-18,2.9936594996533383,1.6689880338461325
2009-05-19,-0.1738346019872554,1.5613027738801775
2009-05-20,-0.5144672688046908,1.4792669441834716
2009-05-21,-1.6899558030336284,1.4535226538869574
2009-05-22,-0.1498332508169961,1.6107933199594218
2009-05-26,2.596220760015714,1.5205881450339773
2009-05-27,-1.9153424774368055,1.425773217740822
2009-05-28,1.5301255166552454,1.623534760681723
2009-05-29,1.3483445887851124,1.5144778934886756
2009-06-01,2.548994386142355,1.4152640038563022
2009-06-02,0.1981336974747815,1.330294665940112
2009-06-03,-1.383446575070985,1.243855244405628
2009-06-04,1.1418220142166204,1.37493383945886
2009-06-05,-0.2517857488816695,1.288114392128131
2009-06-08,-0.1011065454445716,1.2430304662197902
2009-06-09,0.3497059761173111,1.180893564507712
2009-06-10,-0.348640137996811,1.1086517449804554
2009-06-11,0.6093297249542561,1.0938852328320747
2009-06-12,0.1396020848219574,1.030377828651888
2009-06-15,-2.405559125359691,0.9704815343901848
2009-06-16,-1.280190102788595,1.3217048312508308
2009-06-17,-0.1382523466782429,1.4277532014583623
2009-06-18,0.8375815004882053,1.3536000334448017
2009-06-19,0.310935822324291,1.2675530730649835
2009-06-22,-3.107836433082392,1.1873285401948672
2009-06-23,0.2304068499517782,1.63978509141632
2009-06-24,0.650324882432666,1.5239720896923132
2009-06-25,2.1217583998248744,1.4210651514583037
2009-06-26,-0.1478920348603416,1.3338354339236829
2009-06-29,0.9024296841261898,1.2698631523683892
2009-06-30,-0.8567351633166496,1.1917950302903513
2009-07-01,0.4352444623651701,1.2450683559693105
2009-07-02,-2.9577684825958017,1.1673874882301556
2009-07-06,0.2562462104257053,1.5933551940239163
2009-07-07,-1.987978536288478,1.4821756680699751
2009-07-08,-0.1669931167934997,1.6852048251910245
2009-07-09,0.3540946062317481,1.5900406815068953
2009-07-10,-0.4029938077684044,1.4795718752016975
2009-07-13,2.4627948777227284,1.437790457733146
2009-07-14,0.5301983236099628,1.3503458854316137
2009-07-15,2.919943487510086,1.263373318474444
2009-07-16,0.8604634691705462,1.1940089077060196
2009-07-17,-0.0382735133209433,1.1226408438516255
2009-07-20,1.136670246273114,1.0625531506408121
2009-07-21,0.3620714522427704,1.0038968829294017
2009-07-22,-0.0534419376249969,0.9471585082907765
2009-07-23,2.3022599224313,0.9043079296894869
2009-07-24,0.3037543443477206,0.8637858574758928
2009-07-27,0.2977389125970083,0.818466273996106
2009-07-28,-0.2609847107349429,0.7767673413315846
2009-07-29,-0.4573406026934335,0.7777369493805844
2009-07-30,1.182538418815718,0.8080585385457142
2009-07-31,0.0739509083783554,0.7707815816905796
2009-08-03,1.522560782728123,0.7319382150146607
2009-08-04,0.3007570422106501,0.7020068104626098
2009-08-05,-0.2917844617166379,0.6693715727828948
2009-08-06,-0.5640532654178876,0.6834970339666517
2009-08-07,1.334970053225195,0.7384982392584107
2009-08-10,-0.3350556724880154,0.7072938048031304
2009-08-11,-1.2740935609429689,0.7249042660622088
2009-08-12,1.1459230792871828,0.8964880879036518
2009-08-13,0.68564507961441,0.8519081918977306
2009-08-14,-0.8567949977279208,0.8090968660052923
2009-08-17,-2.4559960849173303,0.8997052413138884
2009-08-18,1.0094533393885528,1.2744740026759254
2009-08-19,0.6837483447019445,1.1964132570162944
2009-08-20,1.0889227984113456,1.1241204284361594
2009-08-21,1.8451479725420383,1.0598878661122415
2009-08-24,-0.0545945918983783,1.004324144961662
2009-08-25,0.2366663818367554,0.9567935044982969
2009-08-26,0.0116719955652977,0.9035291496880568
2009-08-27,0.2777900271591285,0.8552084296492319
2009-08-28,-0.1990307732377177,0.8104786196899172
2009-08-31,-0.810919854038207,0.799661814574137
2009-09-01,-2.2372226316806487,0.8837092212778981
2009-09-02,-0.3301884345751011,1.2165966557288967
2009-09-03,0.8498582450941842,1.18932153935933
2009-09-04,1.3032243708161282,1.1183312645438017
2009-09-08,0.8806045829839774,1.055471761030425
2009-09-09,0.7752259025442713,0.9963964881723074
2009-09-10,1.0368292776658143,0.941961522928335
2009-09-11,-0.1351338988591167,0.8931702628257764
2009-09-14,0.631910740710653,0.8663765544078091
2009-09-15,0.3130436490644552,0.8221748757247258
2009-09-16,1.5207308062442324,0.7802421111028618
2009-09-17,-0.3064329005571477,0.7465441230901672
2009-09-18,0.2633867594107786,0.7566937280393948
2009-09-21,-0.3413114207888716,0.719715571229618
2009-09-22,0.6553348588268071,0.73726341083944
2009-09-23,-1.01195584531233,0.7033810630050675
2009-09-24,-0.9556548191774188,0.830879770019854
2009-09-25,-0.6109360827818335,0.9355820153083632
2009-09-28,1.7652853549567058,0.9754877959876331
2009-09-29,-0.2232065642896416,0.9268302659163444
2009-09-30,-0.3333852135212442,0.909843484842044
2009-10-01,-2.609721149328096,0.9103497988439571
2009-10-02,-0.4515705309363511,1.315265963213273
2009-10-05,1.476545396032476,1.2962655019686935
2009-10-06,1.36124155690534,1.2180791571003948
2009-10-07,0.2707936560526622,1.146555267455937
2009-10-08,0.7442145876693546,1.0770531416809164
2009-10-09,0.5624810543572637,1.0155562687076443
2009-10-12,0.4376777568566423,0.958630874602
2009-10-13,-0.2791504630813565,0.9060230161634535
2009-10-14,1.7393743058258575,0.8989142592695573
2009-10-15,0.4148850316393222,0.8565451137413894
2009-10-16,-0.8131023468328601,0.8122619310365496
2009-10-19,0.9361366739513968,0.895455240732299
2009-10-20,-0.6258649187024325,0.8501097143097238
2009-10-21,-0.889323391718201,0.9000678214870361
2009-10-22,1.058737435850814,0.9870575892343667
2009-10-23,-1.225331535289976,0.9345601156346816
2009-10-26,-1.1786514446438598,1.0734084300320088
2009-10-27,-0.3323307116675381,1.1895859408913343
2009-10-28,-1.97343861452413,1.1651019915820309
2009-10-29,2.227012433396776,1.4056814095676455
2009-10-30,-2.8466028015250755,1.3203236285670958
2009-11-02,0.643565319102102,1.6982204344723477
2009-11-03,0.2423064313306145,1.5782946786478964
2009-11-04,0.1042077241505182,1.4685219845472588
2009-11-05,1.9052887220614023,1.3687417674816365
2009-11-06,0.2500124319576515,1.285557755388326
2009-11-09,2.1995084915274346,1.2034436629844187
2009-11-10,-0.0063992141384837,1.1366135963468036
2009-11-11,0.5019357795690984,1.0708681386126733
2009-11-12,-1.0312359059078018,1.0089341422151967
2009-11-13,0.5722887256427731,1.1079132102661553
2009-11-16,1.436397656849818,1.0430284747791911
2009-11-17,0.0918983911623726,0.9872706375749797
2009-11-18,-0.046835078426778,0.9308557996030824
2009-11-19,-1.3516805711666349,0.8884425678499042
2009-11-20,-0.3220102206201698,1.0541878312571107
2009-11-23,1.352391393433508,1.0404355037008866
2009-11-24,-0.0533449520903749,0.9845618634552769
2009-11-25,0.4494006880236033,0.9385397837931534
2009-11-27,-1.7383699967934212,0.8876594771779055
2009-11-30,0.3785818430065039,1.12314357996031
2009-12-01,1.2002902588402555,1.056142055585461
2009-12-02,0.0342639998839418,0.9982978167083179
2009-12-03,-0.8437597492034073,0.9407161291429478
2009-12-04,0.5494312254292437,1.0164590266655151
2009-12-07,-0.2471432926803079,0.959403907217685
2009-12-08,-1.0304492069516176,0.9430936747154149
2009-12-09,0.3665645395977853,1.0486729810038429
2009-12-10,0.5822720019583755,0.9881155601522048
2009-12-11,0.3676328028912493,0.9336048064081882
2009-12-14,0.6935296207216682,0.8828053945438054
2009-12-15,-0.5562408837016108,0.8375140484384974
2009-12-16,0.112759409490769,0.8778190756519786
2009-12-17,-1.188091353803201,0.830586120274768
2009-12-18,0.5812952040880973,0.974584179776734
2009-12-21,1.0448977120226208,0.9212134958513676
2009-12-22,0.3557213499394716,0.8741819115341456
2009-12-23,0.2296020686836971,0.8282273111357201
2009-12-24,0.5242407471724702,0.7854729326904386
2009-12-28,0.1153415281841075,0.747305220678663
2009-12-29,-0.1402034088609116,0.7104532037877801
2009-12-30,0.0195410477235408,0.6990584119011898
2009-12-31,-1.0100435863962351,0.6658052020296215
2010-01-04,1.5916082167126386,0.7970625950346939
2010-01-05,0.3110831966759719,0.7623261854568573
2010-01-06,0.0545371887823413,0.7251039166699828
2010-01-07,0.3993218354654243,0.6897114402376154
2010-01-08,0.2877583075096213,0.6584047103034383
2010-01-11,0.174523162858463,0.6289771898094564
2010-01-12,-0.942544643894456,0.6012448356615424
2010-01-13,0.8291456333360419,0.7276611167025909
2010-01-14,0.2423486421414183,0.6952249125600831
2010-01-15,-1.0882126301208588,0.6628639510881895
2010-01-19,1.2422151207737095,0.8083326166958982
2010-01-20,-1.0654386601861303,0.7712768820531122
2010-01-21,-1.9126657272987804,0.9006840569141256
2010-01-22,-2.238977963010898,1.1670760638793143
2010-01-25,0.4587559053796009,1.4552476488015333
2010-01-26,-0.4212057847785588,1.358139562950247
2010-01-27,0.4868282868611808,1.3306717673839206
2010-01-28,-1.188812553427926,1.2453502191499057
2010-01-29,-0.9877799049982582,1.3450158044943485
2010-02-01,1.4165305546369655,1.4030158692665726
2010-02-02,1.28895204452028,1.3146632069158246
2010-02-03,-0.5489350382538535,1.2340300974353722
2010-02-04,-3.1635856049806907,1.2369505351039694
2010-02-05,0.2892930360826602,1.6911547235189581
2010-02-08,-0.8902803100374193,1.5705223800942831
2010-02-09,1.295584177358637,1.5907313207612683
2010-02-10,-0.2235069428007423,1.48393965894395
2010-02-11,0.9633882335101288,1.4163336950299386
2010-02-12,-0.2748366119941131,1.3249169230956517
2010-02-16,1.7840653536261433,1.2796668038749888
2010-02-17,0.4229004596710373,1.2042384411715616
2010-02-18,0.6563157733795463,1.1301970604844909
2010-02-19,0.2184234863591005,1.0636889020343752
2010-02-22,-0.1046405124920322,1.0012378922540868
2010-02-23,-1.21766449451987,0.9610038565671202
2010-02-24,0.9673519697189884,1.0956724328885847
2010-02-25,-0.2083208552865154,1.0334492175717944
2010-02-26,0.1404392556857944,1.0051525101746293
2010-03-01,1.0107257423603735,0.9474151178644726
2010-03-02,0.2327731002886269,0.8980622870010968
2010-03-03,0.0429109521400398,0.8496571510562888
2010-03-04,0.3729156079571379,0.8044260102529192
2010-03-05,1.391028280160398,0.7641477471577254
2010-03-08,-0.0175611432176536,0.731181293367708
2010-03-09,0.1711272023972104,0.7006895136360672
2010-03-10,0.451435490421295,0.66762644061713
2010-03-11,0.4033374313505969,0.6381830608670375
2010-03-12,-0.0217369570092697,0.6107138310896829
2010-03-15,0.0452092623435897,0.5898023670813107
2010-03-16,0.7749014983159959,0.5643552660708048
2010-03-17,0.5804795332563638,0.5436905109139415
2010-03-18,-0.0325899126689094,0.5236603313481244
2010-03-19,-0.5099426451612706,0.5104139690568952
2010-03-22,0.5082359099180065,0.5714458800330573
2010-03-23,0.7145377784800172,0.5491891927897482
2010-03-24,-0.5508447887288308,0.5293308451528363
2010-03-25,-0.1705621083328679,0.5954971629541084
2010-03-26,0.0737450615988413,0.5972147667835322
2010-03-29,0.5667146312798056,0.5713572035891881
2010-03-30,0.0042658462930388,0.5493466895147854
2010-03-31,-0.327824231803275,0.5290884639085283
2010-04-01,0.7386454005524301,0.5595211136806327
2010-04-05,0.7896729443087884,0.5390446545940921
2010-04-06,0.1682878875349027,0.5201949022256176
2010-04-07,-0.5894042967262019,0.5000747640793568
2010-04-08,0.3368661430854927,0.5752536520414829
2010-04-09,0.666166829683167,0.5520269843316351
2010-04-12,0.1765050857140109,0.5317732153156808
2010-04-13,0.0685166039836841,0.5109008469828801
2010-04-14,1.1088363099908616,0.49099712173035054
2010-04-15,0.084218399117682,0.4767098273091792
2010-04-16,-1.6257982418547083,0.4591324501624843
2010-04-19,0.4511140739529798,0.7496340136123882
2010-04-20,0.8026045737071379,0.7139657286971044
2010-04-21,-0.101951643570197,0.6824679347463041
2010-04-22,0.2261320643090196,0.6677026358869952
2010-04-23,0.7098267683218249,0.6373349558586003
2010-04-26,-0.4305704355093108,0.6111810013522182
2010-04-27,-2.3659640178701644,0.651203666475221
2010-04-28,0.6441958378180899,1.064740315625143
2010-04-29,1.2860180281289573,1.0039103449821654
2010-04-30,-1.6787810139866297,0.9508991383108104
2010-05-03,1.303525745326214,1.1669321519073264
2010-05-04,-2.412719995741821,1.099766513891501
2010-05-05,-0.6608341800780098,1.4306433706900792
2010-05-06,-3.2888440643963666,1.4310049470878146
2010-05-07,-1.5426646180907493,1.8747599164881585
2010-05-10,4.303470414561544,1.9609815064226244
2010-05-11,-0.3403075918466228,1.8290813477105234
2010-05-12,1.3645992401824485,1.743600422372461
2010-05-13,-1.221949988922511,1.6220317651069975
2010-05-14,-1.8978981387949807,1.6868663417819203
2010-05-17,0.1108753621008436,1.8505628577410964
2010-05-18,-1.429763178499772,1.7132922543482143
2010-05-19,-0.5143468860015589,1.8001197031599516
2010-05-20,-3.9755795837766255,1.742163567972773
2010-05-21,1.4912632585704335,2.26315634440272
2010-05-24,-1.299204632368772,2.088495554415588
2010-05-25,0.035387476465256,2.1140656460376577
2010-05-26,-0.5677078693651669,1.949395603033326
2010-05-27,3.2347311768677054,1.883565339291458
2010-05-28,-1.2451892345405802,1.7553335042318294
2010-06-01,-1.7314353324598772,1.8093392452355566
2010-06-02,2.551442810834267,1.9323111576798853
2010-06-03,0.4043191983442443,1.7963891661366391
2010-06-04,-3.5017442089831103,1.6657353382794395
2010-06-07,-1.3624466165715647,2.1103676011564
2010-06-08,1.091626764351899,2.1429233676842623
2010-06-09,-0.5959396741888011,1.9793918033670084
2010-06-10,2.907984566617691,1.9144275146826943
2010-06-11,0.4370115742617509,1.781750020411768
2010-06-14,-0.1806293931756723,1.6526929565847168
2010-06-15,2.322245059850045,1.5626403752006837
2010-06-16,-0.0556089354095426,1.4626702815169546
2010-06-17,0.1282185812389404,1.373738781385985
2010-06-18,0.1316264138454906,1.2829838529721727
2010-06-21,-0.3864297943398893,1.2006324820280083
2010-06-22,-1.620122508698942,1.1829416134634532
2010-06-23,-0.298993926106872,1.360147281847068
2010-06-24,-1.6946283204951271,1.3150092795342168
2010-06-25,0.2855281931545411,1.4891724421728714
2010-06-28,-0.203600961065444,1.3881464400059935
2010-06-29,-3.150823034220892,1.326885739725567
2010-06-30,-1.016445397333528,1.7621052318567394
2010-07-01,-0.3245713309244112,1.7810748174006226
2010-07-02,-0.4673271754301508,1.6982672923446516
2010-07-06,0.5344725887457726,1.6439794960892602
2010-07-07,3.085002300826384,1.5289621150558628
2010-07-08,0.936865495165787,1.4352982939633872
2010-07-09,0.7178063766629461,1.3419858933183655
2010-07-12,0.0732633605952817,1.2565390291504748
2010-07-13,1.5261822735573063,1.1763679986091111
2010-07-14,-0.0155143664793419,1.1092557181477354
2010-07-15,0.1195388556413606,1.0471852516377012
2010-07-16,-2.924290970075012,0.9857630545025313
2010-07-19,0.5964069587908596,1.4415625830771197
2010-07-20,1.1351874168992775,1.3462996624432488
2010-07-21,-1.2902699582286208,1.2621215278745843
2010-07-22,2.2263687822425644,1.376180490962676
2010-07-23,0.8186420184344789,1.2935888162067102
2010-07-26,1.113790871672976,1.2130122793403848
2010-07-27,-0.104990830751979,1.1409517492648003
2010-07-28,-0.6946032638280119,1.0885579628522861
2010-07-29,-0.4167292220516642,1.1270270392619837
2010-07-30,0.006349719619899,1.1205031152196652
2010-08-02,2.178352878116676,1.0544152160920448
2010-08-03,-0.4807894641330393,1.0006746859415074
2010-08-04,0.6032878060028029,1.0150380293804655
2010-08-05,-0.1269329843214742,0.9583213510049888
2010-08-06,-0.3710915566397296,0.9248968003153037
2010-08-09,0.5468087107405527,0.929663378479731
2010-08-10,-0.5985281603927614,0.8799152727765865
2010-08-11,-2.8583405997961564,0.9229534013981182
2010-08-12,-0.5393266400071398,1.3787490660334187
2010-08-13,-0.4031690712189038,1.3664054966694683
2010-08-16,0.0120451288711514,1.3355549098043396
2010-08-17,1.2118489601347648,1.2492434040180151
2010-08-18,0.148168048593926,1.1742952799207411
2010-08-19,-1.708043585689712,1.1018352925191481
2010-08-20,-0.3669753922919338,1.3038939736152606
2010-08-23,-0.40484907945532,1.2737704060853188
2010-08-24,-1.4618768361991257,1.2519312938467302
2010-08-25,0.3283944691638116,1.3949044906349373
2010-08-26,-0.7714466580892417,1.3029678081654041
2010-08-27,1.645071040328303,1.3323442652285888
2010-08-30,-1.4828611113085737,1.2515033486099938
2010-08-31,0.0390718088492601,1.39796481042746
2010-09-01,2.9077736386750197,1.3045881406407962
2010-09-02,0.903985298673457,1.2313888875633698
2010-09-03,1.3132393793160997,1.1568260693100896
2010-09-07,-1.1537491412768317,1.0905996251246177
2010-09-08,0.6418059490903166,1.2009220004613403
2010-09-09,0.4820652058996721,1.1280560442539358
2010-09-10,0.4851545040690317,1.0610369799197215
2010-09-13,1.106912660314444,0.9998879630953051
2010-09-14,-0.0713373929606734,0.9464954290538857
2010-09-15,0.353488380226877,0.9062148693315241
2010-09-16,-0.036441005584664,0.8576264751725536
2010-09-17,0.0826514114932464,0.8197843917959344
2010-09-20,1.5095287889557545,0.777109564044595
2010-09-21,-0.2567313120713856,0.7436120397048273
2010-09-22,-0.4837172794451643,0.7466298064667397
2010-09-23,-0.8366240177841381,0.7836449460440779
2010-09-24,2.0972915547808246,0.8734287248577212
2010-09-27,-0.5683553181933576,0.8346088757137375
2010-09-28,0.4838660735848585,0.877039438828149
2010-09-29,-0.2591112883144724,0.8313702841180354
2010-09-30,-0.3088486706455259,0.8275909307044573
2010-10-01,0.4406714359894575,0.8314345287647428
2010-10-04,-0.8067386519721716,0.7892781824089978
2010-10-05,2.064672250716406,0.8736410665070796
2010-10-06,-0.0672230459595621,0.8346708278678375
2010-10-07,-0.164787558179349,0.8030255248945601
2010-10-08,0.6103613171284074,0.7878612448904753
2010-10-11,0.0145826273187111,0.7498553850501241
2010-10-12,0.3811483664149656,0.7134128416281122
2010-10-13,0.7095785561559261,0.680239642630122
2010-10-14,-0.3648032184403023,0.6509092327551796
2010-10-15,0.2025432873275127,0.6775594834638825
2010-10-18,0.721763469070623,0.6463616459375725
2010-10-19,-1.6004644029054833,0.619594664128894
2010-10-20,1.0469082613678415,0.869653082657874
2010-10-21,0.1772336952799177,0.8268675433272428
2010-10-22,0.2386408784290639,0.7840099542529643
2010-10-25,0.214467014688162,0.7447982504084697
2010-10-26,0.0016885142218022,0.7085422257718403
2010-10-27,-0.2694209639216564,0.6770737928185768
2010-10-28,0.1124217236756492,0.6872488578317513
2010-10-29,-0.0439383813568332,0.6549589934667116
2010-11-01,0.0946085717253016,0.6339619447849998
2010-11-02,0.7729336064693736,0.6055408870888455
2010-11-03,0.3671306443685746,0.5819495750466329
2010-11-04,1.9099304409664533,0.5583749522646829
2010-11-05,0.3915079053611362,0.5428169902440387
2010-11-08,-0.2123209822860658,0.5220705697874638
2010-11-09,-0.8084894540661062,0.5353424361807014
2010-11-10,0.4366533579725262,0.6450340056978021
2010-11-11,-0.4251149890857143,0.6171990010619388
2010-11-12,-1.1878766244753407,0.6558806710616791
2010-11-15,-0.1218177309455082,0.820273899346399
2010-11-16,-1.6338157414688126,0.797550293262866
2010-11-17,0.0212140375987729,1.0261697561033143
2010-11-18,1.5240583543647692,0.9662196347503388
2010-11-19,0.2537151911910495,0.9173664615308132
2010-11-22,-0.1576608885061295,0.867454422596663
2010-11-23,-1.4387031590549966,0.8460086145785525
2010-11-24,1.481271551861717,1.0322618380849569
2010-11-26,-0.749659142423389,0.9776126474260132
2010-11-29,-0.1379810265237083,1.03503935931167
2010-11-30,-0.6088715610163862,0.9966012284722213
2010-12-01,2.138662226312978,1.0306118062673946
2010-12-02,1.273710016062085,0.9787657797034578
2010-12-03,0.2599854016351503,0.9278396766227716
2010-12-06,-0.1299082103300364,0.8770849913548696
2010-12-07,0.0514947584458007,0.8508776749573382
2010-12-08,0.3694925752614823,0.8055827486450874
2010-12-09,0.3835383567009256,0.765198901210141
2010-12-10,0.5983703744360294,0.7280471262503609
2010-12-13,0.0048319150458452,0.6946408119744983
2010-12-14,0.0910541684680049,0.6637829911093389
2010-12-15,-0.5135617015335396,0.6331559342732959
2010-12-16,0.6166045704273937,0.6844493575132523
2010-12-17,0.083645445989307,0.6544238667094986
2010-12-20,0.2545111460542946,0.6244583552279205
2010-12-21,0.60119938497866,0.5973805061719297
2010-12-22,0.3373857625542624,0.5736691533391981
2010-12-23,-0.1645681777604647,0.5505559770462337
2010-12-27,0.061250962481097,0.5546546126768761
2010-12-28,0.0771026595142012,0.531737405392602
2010-12-29,0.1008636510664864,0.5104599915159214
2010-12-30,-0.150935769641743,0.4907185477517693
2010-12-31,-0.0190807652683977,0.49699853402141925
2011-01-03,1.125129414776139,0.4836184760165586
2011-01-04,-0.1313924652635054,0.4698864658046957
2011-01-05,0.4994676074308498,0.47467901902438786
2011-01-06,-0.2125214370637225,0.458944513086376
2011-01-07,-0.1846485769081899,0.4766943532939005
2011-01-10,-0.1377275180819885,0.48899000506931123
2011-01-11,0.3718206258407198,0.49342631647542845
2011-01-12,0.8967253798850817,0.47593366660754083
2011-01-13,-0.1712211240459357,0.4617595819569562
2011-01-14,0.7357410347301483,0.47305578399080866
2011-01-18,0.1375464266183254,0.4584033151769661
2011-01-19,-1.0167165793385584,0.4422296762220812
2011-01-20,-0.1295798403833902,0.6023956886543494
2011-01-21,0.2410637604260442,0.5975999392236401
2011-01-24,0.5819315234595438,0.572398600862926
2011-01-25,0.0263427773618527,0.5503774166224804
2011-01-26,0.4212024148480004,0.5276132330814131
2011-01-27,0.2241791060799816,0.5080287703920371
2011-01-28,-1.8013805424182845,0.4889565572656338
2011-01-31,0.7633349932881147,0.813471839281859
2011-02-01,1.6555791837834375,0.774059411748812
2011-02-02,-0.2726230259362927,0.7413981812203405
2011-02-03,0.235143229012668,0.7469424328789743
2011-02-04,0.2880111062752558,0.7106047770776432
2011-02-07,0.6220782345952653,0.6772660325140644
2011-02-08,0.4176020375839696,0.6478007304006373
2011-02-09,-0.2789653077800705,0.6196846963114416
2011-02-10,0.0749212207498601,0.6357448552281227
2011-02-11,0.5492261501886461,0.6071135528583067
2011-02-14,0.2382084644068833,0.5824923892717149
2011-02-15,-0.3240154691578971,0.5583516663439
2011-02-16,0.6237938698850808,0.5859715273497916
2011-02-17,0.3070970880380493,0.5631643898457886
2011-02-18,0.1922872722024487,0.5406624022243797
2011-02-22,-2.0742204920454523,0.5192467161690018
2011-02-23,-0.6130715010508628,0.9022911422299817
2011-02-24,-0.0994871961242903,0.9455489365190093
2011-02-25,1.0495248165324718,0.9093173817380183
2011-02-28,0.5545679951233037,0.8632892244350708
2011-03-01,-1.586486179105863,0.8190250155232002
2011-03-02,0.1613897889520178,1.035771083174335
2011-03-03,1.7072434579238578,0.9754993871170106
2011-03-04,-0.740538978936872,0.9266055110968893
2011-03-07,-0.8376215256269803,0.9874162389335688
2011-03-08,0.8883161530176172,1.0576712259433538
2011-03-09,-0.1362631392970809,0.9984367160291955
2011-03-10,-1.9051280476330656,0.96291387171154
2011-03-11,0.7055564524569619,1.2187628864136548
2011-03-14,-0.6067696956773772,1.1445458463003564
2011-03-15,-1.1263544394845546,1.1644890910235317
2011-03-16,-1.9687481949372252,1.2626916150668972
2011-03-17,1.3309266231874255,1.4898020726690109
2011-03-18,0.4300939582545809,1.3928817461248946
2011-03-21,1.487466793018228,1.3015402292574816
2011-03-22,-0.355688534103817,1.2229124397192854
2011-03-23,0.2909742258502921,1.1987223137868017
2011-03-24,0.9297393435475378,1.1246480884633827
2011-03-25,0.3156151002188939,1.0597285447903624
2011-03-28,-0.2751618499391395,0.9980110319765675
2011-03-29,0.7035239607301627,0.9824132118817389
2011-03-30,0.6662462626235184,0.9288743958604306
2011-03-31,-0.1831177104975248,0.8796745435406791
2011-04-01,0.4950712944456071,0.8608717027866526
2011-04-04,0.0345150180851755,0.8165626773671638
2011-04-05,-0.018007145753026,0.7739497385605516
2011-04-06,0.2181296758153027,0.740198826629579
2011-04-07,-0.1521162699225294,0.7043123252884457
2011-04-08,-0.4012483000974196,0.6951176926550487
2011-04-11,-0.279728829140217,0.7237656324260846
2011-04-12,-0.7807095445724583,0.7317774262636793
2011-04-13,0.0190217490310104,0.8173788211715839
2011-04-14,0.008367309086169,0.7750142538933406
2011-04-15,0.3917728825568013,0.7374825019728966
2011-04-18,-1.1078997728577973,0.7025107920822561
2011-04-19,0.5714810218094469,0.8469317429638641
2011-04-20,1.3424435132347328,0.8040594840312388
2011-04-21,0.5262908499655702,0.7677517069617871
2011-04-25,-0.1593939550095812,0.7309807955834948
2011-04-26,0.8939507790192993,0.720765688245729
2011-04-27,0.6230397799828821,0.6891217781936537
2011-04-28,0.3549118471434546,0.6587716281740159
2011-04-29,0.2298019742020782,0.6295908738095372
2011-05-02,-0.1754249109045456,0.602039504114622
2011-05-03,-0.338502637105266,0.603991052642408
2011-05-04,-0.6878914252832363,0.6303178387347889
2011-05-05,-0.9111217180694527,0.7101345950859268
2011-05-06,0.3812642995876722,0.819623471098292
2011-05-09,0.4533870101931406,0.7781707050482838
2011-05-10,0.804161600966336,0.7402886507192418
2011-05-11,-1.1173689687885626,0.7067794675327821
2011-05-12,0.4883493672167491,0.8523906712479062
2011-05-13,-0.8100047045425268,0.8087409120112052
2011-05-16,-0.6223718638095737,0.8917697903095358
2011-05-17,-0.0368628523330036,0.9374160384819475
2011-05-18,0.8765271983703135,0.8930576848246116
2011-05-19,0.2175572589167488,0.8476675588196912
2011-05-20,-0.7717974612614023,0.803302999750749
2011-05-23,-1.1997264840988668,0.8806758393407796
2011-05-24,-0.0827722645331466,1.0211110869739513
2011-05-25,0.3178113156669572,0.9760925741603868
2011-05-26,0.3945322767699228,0.9215321714195607
2011-05-27,0.4072615318765918,0.8718437716679379
2011-05-31,1.053701485636789,0.8262880345397758
2011-06-01,-2.304822570064041,0.7870322155826202
2011-06-02,-0.1225586114047521,1.1529294692357503
2011-06-03,-0.978149266519151,1.1019324933683312
2011-06-06,-1.0818516013722312,1.1830339318343561
2011-06-07,-0.0956865042667683,1.2722544048259974
2011-06-08,-0.4195664421607697,1.2066879843003953
2011-06-09,0.7350409328991669,1.1932429111880813
2011-06-10,-1.407848288184634,1.121440305966612
2011-06-13,0.0668532559501226,1.2701212054368765
2011-06-14,1.253291348510731,1.188686811799254
2011-06-15,-1.7585569507258008,1.1193739002372523
2011-06-16,0.1752797975682748,1.3280458176158483
2011-06-17,0.3040390291799793,1.2417231398200146
2011-06-20,0.5380689090158733,1.1638208075307963
2011-06-21,1.33341790614636,1.0938572538087203
2011-06-22,-0.6489459844407727,1.033267768851454
2011-06-23,-0.2831992858193941,1.0699810039453916
2011-06-24,-1.1795077176858442,1.0492157351025728
2011-06-27,0.9142536655730836,1.168097218009321
2011-06-28,1.2861292735996777,1.099262847899531
2011-06-29,0.8248633534913172,1.0380094488719704
2011-06-30,1.0068371595162744,0.9802161099087624
2011-07-01,1.4306869106082432,0.9280881223170425
2011-07-05,-0.1337072545078201,0.8820493364442612
2011-07-06,0.1001057819605282,0.8559736390263297
2011-07-07,1.0399582892092554,0.810463493885364
2011-07-08,-0.6985458106936123,0.7724149624801476
2011-07-11,-1.8256166936573937,0.8409056350010892
2011-07-12,-0.4443369829837216,1.0996935361704885
2011-07-13,0.3101027109122117,1.0997080615377772
2011-07-14,-0.6738782369334765,1.0344890958500277
2011-07-15,0.5539055540283085,1.0748888104328966
2011-07-18,-0.8163117539368405,1.01281448837484
2011-07-19,1.617714964684356,1.0772746702340026
2011-07-20,-0.0671058407399806,1.019280264647271
2011-07-21,1.3455262786265243,0.972220823672721
2011-07-22,0.0907439513112766,0.9221383611235473
2011-07-25,-0.5658995223243947,0.8711738011316074
2011-07-26,-0.411342006232854,0.9099759364180682
2011-07-27,-2.051772480729147,0.9220055662467024
2011-07-28,-0.3239207155505587,1.211786978634791
2011-07-29,-0.6471427287173138,1.184054680457491
2011-08-01,-0.4140860866230743,1.2063003883196088
2011-08-02,-2.5888909190623943,1.192095153098012
2011-08-03,0.5003145952717516,1.5417766971004692
2011-08-04,-4.90016550437416,1.4365596021676335
2011-08-05,-0.057508298927246,2.2161215950375537
2011-08-08,-6.895836939262512,2.0514056384646304
2011-08-09,4.631744106338802,3.107466989417862
2011-08-10,-4.515679702747438,2.851659066933573
2011-08-11,4.525059436377156,3.2935315744004843
2011-08-12,0.5247875067275939,3.015841554293258
2011-08-15,2.1550727976033657,2.7544432691176897
2011-08-16,-0.9786275177620172,2.528845066254824
2011-08-17,0.0946938139812665,2.458611961099025
2011-08-18,-4.561859893236344,2.2574694188553197
2011-08-19,-1.5122756128207964,2.7999402228209322
2011-08-22,0.0258007873224272,2.77561732056057
2011-08-23,3.371024838647401,2.5393286707726532
2011-08-24,1.3034651368546804,2.342264627154466
2011-08-25,-1.568793473796148,2.158415122075799
2011-08-26,1.5008418274915636,2.2165160829845636
2011-08-29,2.788750501216433,2.0468417317478313
2011-08-30,0.2344275023769241,1.9000496289116744
2011-08-31,0.4909908712070555,1.75824729724074
2011-09-01,-1.1942460792303735,1.6317533208124322
2011-09-02,-2.5607017291752765,1.691320252464213
2011-09-06,-0.7464076457609709,1.9644237396254707
2011-09-07,2.8243824959147195,1.9225500994168496
2011-09-08,-1.066889038730246,1.788710336344461
2011-09-09,-2.706856251096215,1.8123541916123345
2011-09-12,0.6941568182022928,2.094233972996753
2011-09-13,0.9078726180354302,1.9342299956733249
2011-09-14,1.338976051823038,1.7916014379293368
2011-09-15,1.704104671810514,1.6651317031377448
2011-09-16,0.5690475561935461,1.5526854081686554
2011-09-19,-0.985094868808036,1.4466893394329783
2011-09-20,-0.1662386452724142,1.493868351082929
2011-09-21,-2.9830995087147443,1.4172987224615037
2011-09-22,-3.2402456759229787,1.8052889250812574
2011-09-23,0.6063588829469748,2.180772213695019
2011-09-26,2.306802129696945,2.0113487732918216
2011-09-27,1.0631665357294655,1.8663254119969572
2011-09-28,-2.090819585269548,1.7312261527758097
2011-09-29,0.8081486435358656,1.9208908023840345
2011-09-30,-2.529127447886567,1.7792311428430958
2011-10-03,-2.886360290378494,2.0354447465552132
2011-10-04,2.223930613115467,2.3178409394259765
2011-10-05,1.7707918945510777,2.140232321457455
2011-10-06,1.813816846648048,1.9796628447323623
2011-10-07,-0.819681118762265,1.8359562805208636
2011-10-10,3.3555643919288363,1.8182172383812933
2011-10-11,0.0543855637252652,1.6970873807861462
2011-10-12,0.9747046937638062,1.574938020646032
2011-10-13,-0.2978102395136133,1.468402608647412
2011-10-14,1.7230948802478143,1.4127568439101075
2011-10-17,-1.955993759944958,1.32471415055352
2011-10-18,2.021304938031121,1.5417990618563155
2011-10-19,-1.2729818787026608,1.4426418964937644
2011-10-20,0.4543839821084399,1.5345855571790539
2011-10-21,1.863406749243458,1.4298783659817724
2011-10-24,1.279080668037179,1.3407815373238454
2011-10-25,-2.024834619938208,1.2576917295570378
2011-10-26,1.048143054408723,1.4952066764026055
2011-10-27,3.3716591168134338,1.396641733145766
2011-10-28,0.0389153528541357,1.316732420344781
2011-10-31,-2.504861661297761,1.2309101350818685
2011-11-01,-2.834005962159464,1.55873160280242
2011-11-02,1.5976363304397203,1.8979419165869102
2011-11-03,1.8607607200930412,1.7617471574768897
2011-11-04,-0.6299819537189565,1.6403388015497562
2011-11-07,0.6276008211166596,1.6152372539084965
2011-11-08,1.1667310321725162,1.503401308409851
2011-11-09,-3.7385347098988095,1.40452504379416
2011-11-10,0.8587201099481742,1.9421617905539241
2011-11-11,1.9293223004513556,1.7985271957094833
2011-11-14,-0.9596036687554768,1.6737056116035502
2011-11-15,0.480559827730043,1.6935301556840907
2011-11-16,-1.6755798341954984,1.5734215056043337
2011-11-17,-1.6942671987706432,1.7145871786780762
2011-11-18,-0.0394756490472428,1.8425727641123268
2011-11-21,-1.882457110494877,1.7140920264775856
2011-11-22,-0.4149438857005794,1.8720962085812165
2011-11-23,-2.2342970458596256,1.7926889207317498
2011-11-25,-0.2689119300250522,1.9982711083281748
2011-11-28,2.882107903860992,1.885427418622401
2011-11-29,0.2211206969396991,1.7556039641474908
2011-11-30,4.240343833622763,1.6283049364501292
2011-12-01,-0.1910469577852648,1.529610327844141
2011-12-02,-0.0241015373327281,1.4530515457420732
2011-12-05,1.02344632992658,1.3606922050461399
2011-12-06,0.1105137906526291,1.27472816624704
2011-12-07,0.201632078265752,1.193047483787523
2011-12-08,-2.1368498950929857,1.1191245725308272
2011-12-09,1.6742412907085384,1.3954517129640054
2011-12-12,-1.502638690477899,1.308840886247987
2011-12-13,-0.8723953020305214,1.4520877121365705
2011-12-14,-1.141325149713759,1.4817155043409287
2011-12-15,0.3237852858081692,1.5491066493427068
2011-12-16,0.3210989101900451,1.4424808644964422
2011-12-19,-1.180219845855773,1.3460340046365142
2011-12-20,2.938929593094407,1.4337382027886838
2011-12-21,0.1947608164854339,1.3485877062693739
2011-12-22,0.8231577169829831,1.2604395248796723
2011-12-23,0.8994480783105518,1.1829136895158696
2011-12-27,0.0079104819039186,1.1126963642793959
2011-12-28,-1.2556506256502389,1.047079120435485
2011-12-29,1.0650172463280614,1.1787164545672928
2011-12-30,-0.4300570740064627,1.10953960499083
2012-01-03,1.5355483670177896,1.1065612145321497
2012-01-04,0.0187906344437293,1.0456733291855476
2012-01-05,0.2939392669493865,0.9843829245594924
2012-01-06,-0.2540185002539133,0.9290259642338934
2012-01-09,0.2259044362608636,0.9163080388936712
2012-01-10,0.88465236130604,0.8663712903195716
2012-01-11,0.0309549344632173,0.8231944726385936
2012-01-12,0.2333882738569188,0.7800384818025583
2012-01-13,-0.4960204447869401,0.7411171948313338
2012-01-17,0.3546657768174128,0.7805030315106163
2012-01-18,1.104668913022228,0.7420373115711288
2012-01-19,0.4926501717244015,0.7096188250518226
2012-01-20,0.0669235793285626,0.677188021446885
2012-01-23,0.047123192204085,0.645465901393012
2012-01-24,-0.1026343825223596,0.6160103011069957
2012-01-25,0.8641694717196025,0.6063044637826793
2012-01-26,-0.5770508287989055,0.5830326984228285
2012-01-27,-0.1594147545290945,0.6488510687282562
2012-01-30,-0.2525309086345372,0.644955786227603
2012-01-31,-0.0457051128077936,0.6551067970676675
2012-02-01,0.8860237474265962,0.634350125443092
2012-02-02,0.1094547830667123,0.6091360634796368
2012-02-03,1.449972594810765,0.5825714956064603
2012-02-06,-0.0423964013531118,0.5634053316537144
2012-02-07,0.2021337525470153,0.5488091517937174
2012-02-08,0.2157880933325035,0.5268731073552592
2012-02-09,0.147302512587866,0.5064953695880133
2012-02-10,-0.6910122643616179,0.4872100124096774
2012-02-13,0.6777023326497382,0.5810806202512315
2012-02-14,-0.0939965003925926,0.5588408543139788
2012-02-15,-0.5397747536216692,0.5520044877817063
2012-02-16,1.09653658332769,0.6144043288913712
2012-02-17,0.2346175882940296,0.5915033392525991
2012-02-21,0.0719663757695736,0.5667096054012141
2012-02-22,-0.3345697412145528,0.5429975404938108
2012-02-23,0.426290318060624,0.5734212628395055
2012-02-24,0.1670841175508428,0.5506898262976029
2012-02-27,0.1353642551879206,0.5284802795827404
2012-02-28,0.3350713492314775,0.5076634137005541
2012-02-29,-0.4748242756953383,0.4890714609664821
2012-03-01,0.6139156544532941,0.5461075442682064
2012-03-02,-0.325103502785812,0.5260482289858693
2012-03-05,-0.387720050282114,0.5562877966043598
2012-03-06,-1.5489506127544146,0.5939772738644239
2012-03-07,0.6876921722994126,0.8379316954854691
2012-03-08,0.9770049174722242,0.7962553005189507
2012-03-09,0.3624673020731523,0.7590777505031613
2012-03-12,0.016044778678812,0.7223167844652778
2012-03-13,1.7969133090434228,0.6877868619551776
2012-03-14,-0.1196978088596141,0.6623448915156053
2012-03-15,0.5949465701560221,0.6516603655733413
2012-03-16,0.1118772476700465,0.6239847373941234
2012-03-19,0.3965971514071156,0.5963590528395152
2012-03-20,-0.3005028734390367,0.5718824754174437
2012-03-21,-0.1872949903774228,0.5948624681780614
2012-03-22,-0.7232634226897842,0.599098141508375
2012-03-23,0.3104036007556158,0.6877454255749705
2012-03-26,1.3790299964088288,0.6562241637161831
2012-03-27,-0.2820749754246321,0.6314239466618567
2012-03-28,-0.4953758683289015,0.6470481473101309
2012-03-29,-0.1609223943387386,0.6942936001177057
2012-03-30,0.3691613621621361,0.687151492301873
2012-04-02,0.7476626120982405,0.6559141827244495
2012-04-03,-0.3996611820141247,0.6285490321426501
2012-04-04,-1.0254926852538038,0.6623562746570153
2012-04-05,-0.0629240152421399,0.7967196520388768
2012-04-09,-1.1423437999542612,0.7675068903010253
2012-04-10,-1.7229025277185803,0.9106314496773814
2012-04-11,0.7421289800123757,1.1400792370910093
2012-04-12,1.3685315235975748,1.0730423717807283
2012-04-13,-1.255346712505612,1.0144104729846797
2012-04-16,-0.0503727240173452,1.149553010355298
2012-04-17,1.5367979157954643,1.0887642426344892
2012-04-18,-0.4063533761746023,1.0294405460117388
2012-04-19,-0.5952075477202332,1.0302088338179478
2012-04-20,0.1168582621337329,1.0590574979621175
2012-04-23,-0.8443113102887432,0.9965993641734566
2012-04-24,0.3673019641628904,1.0670177371666707
2012-04-25,1.35523428987414,1.004876536958398
2012-04-26,0.6657952133507797,0.9520628458105689
2012-04-27,0.2411413929023093,0.9009264648838526
2012-04-30,-0.3891062275369614,0.8523196879095151
2012-05-01,0.5642435719684133,0.865996090066752
2012-05-02,-0.2499805576658762,0.821551265612636
2012-05-03,-0.7688351103506842,0.817246582260683
2012-05-04,-1.6278995721590046,0.8928268117258613
2012-05-07,0.0350519582897645,1.1072720851341817
2012-05-08,-0.4287853134969311,1.0402868773011147
2012-05-09,-0.672482753178195,1.0433866297849341
2012-05-10,0.2514247406385252,1.082740221798607
2012-05-11,-0.3393091334281743,1.0187669720573156
2012-05-14,-1.1175073102338486,1.010665645259553
2012-05-15,-0.5762408276502476,1.1234729982209564
2012-05-16,-0.4413543928947924,1.1408297313791658
2012-05-17,-1.5165797405604462,1.1366433764251318
2012-05-18,-0.7415201826754865,1.3017914869155913
2012-05-21,1.5908684395839308,1.3267938966447461
2012-05-22,0.0486218795141868,1.246249713453871
2012-05-23,0.1692270514548765,1.166915304017267
2012-05-24,0.1379080158588088,1.0951975072932698
2012-05-25,-0.2167980702760717,1.0296817402209286
2012-05-29,1.101805527882847,1.002926261571958
2012-05-30,-1.4438629304797284,0.9492543928774696
2012-05-31,-0.2279261060043257,1.123877700850558
2012-06-01,-2.4951295414361523,1.0903878321109286
2012-06-04,0.0109548194987798,1.438658800165017
2012-06-05,0.5710514594359025,1.342846654902256
2012-06-06,2.2787776048048256,1.2567335352941007
2012-06-07,-0.0106470160167373,1.1853915142110132
2012-06-08,0.8081420799989608,1.1158919097151008
2012-06-11,-1.2700423815401067,1.0512544101629235
2012-06-12,1.1583389901239802,1.1848197737527608
2012-06-13,-0.7048030071104174,1.1154717520560256
2012-06-14,1.0756592649869776,1.1529369898629453
2012-06-15,1.0284745652146794,1.0861005693867372
2012-06-18,0.1443703958935358,1.0249598823515256
2012-06-19,0.9767834417612749,0.9655471194549352
2012-06-20,-0.1687780512771723,0.9145352891696424
2012-06-21,-2.251320818337585,0.89076414744859
2012-06-22,0.7148989234504349,1.2252320444459965
2012-06-25,-1.6083502390603004,1.1504681513154094
2012-06-26,0.4761368161020214,1.3295150202317718
2012-06-27,0.894478141961743,1.2442577803329913
2012-06-28,-0.2112028345766752,1.16848993054121
2012-06-29,2.4614793734920246,1.1286114756573205
2012-07-02,0.2456292158706836,1.0695203440827916
2012-07-03,0.6212771568424255,1.0066730677819709
2012-07-05,-0.4698041566321199,0.9507426748614323
2012-07-06,-0.947741865558198,0.9679201798212236
2012-07-09,-0.164017617051813,1.0575953024145472
2012-07-10,-0.815912178959069,1.0208809247366475
2012-07-11,-0.0014923688990578,1.0845010949957272
2012-07-12,-0.4999574352459078,1.0226532048244918
2012-07-13,1.6362759247573275,1.0378939350096865
2012-07-16,-0.2316995891620551,0.9833867144614262
2012-07-17,0.738235580991176,0.9627861609390271
2012-07-18,0.6658275330085007,0.9110425828391591
2012-07-19,0.2713415248511383,0.8633184518425513
2012-07-20,-1.0112620534169032,0.8179057008761936
2012-07-23,-0.8948979003707246,0.9331983712015537
2012-07-24,-0.908205019242412,1.017832044352076
2012-07-25,-0.0313910722117955,1.096256991697498
2012-07-26,1.6405662864951118,1.037532300836677
2012-07-27,1.8900814490450275,0.9830735881136966
2012-07-30,-0.0483476444610617,0.9342800014476773
2012-07-31,-0.4326172766220222,0.8917930646107881
2012-08-01,-0.2904192901745425,0.9085785165983203
2012-08-02,-0.7531963624136045,0.9028968786856365
2012-08-03,1.8861288185302485,0.9679247591339996
2012-08-06,0.2326560724057678,0.9203963079344835
2012-08-07,0.5093762742592908,0.8701485118195855
2012-08-08,0.0620633807453192,0.825143953500656
2012-08-09,0.0413599995173019,0.7819581184175237
2012-08-10,0.2186050667104794,0.7421079136190292
2012-08-13,-0.1252685078193954,0.7060762301151909
2012-08-14,-0.0128154612019971,0.6928627909313245
2012-08-15,0.1138991629449067,0.6646219592678811
2012-08-16,0.7075420387505466,0.6340257410127482
2012-08-17,0.1870383739476702,0.6081042261176113
2012-08-20,-0.0021175053652821,0.5819305528945665
2012-08-21,-0.3503666814444632,0.5602961597103584
2012-08-22,0.0226377623456796,0.5918439274115157
2012-08-23,-0.8104999597722565,0.5661597565172709
2012-08-24,0.6433988343262266,0.6730202177706976
2012-08-27,-0.0489134420522445,0.6439589403794581
2012-08-28,-0.0808509042796279,0.6244847035282937
2012-08-29,0.0843992964299478,0.6110157073244347
2012-08-30,-0.7836429729673381,0.5842138281540277
2012-08-31,0.5060469767645165,0.6845965074295863
2012-09-04,-0.1166639322688079,0.6541089198191009
2012-09-05,-0.1068231653288801,0.6436051447137104
2012-09-06,2.022953661200689,0.6324646889850657
2012-09-07,0.4041794988943029,0.6120668191298694
2012-09-10,-0.6166805654652836,0.5864958691728963
2012-09-11,0.3130052101452872,0.6585189118273749
2012-09-12,0.2090505602596938,0.6291859080993805
2012-09-13,1.617817215384428,0.6015792828634144
2012-09-14,0.3951135292808127,0.5817491238490529
2012-09-17,-0.3129582860265519,0.5583032794067051
2012-09-18,-0.1280595132117327,0.584224030085134
2012-09-19,0.1184851744374258,0.5805295331997372
2012-09-20,-0.0540879992821339,0.5560376653937964
2012-09-21,-0.0075321855717051,0.5436353289761121
2012-09-24,-0.2235150069379947,0.5254443430235807
2012-09-25,-1.0557389418567713,0.5401624914394032
2012-09-26,-0.5753253211740956,0.6945327642087026
2012-09-27,0.9602727708234702,0.7503633322436015
2012-09-28,-0.4487808236766832,0.7167114769077054
2012-10-01,0.2647997667994667,0.7508674594869238
2012-10-02,0.0871906727265814,0.7143466694914777
2012-10-03,0.3617857293033645,0.679907091735906
2012-10-04,0.7148821731697362,0.6491825490456129
2012-10-05,-0.0321641084075123,0.6221798801295937
2012-10-08,-0.3462723847428905,0.6019183449091665
2012-10-09,-0.9940182135141966,0.6295998658041495
2012-10-10,-0.6207255566481142,0.7620319262147067
2012-10-11,0.0195370436984577,0.8190919890671047
2012-10-12,-0.2970544956016541,0.7765191374308071
2012-10-15,0.8045470752666933,0.7828343687138157
2012-10-16,1.0217555817170516,0.7460134161714265
2012-10-17,0.4108606125954804,0.7129491846748273
2012-10-18,-0.2446719876894957,0.6799321965975895
2012-10-19,-1.671014460003599,0.6862027491946502
2012-10-22,0.0439485678550861,0.9391910937305225
2012-10-23,-1.454923497073801,0.8866211734206129
2012-10-24,-0.3090152483587832,1.070746760476973
2012-10-25,0.2991064948394708,1.0536400279830958
2012-10-26,-0.0729247568644406,0.9923825634296625
2012-10-31,0.0155867551280532,0.9484414063642705
2012-11-01,1.0867212600985972,0.8958502332720406
2012-11-02,-0.9423718242892511,0.8510826795837335
2012-11-05,0.2161471345057592,0.951560199961575
2012-11-06,0.7822509122727109,0.8986514672937573
2012-11-07,-2.3990484179204747,0.8524198215722881
2012-11-08,-1.22799333135091,1.2247478205547808
2012-11-09,0.169725127982159,1.3328364483189195
2012-11-12,0.0130479376548562,1.2460484874144353
2012-11-13,-0.3993383474745327,1.1678079533655847
2012-11-14,-1.3948870444327603,1.1550141161405227
2012-11-15,-0.1594815957016725,1.2977935330774277
2012-11-16,0.4828274735175702,1.2387933829189701
2012-11-19,1.966737673954756,1.1618722463903866
2012-11-20,0.0663166435827691,1.0978292038133812
2012-11-21,0.2317493660971613,1.031796135179227
2012-11-23,1.294220206896831,0.9721486823138685
2012-11-26,-0.2031644269326344,0.9218646113166672
2012-11-27,-0.5240293685227754,0.9024107597888585
2012-11-28,0.7825330760125263,0.9320445588772086
2012-11-29,0.4260553566881813,0.8830512563743875
2012-11-30,0.0162494334068118,0.8366573665990404
2012-12-03,-0.4756519166260062,0.7931374870265978
2012-12-04,-0.1711275791054211,0.824941233485675
2012-12-05,0.1583607654586976,0.8089147132759061
2012-12-06,0.3301135858709377,0.7674110058711328
2012-12-07,0.2916661999350491,0.7298698234938176
2012-12-10,0.0338503249975896,0.6950758519135193
2012-12-11,0.6527531315292976,0.661878104762228
2012-12-12,0.0448139333956705,0.6336834683150763
2012-12-13,-0.6341489977008348,0.6050797116583321
2012-12-14,-0.4143975679491531,0.6783189943262274
2012-12-17,1.180068803781103,0.7103607996731375
2012-12-18,1.1421185666775555,0.6806795002780016
2012-12-19,-0.7618145562821222,0.6530852190989018
2012-12-20,0.5473104693568626,0.7430628507975674
2012-12-21,-0.9422944450144788,0.7082937071321548
2012-12-24,-0.2443278971266398,0.8232776664535202
2012-12-26,-0.4798956789925719,0.8180051145451118
2012-12-27,-0.1219184916266406,0.8483169965358792
2012-12-28,-1.1111445674961484,0.8233311659990434
2012-12-31,1.680002726988578,0.954934845012205
2013-01-02,2.5086115958697297,0.9076633606535424
2013-01-03,-0.2087795423524573,0.8677053901900221
2013-01-04,0.4853299978981066,0.853596875441173
2013-01-07,-0.3128003259122683,0.8098373902165281
2013-01-08,-0.3247639180733108,0.8157407127033944
2013-01-09,0.265234535868163,0.8229257668599701
2013-01-10,0.756870010921085,0.7807394124181154
2013-01-11,-0.0047515114977522,0.7438891390264893
2013-01-14,-0.093110490491978,0.7106165665526437
2013-01-15,0.1128033295304306,0.6924328321048884
2013-01-16,0.0196972509956261,0.6597550489010529
2013-01-17,0.5627060541354582,0.6294165328634097
2013-01-18,0.3397492378151099,0.6032382137012395
2013-01-22,0.441833162771152,0.5780375544090065
2013-01-23,0.1506341924293118,0.5550450104126617
2013-01-24,0.0006614661544302,0.5324666414913403
2013-01-25,0.5430708661868183,0.5138796678512608
2013-01-28,-0.1851334274792124,0.4957261542803351
2013-01-29,0.5093003781205059,0.5067726225006546
2013-01-30,-0.3907244671751714,0.48895733564874777
2013-01-31,-0.2566591958392015,0.5323751703769065
2013-02-01,1.000251322400968,0.5516160252437213
2013-02-04,-1.16058327096515,0.5327662715939921
2013-02-05,1.0362632222059642,0.7082792308722112
2013-02-06,0.0549019859133929,0.6781682841065159
2013-02-07,-0.1807031055856767,0.6463240833481311
2013-02-08,0.5641994585043149,0.6457373502335187
2013-02-11,-0.0606301247638277,0.6183718534320459
2013-02-12,0.1594001137604206,0.602448873459467
2013-02-13,0.0592087774790656,0.5765674842577164
2013-02-14,0.0690433265053607,0.5521123008262313
2013-02-15,-0.1045627796013619,0.5294029650956552
2013-02-19,0.7309694441361245,0.5261715176752738
2013-02-20,-1.2481711430005844,0.5079599574334265
2013-02-21,-0.632300546566533,0.7047185588443268
2013-02-22,0.8734213386774423,0.7687391506195215
2013-02-25,-1.8479275584774388,0.73330323012725
2013-02-26,0.6090876862567387,1.0140010240874027
2013-02-27,1.2645699119019571,0.9573963049662074
2013-02-28,-0.086445346145724,0.9082342255279575
2013-03-01,0.2321159449526721,0.8732800401914732
2013-03-04,0.460012654834963,0.8268991518860697
2013-03-05,0.9520551872499976,0.7851843586979583
2013-03-06,0.1083925055414681,0.7487787894765291
2013-03-07,0.1814843617206424,0.7117846849344828
2013-03-08,0.447112871295497,0.6779230798310324
2013-03-11,0.3243818865873685,0.6476947279826585
2013-03-12,-0.2406145396801988,0.6192059576324994
2013-03-13,0.1313189157170757,0.6295468623010084
2013-03-14,0.5587352158971998,0.6015968436968105
2013-03-15,-0.1619773749988756,0.5774101033203568
2013-03-18,-0.5525570335024047,0.5791862687884276
2013-03-19,-0.2425469726876229,0.6413418570853818
2013-03-20,0.6675163815817943,0.6502817264770437
2013-03-21,-0.8316923756005078,0.6230043721021891
2013-03-22,0.7148643803299891,0.7277678295368324
2013-03-25,-0.3345629300947282,0.6948575322221591
2013-03-26,0.7754963194634992,0.7133944656222875
2013-03-27,-0.0588523052564596,0.6818295772447855
2013-03-28,0.4048463396191122,0.6609445537510531
2013-04-01,-0.4483616865356026,0.6318067448199052
2013-04-02,0.5158933898853431,0.6729313684653122
2013-04-03,-1.0602133218841154,0.6433561647407896
2013-04-04,0.4040279012737101,0.7860573232844108
2013-04-05,-0.4304145168907639,0.7473556141847849
2013-04-08,0.6282958765270947,0.7761315945568504
2013-04-09,0.3538065806577469,0.7391199799717295
2013-04-10,1.2115443329548887,0.7038678594824394
2013-04-11,0.3545956179576568,0.6748087558296936
2013-04-12,-0.2840798318549253,0.6444356859909032
2013-04-15,-2.323412455036433,0.6593532631312178
2013-04-16,1.4205840828064489,1.0604207768847993
2013-04-17,-1.4431313685984553,1.0030950692206766
2013-04-18,-0.6723555969544303,1.171256121047616
2013-04-19,0.8808989051054724,1.198504169560615
2013-04-22,0.4650798215427388,1.1268145330547217
2013-04-23,1.036531280555277,1.0598367554348271
2013-04-24,0.000634017007284,1.0010121204906153
2013-04-25,0.4026614564991383,0.9460626873585548
2013-04-26,-0.1843811801517763,0.8943659163342035
2013-04-29,0.716031536940742,0.8745208250841019
2013-04-30,0.248181741858196,0.8299970258338539
2013-05-01,-0.9351472649564404,0.7871762116596792
2013-05-02,0.9364003810320708,0.892890108493781
2013-05-03,1.047956394817034,0.8477563577274613
2013-05-06,0.1905961128483939,0.8067507348121925
2013-05-07,0.5216639159837863,0.7655492763736496
2013-05-08,0.4130538866696586,0.7289313688658464
2013-05-09,-0.369391802877331,0.6947029678361386
2013-05-10,0.4312343771584845,0.718526585162439
2013-05-13,0.0042888448869531,0.6851677242440666
2013-05-14,1.0091066969150286,0.6550987797616065
2013-05-15,0.5101103490210886,0.6288642604283284
2013-05-16,-0.5022331985410746,0.602510987757607
2013-05-17,1.0247411986562578,0.6545780375892218
2013-05-20,-0.0707868404707233,0.6284460808012698
2013-05-21,0.1720904683002347,0.613241104723385
2013-05-22,-0.8308074265778554,0.5866371171396471
2013-05-23,-0.2928115104606085,0.6949413784181274
2013-05-24,-0.0551517498988894,0.7072002100955406
2013-05-28,0.6320962109160131,0.6838633663617725
2013-05-29,-0.7072936243165862,0.6539450567490777
2013-05-30,0.3663625114313424,0.7347826651462492
2013-05-31,-1.4410576921857086,0.6999152675928921
2013-06-03,0.5918439859741687,0.9058293316373343
2013-06-04,-0.5526048005605536,0.8582361398052785
2013-06-05,-1.3875554543922224,0.8961478770793829
2013-06-06,0.8454454144230643,1.0672513960251042
2013-06-07,1.274991452694569,1.0070138673414137
2013-06-10,-0.0346873603637034,0.9536934248323468
2013-06-11,-1.020526418482108,0.9076670131421463
2013-06-12,-0.8404776908050976,1.015249798547595
2013-06-13,1.467606909735932,1.0832577763916011
2013-06-14,-0.5902401062457968,1.024135689685048
2013-06-17,0.7538875562714678,1.0527928807702143
2013-06-18,0.7760963428783294,0.9934387045306199
2013-06-19,-1.3948301328481996,0.9392584620038993
2013-06-20,-2.532842439229829,1.1065503038658369
2013-06-21,0.2666219053525561,1.4594426440294823
2013-06-24,-1.221936895962692,1.361171323865727
2013-06-25,0.9452456559302368,1.4538134610509517
2013-06-26,0.9544789666190032,1.3587808801312549
2013-06-27,0.6180691300296602,1.2727190942261302
2013-06-28,-0.4298788980467904,1.1932514531853007
2013-07-01,0.5389199609389811,1.182552795311158
2013-07-02,-0.0545056690050896,1.1109211155274221
2013-07-03,0.0823707894575447,1.0541272657640062
2013-07-05,1.0150045703225965,0.9919567461441346
2013-07-08,0.5237805213836031,0.938866994970169
2013-07-09,0.7203661934863007,0.8882597418366881
2013-07-10,0.0181575964628013,0.8426306162424837
2013-07-11,1.3463212765353811,0.7983649322052238
2013-07-12,0.3081730220628843,0.7625246440719599
2013-07-15,0.1373935151556153,0.7252751144223131
2013-07-16,-0.3715655417706993,0.690206041379861
2013-07-17,0.2770206648398141,0.714724886572355
2013-07-18,0.5020341712006725,0.6810281962584396
2013-07-19,0.1608755579645654,0.6507916085616196
2013-07-22,0.2030962542426818,0.6214082832697336
2013-07-23,-0.185365386833642,0.594341412743178
2013-07-24,-0.3818502729718421,0.5983300718027093
2013-07-25,0.2553209985188819,0.631788465995993
2013-07-26,0.0827951437909226,0.6041813645048735
2013-07-29,-0.3743034175367717,0.5778631717847332
2013-07-30,0.0373747085334094,0.6117627715558376
2013-07-31,-0.013641851599842,0.58471529703117
2013-08-01,1.2462588230416578,0.5645163871061923
2013-08-02,0.1639114087947027,0.5457821387563702
2013-08-05,-0.1480930877563641,0.5238981843773978
2013-08-06,-0.573947283055402,0.527450343999646
2013-08-07,-0.3813125661941763,0.5976131597708872
2013-08-08,0.3877921074046536,0.6310448846408673
2013-08-09,-0.3576348041426874,0.6040329217451172
2013-08-12,-0.1153585860524894,0.6332973357746394
2013-08-13,0.2772210007268357,0.6241577040140877
2013-08-14,-0.5190063227858108,0.5971943923637215
2013-08-15,-1.4384564947961866,0.6523937814624593
2013-08-16,-0.3310067623478068,0.864674954065219
2013-08-19,-0.5917777957153822,0.8686766206951658
2013-08-20,0.3813913098371144,0.9116837324648597
2013-08-21,-0.5796369467346861,0.8627569054131765
2013-08-22,0.8582441743413965,0.9044225102787358
2013-08-23,0.393924191021318,0.8580233824593734
2013-08-26,-0.4047839230058562,0.8135356924459997
2013-08-27,-1.6001539229183352,0.8328561395452743
2013-08-28,0.2743877308968975,1.0502507913273444
2013-08-29,0.1961476649095653,0.9891865739571605
2013-08-30,-0.3179367192635175,0.9330291503640835
2013-09-03,0.4155575226959593,0.9292783686365058
2013-09-04,0.8084187928560308,0.8790321431158484
2013-09-05,0.1209131539467338,0.8345145614706523
2013-09-06,0.0054429659782231,0.7908167251097312
2013-09-09,0.9943282138970118,0.7524523501074749
2013-09-10,0.7318940484802409,0.7187773313278357
2013-09-11,0.3047634613818484,0.6866242177929394
2013-09-12,-0.3386141827801778,0.6551641437516642
2013-09-13,0.2711001653103429,0.6774827412885883
2013-09-16,0.5677008295820801,0.6465698580931828
2013-09-17,0.420886959655227,0.619157507944613
2013-09-18,1.2104121558415792,0.5931433052487636
2013-09-19,-0.1844654148481558,0.5722373322128942
2013-09-20,-0.7243053962847499,0.5777160011875757
2013-09-23,-0.4730758941951057,0.6685775998630746
2013-09-24,-0.2600521497731875,0.71052148546615
2013-09-25,-0.2743225154377713,0.7166675206855608
2013-09-26,0.347936584799795,0.7244427656863712
2013-09-27,-0.4082121663443528,0.6902931442313247
2013-09-30,-0.6047479981190951,0.7204032971535004
2013-10-01,0.7966724683406784,0.7786328874470133
2013-10-02,-0.0666891870340862,0.7421098770355948
2013-10-03,-0.9019972500552984,0.7177238216392625
2013-10-04,0.7028466704283861,0.8248976216254041
2013-10-07,-0.8542747536819599,0.7843278420303174
2013-10-08,-1.2408749931083476,0.876940706984822
2013-10-09,0.0573741730605798,1.0248305467926548
2013-10-10,2.1595622882836496,0.965079100836324
2013-10-11,0.6266595617327234,0.9189012662483892
2013-10-14,0.4066441145288558,0.8703687723148699
2013-10-15,-0.7088789613758755,0.8249305652179223
2013-10-16,1.3732804307132302,0.890226826573396
2013-10-17,0.6721314413737084,0.8470842455583296
2013-10-18,0.652740546362272,0.8046076690829138
2013-10-21,0.0091732209604654,0.7654504777435126
2013-10-22,0.5721116239627231,0.728553161709182
2013-10-23,-0.4735753240036748,0.6950011221384043
2013-10-24,0.3252838544355574,0.7348105982798463
2013-10-25,0.4385214392774677,0.6997740489754674
2013-10-28,0.1328816519236969,0.6678685826814725
2013-10-29,0.5568661214094168,0.6371087522890007
2013-10-30,-0.4887849694569304,0.6103455291177713
2013-10-31,-0.3846770567938354,0.6596168719067154
2013-11-01,0.2899214412209612,0.6886124215732115
2013-11-04,0.3564199378098168,0.6569426345361039
2013-11-05,-0.2809530848340283,0.6279032099286059
2013-11-06,0.4256468712287574,0.6436302449156315
2013-11-07,-1.3270435999594776,0.6158532785488522
2013-11-08,1.3338208792264143,0.8118429436468639
2013-11-11,0.0722670064972908,0.7748809516859776
2013-11-12,-0.2373205445619954,0.7357103953413344
2013-11-13,0.8062752720499361,0.7364995553438217
2013-11-14,0.4825596820450656,0.7032909841768845
2013-11-15,0.4213146273881076,0.6712989161200417
2013-11-18,-0.3705052423504697,0.6414594631919601
2013-11-19,-0.204505527760066,0.66973815498744
2013-11-20,-0.3642235996161311,0.6708635325586195
2013-11-21,0.8095705420755901,0.695825747245359
2013-11-22,0.4949190500029173,0.665731966254286
2013-11-25,-0.1264140787239754,0.636606776975792
2013-11-26,0.0149793235503835,0.6288240625786597
2013-11-27,0.2481998677460742,0.6014154692175803
2013-11-29,-0.0785998457116431,0.5759708576157532
2013-12-02,-0.2722723534716429,0.5656889329131611
2013-12-03,-0.3197955991893614,0.584834010134848
2013-12-04,-0.1304343469786797,0.6097767515229292
2013-12-05,-0.4349015813080098,0.6045641522821319
2013-12-06,1.1175194876875878,0.6458027402615527
2013-12-09,0.1815451247950981,0.6206983470144517
2013-12-10,-0.3184724895657049,0.5935948525679681
2013-12-11,-1.1381397674606988,0.6176604618198177
2013-12-12,-0.3777688379156343,0.7776426670188512
2013-12-13,-0.0101415286505878,0.7959137932609767
2013-12-16,0.6300152129396221,0.7593289039049368
2013-12-17,-0.3105805936371412,0.7236359546464709
2013-12-18,1.651090600917418,0.7362565290172332
2013-12-19,-0.0580097428393842,0.7065186782128432
2013-12-20,0.4807155440690711,0.6836401249177747
2013-12-23,0.530402888620606,0.65312093712113
2013-12-24,0.2911504304306033,0.625073884928604
2013-12-26,0.4734304621132077,0.5981010321748349
2013-12-27,-0.0336641010607471,0.5738147523178222
2013-12-30,-0.0179269962014678,0.5572367960735812
2013-12-31,0.3951856349111547,0.5395801737782698
2014-01-02,-0.8901413016629188,0.5190712177956264
2014-01-03,-0.0333020520160609,0.6452177129291419
2014-01-06,-0.2514927253759435,0.6234298708484227
2014-01-07,0.606334537539104,0.635076128850029
2014-01-08,-0.0212231503451083,0.6086637340483383
2014-01-09,0.0348248543514175,0.5878272669348356
2014-01-10,0.23040304904553,0.5624777487348127
2014-01-13,-1.265596645879401,0.5397094280197513
2014-01-14,1.0759876119934082,0.734956193654543
2014-01-15,0.5152889134682223,0.7029667147715403
2014-01-16,-0.1348028486425925,0.6711325612416407
2014-01-17,-0.3902780320014972,0.6619699591725625
2014-01-21,0.2769912242817671,0.6916350365483213
2014-01-22,0.0574700049768162,0.6596853875008036
2014-01-23,-0.892932476457093,0.6292248661060654
2014-01-24,-2.109642142734084,0.7439270421663761
2014-01-27,-0.4888221853339347,1.0770440100108747
2014-01-28,0.6121875622432071,1.0856873174766104
2014-01-29,-1.026170390849596,1.022907136971559
2014-01-30,1.1204044372218205,1.11964642442158
2014-01-31,-0.6486290214250375,1.0559348549963363
2014-02-03,-2.309660470448658,1.0904857643297465
2014-02-04,0.7612043683081426,1.403226726646891
2014-02-05,-0.2030282408656588,1.3122357394217048
2014-02-06,1.2363054453375717,1.2580163194073755
2014-02-07,1.321419350429692,1.1823676085472983
2014-02-10,0.1568004803254035,1.1138947456350798
2014-02-11,1.1001375944254963,1.0468167396320294
2014-02-12,-0.0269298647720886,0.9893744442627816
2014-02-13,0.5793211978776681,0.9392509799420888
2014-02-14,0.4797689385548304,0.8888360354420115
2014-02-18,0.1157803392558767,0.8421860270376195
2014-02-19,-0.6545861773195999,0.7978512734661307
2014-02-20,0.6013341826934013,0.8570356677235107
2014-02-21,-0.1920566673181065,0.8134678367807519
2014-02-24,0.6167455552331448,0.8013975733673718
2014-02-25,-0.1348590676774649,0.7623486335024089
2014-02-26,0.0021699742124629,0.7461235173851882
2014-02-27,0.4935881408416543,0.7117073012552014
2014-02-28,0.277882428133809,0.6791216160301301
2014-03-03,-0.7405866200454787,0.6481139233422925
2014-03-04,1.5152322676141787,0.7350209830400343
2014-03-05,-0.0053352749664553,0.7048221231731397
2014-03-06,0.1716933496857088,0.6746231920965622
2014-03-07,0.0537944577115705,0.6435188025171085
2014-03-10,-0.0463353641219493,0.6142331081905605
2014-03-11,-0.5095096975215844,0.596567828922853
2014-03-12,0.0305124323210006,0.6502970949026075
2014-03-13,-1.1770091695883622,0.6204190322123254
2014-03-14,-0.2825766417445165,0.7872725189410592
2014-03-17,0.9567717695038962,0.7905675337948712
2014-03-18,0.7193682245473189,0.7537569374513575
2014-03-19,-0.6150525096734505,0.718860446021343
2014-03-20,0.6022334087521748,0.7788654798412398
2014-03-21,-0.2936980116608755,0.7415336081111188
2014-03-24,-0.4876580959363224,0.7501936423681753
2014-03-25,0.4394270848822234,0.7875130202126477
2014-03-26,-0.7024936954876045,0.7488404500832483
2014-03-27,-0.1901891343977055,0.8201328679650135
2014-03-28,0.4629489243409657,0.807249870663057
2014-03-31,0.7892871384796676,0.7671127718238298
2014-04-01,0.7014688044213445,0.7314613735285354
2014-04-02,0.2849263831838461,0.6982130923219484
2014-04-03,-0.1127085213010655,0.6658000559111402
2014-04-04,-1.2616542925313996,0.6538454119403889
2014-04-07,-1.0808312332149783,0.8321771300563869
2014-04-08,0.374353798017728,0.9576853124038665
2014-04-09,1.0859039341965573,0.9049013441169622
2014-04-10,-2.110596773738713,0.8593851404048299
2014-04-11,-0.9532059739897396,1.1710855705749603
2014-04-14,0.8183708150740607,1.241335544287709
2014-04-15,0.6734579517703411,1.165527912523262
2014-04-16,1.043386794876615,1.0959556335150846
2014-04-17,0.1362923707093935,1.0340138085373474
2014-04-21,0.3768015655572547,0.9737921576765534
2014-04-22,0.4083788996128047,0.919663544423682
2014-04-23,-0.2215766862522173,0.8701858542099123
2014-04-24,0.1715488275330874,0.8577229099603304
2014-04-25,-0.8129344743501644,0.8123600356257085
2014-04-28,0.3230811162502122,0.8955167433248171
2014-04-29,0.4749460504633521,0.8476854615422428
2014-04-30,0.298754980270127,0.8043613050367068
2014-05-01,-0.014327174433241,0.7637875218696393
2014-05-02,-0.1349355029870908,0.7303144441966907
2014-05-05,0.1869467582340003,0.7166160014594873
2014-05-06,-0.9029031461991046,0.682409096485587
2014-05-07,0.5600754871033284,0.793332065537279
2014-05-08,-0.1374569232786406,0.7546906754841861
2014-05-09,0.1518323194878839,0.7394439863484745
2014-05-12,0.9626256172315508,0.7033463871261024
2014-05-13,0.0421668788283033,0.6733089347198933
2014-05-14,-0.4712089565017091,0.6417752716022651
2014-05-15,-0.9405904183934904,0.6856584610876972
2014-05-16,0.3739962819000603,0.8027062489385034
2014-05-19,0.3837414189704193,0.7625686278741789
2014-05-20,-0.6519604608543308,0.7256225482084002
2014-05-21,0.8083340547746922,0.7909165695745758
2014-05-22,0.2359444194713881,0.7534745753103322
2014-05-23,0.4239392917884754,0.7166346822504103
2014-05-27,0.5969950211528873,0.6833903568658736
2014-05-28,-0.1114692750058423,0.6533642524197836
2014-05-29,0.5352758657361124,0.6421656163073043
2014-05-30,0.1841980443101369,0.6149439746581687
2014-06-02,0.07275613640587,0.5882667613008057
2014-06-03,-0.0379288469534866,0.5630410538577724
2014-06-04,0.1889876606362932,0.5478313196729606
2014-06-05,0.6504082119662982,0.5259088780961306
2014-06-06,0.461708354801898,0.5073833103492615
2014-06-09,0.0938330856486817,0.48933115816425193
2014-06-10,-0.0246013881879537,0.4709657570611262
2014-06-11,-0.3543311151666162,0.46009627113538154
2014-06-12,-0.7114139088910179,0.4999036450315778
2014-06-13,0.312965919907076,0.5960988054537409
2014-06-16,0.0836355330786806,0.57129854788226
2014-06-17,0.2170212444889151,0.5473131140810483
2014-06-18,0.7689243160729405,0.5255413000921154
2014-06-19,0.1276663295165036,0.5075290393287346
2014-06-20,0.172856349567606,0.4880939282188163
2014-06-23,-0.0132472852898927,0.4701348312629272
2014-06-24,-0.645610649861748,0.45769240051594956
2014-06-25,0.4885557422717193,0.5464708920332708
2014-06-26,-0.1179579427639114,0.5258713201817349
2014-06-27,0.1909045238083737,0.5248463730210202
2014-06-30,-0.0372325997001354,0.5045041095608833
2014-07-01,0.6655572896822518,0.4932226758216201
2014-07-02,0.0658596075123193,0.47695443855564207
2014-07-03,0.5464550227672395,0.459285639912996
2014-07-07,-0.3931239054323629,0.44474232355491305
2014-07-08,-0.7073762181680687,0.4919701771421107
2014-07-09,0.4633516553259208,0.5882428313399216
2014-07-10,-0.4139628324473833,0.5646168609379639
2014-07-11,0.1469841998047235,0.6057750097820298
2014-07-14,0.4831860726996925,0.5796047848571356
2014-07-15,-0.1933964567945513,0.5566712440828099
2014-07-16,0.4192285009448555,0.5646111092212911
2014-07-17,-1.1904605927478005,0.5424678421450229
2014-07-18,1.0212608899671185,0.7224334398388002
2014-07-21,-0.2322946423904652,0.6911817212860814
2014-07-22,0.5003611167300126,0.694742172257145
2014-07-23,0.1752900777012884,0.6634685113501952
2014-07-24,0.0488036812550669,0.6332078262046371
2014-07-25,-0.4860946046109087,0.6046549770427526
2014-07-28,0.0288113393552832,0.6539723464472514
2014-07-29,-0.4538068413714011,0.6238168072950442
2014-07-30,0.0060910919410201,0.6664511052765589
2014-07-31,-2.020193215523012,0.6375264310771406
2014-08-01,-0.2863216231298331,0.9743099286997835
2014-08-04,0.7163314449646608,0.9623875333597899
2014-08-05,-0.9732679197336652,0.9105889922530005
2014-08-06,0.0015638426360123,1.0101389015180708
2014-08-07,-0.5572115446733026,0.9542826982677123
2014-08-08,1.1465422557972031,0.9843063827355324
2014-08-11,0.2755625025841847,0.9323969680650436
2014-08-12,-0.1637982374155941,0.881326471958812
2014-08-13,0.6684767102510805,0.8596127518355099
2014-08-14,0.4336398273697699,0.816108195579105
2014-08-15,-0.0061374807571155,0.7751479166845696
2014-08-18,0.84954832196601,0.7396367785900987
2014-08-19,0.4988190179197794,0.7063628619447869
2014-08-20,0.2474748282543622,0.6742042835166305
2014-08-21,0.2945547280270624,0.643439759433194
2014-08-22,-0.199457491882262,0.6151415678669498
2014-08-25,0.4776353863603847,0.6196680803576862
2014-08-26,0.1050528895243578,0.5938490503116028
2014-08-27,0.0049986043284556,0.5683589864749051
2014-08-28,-0.1691330544946164,0.546673712610964
2014-08-29,0.3314914329019902,0.5517270315344948
2014-09-02,-0.0544214217702696,0.5301196409834721
2014-09-03,-0.0779444752801545,0.5195661384924969
2014-09-04,-0.1535599204712169,0.5131393462259224
2014-09-05,0.5023247704958487,0.5182550912792808
2014-09-08,-0.3077845854315851,0.4996386935501986
2014-09-09,-0.6566521532685439,0.5291601006122563
2014-09-10,0.3639443600367803,0.6130940473667489
2014-09-11,0.0881516764723205,0.5872845835106848
2014-09-12,-0.5980405492006543,0.5621913587697976
2014-09-15,-0.0710403748109373,0.6332932670746815
2014-09-16,0.7456507324556423,0.6177681242351173
2014-09-17,0.1294805079088434,0.5931839437862907
2014-09-18,0.4879257127339826,0.5678409804635195
2014-09-19,-0.0477383510403398,0.545753654984962
2014-09-22,-0.80456025302185,0.5331573440693147
2014-09-23,-0.5793250079626252,0.6423812597405831
2014-09-24,0.7801976758654436,0.7033978463767129
2014-09-25,-1.630091326517051,0.6726114628834302
2014-09-26,0.8539261124001539,0.9196332055503907
2014-09-29,-0.2550050856915712,0.8719594072242467
2014-09-30,-0.2789816544312018,0.8642037766907521
2014-10-01,-1.3337106112637436,0.8605981714589193
2014-10-02,0.0005143328250229,1.0264728116580455
2014-10-03,1.1103635523902509,0.9693651260649471
2014-10-06,-0.1566386001398183,0.9185718892274272
2014-10-07,-1.5241618619128747,0.8927264005779106
2014-10-08,1.731094749805919,1.0884387302327336
2014-10-09,-2.087784845431485,1.029927960721935
2014-10-10,-1.1517080026210946,1.3101001554764486
2014-10-13,-1.6605033202522508,1.3971131788832412
2014-10-14,0.1577619680866768,1.5560900100187256
2014-10-15,-0.8133300726077349,1.4481303805513308
2014-10-16,0.0144967200441769,1.4693259618463752
2014-10-17,1.280181337714614,1.3701200483441072
2014-10-20,0.9101116121281314,1.2843036816004787
2014-10-21,1.938537082775091,1.2049451045572233
2014-10-22,-0.7326100661612184,1.1369281795091706
2014-10-23,1.2228305721599455,1.1765699064690127
2014-10-24,0.7028690175716193,1.1082192559775155
2014-10-27,-0.1502696878837878,1.0438325390797518
2014-10-28,1.1868364566910392,1.0063701929065283
2014-10-29,-0.138631599064252,0.9527483512836294
2014-10-30,0.6210797247873184,0.9214567432250884
2014-10-31,1.1663114233148568,0.8726899603499322
2014-11-03,-0.0118928916399473,0.830141683014421
2014-11-04,-0.2833853252665144,0.7910753676995305
2014-11-05,0.568431106080471,0.794178317896143
2014-11-06,0.3768403644328259,0.7555040568297303
2014-11-07,0.0349525126780807,0.71907900013601
2014-11-10,0.3115327019558855,0.6840669245936116
2014-11-11,0.0696451630287213,0.6528261957579358
2014-11-12,-0.0701362578917869,0.6229213824361487
2014-11-13,0.0529704428400231,0.6080282496801003
2014-11-14,0.0240241348546805,0.5813126428459187
2014-11-17,0.0735088777658679,0.5563794882618138
2014-11-18,0.5120849353688389,0.533392866187353
2014-11-19,-0.1502286875618818,0.513787944641775
2014-11-20,0.1965164013202754,0.5183642405968493
2014-11-21,0.5223212603738253,0.49848359597510916
2014-11-24,0.285992981373923,0.48127523018064455
2014-11-25,-0.1150691468417284,0.46422958249704344
2014-11-26,0.2802052471603563,0.46698286652531057
2014-11-28,-0.2545664637012221,0.45084404723252325
2014-12-01,-0.6852789344834435,0.47562678532739294
2014-12-02,0.6364166758848178,0.5696292469991503
2014-12-03,0.3757673834026979,0.5480261165366682
2014-12-04,-0.1162571731785843,0.5268561576504477
2014-12-05,0.1663831598921052,0.52551319741165
2014-12-08,-0.7283022149715385,0.505025094320113
2014-12-09,-0.0237851825834147,0.6036737280444916
2014-12-10,-1.6486121183048768,0.5835603624099582
2014-12-11,0.4525433971620776,0.8504684242974996
2014-12-12,-1.634646579165845,0.8068289386994593
2014-12-15,-0.6362786271721939,1.0342841734317334
2014-12-16,-0.8525259865380821,1.068977076109733
2014-12-17,2.0148073243295617,1.1336430397864925
2014-12-18,2.373137488570905,1.0723015670454996
2014-12-19,0.4559637967419008,1.0177962043367128
2014-12-22,0.3803222479927145,0.9602502918956094
2014-12-23,0.1744838629704487,0.9072751667624523
2014-12-24,-0.0139306241074564,0.8578765854137943
2014-12-26,0.3304109982120948,0.8168583035703882
2014-12-29,0.0861403428089447,0.7754198723897613
2014-12-30,-0.4900593034504285,0.7362633829328195
2014-12-31,-1.036438356125046,0.775140509878489
2015-01-02,-0.034002147313528,0.8991742601956392
2015-01-05,-1.844721353258727,0.8575895298030354
2015-01-06,-0.8933254690700171,1.117511169273716
2015-01-07,1.1562735844876304,1.1837680194941307
2015-01-08,1.773016812715569,1.1145058807450454
2015-01-09,-0.8439322147078786,1.0538776268207863
2015-01-12,-0.8126616843470486,1.1186746133281835
2015-01-13,-0.2581885435816322,1.1723282248885671
2015-01-14,-0.583002896797565,1.1387904980618755
2015-01-15,-0.9290903004567546,1.1557247085295619
2015-01-16,1.3334893186267298,1.2237561298552653
2015-01-20,0.1548752433400387,1.1516077453492513
2015-01-21,0.472046502218936,1.0811930113286528
2015-01-22,1.5154313070630328,1.0182410012268044
2015-01-23,-0.5506656279301936,0.9649331726462328
2015-01-26,0.2565167998623274,0.9930042676222702
2015-01-27,-1.3478287815857577,0.9367663270248011
2015-01-28,-1.358750281102202,1.0962371661030446
2015-01-29,0.948951705826357,1.2395681291461214
2015-01-30,-1.3077099006318498,1.1644443360641568
2015-02-02,1.2879170000215296,1.291883150335095
2015-02-03,1.4336238577453098,1.213343079984444
2015-02-04,-0.4164706572452961,1.1425375473543553
2015-02-05,1.0238810710909236,1.134557290260133
2015-02-06,-0.342402761187852,1.0691415237897093
2015-02-09,-0.4256239310481708,1.0570173275407737
2015-02-10,1.0618979554062369,1.0581469712231384
2015-02-11,-0.0029034010158247,0.9995709595728353
2015-02-12,0.9598295065916026,0.9452355742007132
2015-02-13,0.4066459227779422,0.8958591267868912
2015-02-17,0.1596299697798396,0.8483374461704871
2015-02-18,-0.0314358623228748,0.8036845862559464
2015-02-19,-0.1062621715718928,0.76947424919671
2015-02-20,0.6107842721055837,0.7485854638205162
2015-02-23,-0.0303385211985694,0.7136477706230105
2015-02-24,0.2754972468831103,0.6863023174749027
2015-02-25,-0.0766016963602602,0.6547472057145568
2015-02-26,-0.147711863025381,0.6384291075788208
2015-02-27,-0.296068304863237,0.6336091144542816
2015-03-02,0.6106238181133017,0.6511743400638682
2015-03-03,-0.4548872603817567,0.6235986104961776
2015-03-04,-0.4398161230154572,0.6664204846962649
2015-03-05,0.1195365251036088,0.7033668976641996
2015-03-06,-1.4275356362467069,0.6698916269309704
2015-03-09,0.3936662357975968,0.8774946513285456
2015-03-10,-1.7106820937141425,0.8314234774674498
2015-03-11,-0.1919520676484767,1.0697081033803086
2015-03-12,1.2522702206037069,1.0359000736211588
2015-03-13,-0.6093237090196838,0.9800126513896835
2015-03-16,1.344290902385591,1.0156140408992445
2015-03-17,-0.3325697707782002,0.9618390082981856
2015-03-18,1.2085101501628708,0.9577385987436633
2015-03-19,-0.4884489126950175,0.9083207946473333
2015-03-20,0.8972382193259681,0.9320490539604419
2015-03-23,-0.1747256606713301,0.8835193849095985
2015-03-24,-0.6158345701590925,0.8631911417319476
2015-03-25,-1.4665926527239062,0.9104110420009686
2015-03-26,-0.2380330737473896,1.093691724880277
2015-03-27,0.236576072950336,1.0643368337285593
2015-03-30,1.2162382647149437,1.001902629097291
2015-03-31,-0.8834686217530795,0.9487803942648774
2015-04-01,-0.3973254201847525,1.0300588232092764
2015-04-02,0.3523452303714153,1.0294451576509656
2015-04-06,0.6587072647165644,0.9704845671598542
2015-04-07,-0.2064032708587167,0.9177719454648139
2015-04-08,0.26789415573472,0.8991296189937106
2015-04-09,0.4447575873625805,0.850778619161738
2015-04-10,0.5189376899456222,0.8070825570646952
2015-04-13,-0.4591806820961145,0.7671858793066847
2015-04-14,0.162843225851382,0.7986850504134364
2015-04-15,0.5134989044995592,0.7580097599724515
2015-04-16,-0.0778746757985199,0.7219455266480485
2015-04-17,-1.137570418905323,0.7007125425355589
2015-04-20,0.9192748586536724,0.8506152700499577
2015-04-21,-0.1481702504767951,0.808856163981559
2015-04-22,0.5074582853386292,0.7908298297636522
2015-04-23,0.2354940842552367,0.752172166008665
2015-04-24,0.2250266824753486,0.7154313523300702
2015-04-27,-0.4149913240734652,0.6814694532777762
2015-04-28,0.2765404437346507,0.71334440379547
2015-04-29,-0.3747348127573222,0.6797507832700217
2015-04-30,-1.0180553033248203,0.7055990677527791
2015-05-01,1.0863776563455256,0.8339172065860441
2015-05-04,0.293643314776302,0.7941823429615151
2015-05-05,-1.19080033585301,0.754392765475627
2015-05-06,-0.4465681140931977,0.9075192630667047
2015-05-07,0.3766710469475405,0.9250236564768639
2015-05-08,1.3368147987361163,0.8749736548630314
2015-05-11,-0.5102556456082039,0.83293163247097
2015-05-12,-0.2953996439367266,0.8665823401983771
2015-05-13,-0.0305001290651667,0.8651827103983853
2015-05-14,1.0721604261760034,0.8258921753829571
2015-05-15,0.0768118827866475,0.7867431082706362
2015-05-18,0.3043312472570502,0.7466607019262207
2015-05-19,-0.0643581597842015,0.7106258366055791
2015-05-20,-0.0930949450794048,0.6883364865404843
2015-05-21,0.2335145908744808,0.6718535034009229
2015-05-22,-0.2236385149483597,0.6412072283224654
2015-05-26,-1.0335204907502331,0.6473460809105815
2015-05-27,0.912091892911008,0.7848175385161437
2015-05-28,-0.1267563917487054,0.7482781808629029
2015-05-29,-0.6338515184097658,0.7319964850892484
2015-06-01,0.205734349914766,0.7938245170800574
2015-06-02,-0.100910516534782,0.7537068097229979
2015-06-03,0.2116629469755999,0.7332938617743773
2015-06-04,-0.8660562215101069,0.6979120834969402
2015-06-05,-0.1437215232732535,0.8010122004795516
2015-06-08,-0.6495560338305542,0.7829784100196104
2015-06-09,0.0418265519002764,0.8427138087141495
2015-06-10,1.1970491752514407,0.7980376015647935
2015-06-11,0.1737116756528132,0.7616149091514227
2015-06-12,-0.7018874653102702,0.7238904401688392
2015-06-15,-0.4633289621771347,0.797381610657504
2015-06-16,0.5673730515753803,0.8269410665398643
2015-06-17,0.197768439507284,0.7856581929858384
2015-06-18,0.9854000054008836,0.7461512516102992
2015-06-19,-0.531761523794962,0.7129280641004855
2015-06-22,0.6076367981542122,0.7602941802679931
2015-06-23,0.0635666425193386,0.7244351195346016
2015-06-24,-0.7380465718305258,0.689130427334156
2015-06-25,-0.2978004156596414,0.7717523176862587
2015-06-26,-0.0390155744922384,0.7785675936312705
2015-06-29,-2.108696950861153,0.7474120542825343
2015-06-30,0.265496235246741,1.0796210874143808
2015-07-01,0.6912096434637041,1.0159759040665717
2015-07-02,-0.0308070189546534,0.9595334675776487
2015-07-06,-0.3869232698897424,0.9124736420891663
2015-07-07,0.6062560593868743,0.9206584986917347
2015-07-08,-1.679296491214163,0.8718979468792671
2015-07-09,0.2259647644819989,1.0986076148420636
2015-07-10,1.226298638500772,1.0331471347118388
2015-07-13,1.1005268507355188,0.977391636354032
2015-07-14,0.444327323650017,0.9258811744612507
2015-07-15,-0.0735256300737286,0.8760332262730061
2015-07-16,0.7982733444475738,0.8419120386972766
2015-07-17,0.110557162445071,0.8003640151500397
2015-07-20,0.0770936624001602,0.7593441999220927
2015-07-21,-0.4270796242723094,0.7214043309896633
2015-07-22,-0.2390565020190279,0.7518366732352746
2015-07-23,-0.5692210211379454,0.7515931527708559
2015-07-24,-1.0761020696661188,0.8014731519467858
2015-07-27,-0.5791755065064178,0.9294580341960166
2015-07-28,1.2310073801889354,0.9650627939477321
2015-07-29,0.7292142927383681,0.9151201539677878
2015-07-30,0.0028366904022368,0.8673153873325817
2015-07-31,-0.2274103801051709,0.8231882859476829
2015-08-03,-0.276069394490455,0.8154566342951597
2015-08-04,-0.2252239166932867,0.8154778608450414
2015-08-05,0.3109838185490679,0.8080593921436693
2015-08-06,-0.7783195922562142,0.7672418836749182
2015-08-07,-0.2879022856337714,0.8490829018867634
2015-08-10,1.2726835632025084,0.8480500996341626
2015-08-11,-0.9603064680182268,0.807934116960047
2015-08-12,0.0949603638214694,0.9157355465783109
2015-08-13,-0.1276025868381203,0.8653178047303312
2015-08-14,0.3904332274359137,0.839750594022614
2015-08-17,0.5197891709402951,0.7967231701073431
2015-08-18,-0.26289829356331,0.7576504086329376
2015-08-19,-0.8289136409597112,0.7604490417832662
2015-08-20,-2.132596045414616,0.8512162575249541
2015-08-21,-3.23692425218784,1.168771091015444
2015-08-24,-4.021144434651916,1.6514395555402896
2015-08-25,-1.3614249742655895,2.197677495664513
2015-08-26,3.829129943453164,2.2203003972316733
2015-08-27,2.400725448969004,2.059423119767465
2015-08-28,0.0608551156876215,1.9097866628679496
2015-08-31,-0.8427078663984168,1.766307250671111
2015-09-01,-3.0022649842427995,1.759218258627974
2015-09-02,1.812767142321464,2.0993932399150346
2015-09-03,0.1164115699418892,1.943265559330659
2015-09-04,-1.544830875427624,1.7965861493442548
2015-09-08,2.4773637197038503,1.891924910983962
2015-09-09,-1.3995035769084718,1.7598321911158763
2015-09-10,0.5264075444935657,1.8368684154684227
2015-09-11,0.447700644498628,1.702624173959431
2015-09-14,-0.409804122304381,1.581485991147619
2015-09-15,1.274968763143236,1.5306797353320993
2015-09-16,0.8667740715375899,1.4296160289336335
2015-09-17,-0.2564344442560098,1.3365608215095799
2015-09-18,-1.629623095438354,1.2876095100089224
2015-09-21,0.4555392033672696,1.4541686503981892
2015-09-22,-1.2394930019378314,1.3571500977095206
2015-09-23,-0.2050744229593946,1.4529785947346399
2015-09-24,-0.336865187130644,1.385759625349564
2015-09-25,-0.0465901801220549,1.3435783925194946
2015-09-28,-2.600121116280911,1.264607406920658
2015-09-29,0.1232093912981713,1.6050148137039981
2015-09-30,1.889589860356512,1.492172688708799
2015-10-01,0.1971938678337172,1.3972570059161473
2015-10-02,1.4213793016405512,1.3045767375248645
2015-10-05,1.812459351850216,1.225404344189416
2015-10-06,-0.35946893441433,1.1550323743464326
2015-10-07,0.8003519857552759,1.137625757307146
2015-10-08,0.8779780144558488,1.0710399251000562
2015-10-09,0.0724848560515357,1.0106044530070055
2015-10-12,0.127466447733306,0.9521292645314228
2015-10-13,-0.6848823690127077,0.8988154933033976
2015-10-14,-0.4727430911939143,0.9535178312980724
2015-10-15,1.4743551351355089,0.970888892895843
2015-10-16,0.4560061373697022,0.9214405814790441
2015-10-19,0.0270508943873059,0.8720080616801837
2015-10-20,-0.1422101055893761,0.8249022505503514
2015-10-21,-0.5842448911134254,0.8047226549040872
2015-10-22,1.6490847012594123,0.8522660334101829
2015-10-23,1.0969953969042787,0.8133409778792652
2015-10-26,-0.191493300110011,0.7752954006634147
2015-10-27,-0.255738586508774,0.7662252226209002
2015-10-28,1.1770488488143476,0.7672767561763333
2015-10-29,-0.0449875380660723,0.7331924980867451
2015-10-30,-0.4821481688425431,0.7064185153736229
2015-11-02,1.1803876338814607,0.746598719033359
2015-11-03,0.2724352925067521,0.7141365852105034
2015-11-04,-0.3551666939647187,0.6804660095878435
2015-11-05,-0.1132789756498302,0.7032781524767971
2015-11-06,-0.034768178002366,0.688552975644119
2015-11-09,-0.9871290656502512,0.6637394860828205
2015-11-10,0.1509455153449644,0.7912000738303658
2015-11-11,-0.3233307321568945,0.7510672353243336
2015-11-12,-1.4089163336632673,0.7633693416988127
2015-11-13,-1.127064043215544,0.9547156065671932
2015-11-16,1.4793302794234362,1.0749729871918319
2015-11-17,-0.1340277018246574,1.0166202703479292
2015-11-18,1.6033229877172244,0.9792161108961577
2015-11-19,-0.1123740328979201,0.9295866173020063
2015-11-20,0.3802955280149416,0.8965198489676476
2015-11-23,-0.1235623841684088,0.8488374040787021
2015-11-24,0.1221249944960792,0.824043587433067
2015-11-25,-0.0129140614967155,0.7811886441416729
2015-11-27,0.0593441559480839,0.7461539878988308
2015-11-30,-0.4651800139618441,0.709163681167439
2015-12-01,1.062393894673922,0.7464827992061217
2015-12-02,-1.105659263944892,0.7135480389130023
2015-12-03,-1.4477826444150088,0.8563189357866939
2015-12-04,2.031785636385123,1.0429153417139108
2015-12-07,-0.7014043960397749,0.9895757810023756
2015-12-08,-0.6511052625594548,1.0384027374981049
2015-12-09,-0.7769086365692726,1.0749660639827416
2015-12-10,0.2248856578594677,1.1273336564202645
2015-12-11,-1.961386775581532,1.0593462225983619
2015-12-14,0.4744288064068024,1.3120115954265903
2015-12-15,1.0562580105914383,1.2283636610922435
2015-12-16,1.4410635650771484,1.1546854872436858
2015-12-17,-1.5154776635876426,1.0891639419963566
2015-12-18,-1.7957495007106823,1.2596381476805898
2015-12-21,0.77483067271562,1.4574247570520924
2015-12-22,0.8778095591568889,1.361369771861529
2015-12-23,1.2341596527553889,1.2747603663565836
2015-12-24,-0.1599915403863319,1.197574182295932
2015-12-28,-0.2180936456306016,1.14782509374502
2015-12-29,1.0573664173022947,1.1107874911844944
2015-12-30,-0.7243398783778549,1.047601450813036
2015-12-31,-0.9456485041467846,1.094492834188498
2016-01-04,-1.5422041797805928,1.1712200769806973
2016-01-05,0.2010204139359939,1.3366773286914515
2016-01-06,-1.320216300262602,1.2496586583547409
2016-01-07,-2.3985816519344776,1.3698751837456766
2016-01-08,-1.089753744584791,1.6582308910870067
2016-01-11,0.0852908295822672,1.6991573670592994
2016-01-12,0.7772514117774639,1.5769258047420107
2016-01-13,-2.528237507790891,1.469412034396846
2016-01-14,1.6558060934383971,1.7669395248128936
2016-01-15,-2.183577269816237,1.6441977746014924
2016-01-19,0.0531680187428828,1.8598242741151638
2016-01-20,-1.1762766025898372,1.7213888167919582
2016-01-21,0.5181988635948063,1.7686318628809716
2016-01-22,2.008072688221347,1.6412086033888005
2016-01-25,-1.5761545172821467,1.5323243992616384
2016-01-26,1.4045237830367907,1.6622728427633777
2016-01-27,-1.0922922300528426,1.5489159605588847
2016-01-28,0.5513350717591524,1.601750077014604
2016-01-29,2.4458650994556432,1.4909258819122853
2016-02-01,-0.0443334845541805,1.3983547080967451
2016-02-02,-1.892096871823143,1.3139510416802118
2016-02-03,0.4979620021574023,1.5214718449421936
2016-02-04,0.1525568292523437,1.4181987318589897
2016-02-05,-1.8654158276351849,1.32337265332247
2016-02-08,-1.4255057923057348,1.5252071633553217
2016-02-09,-0.0663840646760225,1.6320955248679556
2016-02-10,-0.0188968130760916,1.5282725778589918
2016-02-11,-1.2377447329256217,1.4280083862568103
2016-02-12,1.933001520704595,1.516013973729679
2016-02-16,1.6381737741684916,1.418986617185148
2016-02-17,1.6346110625641337,1.3300168849429088
2016-02-18,-0.4676632123934705,1.2493496612380324
2016-02-19,-0.0026033281801842,1.2389176900578116
2016-02-22,1.4350731099076084,1.163481997564441
2016-02-23,-1.253257757078849,1.0971532837041766
2016-02-24,0.4429960034631948,1.222979463485299
2016-02-25,1.1284366730450843,1.1473297772806723
2016-02-26,-0.1871865329564653,1.081203406570822
2016-02-29,-0.8154131091571704,1.0457050511801895
2016-03-01,2.358838540161873,1.106851849137103
2016-03-02,0.4085949861101922,1.0492645606857343
2016-03-03,0.3492634320316937,0.988825161513544
2016-03-04,0.3300439865941698,0.93331503621077
2016-03-07,0.0884622800863948,0.8823880252379837
2016-03-08,-1.130375605600619,0.8346841036431293
2016-03-09,0.5039672782814251,0.9683352812350234
2016-03-10,0.0155792797122626,0.9151792318967112
2016-03-11,1.626254558885149,0.8653542210966463
2016-03-14,-0.1261768616611857,0.8252734979823696
2016-03-15,-0.1838630934317958,0.8027686366383484
2016-03-16,0.5584727881779918,0.7903802139594867
2016-03-17,0.6573583068596323,0.7519651347409546
2016-03-18,0.4395967251026177,0.7169552052120457
2016-03-21,0.0985091904292301,0.6837501901878197
2016-03-22,-0.0877772896772251,0.6516659887776761
2016-03-23,-0.640650953066712,0.6371812275946187
2016-03-24,-0.0378141779376819,0.7086026600570214
2016-03-28,0.0545106888072358,0.6826996242873306
2016-03-29,0.877801205423741,0.6505150991491692
2016-03-30,0.4340879993566219,0.6240810925445585
2016-03-31,-0.2041842359620711,0.597764346718617
2016-04-01,0.6310959066599756,0.6042891315805786
2016-04-04,-0.3213480045854618,0.5802060447010956
2016-04-05,-1.019629841179453,0.6057424992297807
2016-04-06,1.0452797932013158,0.7454768768918631
2016-04-07,-1.204807397000487,0.7125501271859185
2016-04-08,0.2782702604616283,0.8731058290973666
2016-04-11,-0.2743545889603834,0.8269256939337616
2016-04-12,0.9615753881389976,0.8257473776588757
2016-04-13,0.9990069768557897,0.7861603693688597
2016-04-14,0.0172912430132425,0.7498690968861228
2016-04-15,-0.0984769576145959,0.7130468985622653
2016-04-18,0.6519725613797989,0.6954450427473587
2016-04-19,0.3079737902866533,0.6647366790062823
2016-04-20,0.07612550492345,0.6349227221352923
2016-04-21,-0.5207562857292034,0.6063562824019317
2016-04-22,0.0047858579540742,0.6610621544123593
2016-04-25,-0.1813689620762995,0.6327208186876987
2016-04-26,0.187100017423693,0.6332585847979757
2016-04-27,0.164799411174684,0.6052660040794788
2016-04-28,-0.9273636061561672,0.579205016471934
2016-04-29,-0.5075949230557177,0.7053424097093716
2016-05-02,0.7779606697244105,0.7495768916663177
2016-05-03,-0.8714499388395888,0.7152430418711669
2016-05-04,-0.595458270547255,0.8175209271126401
2016-05-05,-0.0239036692794152,0.8656716058819045
2016-05-06,0.3169610553552606,0.8254164512376716
2016-05-09,0.0753213307609947,0.7832406100117837
2016-05-10,1.240636523603733,0.7434273401322444
2016-05-11,-0.9607522877868724,0.7114566472142341
2016-05-12,-0.0169479267964244,0.8292684699057329
2016-05-13,-0.8514434161752484,0.7909804312262242
2016-05-16,0.9748976389612768,0.8824793687766038
2016-05-17,-0.9455863552162806,0.8383548809547531
2016-05-18,0.0205157686401279,0.9406401166799948
2016-05-19,-0.3713594522720624,0.8880162089560851
2016-05-20,0.6001459222804671,0.8960003801434557
2016-05-23,-0.2087636568101688,0.8492496045692882
2016-05-24,1.3588637533990109,0.8366667202972569
2016-05-25,0.6950529651583447,0.7978192168391715
2016-05-26,-0.021046604992859,0.7593715500542977
2016-05-27,0.4277694939439437,0.7271877415432565
2016-05-31,-0.1005768620589989,0.6931528056559161
2016-06-01,0.1134398653926189,0.6773768336879641
2016-06-02,0.2820696166986195,0.6458299037384947
2016-06-03,-0.2916062236694851,0.6173054429492201
2016-06-06,0.4885328519363623,0.6354576818750881
2016-06-07,0.1288615629197613,0.608535695557337
2016-06-08,0.3304101971954724,0.5820934621653228
2016-06-09,-0.1719235597893807,0.5583583038022
2016-06-10,-0.9217532410166118,0.5629849891963953
2016-06-13,-0.8148298789709478,0.6899176338383572
2016-06-14,-0.1800505071971903,0.7852031201585468
2016-06-15,-0.1842409063810195,0.7736786721463954
2016-06-16,0.3128093111045572,0.7636853182535057
2016-06-17,-0.3263284144608922,0.7263642528328159
2016-06-20,0.5791382778423102,0.7411223549520174
2016-06-21,0.2708390604209703,0.706632441907481
2016-06-22,-0.165292899657585,0.67352523430049
2016-06-23,1.3275567071955108,0.6686140673330762
2016-06-24,-3.658079280558263,0.6426819422343051
2016-06-27,-1.8262246511702755,1.4226659626690918
2016-06-28,1.7614121604087918,1.6059535148672879
2016-06-29,1.6889242971253915,1.4995351200143583
2016-06-30,1.3473863149466128,1.4031131197114788
2016-07-01,0.1946706293032022,1.3144747874493021
2016-07-05,-0.6871028985598719,1.2294823365192384
2016-07-06,0.5338687058275959,1.2533617164222697
2016-07-07,-0.0871957886733,1.1753219290180028
2016-07-08,1.51381865659924,1.1173664970410646
2016-07-11,0.3402819311998238,1.0554407143469005
2016-07-12,0.6984842307345719,0.9941932054301914
2016-07-13,0.0134758674981703,0.939635741401253
2016-07-14,0.5245422801697,0.8880727703878196
2016-07-15,-0.0929379059871143,0.8416663887975098
2016-07-18,0.2379461821868736,0.81309796161542
2016-07-19,-0.1436204500415386,0.7715842220430364
2016-07-20,0.4261208315763991,0.7558878331269019
2016-07-21,-0.3619069856524975,0.7196332328638256
2016-07-22,0.4543626789510244,0.7402946876922036
2016-07-25,-0.30160187399297,0.7053609334188853
2016-07-26,0.0322732160719412,0.7181047758754927
2016-07-27,-0.1199260946808637,0.6831560617587443
2016-07-28,0.1604920448092453,0.6709276261033205
2016-07-29,0.1629980117657865,0.6400528378048013
2016-08-01,-0.1270594147491058,0.611465976990074
2016-08-02,-0.6381940812667669,0.6056377300032825
2016-08-03,0.3129042716071097,0.6794934679805652
2016-08-04,0.0212549299489087,0.6486006594547841
2016-08-05,0.856669728938006,0.6188658601537975
2016-08-08,-0.0907577291541599,0.5946574489869643
2016-08-09,0.0389717986555982,0.5847895149698956
2016-08-10,-0.2868797063488285,0.5596719056839808
2016-08-11,0.4723415102443644,0.5814932909847461
2016-08-12,-0.0796363386914057,0.5583819740207207
2016-08-15,0.2789016294521772,0.5494974623385199
2016-08-16,-0.5494142216478226,0.527828564007462
2016-08-17,0.1866846006155566,0.5938879209603716
2016-08-18,0.2197201696382422,0.568728680968918
2016-08-19,-0.1441309568768186,0.5454800402021271
2016-08-22,-0.0563481883323107,0.5469225670991693
2016-08-23,0.1949867178361733,0.5354822930558268
2016-08-24,-0.5254055259671874,0.5144324913713789
2016-08-25,-0.1366160396645455,0.5776725789863496
2016-08-26,-0.1580064238713278,0.5757034210667024
2016-08-29,0.5214428428674345,0.5770185216181867
2016-08-30,-0.1955591407122778,0.5544241815003441
2016-08-31,-0.2378691105562606,0.5628496118266717
2016-09-01,-0.0041385389411442,0.5770012020076694
2016-09-02,0.4192241599034617,0.556001094363842
2016-09-06,0.2977242370005349,0.5344573543233219
2016-09-07,-0.014639593829345,0.5138990951413481
2016-09-08,-0.2225488192470288,0.4987500012437355
2016-09-09,-2.482774241083641,0.515233774789419
2016-09-12,1.4570387233434434,1.0108518842330685
2016-09-13,-1.4941748278210834,0.957939922435965
2016-09-14,-0.0587849399812835,1.1402999550478636
2016-09-15,1.005851644943989,1.0815049867595874
2016-09-16,-0.37794277955721,1.020673948457911
2016-09-19,-0.0018603233824686,1.0180513339030808
2016-09-20,0.0299093484234177,0.9619945690283866
2016-09-21,1.085800033363595,0.907460920779581
2016-09-22,0.6478751917642122,0.8617330881013235
2016-09-23,-0.5753292959718775,0.8179731070132366
2016-09-26,-0.8624850117916046,0.8629571473133321
2016-09-27,0.6423495165298114,0.9492426220662264
2016-09-28,0.5282576603642458,0.8982476390625798
2016-09-29,-0.9365127730081196,0.8510214089442859
2016-09-30,0.79363925880277,0.9505428952905713
2016-10-03,-0.3266023181527122,0.9000503606933037
2016-10-04,-0.4967881786362002,0.9003970903828242
2016-10-05,0.4287486231196994,0.9260830313315727
2016-10-06,0.0481443852604502,0.8761554146352731
2016-10-07,-0.3258787441614204,0.8287971235579268
2016-10-10,0.4595330317324387,0.8350579351976168
2016-10-11,-1.2524577697755963,0.7926874017050093
2016-10-12,0.114593220639882,0.9522446242047583
2016-10-13,-0.3104076412233994,0.8988693270871326
2016-10-14,0.020158415912115,0.8969389745552218
2016-10-17,-0.3042618111840263,0.8479803710396724
2016-10-18,0.6141505605698631,0.8494444951203575
2016-10-19,0.2189572155350499,0.8065423919310267
2016-10-20,-0.1376671131380955,0.7654723434604157
2016-10-21,-0.0084145140154779,0.7494039910166029
2016-10-24,0.4738594647427365,0.7162189472579811
2016-10-25,-0.3804957464706359,0.6832095324683032
2016-10-26,-0.1741927921187231,0.7096567221025024
2016-10-27,-0.2991195906008866,0.7032559620084599
2016-10-28,-0.311314013962507,0.7157965056849575
2016-10-31,-0.0122283884198553,0.7291576429108676
2016-11-01,-0.6810019108735079,0.6980707784693458
2016-11-02,-0.6546884453454002,0.7705450718856391
2016-11-03,-0.4433213022609399,0.8322176189254951
2016-11-04,-0.166752027169296,0.85575621250483
2016-11-07,2.1980199729464904,0.8365785339486002
2016-11-08,0.376487839715753,0.8011611141144805
2016-11-09,1.1016119879656034,0.761155937976596
2016-11-10,0.1948845716095396,0.7272416311061549
2016-11-11,-0.1398928347797605,0.692255666155801
2016-11-14,-0.0115509457183237,0.6822182524487092
2016-11-15,0.7452955022089459,0.6546001391417411
2016-11-16,-0.1583516522375953,0.6273223888023272
2016-11-17,0.4665469361197901,0.6248873124562824
2016-11-18,-0.238965136554844,0.5986448063816859
2016-11-21,0.7433702070873875,0.6102925044204401
2016-11-22,0.2163091103593048,0.5862383564273943
2016-11-23,0.0807698156908801,0.5617431439906073
2016-11-25,0.3906745613423708,0.5384134716752073
2016-11-28,-0.5268389254735216,0.5179660147271972
2016-11-29,0.1334402353261901,0.5811422459053546
2016-11-30,-0.2656930555156394,0.5566683071870482
2016-12-01,-0.3521722966763813,0.5754876100132087
2016-12-02,0.0396927720084623,0.6061384623544877
2016-12-05,0.5804426926743671,0.5795041695596818
2016-12-06,0.3405084468874609,0.5569765895521422
2016-12-07,1.307735874472335,0.5350422345703376
2016-12-08,0.2157015016871101,0.5186060357872149
2016-12-09,0.5921418532969714,0.49878782642139624
2016-12-12,-0.1138082290599516,0.4818470415436832
2016-12-13,0.651848320123699,0.4832325908592132
2016-12-14,-0.8150295461858615,0.4675671896322948
2016-12-15,0.3875707687553573,0.5857734759083753
2016-12-16,-0.1752156750980241,0.5620121171204588
2016-12-19,0.1973172715211258,0.5668625367119798
2016-12-20,0.3630912401152755,0.5436527020102337
2016-12-21,-0.2460385724677666,0.522732142862267
2016-12-22,-0.1864711222396504,0.541060966629704
2016-12-23,0.1250932535079235,0.5490953910434317
2016-12-27,0.2245848904548634,0.5268239796489494
2016-12-28,-0.8391640709771516,0.5064856779175447
2016-12-29,-0.0293347731868372,0.6247645519849909
2016-12-30,-0.4647834696854234,0.6039127152897604
2017-01-03,0.8450766753157112,0.6499127457997085
2017-01-04,0.5705963770549438,0.6233891355092943
2017-01-05,-0.0770967602481184,0.5976809585460727
2017-01-06,0.3510789180579059,0.585623915425971
2017-01-09,-0.3554905471559629,0.5617237177932445
2017-01-10,0.0,0.59395682625396
2017-01-11,0.2825642389101951,0.5711690307059235
2017-01-12,-0.2147112393729617,0.5480067675486135
2017-01-13,0.1848131395146655,0.5597644576253024
2017-01-17,-0.2971914456218445,0.5369983422620985
2017-01-18,0.176220046980932,0.5620999675295626
2017-01-19,-0.3615837624319374,0.5391360936584568
2017-01-20,0.3360584061299942,0.5740655472387493
2017-01-23,-0.2693749646069815,0.5509190848140668
2017-01-24,0.6543140528962317,0.570726115578286
2017-01-25,0.7994052795968681,0.549119536059595
2017-01-26,-0.0735654935263103,0.5296152840215079
2017-01-27,-0.0866839489741592,0.5218612466247907
2017-01-30,-0.6027673496096654,0.516546310784529
2017-01-31,-0.0890301608032545,0.592504675847436
2017-02-01,0.0298318988116289,0.5825426230503502
2017-02-02,0.0570146838691013,0.5575464047668738
2017-02-03,0.7238496854553608,0.5344113148198094
2017-02-06,-0.2117597513709103,0.5156081514352746
2017-02-07,0.0226803463845771,0.5292579384538744
2017-02-08,0.0693082148609631,0.5079263581630155
2017-02-09,0.573606373596025,0.48822515805812566
2017-02-10,0.3559706822009091,0.4719079676070125
2017-02-13,0.5232133584011204,0.45576199355965963
2017-02-14,0.3999327195672579,0.44134893730589375
2017-02-15,0.497988866573445,0.42734408585239003
2017-02-16,-0.0864491601550169,0.41462450773284515
2017-02-17,0.1677149327237158,0.4163734034183828
2017-02-21,0.6029850020069154,0.4029677055179735
2017-02-22,-0.1082786146804093,0.3921857235073356
2017-02-23,0.0418898971259233,0.3985855298858002
2017-02-24,0.1492250232031652,0.3857446493173033
2017-02-27,0.1017465267733664,0.3741172630426607
2017-02-28,-0.2581706115194909,0.3629802909176894
2017-03-01,1.3581211083725322,0.39440163762641317
2017-03-02,-0.587711697210527,0.38729067027981184
2017-03-03,0.0503750368534789,0.4726027860023303
2017-03-06,-0.3282622763565812,0.4551536080781299
2017-03-07,-0.2917625902089877,0.4911814815244665
2017-03-08,-0.2286827964063899,0.5188355740428153
2017-03-09,0.0799575612766386,0.534811930124158
2017-03-10,0.3263339705858542,0.5133364417713407
2017-03-13,0.0366565619169632,0.49432781173844365
2017-03-14,-0.3384748980891005,0.4753975825687752
2017-03-15,0.8339879124686365,0.5115371770886786
2017-03-16,-0.1628034799183614,0.4947408434360551
2017-03-17,-0.1315179264231435,0.5025120777048612
2017-03-20,-0.2011916080380294,0.5051013503492595
2017-03-21,-1.2485594590102116,0.5179047116373481
2017-03-22,0.1888102847462667,0.7131442691782149
2017-03-23,-0.1060832144830083,0.6792091151555091
2017-03-24,-0.0844352213938482,0.665285439011918
2017-03-27,-0.102010758584563,0.6493018907396105
2017-03-28,0.7225308829623951,0.6370421814631455
2017-03-29,0.1084736203830169,0.610961643136159
2017-03-30,0.2930810911705013,0.5842619131307513
2017-03-31,-0.2257593938266817,0.560220674636667
2017-04-03,-0.1643475308013331,0.5727442043445079
2017-04-04,0.0559366074661371,0.5752090832632752
2017-04-05,-0.3059536811522123,0.5508360054932863
2017-04-06,0.1927650293734993,0.5762451726166818
2017-04-07,-0.0827472462944871,0.5523588402631819
2017-04-10,0.0687450135783276,0.5443487545955249
2017-04-11,-0.1434908291958284,0.5221736501904152
2017-04-12,-0.3767037418986906,0.5251661976826394
2017-04-13,-0.6838020289804216,0.563550900265613
2017-04-17,0.8576465691107291,0.6488826422694842
2017-04-18,-0.2907602845833255,0.6224863832199587
2017-04-19,-0.1717825396868574,0.6401110692494689
2017-04-20,0.7528850362973852,0.6386847122466771
2017-04-21,-0.3039688107115378,0.612608270394426
2017-04-24,1.0781736588111828,0.6329965918685915
2017-04-25,0.6072214211751177,0.60866953324314
2017-04-26,-0.0485821475687349,0.5841741304233805
2017-04-27,0.0552767000299206,0.5689928524982774
2017-04-28,-0.1914979471490041,0.5450529068282612
2017-05-01,0.1730791826893825,0.5535500740653211
2017-05-02,0.1188343585811529,0.5311672052492932
2017-05-03,-0.1272169395827386,0.5100996823142937
2017-05-04,0.0581933287869546,0.5115307579829333
2017-05-05,0.4080359407478359,0.4915424264441304
2017-05-08,0.0037445271907879,0.4743235674902413
2017-05-09,-0.1025774556793217,0.4591839348420922
2017-05-10,0.1129962717449474,0.46042844666351135
2017-05-11,-0.2165151374106618,0.44402366490847517
2017-05-12,-0.1479535340794259,0.46341333779033755
2017-05-15,0.4765142303015233,0.47110817121216114
2017-05-16,-0.0687133036986045,0.4555114127181977
2017-05-17,-1.834546817111504,0.4520327941117479
2017-05-18,0.3680038627215951,0.7967933945633942
2017-05-19,0.67447032082007,0.7570992087478114
2017-05-22,0.514686329600843,0.7217604594004216
2017-05-23,0.183618517238041,0.688494470236278
2017-05-24,0.2486033804576294,0.6564007939297521
2017-05-25,0.4432112041978174,0.6269616573018072
2017-05-26,0.0310501785302423,0.6004731388086478
2017-05-30,-0.1205350729533819,0.5742088221947693
2017-05-31,-0.0460074619951327,0.5701386036510258
2017-06-01,0.7542595584847225,0.5555849361852082
2017-06-02,0.370087461804602,0.5354465853562504
2017-06-05,-0.1218407140428638,0.5151177701702544
2017-06-06,-0.2782908666204083,0.515410177789268
2017-06-07,0.1567028796347538,0.5392060392619662
2017-06-08,0.0267169035664767,0.5177443748139351
2017-06-09,-0.0830333866187276,0.49720902277130075
2017-06-12,-0.0979242479718113,0.49304674888845273
2017-06-13,0.450135884323014,0.49134156630917514
2017-06-14,-0.0996326965317602,0.47430943130158104
2017-06-15,-0.2242109796840374,0.47411548812845844
2017-06-16,0.0283599150059695,0.4925925681695578
2017-06-19,0.8312583206893995,0.47374303153840747
2017-06-20,-0.6719160446931665,0.45944098907736075
2017-06-21,-0.0582814193271596,0.5526818943430575
2017-06-22,-0.0455885972438085,0.5411175189490367
2017-06-23,0.1559698555409097,0.5285343876168848
2017-06-26,0.0315751939732361,0.5077983402677075
2017-06-27,-0.8105586575672906,0.487950912277848
2017-06-28,0.8769501646551084,0.6030751457248362
2017-06-29,-0.8637216844141349,0.5800876281077713
2017-06-30,0.1532057610873533,0.6948343076439341
2017-07-03,0.230816797914758,0.6621400745934158
2017-07-05,0.14522240362887,0.6322040535363955
2017-07-06,-0.9412987306866184,0.6041174417483991
2017-07-07,0.6382712569615802,0.7299971254125829
2017-07-10,0.0927336103512565,0.6966037815376055
2017-07-11,-0.0782987066082173,0.6635302775806529
2017-07-12,0.7279050947821435,0.6467987829388889
2017-07-13,0.1872829473473065,0.6200247921979677
2017-07-14,0.4662616170009233,0.5929934242208647
2017-07-17,-0.0052914236706864,0.5690418321911005
2017-07-18,0.0597678698110987,0.548765040866373
2017-07-19,0.535825821605345,0.5262489586662038
2017-07-20,-0.0153671088607044,0.5072286231572061
2017-07-21,-0.0367939329208882,0.4926328683786687
2017-07-24,-0.1064300995408804,0.4820841527343643
2017-07-25,0.2918907519898033,0.482367599181976
2017-07-26,0.0282624006119479,0.46527462730634606
2017-07-27,-0.0973161637393713,0.44820908033910134
2017-07-28,-0.1342015678116038,0.4493998879299002
2017-07-31,-0.0728410834559801,0.4559795336538627
2017-08-01,0.2446120774938466,0.45307270538251565
2017-08-02,0.0492527407347449,0.4376815543218363
2017-08-03,-0.218604183494567,0.4224608448925935
2017-08-04,0.1887321417539568,0.44364511475608925
2017-08-07,0.1645844644280467,0.42862305576938314
2017-08-08,-0.2417352230385335,0.41444527580654006
2017-08-09,-0.0363674792712376,0.4397648183067674
2017-08-10,-1.458021840074153,0.43260476100756856
2017-08-11,0.1274757127987136,0.6903026648569879
2017-08-14,0.9993651246049404,0.6578447286044184
2017-08-15,-0.049893232688349,0.6313671356188834
2017-08-16,0.1419095523332371,0.6129593119598047
2017-08-17,-1.5557342487191417,0.5862523824976138
2017-08-18,-0.1837053661351993,0.8330088844817627
2017-08-21,0.1161975714566196,0.8181380031817791
2017-08-22,0.9891695260625076,0.7757301382317845
2017-08-23,-0.3459570132639007,0.7402184020647201
2017-08-24,-0.2076616747138441,0.7567956198868102
2017-08-25,0.1671471668937421,0.7515587977490223
2017-08-28,0.0486953473296074,0.714588041955502
2017-08-29,0.0842466762009791,0.6799737280575863
2017-08-30,0.4604531788061043,0.6481140398330735
2017-08-31,0.5704673584713544,0.6201499674038772
2017-09-01,0.1980578042335197,0.5946759319409167
2017-09-05,-0.7579458552144929,0.5695071085774501
2017-09-06,0.3123842493144133,0.6669198345205941
2017-09-07,-0.0178452044853709,0.6369618238822241
2017-09-08,-0.1489960143457705,0.6135894689180423
2017-09-11,1.0780975197147025,0.6108056249875866
2017-09-12,0.3358302594883113,0.5880885799284828
2017-09-13,0.0756834248082529,0.5639513223414085
2017-09-14,-0.1101323850827973,0.5404469785284316
2017-09-15,0.1845477546159349,0.5372569498701647
2017-09-18,0.145486192912933,0.5160429403126184
2017-09-19,0.1109579616731385,0.49610937620406803
2017-09-20,0.0634146702309437,0.4773662381847578
2017-09-21,-0.3050565946914834,0.45966052751786507
2017-09-22,0.064758399516702,0.49169373254100485
2017-09-25,-0.2224522699853856,0.4730530245308082
2017-09-26,0.0072164125894879,0.4913361475974317
2017-09-27,0.4076822401987924,0.4745856428012737
2017-09-28,0.1203890628938027,0.45847857728315516
2017-09-29,0.3698263068498826,0.4422294618042672
2017-10-02,0.3866518829712313,0.42804451145310357
2017-10-03,0.2156511184660919,0.4148204022597273
2017-10-04,0.1245943661113638,0.4017083608589161
2017-10-05,0.563090403129274,0.38902038160050806
2017-10-06,-0.1074211165239724,0.3789144996901887
2017-10-09,-0.1806063868013556,0.3860100233154787
2017-10-10,0.2319719630478064,0.4037605129350175
2017-10-11,0.1801882929663564,0.39139209064443153
2017-10-12,-0.1688177120351388,0.379555682702464
2017-10-13,0.0877722004846304,0.3959118898453193
2017-10-16,0.1749222532305753,0.383421771314853
2017-10-17,0.0672352905433993,0.37203883781719244
2017-10-18,0.0742059511329546,0.3608807068435482
2017-10-19,0.0327944115010485,0.3503995961101699
2017-10-20,0.5103796185030386,0.34034703942721517
2017-10-23,-0.3980395312997195,0.3328497974775981
2017-10-24,0.1616600874558041,0.3896389813028815
2017-10-25,-0.4673955687259984,0.3778307958412249
2017-10-26,0.1270139250602399,0.4428510095911389
2017-10-27,0.8040609979727099,0.42762473441599025
2017-10-30,-0.3197577376740719,0.41615714902096046
2017-10-31,0.0944012936679315,0.4536882010804089
2017-11-01,0.1590844107903869,0.43763878357895003
2017-11-02,0.0189947769666715,0.4228735247157059
2017-11-03,0.3092289326314394,0.40883983171974675
2017-11-06,0.127044388477643,0.3964815643190605
2017-11-07,-0.0189120805081917,0.3841195187185709
2017-11-08,0.1442613932060414,0.377878777159031
2017-11-09,-0.3768981339370136,0.3666967062876433
2017-11-10,-0.089804697605371,0.4172535227576388
2017-11-13,0.0983150911293032,0.4193312236586116
2017-11-14,-0.2312280560281922,0.4054565638391261
2017-11-15,-0.5540998742123611,0.42975185618660505
2017-11-16,0.8162652782972404,0.5051960812381445
2017-11-17,-0.2629416978897395,0.4887523035055491
2017-11-20,0.127486988879011,0.5121270499399033
2017-11-21,0.6519838879752696,0.49238299205949687
2017-11-22,-0.0750542703329544,0.47611436604231755
2017-11-24,0.2053984278231966,0.4722039032039688
2017-11-27,-0.0384331586803253,0.45541838947507723
2017-11-28,0.9800332196793644,0.447551511738164
2017-11-29,-0.0369293882790778,0.43555651006053825
2017-11-30,0.8157586662811174,0.42874546166958977
2017-12-01,-0.2026582935805332,0.41725637418004924
2017-12-04,-0.1052710549286453,0.43633628444505346
2017-12-05,-0.3746390525955308,0.4394754403738279
2017-12-06,-0.0114112170530349,0.4841090436748995
2017-12-07,0.2928067010109385,0.47048796472619914
2017-12-08,0.5491202035518141,0.4541739060268458
2017-12-11,0.3196842121695832,0.4399697230646566
2017-12-12,0.1547723722089516,0.4257204322802108
2017-12-13,-0.0473068970150185,0.4116828986663985
2017-12-14,-0.4079167730762682,0.40787865048018057
2017-12-15,0.8934313410142761,0.460404856751776
2017-12-18,0.5348478579597589,0.4472258689035097
2017-12-19,-0.3235498043118501,0.43340614940537153
2017-12-20,-0.0828236073572566,0.47028461238297475
2017-12-21,0.1983687012658398,0.4678951313267172
2017-12-22,-0.0458271638113755,0.4513601539819937
2017-12-26,-0.1058975700058569,0.4448248822890059
2017-12-27,0.0790628310242261,0.44750353455539676
2017-12-28,0.1832319002919555,0.4317848641057502
2017-12-29,-0.5196632292748299,0.41748654378686795
2018-01-02,0.8269078218398127,0.48808483343769704
2018-01-03,0.6378433243936035,0.4728231603601978
2018-01-04,0.4020542855326989,0.4577810897599363
2018-01-05,0.7009145888585349,0.44273798081656174
2018-01-08,0.1660963767296979,0.42989091513882005
2018-01-09,0.1302083517298422,0.415640256514286
2018-01-10,-0.1112845811520687,0.4021247664916334
2018-01-11,0.7009025768882019,0.40834886450393143
2018-01-12,0.6726926399094035,0.397645324186473
2018-01-16,-0.353071326160267,0.38747604499277954
2018-01-17,0.9371006206502086,0.43251646134371463
2018-01-18,-0.1617697497473624,0.42129514793691436
2018-01-19,0.4375647986990156,0.43387144134402045
2018-01-22,0.803436438221324,0.4204932728343218
2018-01-23,0.2172004968222319,0.40946725956551416
2018-01-24,-0.0560132547232047,0.396689872803183
2018-01-25,0.0602439398832889,0.39508361636981476
2018-01-26,1.1771638106084168,0.38252954098022296
2018-01-29,-0.6754736284863033,0.3753742262331778
2018-01-30,-1.0958642805337084,0.4779961366451392
2018-01-31,0.0488865858694788,0.6486915140247308
2018-02-01,-0.0648298352023325,0.6190063075548637
2018-02-02,-2.143668051669881,0.6036385932410994
2018-02-05,-4.184254093838143,0.9776653743227259
2018-02-06,1.7290573348937088,1.734535759574243
2018-02-07,-0.5014138223752627,1.6153177549072437
2018-02-08,-3.82590522458017,1.5742236385106434
2018-02-09,1.4825645199524344,2.096602723592953
2018-02-12,1.3818665678186273,1.9394622032864957
2018-02-13,0.2609521980277558,1.7981731675300465
2018-02-14,1.3313439808897014,1.6667729668498705
2018-02-15,1.199686177677526,1.5526821055642122
2018-02-16,0.0373399649921694,1.4491966682635418
2018-02-20,-0.5858517106837343,1.3509843115047948
2018-02-21,-0.5511664483310909,1.3481282186255683
2018-02-22,0.097307748557786,1.3404709565432085
2018-02-23,1.5901278245121022,1.2526869970003285
2018-02-26,1.16884386206274,1.1789442187506076
2018-02-27,-1.278831144146754,1.110164256507947
2018-02-28,-1.115780608365608,1.2387746863822933
2018-03-01,-1.3413965854876448,1.3275817979460007
2018-03-02,0.5058785485198549,1.4427412294587114
2018-03-05,1.097161761052657,1.347005931723045
2018-03-06,0.263538293199681,1.2626100303709968
2018-03-07,-0.0483991825716375,1.1826467306157473
2018-03-08,0.4453148208884627,1.1186280864984177
2018-03-09,1.7229546741207586,1.0522919424567205
2018-03-12,-0.1274797337998416,0.9968920836753925
2018-03-13,-0.6383910414314703,0.960257665580249
2018-03-14,-0.5740969825188785,1.0021143459122404
2018-03-15,-0.078223639909655,1.0303505900296612
2018-03-16,0.1701997947231741,0.9838974966051881
2018-03-19,-1.4306040541373417,0.9280832383962178
2018-03-20,0.1480708661718925,1.1029148432957225
2018-03-21,-0.1845692125629406,1.0367647657861228
2018-03-22,-2.5484886972854417,1.0047901867409468
2018-03-23,-2.1189807311750664,1.378527122116329
2018-03-26,2.679504070603539,1.6167698352100721
2018-03-27,-1.7427285645321902,1.5129583764204246
2018-03-28,-0.2920918899462677,1.6719234667803302
2018-03-29,1.3675777493843446,1.5955233185426156
2018-04-02,-2.259068234349587,1.4885521292639463
2018-04-03,1.2535961315741069,1.7366623819884393
2018-04-04,1.150010234644679,1.6153438420612451
2018-04-05,0.6839421401651201,1.5055744505357043
2018-04-06,-2.2164067057064987,1.4045661607039226
2018-04-09,0.3330994967592829,1.656266060173637
2018-04-10,1.6588598996314068,1.539243799880445
2018-04-11,-0.5540685772461174,1.4388861974479028
2018-04-12,0.8216898697657044,1.4228340487933686
2018-04-13,-0.2890799826706634,1.3302389484680588
2018-04-16,0.8076336801563068,1.286512115320701
2018-04-17,1.060507161386675,1.2065407941735973
2018-04-18,0.0831020407553266,1.134849399647994
2018-04-19,-0.574258179583257,1.0656303155439084
2018-04-20,-0.8573177188352707,1.0880583682419325
2018-04-23,0.0056230111184539,1.1516065892524319
2018-04-24,-1.3470888006475166,1.0828698391780416
2018-04-25,0.1835374232823634,1.2257465612965552
2018-04-26,1.0380144187376954,1.1488084217384702
2018-04-27,0.1113005271363814,1.0821871983209674
2018-04-30,-0.8221192548921248,1.017699472493857
2018-05-01,0.2545802171027392,1.0825962476503086
2018-05-02,-0.7231951201402356,1.0186482107236539
2018-05-03,-0.2256217585064076,1.068101162906597
2018-05-04,1.2729810028334958,1.0392374894681553
2018-05-07,0.3451980554989958,0.9831463557769352
2018-05-08,-0.0265676611733821,0.9281005031985884
2018-05-09,0.9635647934868784,0.8830786121439731
2018-05-10,0.9327011603848374,0.8388591462583876
2018-05-11,0.1706139270961256,0.798102577281768
2018-05-14,0.0883099510126558,0.7575048003231019
2018-05-15,-0.6865655043990812,0.7197532498460303
2018-05-16,0.4052339847514407,0.791146510759905
2018-05-17,-0.08562387886101,0.7520489829019424
2018-05-18,-0.2635665254550315,0.7295834161295226
2018-05-21,0.7359604547933372,0.7347336400273486
2018-05-22,-0.3140688592875189,0.7013744064072862
2018-05-23,0.3243145206898751,0.7163050845050979
2018-05-24,-0.2025262957722551,0.6826804622076633
2018-05-25,-0.2360003054185922,0.6825164189527527
2018-05-29,-1.1631572511792223,0.6873008417161678
2018-05-30,1.2615875351923802,0.8433708894859888
2018-05-31,-0.6903333243434208,0.8035875225773086
2018-06-01,1.079079970923988,0.8679071058085855
2018-06-04,0.4469594898352221,0.8253942791159466
2018-06-05,0.0702346269575674,0.7837469370023467
2018-06-06,0.8530900637311971,0.7438733046973607
2018-06-07,-0.0714443621984528,0.7102868015962499
2018-06-08,0.3121028907751347,0.68903284129736
2018-06-11,0.106813700694032,0.6574218038553483
2018-06-12,0.1741867278703848,0.6273294697918183
2018-06-13,-0.4034254541411456,0.5997154319093967
2018-06-14,0.2468500522503686,0.636419788269556
2018-06-15,-0.101762031549408,0.608440461349422
2018-06-18,-0.2128391180886516,0.5991624166377482
2018-06-19,-0.4031517951391294,0.6068700226871702
2018-06-20,0.1710690224112545,0.6429591764560447
2018-06-21,-0.6365728843220269,0.6141924828476023
2018-06-22,0.1860203255133883,0.6870116376696994
2018-06-25,-1.3819722967770651,0.6550390399453704
2018-06-26,0.2202150505696723,0.8560111484831612
2018-06-27,-0.8641586313141116,0.8109835468610257
2018-06-28,0.6159680019031287,0.9026115067001389
2018-06-29,0.0758115887517,0.8553810030772435
2018-07-02,0.3063260834293461,0.8098205943597149
2018-07-03,-0.4959629280533677,0.7688443720880902
2018-07-05,0.8583856745537827,0.8058482968104617
2018-07-06,0.844551760058016,0.7674281828985349
2018-07-09,0.8784290785341505,0.7319771257911935
2018-07-10,0.3467249318821859,0.6994106153501235
2018-07-11,-0.7119486371916502,0.6671587382119094
2018-07-12,0.87109915801719,0.7475364368591924
2018-07-13,0.1078655536608647,0.7137400485061913
2018-07-16,-0.1028664620898538,0.6794306053722151
2018-07-17,0.3965824343443431,0.6650272791314531
2018-07-18,0.2158182076737462,0.6355531280554243
2018-07-19,-0.3960826849049506,0.6075104248065686
2018-07-20,-0.0948897771274367,0.6424487720159616
2018-07-23,0.1836362343231518,0.6296733164352263
2018-07-24,0.4769518886053561,0.6019275457397124
2018-07-25,0.9060435070372712,0.5773821793579866
2018-07-26,-0.303690274886736,0.5563418292402363
2018-07-27,-0.6583834644845457,0.580987434582384
2018-07-30,-0.5770789315587143,0.6604317041844666
2018-07-31,0.4872837219303093,0.7195149086462773
2018-08-01,-0.1040893067571133,0.6863088184613055
2018-08-02,0.4914349582208699,0.6715589909738032
2018-08-03,0.4633432065347987,0.641986238502798
2018-08-06,0.3531982650801626,0.6144837810280828
2018-08-07,0.2820201746485767,0.5885302398894451
2018-08-08,-0.0262414393295107,0.5641414450639419
2018-08-09,-0.1442714677039949,0.5471859886536773
2018-08-10,-0.7139312263244473,0.5485279027718336
2018-08-13,-0.4014037665980266,0.6404186489082953
2018-08-14,0.6368930016417421,0.6735390037508876
2018-08-15,-0.7631208581378816,0.6444124645638284
2018-08-16,0.788821455263811,0.7354395366844294
2018-08-17,0.3317606375263089,0.7022414183514182
2018-08-20,0.2425074902128281,0.6697146347522063
2018-08-21,0.2066399954627057,0.6392641403182608
2018-08-22,-0.0398231054243505,0.610912950434634
2018-08-23,-0.1692693923535106,0.5925594749710866
2018-08-24,0.6179705928285333,0.5943026592539536
2018-08-27,0.7641141407110444,0.570879576654436
2018-08-28,0.0269242077598355,0.5497133494840429
2018-08-29,0.5685242468911669,0.5269973990063931
2018-08-30,-0.4440172044458075,0.5080607085824771
2018-08-31,0.013446846730492,0.5585378821478351
2018-09-04,-0.1655692048879307,0.5363448725539459
2018-09-05,-0.2807062801265972,0.5416068635315208
2018-09-06,-0.3658991036618157,0.563835837486737
2018-09-07,-0.2215797895014483,0.5975240444899722
2018-09-10,0.1896028214693379,0.6066565584979391
2018-09-11,0.3732865689715426,0.5805972202496736
2018-09-12,0.0356608349893552,0.5571432949280922
2018-09-13,0.5268352159391334,0.5339488229351431
2018-09-14,0.0275443900766355,0.5143665496569124
2018-09-17,-0.5585290991549207,0.494062034238307
2018-09-18,0.5354652867625239,0.5645706491762127
2018-09-19,0.1252488033171986,0.5429071204208661
2018-09-20,0.7810014185329059,0.5210625518853861
2018-09-21,-0.0368600937007048,0.5034041816441168
2018-09-24,-0.3521882314013849,0.4921432735310668
2018-09-25,-0.1305948493117946,0.5291894440738603
2018-09-26,-0.3294699681159941,0.5297888723154146
2018-09-27,0.2759476228511396,0.5604243004762063
2018-09-28,-0.0006870144138179,0.5379855852285317
2018-10-01,0.3634492342198501,0.519211828736894
2018-10-02,-0.0396768910279079,0.4999596246652416
2018-10-03,0.0711266736718371,0.4893351454825161
2018-10-04,-0.8203035421009814,0.47087620536664665
2018-10-05,-0.5543314584622145,0.5896798595560687
2018-10-08,-0.0395194708349697,0.6512213665101255
2018-10-09,-0.1418909834154297,0.6298731242505317
2018-10-10,-3.341638904260208,0.6248433097462578
2018-10-11,-2.078757997254153,1.3162610932574876
2018-10-12,1.4106235408376289,1.5555793401644593
2018-10-15,-0.5922482291300049,1.4526544995536632
2018-10-16,2.126782803490127,1.4408080162160657
2018-10-17,-0.0252694262664882,1.3517312210761643
2018-10-18,-1.4496490575341183,1.2690567084969948
2018-10-19,-0.0361235135279379,1.4081184988200024
2018-10-22,-0.4308797096477867,1.3216633019964583
2018-10-23,-0.5527076180694164,1.2990627233801222
2018-10-24,-3.135077386114084,1.2963461947750248
2018-10-25,1.8453717978714168,1.7339268170336215
2018-10-26,-1.7479138010003177,1.6152318537031125
2018-10-29,-0.658120829519397,1.7631800572809995
2018-10-30,1.5545322971877482,1.7296026697095805
2018-10-31,1.0792878754571094,1.6101817701911811
2018-11-01,1.0502498868529206,1.5006347984344865
2018-11-02,-0.6336721055879746,1.4015589660042402
2018-11-05,0.5584693697194117,1.4007916129622737
2018-11-06,0.6239787744408636,1.3092202654131846
2018-11-07,2.0987078560774024,1.2264273426605803
2018-11-08,-0.2512068988491457,1.1571149996630457
2018-11-09,-0.9241585915372432,1.1239580168927485
2018-11-12,-1.989815098546749,1.1943834187736568
2018-11-13,-0.1483018822173893,1.4340074833306082
2018-11-14,-0.7596188818450545,1.3606609589132894
2018-11-15,1.053803274264194,1.382571767394986
2018-11-16,0.2220837537483982,1.2946861743805478
2018-11-19,-1.6783161235721438,1.211623459853498
2018-11-20,-1.831799555658597,1.3952707934520536
2018-11-21,0.3038669310767201,1.582759282207009
2018-11-23,-0.6576419711855616,1.4727980184057048
2018-11-26,1.5412975845366428,1.4685176599704388
2018-11-27,0.3256384364612641,1.3744672821878663
2018-11-28,2.271405130311378,1.284431608190004
2018-11-29,-0.2185494545393453,1.2105253181979805
2018-11-30,0.8137547716617559,1.167874128122304
2018-12-03,1.0882001794362437,1.098656016421089
2018-12-04,-3.290022883855611,1.0366582825720565
2018-12-06,-0.1523387914144285,1.5603341041096965
2018-12-07,-2.359633545632224,1.4754025845873933
2018-12-10,0.1760603222916321,1.7425880483710179
2018-12-11,-0.0356409675305666,1.6164074304484208
2018-12-12,0.5404871010351243,1.5098949623999753
2018-12-13,-0.0199950312415038,1.4079016460864013
2018-12-14,-1.927121226869981,1.3192441168140705
2018-12-17,-2.0992284828576646,1.5320781714579639
2018-12-18,0.0086396853789103,1.7475700964300347
2018-12-19,-1.55154591759368,1.6220550993202796
2018-12-20,-1.5897809484103955,1.7380177661833274
2018-12-21,-2.080312049854063,1.8469337218296498
2018-12-24,-2.748657287831441,2.020911696718131
2018-12-26,4.840317767080504,2.2822776904215187
2018-12-27,0.8526228968816992,2.1188110593749863
2018-12-28,-0.1242353910231272,1.95686394103902
2018-12-31,0.8456625862206875,1.8283377440613249
2019-01-02,0.1267693062626164,1.6962177508710765
2019-01-03,-2.506833181891511,1.5744411024520886
2019-01-04,3.375939906034647,1.8538881553975304
2019-01-07,0.6985975995229761,1.72923248779084
2019-01-08,0.9648587336497392,1.6064506400013847
2019-01-09,0.408967133282216,1.4968123389688608
2019-01-10,0.4508241374462229,1.3955477585726674
2019-01-11,-0.0146308544482466,1.3040390039018372
2019-01-14,-0.5271394587249489,1.224311376753669
2019-01-15,1.0664618879761,1.2249423984999879
2019-01-16,0.2219520529088364,1.151614648081238
2019-01-17,0.7562730706235749,1.0814681478913948
2019-01-18,1.309691283985578,1.0196354007191875
2019-01-22,-1.425847682797247,0.9653762973133978
2019-01-23,0.2200489919450871,1.1349729512516766
2019-01-24,0.1374780110977555,1.0662920032143064
2019-01-25,0.8452867700518018,1.0032902612548822
2019-01-28,-0.7877775848708899,0.9485515988074464
2019-01-29,-0.1457307935114838,1.0146976817604356
2019-01-30,1.5429609891560043,0.9791174303783858
2019-01-31,0.8560648809767757,0.9292517207127663
2019-02-01,0.0898206584807114,0.8807881634440856
2019-02-04,0.6753381117479677,0.8332203517735816
2019-02-05,0.4697370437350199,0.7918722313770153
2019-02-06,-0.2226915717508786,0.7529792556914165
2019-02-07,-0.9401193202230232,0.7502442037289493
2019-02-08,0.06759725660127,0.8605431789459231
2019-02-11,0.0708851803818394,0.814531828603656
2019-02-12,1.2807852902838603,0.7722276631332496
2019-02-13,0.3019431593710975,0.7381792464771881
2019-02-14,-0.2655163383698621,0.7027887560712728
2019-02-15,1.082000466495754,0.7103577086435117
2019-02-19,0.1497621326592005,0.6802756453411578
2019-02-20,0.177553356074094,0.6486599932191273
2019-02-21,-0.3532669325841389,0.6195014108958237
2019-02-22,0.6390638694710404,0.6468771091498915
2019-02-25,0.123110444975171,0.6197339426741472
2019-02-26,-0.0790769672840298,0.5924616732735349
2019-02-27,-0.0544197436298073,0.581066433175746
2019-02-28,-0.2829507598950442,0.5669429284196879
2019-03-01,0.6871656588713029,0.5876182141442843
2019-03-04,-0.3888107395255168,0.5649543126368449
2019-03-05,-0.1132173489706859,0.6021332316363517
2019-03-06,-0.6545473604125029,0.594976005126975
2019-03-07,-0.8158911138331157,0.6725035864869433
2019-03-08,-0.2133964131453649,0.7696693836251879
2019-03-11,1.4559535563489443,0.7642389988268029
2019-03-12,0.2948965727805163,0.7315306467102515
2019-03-13,0.6925546757019283,0.6966224314129145
2019-03-14,-0.0868399331596182,0.6659908029693574
2019-03-15,0.497251940843072,0.6502992593584094
2019-03-18,0.3699096798908033,0.6223247094965302
2019-03-19,-0.0130570079926759,0.5958729053732483
2019-03-20,-0.2948696740769673,0.5747963846662899
2019-03-21,1.0794015494689355,0.5966949744962171
2019-03-22,-1.9156827134273255,0.5749961826173579
2019-03-25,-0.0839372833310059,0.9032053715890885
2019-03-26,0.7157052947934055,0.8683140978897285
2019-03-27,-0.465514327659887,0.8242943873062282
2019-03-28,0.3583054715261726,0.8518761272262234
2019-03-29,0.6711706043324668,0.8077414356481101
2019-04-01,1.1502195518044496,0.7684103772076586
2019-04-02,0.0017455554858152,0.7341280880096182
2019-04-03,0.2146072420089187,0.7006962913873865
2019-04-04,0.2082465242994273,0.6678095680912238
2019-04-05,0.4625717623099122,0.6373610766206941
2019-04-08,0.1046911750523666,0.6101939444845081
2019-04-09,-0.6085976435669539,0.583533946430596
2019-04-10,0.3471837754499924,0.6544876154656648
2019-04-11,0.0038122340342693,0.6255917378443819
2019-04-12,0.6587578389545727,0.5999896720978003
2019-04-15,-0.0629567244357108,0.5763278588335373
2019-04-16,0.0509228325139962,0.5637672768681415
2019-04-17,-0.2276400820738859,0.5401744879834898
2019-04-18,0.1577846824249674,0.5544476656829713
2019-04-22,0.1011505816932909,0.53193997830019
2019-04-23,0.8802351174995391,0.5107473080916306
2019-04-24,-0.2194168603036236,0.4941950954638257
2019-04-25,-0.0369041740272857,0.510526618699538
2019-04-26,0.4674350323304823,0.4987914980853756
2019-04-29,0.1070948504233886,0.481336507295629
2019-04-30,0.0950964698791445,0.46355084461595447
2019-05-01,-0.753044585029134,0.44687140202345066
2019-05-02,-0.2126244648682788,0.5559967431943047
2019-05-03,0.959212747891747,0.5668590692541948
2019-05-06,-0.4481013189072523,0.5467774610861992
2019-05-07,-1.6649488088905522,0.5947873908274208
2019-05-08,-0.1606715389419968,0.8629790402706504
2019-05-09,-0.3025998661928289,0.8423338846830997
2019-05-10,0.3713394069918638,0.8440258180419696
2019-05-13,-2.4426469138497504,0.8005770593371203
2019-05-14,0.7983987523216094,1.193424127242458
2019-05-15,0.5821994327723055,1.1218594654153202
2019-05-16,0.8855957116499086,1.0557886620712083
2019-05-17,-0.5854437174043804,0.9967060889303407
2019-05-20,-0.6772257975405369,1.0271529392575365
2019-05-21,0.8459949093190606,1.0687507018556939
2019-05-22,-0.2828392363899436,1.0083852406171565
2019-05-23,-1.198569224128196,0.9929933413486126
2019-05-24,0.1352643772037317,1.1210184656391222
2019-05-28,-0.8410950000260243,1.0532277995803607
2019-05-29,-0.693591016723137,1.1176454689740762
2019-05-30,0.2096272674997037,1.1532025116660558
2019-05-31,-1.328320525045296,1.0828657150187948
2019-06-03,-0.2769070654307939,1.2226249062435486
2019-06-04,2.1205927081077776,1.1871665796541084
2019-06-05,0.8128726978813691,1.1214817660406986
2019-06-06,0.6116840676004416,1.0563712875573295
2019-06-07,1.0442979247260027,0.996135167145011
2019-06-10,0.4649220074765499,0.9428088373927095
2019-06-11,-0.0349941457951285,0.8916350982296232
2019-06-12,-0.2039657827237423,0.8508102387496056
2019-06-13,0.4089010502850191,0.8374042787162759
2019-06-14,-0.161281178615296,0.794640217516736
2019-06-17,0.0931315432352843,0.779645640508496
2019-06-18,0.9670489592970688,0.7401865496311093
2019-06-19,0.2980716793023842,0.7073493743598526
2019-06-20,0.942760533587314,0.6742986174895985
2019-06-21,-0.1260016279727998,0.6463657176637522
2019-06-24,-0.1733388460587026,0.637794358393299
2019-06-25,-0.9541775640387554,0.6367707281902234
2019-06-26,-0.1234695678803998,0.7613725173534934
2019-06-27,0.3815885792590847,0.7435881330322225
2019-06-28,0.5740941840599626,0.7081044873750636
2019-07-01,0.7643018610953927,0.6761205177131274
2019-07-02,0.2923847276988696,0.6473217662531127
2019-07-03,0.7643095660684157,0.6187298387065635
2019-07-05,-0.1807534204548664,0.5941525701654112
2019-07-08,-0.4847173010123794,0.5974732603179181
2019-07-09,0.123579305845389,0.6471680414050492
2019-07-10,0.4500546936082613,0.617899059626861
2019-07-11,0.2282619578948549,0.5920951051206499
2019-07-12,0.4609534302066538,0.5672333318002633
2019-07-15,0.0175853728384132,0.5450778908731874
2019-07-16,-0.3409584555010327,0.5232321512239635
2019-07-17,-0.6552665466093183,0.5561551816770851
2019-07-18,0.3575597708819082,0.6373564986715274
2019-07-19,-0.6195889464844692,0.6097607107807624
2019-07-22,0.2824701686250326,0.6801885001731464
2019-07-23,0.682414513927642,0.6491197326563729
2019-07-24,0.4677192813475714,0.6219888776440832
2019-07-25,-0.5276296483599537,0.5959612938726893
2019-07-26,0.7360535770783042,0.6526510896522155
2019-07-29,-0.1617421929057436,0.625479399425494
2019-07-30,-0.2581985372044371,0.6236784277312254
2019-07-31,-1.094520695213996,0.6363103217392164
2019-08-01,-0.9039527568806016,0.7860299362561433
2019-08-02,-0.7309388539565105,0.8866734914316762
2019-08-05,-3.023018216969477,0.9497176757480585
2019-08-06,1.2933023911166612,1.4354753266811764
2019-08-07,0.0766582333858876,1.3435694860325822
2019-08-08,1.8588462466865088,1.2554158788090217
2019-08-09,-0.6638593133657111,1.182504448074451
2019-08-12,-1.2393809115915355,1.207403365323014
2019-08-13,1.5018346267301863,1.31916374684475
2019-08-14,-2.973035245453567,1.2389682439592158
2019-08-15,0.2461236698180242,1.6549604493828804
2019-08-16,1.4323058172245002,1.5377214214502737
2019-08-19,1.2033175564397505,1.4366068471869098
2019-08-20,-0.7946215312115467,1.344234521736554
2019-08-21,0.8212979557352937,1.3730131310759595
2019-08-22,-0.050620295927854,1.2850919317212315
2019-08-23,-2.6288881122837853,1.2120833123943884
2019-08-26,1.092311273079789,1.566159005310981
2019-08-27,-0.3208321800556238,1.4609424122457444
2019-08-28,0.6524151530562512,1.4092752504856316
2019-08-29,1.2607482441094398,1.3172815945194842
2019-08-30,0.0642580759876775,1.2362937743872804
2019-09-03,-0.6923009332685417,1.157924545989502
2019-09-04,1.0783725278421428,1.1894498584703923
2019-09-05,1.292591292175976,1.1193656544201611
2019-09-06,0.0910190804376786,1.0563722089083802
2019-09-09,-0.0094014678899926,0.9940424645736854
2019-09-10,0.0322252425931015,0.9410805652580888
2019-09-11,0.7203672326387199,0.8883059318933697
2019-09-12,0.2875016278233316,0.8426730258640759
2019-09-13,-0.072467687696605,0.7989937967028318
2019-09-16,-0.314051291635599,0.7709522223992146
2019-09-17,0.2578425372461985,0.7802459824966124
2019-09-18,0.034263328426719,0.7414076036427625
2019-09-19,0.0019974521929475,0.7046816125053635
2019-09-20,-0.4907599104880387,0.6734627246127157
2019-09-23,-0.0096940617827513,0.7177628373468764
2019-09-24,-0.845198896355148,0.6871921074690627
2019-09-25,0.6139685241963904,0.7878433590261781
2019-09-26,-0.243187100961319,0.7498535625122443
2019-09-27,-0.5330534579128577,0.7503760477141318
2019-09-30,0.5034910215248393,0.7947137096396968
2019-10-01,-1.2334126945412849,0.7557335253120641
2019-10-02,-1.8065404187643832,0.916265551653517
2019-10-03,0.7940304773866788,1.160406826039645
2019-10-04,1.4116785239259273,1.091774545055702
2019-10-07,-0.448835227368152,1.0316828501379454
2019-10-08,-1.5683159552109929,1.0385160979879433
2019-10-09,0.9063296514845924,1.224059275856265
2019-10-10,0.6395202411782605,1.1501689220138374
2019-10-11,1.0879579673789057,1.0818258504683813
2019-10-14,-0.138808167321898,1.0212976577511914
2019-10-15,0.9906445376489172,0.9841664418996322
2019-10-16,-0.2001544553193733,0.9316387292011875
2019-10-17,0.2759021969775287,0.9109257314777337
2019-10-18,-0.3927045709799847,0.8616354639302869
2019-10-21,0.6848114105333746,0.8750536947012708
2019-10-22,-0.3575049258376838,0.8303599824895858
2019-10-23,0.2843103345830729,0.841185087222988
2019-10-24,0.1918604659171353,0.7976126542138249
2019-10-25,0.4064429510656049,0.7571396716666378
2019-10-28,0.55658199161177,0.7207079213625179
2019-10-29,-0.0832751956480766,0.6876929509366068
2019-10-30,0.324808940085731,0.6698518075014117
2019-10-31,-0.302743863453909,0.639726531434187
2019-11-01,0.9615930559647514,0.6578240222618372
2019-11-04,0.3697245805312427,0.631193239154336
2019-11-05,-0.1186402711820663,0.6040966593392532
2019-11-06,0.0702250592289623,0.5975839645715849
2019-11-07,0.2726375244280665,0.5716857122669825
2019-11-08,0.2557403145115828,0.5484465632464643
2019-11-11,-0.1964395413337192,0.5267552701162821
2019-11-12,0.1563423301263032,0.5373049339452556
2019-11-13,0.0711281570116295,0.515972011008975
2019-11-14,0.0836692614456759,0.49573817780143403
2019-11-15,0.7666028777973181,0.47690757261570293
2019-11-18,0.0503026322809636,0.4621312305882188
2019-11-19,-0.0592770099692526,0.44535893391283043
2019-11-20,-0.3763256420941067,0.4411636884090168
2019-11-21,-0.1584006086189507,0.48594156149774326
2019-11-22,0.2172573942375937,0.4936627297228105
2019-11-25,0.7479251887467208,0.47551848999321034
2019-11-26,0.2193163644940227,0.46075570219917206
2019-11-27,0.4165735625299744,0.4447677484722479
2019-11-29,-0.4019286229989053,0.4306151617702838
2019-12-02,-0.8668483693963605,0.48037663226216243
2019-12-03,-0.6660225258045148,0.6066915247992579
2019-12-04,0.6303657608769992,0.6850545178038813
2019-12-05,0.149912692663027,0.6550397887685065
2019-12-06,0.9094246030426012,0.6252988282113271
2019-12-09,-0.3167833684474369,0.600840210535808
2019-12-10,-0.1097536168984129,0.6240885349657778
2019-12-11,0.290393752935077,0.614818663070237
2019-12-12,0.8538667375555057,0.5885842787357466
2019-12-13,0.0072579150214686,0.5665362972426199
2019-12-16,0.7122360942542787,0.544659351648538
2019-12-17,0.0335236028460926,0.5251043628005955
2019-12-18,-0.0432393640522742,0.5040992728682712
2019-12-19,0.4449378821864254,0.49370886018921145
2019-12-20,0.4932595804334098,0.47649862854267594
2019-12-23,0.086576871429851,0.4606197568636474
2019-12-24,-0.019546730246814,0.444093936807954
2019-12-26,0.5115062410053991,0.4342336482436664
2019-12-27,0.003398413965793,0.42113873085786696
2019-12-30,-0.5797596079349905,0.4094346523247101
2019-12-31,0.2941690644190718,0.491220464370819
2020-01-02,0.8343895362316707,0.4735540946109609
2020-01-03,-0.7084909364954552,0.4592773431017385
2020-01-06,0.3527145194272564,0.5590385229016219
2020-01-07,-0.280717508459484,0.5370108992127582
2020-01-08,0.4890473485641129,0.559583238589055
2020-01-09,0.6633214116906491,0.5380770037497717
2020-01-10,-0.2859262487504901,0.5187734506986543
2020-01-13,0.6951994045933256,0.543496196829208
2020-01-14,-0.151568083689572,0.5239512616401305
2020-01-15,0.1868450243687962,0.528014064423324
2020-01-16,0.8331747422232019,0.5074400364668503
2020-01-17,0.3854723247485144,0.4909156732000677
2020-01-21,-0.2655500369585384,0.4736453106631109
2020-01-22,0.0289034296681074,0.49850834613728323
2020-01-23,0.114032619335824,0.479269163342106
2020-01-24,-0.9083289426193788,0.46164727034945596
2020-01-27,-1.5855752356844035,0.5980237139060491
2020-01-28,1.0003383500352516,0.8488653289955918
2020-01-29,-0.0867250143584631,0.8075767359474478
2020-01-30,0.312945693021106,0.780873606681187
2020-01-31,-1.7864443571362951,0.7422095251349147
2020-02-03,0.7228425761232584,1.0089988867913346
2020-02-04,1.486931591750606,0.9532797206990875
2020-02-05,1.1187778658972936,0.9053641563031029
2020-02-06,0.3320155057001924,0.8599430502874252
2020-02-07,-0.5415491009458352,0.8150493611039998
2020-02-10,0.7299690120573207,0.8550686704845503
2020-02-11,0.1687048686002117,0.8121814275106788
2020-02-12,0.6441853105203067,0.7704601334737814
2020-02-13,-0.1631776359988659,0.7339569480009738
2020-02-14,0.1841836098485414,0.7240569117730695
2020-02-18,-0.2924213986147713,0.6892710702614026
2020-02-19,0.4694748284284925,0.7019212831258453
2020-02-20,-0.3822817427997528,0.6699795664306263
2020-02-21,-1.0573809232819775,0.6977711510991553
2020-02-24,-3.408807942044074,0.8338148974742475
2020-02-25,-3.0747904375353223,1.4456766871431874
2020-02-26,-0.3785697323530029,1.8462896380551665
2020-02-27,-4.516813635226115,1.7644172363603365
2020-02-28,-0.8272463109653078,2.3867007671370595
2020-03-02,4.50108687694132,2.3107151773794334
2020-03-03,-2.851048492291458,2.1428640214807126
2020-03-04,4.133634936063314,2.4052034222231993
2020-03-05,-3.451078243998112,2.2257338460567953
2020-03-06,-1.720094365238617,2.577356936619172
2020-03-09,-7.901041294037148,2.6096922140281658
2020-03-10,4.821505242585911,3.736546278801616
2020-03-11,-5.01028928086054,3.4078588977182895
2020-03-12,-9.994485240247352,3.850361918412291
2020-03-13,8.880840694923595,5.114174744339104
2020-03-16,-12.765219747281742,4.631081856247811
2020-03-17,5.822631263569171,6.263793638472459
2020-03-18,-5.322227233208024,5.619634131419126
2020-03-19,0.4696760970401053,5.79310296787798
2020-03-20,-4.432762405336681,5.1902423011961405
2020-03-23,-2.973150100957679,5.2901859839824406
2020-03-24,8.968323251796326,5.162637098227286
2020-03-25,1.1468990420822227,4.673707537644794
2020-03-26,6.054383107424656,4.216309007541922
2020-03-27,-3.4267845541626296,3.8344272667765935
2020-03-30,3.296659056997479,3.9664547311528526
2020-03-31,-1.6142310788415843,3.604246943158594
2020-04-01,-4.514636273278691,3.498347860339174
2020-04-02,2.257265705696037,3.846578833141531
2020-04-03,-1.52528608259443,3.49476639398549
2020-04-06,6.796824414483035,3.38950607416025
2020-04-07,-0.1604339048362459,3.1095228225454994
2020-04-08,3.3489371191284687,2.859982428135376
2020-04-09,1.438347030369934,2.6272492730776666
2020-04-13,-1.015605944467711,2.412937710712317
2020-04-14,3.0114559572307567,2.3609820769472476
2020-04-15,-2.227673267236925,2.1818504109402297
2020-04-16,0.5799837839541289,2.3388003731516993
2020-04-17,2.6440932021320576,2.152478261067772
2020-04-20,-1.8042845615347771,1.9940730763758918
2020-04-21,-3.115511523633067,2.1070866809084827
2020-04-22,2.267130058213675,2.418319172956692
2020-04-23,-0.0539567660195596,2.230071959236904
2020-04-24,1.3822090566839216,2.063394530280023
2020-04-27,1.4606868181735997,1.90931777804167
2020-04-28,-0.5256170190483643,1.7714211625380643
2020-04-29,2.623670404507307,1.7180062228996817
2020-04-30,-0.9255143319054838,1.603992582430631
2020-05-01,-2.846021101477596,1.6259955712756335
2020-05-04,0.4240822578849401,1.957654831125835
2020-05-05,0.8999935197779801,1.8107154989250511
2020-05-06,-0.7003880399042588,1.6805853008283822
2020-05-07,1.1438955754890805,1.6615982341808955
2020-05-08,1.6730795065226245,1.547271427294769
2020-05-11,0.0133069366790764,1.4461959450032489
2020-05-12,-2.0713365772047605,1.34934803728413
2020-05-13,-1.7616996624280044,1.5831230216302965
2020-05-14,1.1458917804071491,1.7370087171094781
2020-05-15,0.3918675203723029,1.6152281441998193
2020-05-18,3.1015208770073426,1.5024568132201241
2020-05-19,-1.0539747711599283,1.4114079530727628
2020-05-20,1.65139906134157,1.4727325966259268
2020-05-21,-0.7803968309953686,1.378720725842472
2020-05-22,0.2350945686812366,1.4019437285261824
2020-05-26,1.2214285021460518,1.3089747759805448
2020-05-27,1.4718447490314346,1.228595771339221
2020-05-28,-0.2110139324919548,1.1565653307328756
2020-05-29,0.4800793552307952,1.1177352340534437
2020-06-01,0.3744216478364391,1.0516172352161588
2020-06-02,0.8177307282398658,0.9908373136716104
2020-06-03,1.355667081256392,0.9370458753715799
2020-06-04,-0.3374389083608904,0.8899565131457853
2020-06-05,2.587401282163581,0.8927597980822217
2020-06-08,1.1969656405806002,0.8543543841375663
2020-06-09,-0.7829743419721977,0.813420613407386
2020-06-10,-0.5327255735182077,0.8916364681279099
2020-06-11,-6.075269299628893,0.9235482300491564
2020-06-12,1.297628660521173,2.301077634892019
2020-06-15,0.827786081817526,2.1216128218701047
2020-06-16,1.8784852866710529,1.9592745805892693
2020-06-17,-0.3606796232629414,1.8179202544933954
2020-06-18,0.0594043403801757,1.7364337882203813
2020-06-19,-0.5665513565673728,1.6104035748900087
2020-06-22,0.6474093296658384,1.5791590319936784
2020-06-23,0.4298169191483789,1.4709123043998162
2020-06-24,-2.61952655956623,1.372200771661782
2020-06-25,1.089982772821816,1.6999862877110177
2020-06-26,-2.4525204274831163,1.58165778907298
2020-06-29,1.457888811353358,1.8507727889831898
2020-06-30,1.529234943575556,1.7188124918805217
2020-07-01,0.5009563975870565,1.6003631310542723
2020-07-02,0.4530970476816914,1.4894738113960597
2020-07-06,1.575693083216329,1.3890859476076203
2020-07-07,-1.0877477869643568,1.3026778140934843
2020-07-08,0.7796986263430269,1.3804715694038359
2020-07-09,-0.5659591476194623,1.2916872316239656
2020-07-10,1.0411809774443004,1.291622132878028
2020-07-13,-0.9406645216058874,1.2121172566487408
2020-07-14,1.331730058290395,1.2763058664726445
2020-07-15,0.9041056936355047,1.1993695885300502
2020-07-16,-0.3411915214115237,1.1276953381140946
2020-07-17,0.284456258758356,1.1101288524692663
2020-07-20,0.8371797255140334,1.043893710453711
2020-07-21,0.1677629334560068,0.985643212883322
2020-07-22,0.5730630594473862,0.9296714809162431
2020-07-23,-1.239637841224685,0.880028778808177
2020-07-24,-0.6209640024276134,1.0273596437610033
2020-07-27,0.7367928821482372,1.0603701408480737
2020-07-28,-0.6494435418646306,1.0002916157797115
2020-07-29,1.2351783351742582,1.0401443399016204
2020-07-30,-0.3757301763454851,0.983822441750715
2020-07-31,0.7641236242176269,0.9841305187338816
2020-08-03,0.7155362664358673,0.9306909905246817
2020-08-04,0.3605423026133557,0.8815393806929281
2020-08-05,0.6409160435517922,0.8350041094070784
2020-08-06,0.6407126020664802,0.7933731935763556
2020-08-07,0.0632829269956669,0.755056065152272
2020-08-10,0.2738465273391921,0.71739297081605
2020-08-11,-0.8001055401377297,0.6834801908324623
2020-08-12,1.3899502293613537,0.776930388994894
2020-08-13,-0.2049272676156681,0.7429586704753196
2020-08-14,-0.0171897396279029,0.738423618591717
2020-08-17,0.2706177507423455,0.7073215822740748
2020-08-18,0.2300740419816847,0.6741612295192282
2020-08-19,-0.4414123345182018,0.6433290319144912
2020-08-20,0.3153654768346133,0.68242256805653
2020-08-21,0.3435199982972466,0.6513206310505574
2020-08-24,0.9993615364903508,0.6226432247893364
2020-08-25,0.3589899745540117,0.5987465000274627
2020-08-26,1.0144001344841498,0.5739456799640602
2020-08-27,0.1671646031809138,0.5535934561567075
2020-08-28,0.6710002849570254,0.5311833578434408
2020-08-31,-0.2197375175508541,0.5123832185435794
2020-09-01,0.7496831420705943,0.5274686778035658
2020-09-02,1.5249050143869731,0.50924594158456
2020-09-03,-3.5757594142185303,0.4954647878601941
2020-09-04,-0.8166280754275103,1.3846868219699149
2020-09-08,-2.8148829086466787,1.412738109258517
2020-09-09,1.9944760662180383,1.7702106052813953
2020-09-10,-1.7741245925395586,1.6484873457329337
2020-09-11,0.0532930158087349,1.796785350790712
2020-09-14,1.266133502502299,1.6647029679221341
2020-09-15,0.5205785930499657,1.550556602787399
2020-09-16,-0.4629646892151834,1.4445732947962908
2020-09-17,-0.8447949528552456,1.4147915658383896
2020-09-18,-1.1245576947828506,1.4440473063933308
2020-09-21,-1.1638564027297718,1.5128167047129328
2020-09-22,1.0463016398376153,1.5803857998792428
2020-09-23,-2.400733891437413,1.473606842279293
2020-09-24,0.298300555462905,1.7481819707365982
2020-09-25,1.5850439224188495,1.6219283614597906
2020-09-28,1.59821918538544,1.5132472724866204
2020-09-29,-0.4824282704443997,1.415148585166143
2020-09-30,0.8219842568379611,1.3910278955873898
2020-10-01,0.5278949564295078,1.3014241887851854
2020-10-02,-0.962381286637086,1.218964595448639
2020-10-05,1.781310900290093,1.2858283771274281
2020-10-06,-1.4072064387523204,1.2098239277918381
2020-10-07,1.7247163770241565,1.3485380112431713
2020-10-08,0.7978212894869287,1.2665130572335521
2020-10-09,0.8755095180752878,1.1883318017986406
2020-10-12,1.6282530158324222,1.11753318752646
2020-10-13,-0.6326891629163268,1.0560542182180688
2020-10-14,-0.6645172084059406,1.08817763605679
2020-10-15,-0.1528923514213078,1.1221143179457271
2020-10-16,0.0134910456630455,1.0781356725780489
2020-10-19,-1.6464663514942677,1.0147678163177587
2020-10-20,0.4716195320001127,1.216879527057292
2020-10-21,-0.2198114011570277,1.1418950036770565
2020-10-22,0.5205354003491341,1.1056345442461706
2020-10-23,0.3439838320389479,1.0407417016397773
2020-10-26,-1.8764472985322007,0.9807768577962912
2020-10-27,-0.3030205350445511,1.2287948264485298
2020-10-28,-3.592554210857772,1.196500050947043
2020-10-29,1.1876524939997442,1.7482258520319671
2020-10-30,-1.2203713445259965,1.6254937617322374
2020-11-02,1.2242950890591666,1.6897159492950415
2020-11-03,1.7642737684077832,1.572936562152322
2020-11-04,2.18075256550917,1.4697410032306168
2020-11-05,1.927326577670128,1.3781311845029178
2020-11-06,-0.0287756585373819,1.2941576895879252
2020-11-09,1.1631974746344154,1.2172925120722473
2020-11-10,-0.1400775220867666,1.1450441940064122
2020-11-11,0.7622728362991461,1.09721552074933
2020-11-12,-1.002865154706935,1.0340319652435805
2020-11-13,1.3518546706294008,1.1259038402505923
2020-11-16,1.1580734922832605,1.0625726624186604
2020-11-17,-0.4803443784647531,1.0040010236983745
2020-11-18,-1.1631210647481314,1.017999344440099
2020-11-19,0.3938675690732779,1.137505278138429
2020-11-20,-0.6815737372918576,1.0692978054528222
2020-11-23,0.5620108181849692,1.1076025292171607
2020-11-24,1.6032458814031776,1.0427037485735173
2020-11-25,-0.1585674755509406,0.9876482832518801
2020-11-27,0.2394111025901136,0.956218056722499
2020-11-30,-0.4606140636972006,0.9030130026399559
2020-12-01,1.1208140661592922,0.923018504815109
2020-12-02,0.1789564528604284,0.8761447013204584
2020-12-03,-0.0624352080294229,0.8293156460431919
2020-12-04,0.8797463715186881,0.7974254360664068
2020-12-07,-0.1937513438963252,0.7597596731806286
2020-12-08,0.2783271170170473,0.7522594681391002
2020-12-09,-0.7980964948471709,0.7156858164268662
2020-12-10,-0.1285934527771722,0.8056925310713037
2020-12-11,-0.1265798084232835,0.7851128623657291
2020-12-14,-0.4368788245146958,0.7658918691515376
2020-12-15,1.2838482022218645,0.7940955608083051
2020-12-16,0.1771225620323064,0.7583385084821815
2020-12-17,0.5741142808983284,0.7208825192069691
2020-12-18,-0.3517296952148704,0.6879256256100874
2020-12-21,-0.3913928486909485,0.709616030739382
2020-12-22,-0.207524469177036,0.7355710139062368
2020-12-23,0.0745533271818688,0.7320009045546859
2020-12-24,0.3530349979486952,0.696161536935119
2020-12-28,0.8684707538411499,0.6641805856733781
2020-12-29,-0.2229864827278697,0.6366972466860311
2020-12-30,0.1340648095079215,0.6430831638551628
2020-12-31,0.6418204711703793,0.6141565190854636
2021-01-04,-1.4864762712025787,0.5894077300125947
2021-01-05,0.7057631383362026,0.8212871880886697
2021-01-06,0.5693603382474094,0.7810177916189179
2021-01-07,1.4738260107752972,0.7433834413443878
2021-01-08,0.5476837393515369,0.7123693547773957
2021-01-11,-0.6576327616621317,0.6799536923232552
2021-01-12,0.0415702030569564,0.7502840961567186
2021-01-13,0.2273056386726107,0.712902496546113
2021-01-14,-0.3760513068743101,0.6791422423369092
2021-01-15,-0.7216000798278505,0.7052406133404783
2021-01-19,0.8103457635761656,0.7836617645206769
2021-01-20,1.3839417376510863,0.746799346138363
2021-01-21,0.0316673161313549,0.7151532526380543
2021-01-22,-0.301515266293771,0.6804267845163684
2021-01-25,0.3609317513017465,0.6951405082868328
2021-01-26,-0.1489943161153501,0.663268699857141
2021-01-27,-2.601331512610035,0.6567636978778326
2021-01-28,0.9713298778760396,1.1264715844472486
2021-01-29,-1.9500377654792,1.0615585119763893
2021-02-01,1.5924300234678626,1.3118562890872105
2021-02-02,1.3802528814310624,1.2326987918251684
2021-02-03,0.100826061534478,1.1599287308926525
2021-02-04,1.0794847643921974,1.0885585381614649
2021-02-05,0.3889919607763825,1.0274087651734836
2021-02-08,0.7372107476289037,0.968770287224263
2021-02-09,-0.1114145421721174,0.9165190404787847
2021-02-10,-0.0345244522391567,0.8844094597319874
2021-02-11,0.1661074814587707,0.8441121623060184
2021-02-12,0.4699970926162607,0.7998259405793741
2021-02-16,-0.0569434515415466,0.7603057483371712
2021-02-17,-0.032045334891695,0.7331180278032429
2021-02-18,-0.4425614227243303,0.7045197171509393
2021-02-19,-0.1856619095664925,0.7387349636282895
2021-02-22,-0.7762892893710862,0.7317250936862288
2021-02-23,0.1255529611526533,0.8166062302055996
2021-02-24,1.1287667670985946,0.7743582306790141
2021-02-25,-2.478339442417185,0.7395228724752477
2021-02-26,-0.4761532293798777,1.155145359615083
2021-03-01,2.351217322569352,1.1547429654420074
2021-03-02,-0.8113678739508761,1.092887045795936
2021-03-03,-1.315233589480116,1.1488428217098547
2021-03-04,-1.3508038064390469,1.279209294926879
2021-03-05,1.9308356338709187,1.4011388634904554
2021-03-08,-0.537364322402543,1.3150213856417574
2021-03-09,1.4055400743930568,1.308529623835481
2021-03-10,0.6012203770988197,1.2289295051128584
2021-03-11,1.0341825500657609,1.1533757513988723
2021-03-12,0.101488332753085,1.0863335837630403
2021-03-15,0.6470939539413049,1.0214452541094161
2021-03-16,-0.157091697859591,0.9643571523960569
2021-03-17,0.2875244650159259,0.9347065330417966
2021-03-18,-1.4870560065947798,0.8834921702902161
2021-03-19,-0.0602885673755023,1.0737255267669066
2021-03-22,0.7000556898342752,1.0209989054177857
2021-03-23,-0.7660118119334028,0.964162472844988
2021-03-24,-0.5482336600348829,1.0254129478646656
2021-03-25,0.522658343272929,1.047626967088103
2021-03-26,1.6494418658716574,0.9877878031527682
2021-03-29,-0.0868389626386738,0.9376187570273486
2021-03-30,-0.3162829409650029,0.900267493702793
2021-03-31,0.3615953592419885,0.8990799471613984
2021-04-01,1.1755830427674128,0.851111573338868
2021-04-05,1.43349877622439,0.8103533493342957
2021-04-06,-0.0974004940796928,0.7739162281227855
2021-04-07,0.1474145698106813,0.7514107948847931
2021-04-08,0.4211750940591774,0.7143714155247393
2021-04-09,0.7690288135687275,0.6812882021831692
2021-04-12,-0.0196098074739533,0.6521221239453355
2021-04-13,0.3289071877062569,0.6278837987830259
2021-04-14,-0.4096104320730151,0.6008611819449786
2021-04-15,1.1033101401119478,0.6384389235444231
2021-04-16,0.3602323390517967,0.6138169039868001
2021-04-19,-0.5320689893757947,0.5879401851165222
2021-04-20,-0.6825561005077803,0.6460265876608653
2021-04-21,0.9263020919853237,0.7235172763146568
2021-04-22,-0.9253337860554324,0.6917949237680402
2021-04-23,1.086940989553096,0.8055871511746793
2021-04-26,0.1780684564582624,0.768117423390971
2021-04-27,-0.0214918981444234,0.7299041467878391
2021-04-28,-0.0845897587396047,0.7000643694607842
2021-04-29,0.6740041536702409,0.6814694629242797
2021-04-30,-0.7220713417119827,0.6519016712490023
2021-05-03,0.2744321649512167,0.7353747013185943
2021-05-04,-0.670073748984723,0.7000881186591421
2021-05-05,0.0703216447113516,0.7706084896611262
2021-05-06,0.8132299498632055,0.731763926472952
2021-05-07,0.7346291419186352,0.6989479237798478
2021-05-10,-1.0490480503138024,0.6683123278890332
2021-05-11,-0.8711750141781542,0.8061787881985447
2021-05-12,-2.168278235830241,0.8994263081144829
2021-05-13,1.2099644578094055,1.2157353039212553
2021-05-14,1.480777856362363,1.143815327366054
2021-05-17,-0.2533258183961915,1.0794189774642393
2021-05-18,-0.85537723840327,1.0535215692827269
2021-05-19,-0.294775181137841,1.120139995141435
2021-05-20,1.049942933450842,1.0965591777582233
2021-05-21,-0.0784188075252809,1.034590938113213
2021-05-24,0.9862497481216076,0.9877992774859867
2021-05-25,-0.2127545400828598,0.9349460238243086
2021-05-26,0.1875057550610454,0.9157647155862746
2021-05-27,0.1164636089862995,0.8657179268165807
2021-05-28,0.0768586452887337,0.819484412515577
2021-06-01,-0.0492454758629164,0.7768100579222394
2021-06-02,0.1445889036900292,0.7472375001548587
2021-06-03,-0.3635303056049319,0.710509412699591
2021-06-04,0.8795303383016323,0.7321596941070191
2021-06-07,-0.0797056269421507,0.6995836451979476
2021-06-08,0.0175009549441211,0.680327106278595
2021-06-09,-0.1825532590615683,0.6487668210465107
2021-06-10,0.4641454776462911,0.6482666572810621
2021-06-11,0.194653893280836,0.6203064430468841
2021-06-14,0.181355638513617,0.5932848036357653
2021-06-15,-0.201371995427588,0.5681466782124027
2021-06-16,-0.5404703747026491,0.5764388791118864
2021-06-17,-0.0435810543672647,0.6368652828186885
2021-06-18,-1.321135568728416,0.6171540474303842
2021-06-21,1.3905163512319856,0.8118136630335833
2021-06-22,0.5111406378990612,0.7750850268037431
2021-06-23,-0.1083870518649585,0.73767929353711
2021-06-24,0.5794429545916893,0.7195897256216691
2021-06-25,0.3325063164687565,0.686753256792319
2021-06-28,0.2312288860471749,0.6553965039812567
2021-06-29,0.0277297742687815,0.6259606553216936
2021-06-30,0.1327278422907191,0.59784858006583
2021-07-01,0.5208041432254744,0.5721867500623427
2021-07-02,0.7472095894691672,0.5499296137377966
2021-07-06,-0.2023902770021778,0.5301544663669999
2021-07-07,0.3353346553662935,0.5413531588537531
2021-07-08,-0.8597881009556395,0.5204767830018802
2021-07-09,1.1214825902413763,0.6409470329861074
2021-07-12,0.344523269559405,0.6162156865460101
2021-07-13,-0.3523011181165584,0.5901017708866552
2021-07-14,0.1164256565469325,0.6196346340799415
2021-07-15,-0.3267573562745912,0.5923422632658032
2021-07-16,-0.7567415006813216,0.6177728845554928
2021-07-19,-1.5996781399983977,0.7102864899655202
2021-07-20,1.50488060047999,0.9452681488748342
2021-07-21,0.8208041662144043,0.8980967275499423
2021-07-22,0.2014639209242975,0.8520668227152232
2021-07-23,1.0094332386254414,0.807282181913563
2021-07-26,0.2379366922729592,0.7693624260374825
2021-07-27,-0.4723583382178002,0.7312948731890041
2021-07-28,-0.0186279231552706,0.7678585363540207
2021-07-29,0.4197331845272641,0.7346719072111844
2021-07-30,-0.5420713608261166,0.7000300605279174
2021-08-02,-0.1844505670060361,0.7501260106603633
2021-08-03,0.8169961338918061,0.7420389002518618
2021-08-04,-0.4643150661295458,0.7084469677009039
2021-08-05,0.5987485990419112,0.7456924463376018
2021-08-06,0.1673864548528882,0.7109295169212869
2021-08-09,-0.0940350264954934,0.6770755566688728
2021-08-10,0.099218695386345,0.661581342629735
2021-08-11,0.1274930718015483,0.6311505728325323
2021-08-12,0.413780773547866,0.6030683213177577
2021-08-13,0.1606016320922844,0.5781827109593116
2021-08-16,0.2617422261994359,0.554028445385446
2021-08-17,-0.708574350713799,0.5319757154345383
2021-08-18,-1.080665284525433,0.6245416177267397
2021-08-19,0.1255903256156918,0.7731418947687116
2021-08-20,0.810860389074176,0.7343234681877433
2021-08-23,0.8487667984412182,0.7013010502850278
2021-08-24,0.1494618801962072,0.670953424781168
2021-08-25,0.2217657403250879,0.6400318027714529
2021-08-26,-0.5841949827602656,0.611686175865632
2021-08-27,0.8769071540452218,0.6761683900424824
2021-08-30,0.42973241068746,0.6478264105287171
2021-08-31,-0.1350026915893209,0.6197580222149023
2021-09-01,0.0311640060953341,0.6144750414009862
2021-09-02,0.2838605754404257,0.5872070453075214
2021-09-03,-0.0335087261181347,0.5629195801267833
2021-09-07,-0.3401352452320346,0.547086731528974
2021-09-08,-0.1319436813816666,0.5780619387200396
2021-09-09,-0.4616247150002522,0.5753807899099322
2021-09-10,-0.77525522862761,0.6232203653118469
2021-09-13,0.2273900346369644,0.7183387764327736
2021-09-14,-0.5763213966258605,0.6841650146936392
2021-09-15,0.8438294222079725,0.7410584407228057
2021-09-16,-0.155234471276383,0.7076515447433739
2021-09-17,-0.91526302757993,0.6986507740968969
2021-09-20,-1.7123077726381843,0.8100175857226338
2021-09-21,-0.0812688658546956,1.0517355698529045
2021-09-22,0.9474585224220085,1.003859404325481
2021-09-23,1.206168036993597,0.949484679819432
2021-09-24,0.1459942811364263,0.900749699960298
2021-09-27,-0.2780243920187674,0.8517733176847296
2021-09-28,-2.0574317739894057,0.8490674179903559
2021-09-29,0.1567954336283807,1.1519202072308075
2021-09-30,-1.1981202945014902,1.0814854495927166
2021-10-01,1.142595211333416,1.1999784398779507
2021-10-04,-1.3070952048643705,1.1292070347063161
2021-10-05,1.0469517498601526,1.260381814363797
2021-10-06,0.4094399349624824,1.1837580967675052
2021-10-07,0.8264039225065405,1.1114995205124014
2021-10-08,-0.1915556602421452,1.04732155600162
2021-10-11,-0.6889441644339833,1.0154206300673398
2021-10-12,-0.2419705686554925,1.0599113132878792
2021-10-13,0.3017955870231918,1.0341106546472114
2021-10-14,1.6919162285711566,0.9745462248555157
2021-10-15,0.7432520637190081,0.9256707762489825
2021-10-18,0.3369087801803826,0.8770484043078425
2021-10-19,0.7366142784235753,0.8307841030689083
2021-10-20,0.3657333598560688,0.789880012254519
2021-10-21,0.2991393168360022,0.7507220194671212
2021-10-22,-0.1073129224664356,0.7143519527407417
2021-10-25,0.4736959440853509,0.6979170464585372
2021-10-26,0.1818141432244113,0.6662951714940984
2021-10-27,-0.506437037110553,0.635851443407594
2021-10-28,0.9781288424184026,0.6857869915643484
2021-10-29,0.1947437231717556,0.6571381755120255
2021-11-01,0.1798458945902388,0.6274250430462571
2021-11-02,0.3673607120388547,0.5998271593272593
2021-11-03,0.644049461289024,0.5749834093997243
2021-11-04,0.4173222342817035,0.5530354779748635
2021-11-05,0.3725850045284445,0.5316896153523608
2021-11-08,0.0887394060702519,0.511627705777878
2021-11-09,-0.3504910926400127,0.49175817567800567
2021-11-10,-0.8259842163861059,0.5285653966597512
2021-11-11,0.0550788332988928,0.6420822003452924
2021-11-12,0.7196697564130407,0.6129069456701035
2021-11-15,-0.0010739878017001,0.5885672799263012
2021-11-16,0.3857779057126637,0.5663147957096815
2021-11-17,-0.2605015482895879,0.5439153222592839
2021-11-18,0.3379064740171914,0.5628913067350623
2021-11-19,-0.1399644604988097,0.5405346362013719
2021-11-22,-0.3202258316960725,0.5417141621838132
2021-11-23,0.1655761383195201,0.5700134129582575
2021-11-24,0.2291223776667279,0.5464532092537051
2021-11-26,-2.298701115932116,0.5247902788382678
2021-11-29,1.3113836082824228,0.9647260179425949
2021-11-30,-1.9143381187850563,0.9151371260975487
2021-12-01,-1.1885541457955926,1.1796828678643374
2021-12-02,1.4094638396057768,1.286231986661087
2021-12-03,-0.848445514173865,1.2086980149763864
2021-12-06,1.166259930968614,1.2590338246321224
2021-12-07,2.0495603186252547,1.1830114009462542
2021-12-08,0.3080535586585806,1.1174127948006918
2021-12-09,-0.7206988232523656,1.0506325146415383
2021-12-10,0.9503769118209724,1.096678080882383
2021-12-13,-0.9178158342793816,1.0342985300595091
2021-12-14,-0.7498722854623672,1.112617255485222
2021-12-15,1.6216267351890876,1.1572222080448535
2021-12-16,-0.8781863311112446,1.092202218822814
2021-12-17,-1.034096458405368,1.158593707385002
2021-12-20,-1.145339832325659,1.2427815569090372
2021-12-21,1.7621755385195486,1.335833456145074
2021-12-22,1.0128728029127596,1.2551386449990887
2021-12-23,0.6204412685251626,1.1788559993061782
2021-12-27,1.3744051573605864,1.1078817998936865
2021-12-28,-0.1010665398887373,1.0462281533331026
2021-12-29,0.1400913401857678,1.0016110256853132
2021-12-30,-0.2994233841904309,0.9441735301209004
2021-12-31,-0.2629634373474439,0.9367593370000258
2022-01-03,0.6353824170388397,0.9246786679805079
2022-01-04,-0.0629820252203269,0.8757024878500197
2022-01-05,-1.9583264304501076,0.8401206564803135
2022-01-06,-0.0964233740180988,1.1248386853553802
2022-01-07,-0.4058441082336512,1.07267507774684
2022-01-10,-0.1442070537538897,1.0694899707574095
2022-01-11,0.9118286452399372,1.028928766115125
2022-01-12,0.281379201466707,0.9722665100568706
2022-01-13,-1.4346029234400532,0.9178818897693953
2022-01-14,0.0819644269590565,1.094632548580814
2022-01-18,-1.85591053980085,1.0289416551889234
2022-01-19,-0.9736790941460196,1.266611810330715
2022-01-20,-1.109874230433073,1.3304114460681336
2022-01-21,-1.9095995324635424,1.4087721747395954
2022-01-24,0.2767904758269516,1.6076386888918046
2022-01-25,-1.2246590556866266,1.49515053552333
2022-01-26,-0.1497756925885658,1.573965758682038
2022-01-27,-0.5398635199970924,1.4873515146753067
2022-01-28,2.4055967914736693,1.4644837447235175
2022-01-31,1.8709826222984445,1.3742749105024503
2022-02-01,0.6839560348317066,1.2904362955677346
2022-02-02,0.9378400448324454,1.2096101043411625
2022-02-03,-2.469347172012065,1.1371499443905932
2022-02-04,0.5143678439863626,1.4728670208774997
2022-02-07,-0.3708580927828488,1.3743061967334396
2022-02-08,0.836611346663433,1.3380700044361602
2022-02-09,1.4412842079264785,1.2534612403822258
2022-02-10,-1.828182448505601,1.1790501725301283
2022-02-11,-1.915168263808653,1.392357138105566
2022-02-14,-0.3847990755628314,1.594160182552471
2022-02-15,1.5643717646064172,1.538549238319497
2022-02-16,0.08808197202838,1.4378816196841462
2022-02-17,-2.1400504136936647,1.3409418567555302
2022-02-18,-0.7191961663866342,1.5877053593218882
2022-02-22,-1.0194735435016016,1.580913457874328
2022-02-23,-1.858373574878844,1.6193847321705699
2022-02-24,1.4846105252724002,1.784652329272033
2022-02-25,2.2126080551265788,1.6594574121778323
2022-02-28,-0.2445591463126114,1.549595134206902
2022-03-01,-1.559446778661305,1.4785813210299474
2022-03-02,1.8471046780652185,1.611914705925744
2022-03-03,-0.5268520744245652,1.5052561452535267
2022-03-04,-0.7965684543001903,1.4787443108925635
2022-03-07,-2.9962586814416494,1.4943629706109416
2022-03-08,-0.7260043975698096,1.8726736784610019
2022-03-09,2.537359812214112,1.8375170884203975
2022-03-10,-0.4301049920247208,1.711182392460463
2022-03-11,-1.3046278933238145,1.6503070063619465
2022-03-14,-0.7448675095533314,1.724758953154196
2022-03-15,2.118262972414497,1.7077026177807961
2022-03-16,2.2136921648393444,1.592698489241874
2022-03-17,1.2272205068700268,1.489375727288549
2022-03-18,1.1594814411888112,1.3920823190821663
2022-03-21,-0.0434754854301459,1.303728269634867
2022-03-22,1.1240699554074212,1.2280154082091042
2022-03-23,-1.2348630252495207,1.154640877902514
2022-03-24,1.4242012281618024,1.2713043502697103
2022-03-25,0.5053380704237665,1.1951965933484596
2022-03-28,0.7119551020042568,1.1222976322427205
2022-03-29,1.218204410139109,1.0567096088958503
2022-03-30,-0.6313588999088777,0.9988885217377438
2022-03-31,-1.577633522688176,1.0361109922829457
2022-04-01,0.3404420961463028,1.2235600908553164
2022-04-04,0.8058382532133648,1.1474473641806469
2022-04-05,-1.2631159074005371,1.080013686227036
2022-04-06,-0.9764433912479722,1.20931083740392
2022-04-07,0.4244365552037262,1.27933102290716
2022-04-08,-0.2654546675552394,1.198484213151006
2022-04-11,-1.7021334584696128,1.1636028759875559
2022-04-12,-0.3423300530452235,1.3570761990966937
2022-04-13,1.1112603268901935,1.3184009781395636
2022-04-14,-1.2218480383508163,1.2367110809783908
2022-04-18,-0.0204889272406506,1.342547133518614
2022-04-19,1.5930044749386651,1.2600668546657625
2022-04-20,-0.0618666406182575,1.1856630366339147
2022-04-21,-1.4862855551311067,1.1232471695253103
2022-04-22,-2.813207637736697,1.2848426866783047
2022-04-25,0.5681765144111809,1.662168030444548
2022-04-26,-2.8550008928597754,1.5454984974933377
2022-04-27,0.2095849024964595,1.8904062609073466
2022-04-28,2.444565534083217,1.7494866860065121
2022-04-29,-3.695915978469415,1.6316249577671706
2022-05-02,0.5659199293818601,2.1186001367094223
2022-05-03,0.4825465075359521,1.955545148507008
2022-05-04,2.942522155732583,1.8090530201511723
2022-05-05,-3.630067756409906,1.6872018003997604
2022-05-06,-0.569038441395277,2.152261799668671
2022-05-09,-3.256151953960419,2.0651689439929974
2022-05-10,0.2454881760409255,2.4060998281025237
2022-05-11,-1.6600232095697796,2.2112281247573446
2022-05-12,-0.129680499411244,2.277069745305558
2022-05-13,2.358926795686944,2.115709311536203
2022-05-16,-0.3954208517722458,1.9600342596292335
2022-05-17,1.996891958146264,1.8687945719081291
2022-05-18,-4.123380929124887,1.737145886941666
2022-05-19,-0.585086477734781,2.287447309470033
2022-05-20,0.0146131091990306,2.1880667348381557
2022-05-23,1.838499541206076,2.016526064621503
2022-05-24,-0.815395090355808,1.8691135202669955
2022-05-25,0.9406385648931586,1.8472666506495177
2022-05-26,1.9688166007720864,1.7136116496909783
2022-05-27,2.4441130195822014,1.5974265873240465
2022-05-31,-0.6294135193666944,1.4945632677289682
2022-06-01,-0.751090504115545,1.4839945647274695
2022-06-02,1.8263225415545103,1.4923480668833948
2022-06-03,-1.6482405609817057,1.3971627538480114
2022-06-06,0.3132489407036025,1.5541280682433483
2022-06-07,0.947833153171984,1.4469757154797342
2022-06-08,-1.0852623040155318,1.352601801587794
2022-06-09,-2.408645766515553,1.4248384096190754
2022-06-10,-2.954241481140948,1.7074096266455423
2022-06-13,-3.953993199003994,2.046539640214146
2022-06-14,-0.3780818039489633,2.512904005330043
2022-06-15,1.4487058836534477,2.3601025003750955
2022-06-16,-3.3052207113840666,2.1749095057105747
2022-06-17,0.2198447341013387,2.508874838759788
2022-06-21,2.4182474960672,2.302759412373982
2022-06-22,-0.1302420095357445,2.1275298106256675
2022-06-23,0.948707248555652,1.9820827510479235
2022-06-24,3.0105539729901034,1.8347056704460099
2022-06-27,-0.2977499890340672,1.7105371935082947
2022-06-28,-2.03486731494949,1.6310745991331463
2022-06-29,-0.0711998820172695,1.8237364930437627
2022-06-30,-0.8797866246367652,1.7015018439531944
2022-07-01,1.0498511296639172,1.7066118014614886
2022-07-05,0.1582875106193491,1.5874679803425
2022-07-06,0.3566795705066178,1.476471521266895
2022-07-07,1.4853723180930392,1.3769396304577979
2022-07-08,-0.083061639612735,1.291307241119765
2022-07-11,-1.1594417660525544,1.2222314914166272
2022-07-12,-0.928686849749371,1.31966581384568
2022-07-13,-0.446686411181668,1.3711972404190018
2022-07-14,-0.3003138812764307,1.3461526898946454
2022-07-15,1.901923165863364,1.3025243039488048
2022-07-18,-0.8398742485835936,1.2254692557452176
2022-07-19,2.725351764373082,1.2728409752065317
2022-07-20,0.5878493941057167,1.2018254093547591
2022-07-21,0.9813066689504668,1.1286619502451465
2022-07-22,-0.9376287293813848,1.0635957247544892
2022-07-25,0.1314302973305868,1.1421375676118097
2022-07-26,-1.161034259926336,1.0724679073424301
2022-07-27,2.5820048778629068,1.1858788655339068
2022-07-28,1.2060319791912806,1.1221717744013155
2022-07-29,1.4107775781753558,1.0585824455562431
2022-08-01,-0.2827076544916728,1.0013764625950023
2022-08-02,-0.668468837887098,0.9865773944666847
2022-08-03,1.5517456270090708,1.0306165575081863
2022-08-04,-0.0777642449583773,0.9763937683143367
2022-08-05,-0.1627069018919119,0.9344926934094969
2022-08-08,-0.1238317122120914,0.9081741425104206
2022-08-09,-0.4257744235926498,0.8785235686865814
2022-08-10,2.10671584604075,0.8954341203446755
2022-08-11,-0.0705722922201817,0.8548472225045571
2022-08-12,1.7174046951492667,0.8220398542425029
2022-08-15,0.3961684056233163,0.7858275176995665
2022-08-16,0.1873922825947862,0.7471119860783192
2022-08-17,-0.726411486764802,0.7105673455919956
2022-08-18,0.2266989606384797,0.7892783612252001
2022-08-19,-1.2983928713038868,0.7496039041774405
2022-08-22,-2.1632366466494566,0.9225409547612183
2022-08-23,-0.2240370434437464,1.233953666957351
2022-08-24,0.2911916698724165,1.1899373861943392
2022-08-25,1.3993241836107049,1.1166518470995044
2022-08-26,-3.4268576317039523,1.054327450378819
2022-08-29,-0.6688675197324806,1.6040274502116765
2022-08-30,-1.1089416492117008,1.5882405272193838
2022-08-31,-0.7847738208153028,1.6394625013382471
2022-09-01,0.2991752267194871,1.637005832421731
2022-09-02,-1.0794552570724387,1.5217378648356163
2022-09-06,-0.4103464690895143,1.5754695507638175
2022-09-07,1.817484866616988,1.5253350044484815
2022-09-08,0.6588966880442448,1.4269502132195735
2022-09-09,1.515601498121106,1.3333173230330184
2022-09-12,1.0528651483995637,1.2518672274592262
2022-09-13,-4.419916303197407,1.1760426979864405
2022-09-14,0.3381289078844715,1.9212167083659761
2022-09-15,-1.1382272168149512,1.777666414608125
2022-09-16,-0.7208049775663176,1.813148602592747
2022-09-19,0.6833697724705768,1.783450618461645
2022-09-20,-1.1336114736600402,1.6551989333011576
2022-09-21,-1.726467409850635,1.7030647210487941
2022-09-22,-0.8463293830453985,1.837467035110375
2022-09-23,-1.7382828767330778,1.8234514787704181
2022-09-26,-1.0394360890280503,1.9458751428841452
2022-09-27,-0.2122610954824728,1.9486103174356444
2022-09-28,1.948114418115236,1.8330611132694836
2022-09-29,-2.13527948230975,1.7048357867373332
2022-09-30,-1.5181351546209298,1.9049949687607612
2022-10-03,2.555457753093017,1.9840569902047474
2022-10-04,3.012534141679984,1.8428359963442797
2022-10-05,-0.2019987558938117,1.7178531927961067
2022-10-06,-1.02979229113952,1.6242983154714552
2022-10-07,-2.8403196531478057,1.6597825555726513
2022-10-10,-0.7520673133652772,1.9856362087147568
2022-10-11,-0.6540518412323781,1.9423293781162712
2022-10-12,-0.3296199650166294,1.889541279901457
2022-10-13,2.5634259307631133,1.7963774099132221
2022-10-14,-2.394712074452842,1.674292637699938
2022-10-17,2.6135524557561847,1.9214598941190968
2022-10-18,1.136276820708746,1.786894501020379
2022-10-19,-0.6694455239684375,1.6600928460303592
2022-10-20,-0.7982686738766697,1.6387041127139272
2022-10-21,2.3447759860447266,1.638306599214882
2022-10-24,1.1811940205111493,1.5310496115038432
2022-10-25,1.6135770015874955,1.4295765038154742
2022-10-26,-0.7415140398989886,1.3395086170878925
2022-10-27,-0.6101185053184452,1.3608044778721835
2022-10-28,2.4328036770856336,1.3605572824550933
2022-10-31,-0.7482327030336412,1.2802541364407232
2022-11-01,-0.4109663720359005,1.308372434042738
2022-11-02,-2.5319843737482883,1.2841566316493187
2022-11-03,-1.0642422531956597,1.6089719502360988
2022-11-04,1.3526823285563951,1.651249578379171
2022-11-07,0.956806167935914,1.5387701918440049
2022-11-08,0.5582282828760321,1.4356595970419905
2022-11-09,-2.0996784712303445,1.3408027468627033
2022-11-10,5.395251566479769,1.580575208189223
2022-11-11,0.9198312304769029,1.4911892386418084
2022-11-14,-0.8975940544918012,1.3924967504521015
2022-11-15,0.8675376414669187,1.4319502256518342
2022-11-16,-0.8286283111873759,1.3386775848414056
2022-11-17,-0.3094104644229283,1.3731238014229803
2022-11-18,0.4747295648158209,1.3282368094564188
2022-11-21,-0.3891249800275618,1.2430921728179805
2022-11-22,1.3488606269828392,1.2218513220881129
2022-11-23,0.5897266041738312,1.1499368902472262
2022-11-25,-0.0283084262202478,1.0814145060876856
2022-11-28,-1.5564696794064814,1.023558744417747
2022-11-29,-0.159313370162437,1.2088517457524819
2022-11-30,3.0478643521294946,1.1579844582485197
2022-12-01,-0.0868009829606589,1.0986575085831711
2022-12-02,-0.1195374663761461,1.0474569104317069
2022-12-05,-1.8056249630972216,1.0053349638160485
2022-12-06,-1.4503869422986058,1.2370773354372049
2022-12-07,-0.1864107253381664,1.3798305569246416
2022-12-08,0.7493634413933238,1.3169419746884352
2022-12-09,-0.7376719464213213,1.2339385337384243
2022-12-12,1.417830729965003,1.2649837258883008
2022-12-13,0.7263223255457212,1.189427879478099
2022-12-14,-0.6071116623835963,1.117932343026886
2022-12-15,-2.523747790182607,1.140424087442221
2022-12-16,-1.1200239946011676,1.4860011978541692
2022-12-19,-0.90483289411038,1.549673252795828
2022-12-20,0.1036800697890769,1.5741940294366241
2022-12-21,1.4758548669054294,1.4642682940550473
2022-12-22,-1.4557142498145654,1.3703608166847099
2022-12-23,0.5850952271915072,1.4991428852564614
2022-12-27,-0.4057844034659477,1.3983565596110505
2022-12-28,-1.2093470442948606,1.3648229695635403
2022-12-29,1.731063431499432,1.4551035879794914
2022-12-30,-0.2543975646110833,1.363087142046764
2023-01-03,-0.4008572481273608,1.3113509903555225
2023-01-04,0.7510694562138917,1.285396565021368
2023-01-05,-1.1713869136457158,1.2053010786965461
2023-01-06,2.258383558903089,1.3064105672712314
2023-01-09,-0.0767927325990578,1.2304296319581778
2023-01-10,0.6953997970593733,1.166049274253557
2023-01-11,1.2767571192293676,1.0965186218173932
2023-01-12,0.341008491204273,1.0354677880263374
2023-01-13,0.3988892144656051,0.9759445164635536
2023-01-17,-0.2032555430996314,0.9217234034063149
2023-01-18,-1.5684966977744674,0.9022945823649005
2023-01-19,-0.7667671901812427,1.104750802379789
2023-01-20,1.874167355235196,1.152697544055582
2023-01-23,1.1811315951328556,1.0890980379189679
2023-01-24,-0.0711756364291819,1.0283107300785819
2023-01-25,-0.0181741573465663,0.9810449041449881
2023-01-26,1.0947708029114305,0.9304067406784372
2023-01-27,0.2491734021703855,0.882813404511212
2023-01-30,-1.3053569315292664,0.8357238961443261
2023-01-31,1.4536304416419528,0.9995484517742733
2023-02-01,1.039805629688473,0.9475868130441002
2023-02-02,1.459238462685438,0.8983372843047385
2023-02-03,-1.0408592637285454,0.8548770043863775
2023-02-06,-0.6159393193939262,0.9712792665954535
2023-02-07,1.2790364037397075,1.0086895233193862
2023-02-08,-1.1142573012411352,0.955242434793993
2023-02-09,-0.8869009831037385,1.0733274520176816
2023-02-10,0.2192855709217127,1.1429354053932914
2023-02-13,1.1383569951155146,1.0735473271048568
2023-02-14,-0.0280453855493762,1.0139431145389923
2023-02-15,0.2769337533076689,0.9618810389220321
2023-02-16,-1.3884689204881606,0.9083521287694477
2023-02-17,-0.2771242172282734,1.0781707002291232
2023-02-21,-2.0244783973471696,1.055803140553504
2023-02-22,-0.1574795485643383,1.3205028860712267
2023-02-23,0.5315278263237728,1.2591145151977765
2023-02-24,-1.0593464619774184,1.1805416990065383
2023-02-27,0.3068292539552277,1.2664660735328341
2023-02-28,-0.3040619830947711,1.1863242869970607
2023-03-01,-0.4736464203492832,1.1580768936249208
2023-03-02,0.7553593731195973,1.1570351229228464
2023-03-03,1.601874917648306,1.0885474015281595
2023-03-06,0.0686930778848301,1.0295053383392854
2023-03-07,-1.5445590479262548,0.9693988257492515
2023-03-08,0.1413794135603272,1.1591979020548482
2023-03-09,-1.8631857945482355,1.0880551350747054
2023-03-10,-1.458396943606664,1.319177218804689
2023-03-13,-0.1510901840738767,1.4540782215647456
2023-03-14,1.6342388235363663,1.3792088147633161
2023-03-15,-0.7005363929353597,1.2939602028001123
2023-03-16,1.7409576249031722,1.313601475331565
2023-03-17,-1.10806212739537,1.2348787850183955
2023-03-20,0.8878869635940854,1.3228748236754884
2023-03-21,1.2898647518559103,1.2398776084751286
2023-03-22,-1.6600248639842885,1.166093537483393
2023-03-23,0.2980083869182423,1.3520709141960643
2023-03-24,0.5623963084303207,1.2640111346854288
2023-03-27,0.1645599563767083,1.185115585067021
2023-03-28,-0.1575083288387886,1.111754545379368
2023-03-29,1.41368707750468,1.0693478013702267
2023-03-30,0.5698999199482653,1.0112193908755425
2023-03-31,1.4333327782036556,0.9546942153594826
2023-04-03,0.3692022565802823,0.9064426842104114
2023-04-04,-0.5813839745162529,0.8578989952286912
2023-04-05,-0.2495481657121423,0.9002677433053426
2023-04-06,0.3572773132803247,0.8893393903946373
2023-04-10,0.0995807017010084,0.8421528808239843
2023-04-11,-0.004135333298352,0.7977552875335202
2023-04-12,-0.4143456323461385,0.7601831515212041
2023-04-13,1.3175510497831548,0.785439070248549
2023-04-14,-0.2071517584577988,0.7505027080155903
2023-04-17,0.3300703582614753,0.7456930052338283
2023-04-18,0.0854854803465975,0.7098374753087653
2023-04-19,-0.0084265547939628,0.6757335418613595
2023-04-20,-0.5970335188311131,0.6481606660981717
2023-04-21,0.0902781257300886,0.7115244813825263
2023-04-24,0.0851216778272312,0.6773119456605843
2023-04-25,-1.593718381857645,0.6456546213884586
2023-04-26,-0.3848583503344875,0.8898391347501867
2023-04-27,1.9377193402696355,0.899670331654867
2023-04-28,0.8219331313243468,0.8580459622272354
2023-05-01,-0.0386181048510787,0.8152905324605257
2023-05-02,-1.1653906680571788,0.7811660175069312
2023-05-03,-0.7022908054892971,0.9267723544594383
2023-05-04,-0.7244913455062743,0.9815961428276825
2023-05-05,1.83061663818798,1.0347399970886788
2023-05-08,0.0452026484882065,0.9812907696698497
2023-05-09,-0.4589938949059595,0.9251936609273825
2023-05-10,0.4473942241914432,0.9430092981581172
2023-05-11,-0.1698064889706758,0.8917480715955862
2023-05-12,-0.1584561589439047,0.8700293705974961
2023-05-15,0.2953797680316934,0.8484850063290856
2023-05-16,-0.6398107681917463,0.8043693846280608
2023-05-17,1.1820688622071571,0.860636658611489
2023-05-18,0.9400723063727155,0.8191329955144074
2023-05-19,-0.1446913880675441,0.7799873416407999
2023-05-22,0.0155022679802391,0.7637762438272958
2023-05-23,-1.1285468768284297,0.7261246327211601
2023-05-24,-0.734551267830521,0.8715047838498015
2023-05-25,0.8719456079011882,0.9365355007495327
2023-05-26,1.2964680931640788,0.88752982171496
2023-05-30,0.0016603130665768,0.844296580147275
2023-05-31,-0.6127358186214099,0.8021969497974815
2023-06-01,0.9806215085853812,0.8544119708463798
2023-06-02,1.4429812390107408,0.8125947863209507
2023-06-05,-0.2005591490657713,0.7760177442355058
2023-06-06,0.2351130233850576,0.7682073741786337
2023-06-07,-0.3819293926420617,0.7302184998021393
2023-06-08,0.616957160752325,0.7530435144706096
2023-06-09,0.1147401023050523,0.7177855717198425
2023-06-12,0.927797498175416,0.6831961425120497
2023-06-13,0.6908570725908897,0.6545360070010866
2023-06-14,0.0819089980126584,0.6270403426029836
2023-06-15,1.2104580493589998,0.5990708555145624
2023-06-16,-0.3678376467751089,0.5777413815628701
2023-06-20,-0.4746353835236048,0.6106454356757702
2023-06-21,-0.5259086366925201,0.6576486083287121
2023-06-22,0.3703930387334525,0.7088230024891773
2023-06-23,-0.7688288056502157,0.67595478653795
2023-06-26,-0.4496934363132171,0.7649161815948399
2023-06-27,1.139073352418076,0.795157321105472
2023-06-28,-0.0354139388389821,0.758726401826594
2023-06-29,0.446356811449,0.728617584683586
2023-06-30,1.21943502618858,0.69454872800572
2023-07-03,0.1169993092673641,0.6662273866089098
2023-07-05,-0.1970258097612716,0.6355247198135243
2023-07-06,-0.7954061175894762,0.6381575804690297
2023-07-07,-0.2869212795733482,0.7352309938387669
2023-07-10,0.2402138610626312,0.7433917807417686
2023-07-11,0.6719583998254874,0.7073488501143045
2023-07-12,0.7383905235389678,0.6758212288688892
2023-07-13,0.8434482989627111,0.6469389524721979
2023-07-14,-0.1024932196907483,0.6206276156302746
2023-07-17,0.3847969574420413,0.6105622779470237
2023-07-18,0.7092066941428338,0.5850203148810689
2023-07-19,0.2355134827233639,0.5626311022655607
2023-07-20,-0.6779827396257692,0.5398730244129871
2023-07-21,0.0324042014613091,0.6264387674562166
2023-07-24,0.4026038496874852,0.5983110725041729
2023-07-25,0.2810719575838704,0.5737198234627596
2023-07-26,-0.0155450978675918,0.550372444070168
2023-07-27,-0.6445393055197076,0.532854428846142
2023-07-28,0.9829375810433848,0.6143889821614887
2023-07-31,0.1467635436568791,0.5910224577048384
2023-08-01,-0.2668645307682711,0.5659036979352945
2023-08-02,-1.3936200638336185,0.5842116995165416
2023-08-03,-0.2551225450291527,0.7981214844531591
2023-08-04,-0.531416937393797,0.796490778190561
2023-08-07,0.8983618964856572,0.8365699210983648
2023-08-08,-0.4227205100058866,0.7958579987822813
2023-08-09,-0.7063619102045117,0.8193807808069361
2023-08-10,0.0250682521080863,0.8847904385914261
2023-08-11,-0.1070264899229486,0.836634310549609
2023-08-14,0.573400487941905,0.8104770201167658
2023-08-15,-1.1618139396096483,0.770531720254673
2023-08-16,-0.7584081792624527,0.9167148567116612
2023-08-17,-0.7742811377529081,0.9812611645387932
2023-08-18,-0.0148717883957202,1.0421786053002913
2023-08-21,0.6855634859799785,0.9858575343254206
2023-08-22,-0.2781331046545683,0.9319547299760761
2023-08-23,1.098433071079136,0.9224883228841743
2023-08-24,-1.354935398400801,0.8755678442441519
2023-08-25,0.6695501060295156,1.043396317217538
2023-08-28,0.6245078594196461,0.9845133093122894
2023-08-29,1.4404068712056506,0.9304779623013957
2023-08-30,0.3825854181192944,0.8842796966102611
2023-08-31,-0.1598212974339857,0.8376095958090397
2023-09-01,0.1797512765518541,0.818923426584818
2023-09-05,-0.4202997821381205,0.7767102316233274
2023-09-06,-0.6996014491432261,0.8014825248832502
2023-09-07,-0.3216433115732967,0.8674680997227531
2023-09-08,0.1425606062257059,0.8698525610724146
2023-09-11,0.6700951498135518,0.82338861654966
2023-09-12,-0.5712169023003997,0.7828065650670922
2023-09-13,0.1240862117534604,0.8302572777613464
2023-09-14,0.839458553366625,0.786913410954181
2023-09-15,-1.2234145842493929,0.7499135251834483
2023-09-18,0.0721027694175518,0.9093528854999877
2023-09-19,-0.2153327361533126,0.8593699009078907
2023-09-20,-0.943920420629104,0.8469011476413433
2023-09-21,-1.6536918318488083,0.9480529725461274
2023-09-22,-0.2298237402760749,1.1599386094701958
2023-09-25,0.4014994203806617,1.123478754633071
2023-09-26,-1.4844165482264944,1.0565397009867301
2023-09-27,0.0229287772294792,1.2255316392485793
2023-09-28,0.5875877143000698,1.1479705616312157
2023-09-29,-0.2713259648289315,1.079613989956918
2023-10-02,0.0079364406152993,1.0562841298264822
2023-10-03,-1.3839395863449198,0.9955803055748866
2023-10-04,0.8077047607828945,1.1544877906927689
2023-10-05,-0.1304881146995122,1.0864366867859632
2023-10-06,1.1745642093961115,1.042451037821297
2023-10-09,0.6284068119387409,0.9856856535164523
2023-10-10,0.5194476099985355,0.9315667951196277
2023-10-11,0.4283819500095073,0.8815499100930957
2023-10-12,-0.6266024940654918,0.8352881132856784
2023-10-13,-0.5031495660219892,0.8866984768755946
2023-10-16,1.0538642302589984,0.9145544268824735
2023-10-17,-0.0098249879443765,0.8681108642002683
2023-10-18,-1.3490408251151895,0.825686928798457
2023-10-19,-0.8519032328057976,0.998426885503558
2023-10-20,-1.2665149196155916,1.0698628723903325
2023-10-23,-0.1686992065434917,1.2008209738808628
2023-10-24,0.723952351962882,1.1520046599036127
2023-10-25,-1.4443434657238052,1.0838376952932214
2023-10-26,-1.1903081205584871,1.242888586645194
2023-10-27,-0.481183857862075,1.3430511243064056
2023-10-30,1.1938474300285915,1.3256932286500287
2023-10-31,0.6454084821688244,1.2436600632444859
2023-11-01,1.0451194990191868,1.1669484787832265
2023-11-02,1.8682938934086477,1.098742347007427
2023-11-03,0.934988354455146,1.039883762148203
2023-11-06,0.1751457724100586,0.9823730629768893
2023-11-07,0.2836093401711954,0.9267075986716734
2023-11-08,0.1004411032419886,0.8761422164633379
2023-11-09,-0.8116690699068705,0.8289961919905009
2023-11-10,1.5495759270772258,0.9103541635707854
2023-11-13,-0.0836188441370084,0.8662690915357288
2023-11-14,1.889537047457725,0.8343748644726601
2023-11-15,0.1595738207847176,0.7978748505289194
2023-11-16,0.118971939671373,0.7572503406473442
2023-11-17,0.1281227937177987,0.7196429110076733
2023-11-20,0.7363103793795632,0.6849662785657542
2023-11-21,-0.2022975931757968,0.655390729987612
2023-11-22,0.4052905094313324,0.6572909603316307
2023-11-24,0.0596695609645032,0.6284252149949037
2023-11-27,-0.1956069316898358,0.6002644985643123
2023-11-28,0.0979638528050291,0.6053307556842857
2023-11-29,-0.0946696615101938,0.5789921879096468
2023-11-30,0.3776931264994605,0.5708180064545303
2023-12-01,0.5856558953846637,0.5480700933338283
2023-12-04,-0.5423188063826943,0.5277591085713182
2023-12-05,-0.0569031593934802,0.5926523941432703
2023-12-06,-0.3913851944943747,0.5780564041525246
2023-12-07,0.7936610684821922,0.6146039757554482
2023-12-08,0.4087134146503793,0.5904452370612187
2023-12-11,0.3916813547781492,0.5664391203072449
2023-12-12,0.45888127956924,0.5440551575312089
2023-12-13,1.355834517501981,0.5235001877517034
2023-12-14,0.2643565185154432,0.5080521478026608
2023-12-15,-0.0076252400448594,0.4891434573076714
2023-12-18,0.4518122263400515,0.47464953254497255
2023-12-19,0.5849267450818904,0.45872031529197327
2023-12-20,-1.4793147965305629,0.4443724145378131
2023-12-21,1.0248769307271877,0.7041032422466302
2023-12-22,0.1658682152761075,0.6742628183562202
2023-12-26,0.4222761046978559,0.6431615720046596
2023-12-27,0.1429435616422998,0.6154052055134098
2023-12-28,0.0370106110327118,0.5885263163526903
2023-12-29,-0.2830477036733835,0.5631361972875756
2024-01-02,-0.5676660799723162,0.5841126009589954
2024-01-03,-0.8048618327197647,0.6483043566524979
2024-01-04,-0.3434271663317428,0.7459831600078193
2024-01-05,0.182402163943398,0.7617091087383019
2024-01-08,1.401594543635314,0.724012572035184
2024-01-09,-0.1478993852317584,0.6941948273602943
2024-01-10,0.5649980650495912,0.6851688418594825
2024-01-11,-0.0671280836961164,0.6548787902561499
2024-01-12,0.0750693753033959,0.637194856916557
2024-01-16,-0.3738319052356834,0.6084583489096633
2024-01-17,-0.5632731271107821,0.6398730810843647
2024-01-18,0.8766720726243148,0.6985284165898781
2024-01-19,1.2238308232548512,0.6685045323601617
2024-01-22,0.2191921187231685,0.6421551251402289
2024-01-23,0.2917115340764486,0.6136435872926794
2024-01-24,0.0811598976216865,0.5874992679523122
2024-01-25,0.524657813497798,0.5623622695639107
2024-01-26,-0.0651997755426364,0.5408085454086099
2024-01-29,0.7528365505246204,0.5310693118001238
2024-01-30,-0.0600830396978616,0.5126140287570935
2024-01-31,-1.6236851740733682,0.5040759436420974
2024-02-01,1.2416286114049784,0.7826208391970156
2024-02-02,1.062777072263312,0.7475967524377374
2024-02-05,-0.3191424709283971,0.7145773146011949
2024-02-06,0.2307745931748107,0.7292094435298122
2024-02-07,0.8207682594008627,0.6942186009523724
2024-02-08,0.0570420540090595,0.6642918285691488
2024-02-09,0.5725917128795516,0.6334885976770231
2024-02-12,-0.0949404142652441,0.6070540325827968
2024-02-13,-1.3768609419845443,0.5968907029129266
2024-02-14,0.9534168304216808,0.8054681444017946
2024-02-15,0.580437267404004,0.7674646141142313
2024-02-16,-0.4815043575961042,0.730936200130557
2024-02-20,-0.602342646581725,0.7689428062851158
2024-02-21,0.1263401495103598,0.8224909151820186
2024-02-22,2.090288866640342,0.7797769904957039
2024-02-23,0.0347887026502183,0.7484454418369351
2024-02-26,-0.3793939244668484,0.7111785084634724
2024-02-27,0.1704895538720964,0.735180280552811
2024-02-28,-0.1659531321112244,0.6994863717035589
2024-02-29,0.5215470455799964,0.692675140081219
2024-03-01,0.7975936433387976,0.6616436032746602
2024-03-04,-0.1193974574963011,0.6340585530182374
2024-03-05,-1.0245406275917994,0.6254476086758756
2024-03-06,0.5127932853001643,0.7638013872280963
2024-03-07,1.0251402284983626,0.7272836548551718
2024-03-08,-0.6549922992050338,0.6956761825223335
2024-03-11,-0.11228682680281,0.7641591409361718
2024-03-12,1.1139512586668012,0.7445518635481264
2024-03-13,-0.1926384002121972,0.7119769046480764
2024-03-14,-0.2875221051495188,0.708086217959862
2024-03-15,-0.6504022859737666,0.71850966925293
2024-03-18,0.6298184238480455,0.7841950663729678
2024-03-19,0.563325304434312,0.7465567422879187
2024-03-20,0.8864765516360184,0.7115828647678688
2024-03-21,0.3231309094528888,0.6806088096268464
2024-03-22,-0.1403171834326712,0.6496742581591305
2024-03-25,-0.3059640382031929,0.6429335163582368
2024-03-26,-0.2803721982805726,0.6612671926263132
2024-03-27,0.8593595582706042,0.6743166201729784
2024-03-28,0.1115862700761605,0.6460412135736867
2024-04-01,-0.2015614526957724,0.6168060668506382
2024-04-02,-0.7265388203672426,0.6215192819138109
2024-04-03,0.1090527523337897,0.7085939533597752
2024-04-04,-1.241103561926225,0.674680134742882
2024-04-05,1.1038050135699558,0.8465122758514266
2024-04-08,-0.0374701190041576,0.8058339989372346
2024-04-09,0.144444947363452,0.7723021048186489
2024-04-10,-0.9501981832212592,0.7336257584065465
2024-04-11,0.7417221983342437,0.8473356385471381
2024-04-12,-1.4657587802248535,0.8051209819913114
2024-04-15,-1.2094195787459194,1.0014667655456566
2024-04-16,-0.2058624527503996,1.1303797545989496
2024-04-17,-0.5797375076004185,1.093167654361474
2024-04-18,-0.2210601700485304,1.1138673070740654
2024-04-19,-0.8797129654056974,1.0802929072058187
2024-04-22,0.869335115683908,1.148092584510611
2024-04-23,1.189356656772209,1.08085681806788
2024-04-24,0.02129873779329,1.020821786805319
2024-04-25,-0.4586934270119409,0.9613176669707021
2024-04-26,1.0157381332325344,0.975897681562454
2024-04-29,0.3173408076639394,0.9241706375402847
2024-04-30,-1.5855551118928124,0.8739518663674868
2024-05-01,-0.3441353485631687,1.0831705497972075
2024-05-02,0.9087024725084856,1.0700423346308778
2024-05-03,1.2478557659508005,1.0098172828884096
2024-05-06,1.027317369124784,0.956147881715658
2024-05-07,0.1342528228825613,0.9061303818630195
2024-05-08,-0.0005835635193424,0.8566637658342717
2024-05-09,0.5078032639106711,0.8138782569100355
2024-05-10,0.1648040080166728,0.7733962805658408
2024-05-13,-0.0241333173865208,0.7347169643842368
2024-05-14,0.4826148527454041,0.7048789880940062
2024-05-15,1.164782778729962,0.672766868914893
2024-05-16,-0.2083837474088046,0.6458574809368178
2024-05-17,0.1164095687893751,0.6493831759307539
2024-05-20,0.0915970308491166,0.6199222262957196
2024-05-21,0.2498749766892608,0.592507767749918
2024-05-22,-0.2709791209352147,0.5677050504296766
2024-05-23,-0.7408162283471933,0.5865026158515129
2024-05-24,0.6976649076673259,0.6793291467678089
2024-05-28,0.0248770906885915,0.6500182261330077
2024-05-29,-0.7394317215742535,0.6201377201488785
2024-05-30,-0.5992957535754186,0.7095073489506372
2024-05-31,0.7995824231928896,0.7678329775198474
2024-06-03,0.1115460223535239,0.7321672469178663
2024-06-04,0.1501681003782753,0.6964653081785954
2024-06-05,1.1778015849957282,0.6636358067017477
2024-06-06,-0.0199836601636851,0.6374599688054644
2024-06-07,-0.1115842050279066,0.6143538942334876
2024-06-10,0.2577529978240972,0.6060655627996443
2024-06-11,0.2706714855209522,0.5803270781649751
2024-06-12,0.8467720241887338,0.5564720469756177
2024-06-13,0.234191143711672,0.5366527255004131
2024-06-14,-0.0393938280997494,0.5156836523576128
2024-06-17,0.7635164372320518,0.5039563812642832
2024-06-18,0.2518154181517116,0.48737778275304494
2024-06-20,-0.252912739541154,0.46979060926055793
2024-06-21,-0.1563351718825249,0.49297705774220335
2024-06-24,-0.3069879155866442,0.49990555057708863
2024-06-25,0.3925873679181343,0.5292832150562146
2024-06-26,0.1571196224720452,0.5094674976099784
2024-06-27,0.0906909856799073,0.4900234943848963
2024-06-28,-0.4092013462369599,0.471599534327678
2024-07-01,0.2671990981429523,0.5193436257852555
2024-07-02,0.6176205771185049,0.4996870611229813
2024-07-03,0.5071562269533664,0.4827914659966571
2024-07-05,0.543397436096954,0.4665578177077098
2024-07-08,0.1016182476404432,0.45153245414867205
2024-07-09,0.0740797478065475,0.43565032562311545
2024-07-10,1.0156314878105883,0.4206595603401191
2024-07-11,-0.8801649969266724,0.4105061758170098
2024-07-12,0.550186402496512,0.5480721366601445
2024-07-15,0.2822216423352684,0.5276152389632633
2024-07-16,0.6369049971453274,0.5074597372157302
2024-07-17,-1.4025441523645543,0.49012421940160505
2024-07-18,-0.7847112145350073,0.7225163646560897
2024-07-19,-0.7165879226406084,0.8096589642732105
2024-07-22,1.0734217246220292,0.8775933339521537
2024-07-23,-0.155931769394619,0.8342678704860448
2024-07-24,-2.3421242222892857,0.815295637431925
2024-07-25,-0.5155889019717259,1.1832133018864648
2024-07-26,1.1029420409570925,1.1860021284033289
2024-07-29,0.0812979571828451,1.1163256050553625
2024-07-30,-0.4972514361367621,1.0487312080389815
2024-07-31,1.5669980701917767,1.0612043416996306
2024-08-01,-1.3788123791990166,1.0044020460271406
2024-08-02,-1.855290660855327,1.1614295520400486
2024-08-05,-3.04270413923931,1.381683912625054
2024-08-06,1.0300849493599515,1.7867091289203567
2024-08-07,-0.7764715388769489,1.659504991734173
2024-08-08,2.278113959089888,1.6537755296735814
2024-08-09,0.4660798434381699,1.544733363350156
2024-08-12,0.0043033051720097,1.4390951064112194
2024-08-13,1.6707233419049987,1.3441543668880795
2024-08-14,0.381643656119841,1.2623204316865384
2024-08-15,1.6004489931304131,1.1828558298152625
2024-08-16,0.1987802368396151,1.1154618782506558
2024-08-19,0.9675327436177776,1.0484146068269597
2024-08-20,-0.1986527237609709,0.9902995707495053
2024-08-21,0.4230714721006796,0.9643612909769032
2024-08-22,-0.8972942256657219,0.9112132351167064
2024-08-23,1.141793740166443,0.9983922572131553
2024-08-26,-0.3158710169605814,0.9452679467143918
2024-08-27,0.1593925112723203,0.9401604414548009
2024-08-28,-0.5993900794735212,0.887975046194559
2024-08-29,-0.0039379843436586,0.9304200293391709
2024-08-30,1.004245707914417,0.8820467485428114
2024-09-03,-2.1377963372397697,0.838076666922917
2024-09-04,-0.1603829027380963,1.159035186519925
2024-09-05,-0.3022581014674196,1.112815989351601
2024-09-06,-1.7410944507424406,1.0909708924432369
2024-09-09,1.1513534435818251,1.300152038815806
2024-09-10,0.4462699977793541,1.2203046671364375
2024-09-11,1.060855564984334,1.1449095903226623
2024-09-12,0.746735215680267,1.0787260307157662
2024-09-13,0.5393142234356035,1.0170937044265174
2024-09-16,0.1255840867310285,0.9599435766120632
2024-09-17,0.026451509389645,0.9059673980425574
2024-09-18,-0.2900658708313291,0.8560792831080708
2024-09-19,1.6834356892725129,0.8547786727609153
2024-09-20,-0.1942913630015734,0.8157899326522741
2024-09-23,0.2805334425713122,0.8038543146870508
2024-09-24,0.2508031103345345,0.7632468508065098
2024-09-25,-0.1862983206212128,0.7257082241465258
2024-09-26,0.4030542158199222,0.7198165264702846
2024-09-27,-0.1254002900072123,0.6862445623099591
2024-09-30,0.4227603658441509,0.6745710489650822
2024-10-01,-0.9367848694454448,0.6444936379713851
2024-10-02,0.0138381326986477,0.7652218341399777
2024-10-03,-0.1682828654458689,0.727690149139679
2024-10-04,0.8930255699186382,0.7190221253406941
2024-10-07,-0.9632263829388772,0.6875076596346423
2024-10-08,0.9642706804694384,0.8082634886010436
2024-10-09,0.7088231016994585,0.7700820511072033
2024-10-10,-0.2072268505982484,0.7338713021112159
2024-10-11,0.603360870729872,0.7303921305784601
2024-10-14,0.7678114574594324,0.6968262930582995
2024-10-15,-0.7638566037513421,0.666486451727025
2024-10-16,0.4668232782779766,0.755524406024591
2024-10-17,-0.0171175128538166,0.7194634398403902
2024-10-18,0.3963686942774387,0.689807922773406
2024-10-21,-0.1824432756419033,0.6584819062274878
2024-10-22,-0.0474966667195793,0.657227232422034
2024-10-23,-0.9233824267679565,0.6365679486580971
2024-10-24,0.2143473130556828,0.7557994481370257
2024-10-25,-0.029949201318627,0.7186916132296879
2024-10-28,0.2647934626732945,0.6909054929827629
2024-10-29,0.1612825944901219,0.6589610547592738
2024-10-30,-0.3305691672488118,0.6289768924541103
2024-10-31,-1.8790134928745348,0.652137153596829
2024-11-01,0.4084158004525459,0.9546801514789902
2024-11-04,-0.2816044813190291,0.9022855205300954
2024-11-05,1.2191031029563082,0.8958518416179606
2024-11-06,2.4981280957186653,0.851621163483685
2024-11-07,0.7403754173995657,0.8162144477737823
2024-11-08,0.3749794035718046,0.7764902960850821
2024-11-11,0.0968594190956923,0.7384215797292262
2024-11-12,-0.2896851476936499,0.7021795013882475
2024-11-13,0.0232200764140183,0.713395939727494
2024-11-14,-0.6068108582244001,0.6787687977551701
2024-11-15,-1.3291430866793768,0.7410080654156956
2024-11-18,0.3910159746206537,0.9206052938114725
2024-11-19,0.3955750520596487,0.8709794833405518
2024-11-20,0.0021950621335444,0.8254468079174598
2024-11-21,0.5326251844288491,0.7847860217753505
2024-11-22,0.3461959591536465,0.7467063806343905
2024-11-25,0.3015927820124541,0.7108380823413681
2024-11-26,0.5705697155263866,0.6775368726970817
2024-11-27,-0.3808481083577711,0.647841064617435
2024-11-29,0.5592120396801623,0.6771966173126258
2024-12-02,0.2445463880581373,0.6474798809638072
2024-12-03,0.0451347242022181,0.6186811889985611
2024-12-04,0.603318162813612,0.5911668510610538
2024-12-05,-0.1871525839382334,0.5679068975576798
2024-12-06,0.2492345367538312,0.5741003890052039
2024-12-09,-0.6163167285227462,0.5505959262515266
2024-12-10,-0.2968284314279252,0.6257702226983928
2024-12-11,0.8132626411368236,0.6440583501225725
2024-12-12,-0.5428731461463251,0.6178351318220775
2024-12-13,-0.0026466989371873,0.6751120647421867
2024-12-16,0.3792155008784429,0.6467714218960247
2024-12-17,-0.3871479480655496,0.6185742991646459
2024-12-18,-2.993650530451818,0.6512438890520618
2024-12-19,-0.0865486750536793,1.2267824909647398
2024-12-20,1.08104794023973,1.1640928307541176
2024-12-23,0.7260849585616372,1.096285607986781
2024-12-24,1.0982233165126825,1.0330378441775
2024-12-26,-0.0405741088257819,0.9767746868367395
2024-12-27,-1.1117304964912211,0.92962531452148
2024-12-30,-1.0759673941729728,1.0499899457006867
2024-12-31,-0.4294006458982307,1.1519743027268683
2025-01-02,-0.2226363149448992,1.1450158341079597
2025-01-03,1.251735670782609,1.1088770088594826
2025-01-06,0.5522766496818171,1.0466415939401867
2025-01-07,-1.116602151663701,0.9870066310756926
2025-01-08,0.1559144093831242,1.102142923595184
2025-01-10,-1.5531637650233374,1.0360919096714258
2025-01-13,0.1574204378055117,1.219304198591982
2025-01-14,0.1145623334164268,1.1428431799652343
2025-01-15,1.8147132504516368,1.073043469678662
2025-01-16,-0.2114924340866761,1.0162135507620174
2025-01-17,0.9941478308394032,0.9898711835001187
2025-01-21,0.8730009440596049,0.9368741430609453
2025-01-22,0.611918108699413,0.8878445045765385
2025-01-23,0.5299419459529372,0.8418103720349259
2025-01-24,-0.2859215984467759,0.7991824140263837
2025-01-27,-1.4688059032112328,0.8019941087841911
2025-01-28,0.9175644177716802,0.9993037834469896
2025-01-29,-0.4689876056919602,0.945196176112779
2025-01-30,0.5261548152180238,0.9627428649530234
2025-01-31,-0.5059603990267195,0.9101467062513816
2025-02-03,-0.7637690729495203,0.9363576671800057
2025-02-04,0.7198907403029113,0.9998906339873774
2025-02-05,0.3901053915613613,0.944935362471102
2025-02-06,0.3637674355266266,0.8932821008026703
2025-02-07,-0.95098456936602,0.8457986199675687
2025-02-10,0.6690112295455173,0.9482242741433289
2025-02-11,0.0339525143673855,0.8974221910728437
2025-02-12,-0.2727583189647575,0.8482670704039135
2025-02-13,1.0372313214235749,0.845082419173301
2025-02-14,-0.0071946395574495,0.8042490495492257
2025-02-18,0.2442003655551808,0.7665907874117033
2025-02-19,0.2374148866824243,0.7287648612229745
2025-02-20,-0.4343604884290259,0.6938350681994256
2025-02-21,-1.7211396672539132,0.7276734651649089
2025-02-24,-0.4981493566252351,0.983845310868971
2025-02-25,-0.4690715138395557,1.0023123669385112
2025-02-26,0.0136015029583465,1.0147837619280338
2025-02-27,-1.5991742678524652,0.9568615087183995
2025-02-28,1.5729780420663384,1.1578735169378056
2025-03-03,-1.7753402648308867,1.0925995876644816
2025-03-04,-1.2310288231505475,1.3075850883206899
2025-03-05,1.1097472528735688,1.4073515206719995
2025-03-06,-1.7979677107455567,1.3173647943832139
2025-03-07,0.5505435045454466,1.5085413563698469
2025-03-10,-2.734354178842815,1.4067177709679668
2025-03-11,-0.7596646918536578,1.7503250680450593
2025-03-12,0.4874967940490777,1.7327797065677708
2025-03-13,-1.3988366806464148,1.6088084347605165
2025-03-14,2.1042905953196938,1.7023445901735108
2025-03-17,0.6395634974606036,1.5878158746900315
2025-03-18,-1.0710667074319702,1.4786975585303874
2025-03-19,1.0740608172953767,1.5356465708586378
2025-03-20,-0.2187283513782985,1.433303954774543
2025-03-21,0.0824313607832321,1.3698800950553742
2025-03-24,1.749211712863917,1.2793026236729739
2025-03-25,0.157309549065382,1.2037676346859159
2025-03-26,-1.1219640357598033,1.1287050884609608
2025-03-27,-0.3312461007132111,1.2299290377497463
2025-03-28,-1.9934601126853548,1.2015750664858877
2025-03-31,0.5523240357645721,1.440899260431083
2025-04-01,0.3774104555212066,1.3455233797585815
2025-04-02,0.6705661429484109,1.2583885845574136
2025-04-03,-4.960591182899663,1.1804384808366153
2025-04-04,-6.160906189823093,2.058183446706392
2025-04-07,-0.2334194605963588,2.9532487138877546
2025-04-08,-1.5825083277054854,2.7314358664349356
2025-04-09,9.089487983303645,2.7253999650178944
2025-04-10,-3.522060702411168,2.530367287919372
2025-04-11,1.793038083577807,2.8515369803919155
2025-04-14,0.7913319326342991,2.6136587507478812
2025-04-15,-0.1729275225300909,2.3983083192338768
2025-04-16,-2.2663253964902528,2.2298253227614624
2025-04-17,0.1325958623772775,2.387025666976701
2025-04-21,-2.384964833401801,2.1937668544130475
2025-04-22,2.480695212545062,2.374154047565879
2025-04-23,1.6523864366879455,2.191512635168082
2025-04-24,2.0056628082583163,2.0250785410852123
2025-04-25,0.7346084795700513,1.877442430840595
2025-04-28,0.0640501539001933,1.7399151479457489
2025-04-29,0.5785641545556399,1.6135570653487934
2025-04-30,0.147889725193352,1.5016902578247178
2025-05-01,0.6279345716451974,1.3989206308063553
2025-05-02,1.461919110911272,1.3078020649325752
2025-05-05,-0.6402047029318447,1.2284950484366894
2025-05-06,-0.7722985278391797,1.245462904165146
2025-05-07,0.4336938106710132,1.280609268531801
2025-05-08,0.5783021147465641,1.1996825080841573
2025-05-09,-0.0711734134876363,1.1266733130128275
2025-05-12,3.2039976677020814,1.0708146953629925
2025-05-13,0.7222059020245977,1.0198108732823457
2025-05-14,0.1023891242276053,0.963165414796101
2025-05-15,0.4123817438757677,0.9088253354779647
2025-05-16,0.6980849368100189,0.8602596287163173
2025-05-19,0.0875729566048273,0.8168226223108106
2025-05-20,-0.3887777069572578,0.77440367736003
2025-05-21,-1.6266719267758898,0.7946027318899828
2025-05-22,-0.0444970022421169,1.0222926168070143
2025-05-23,-0.6730899591473138,0.971810775191405
2025-05-27,2.025258080218437,1.017931452870368
2025-05-28,-0.5586802576444734,0.9667146433648309
2025-05-29,0.4003170870631741,0.995837348451561
2025-05-30,-0.0081188456995205,0.9399381938673044
2025-06-02,0.4093651490626028,0.8913543124932498
2025-06-03,0.5783533535368979,0.8442132420671726
2025-06-04,0.0073684744719162,0.8015879799540557
2025-06-05,-0.5291357978698112,0.7621033878626621
2025-06-06,1.0228196215376713,0.8048170684457627
2025-06-09,0.0919525186391365,0.7671475498122382
2025-06-10,0.5468012541646841,0.7286606791982602
2025-06-11,-0.2747660318287345,0.6949973420673494
2025-06-12,0.3815133071676387,0.7045582776041821
2025-06-13,-1.136066859010289,0.6720586818356352
2025-06-16,0.93488231481891,0.8250544976689841
2025-06-17,-0.8387259723643135,0.7854144710875611
2025-06-18,-0.0309288034720587,0.875370845793556
2025-06-20,-0.2181035215587759,0.8353093282810273
2025-06-23,0.9560655071259438,0.8252290686965629
2025-06-24,1.1060328616958608,0.785661153387306
2025-06-25,-0.0003286108349665,0.7498450837449087
2025-06-26,0.7988131032516798,0.7154911443615836
2025-06-27,0.5205399256150098,0.6838616470023519
2025-06-30,0.5151137506128882,0.6534882753227315
2025-07-01,-0.1119157109879143,0.6253516738293005
2025-07-02,0.4733874306490774,0.6163016376901551
2025-07-03,0.8304378210663941,0.5907085032245422
2025-07-07,-0.7893368104244017,0.5684132498658084
2025-07-08,-0.0716143250469574,0.6713599732425054
2025-07-09,0.604380277677969,0.6530843833281613
2025-07-10,0.2742441072925791,0.6253423152848254
2025-07-11,-0.3302971773225842,0.5982809451827441
2025-07-14,0.1406424330936794,0.6237940613487616
2025-07-15,-0.3964145065672561,0.596299552054146
2025-07-16,0.3188568525384415,0.6321837057513364
2025-07-17,0.5359380240011014,0.6048072287911335
2025-07-18,-0.0090490302808416,0.5802971332344334
2025-07-21,0.1398157005673256,0.5597599327565669
2025-07-22,0.0637328496666757,0.5368099023161438
2025-07-23,0.7781532145702873,0.515131375282565
2025-07-24,0.0697979996933251,0.4978623937109141
2025-07-25,0.3966451001680551,0.47883395175089266
2025-07-28,0.0176842471266575,0.4624039829815935
2025-07-29,-0.2963830197466829,0.4460573655750622
2025-07-30,-0.1250213938509471,0.4777130278929985
2025-07-31,-0.3701662046374567,0.4810336019263188
2025-08-01,-1.61213871855698,0.5217784046573893
2025-08-04,1.4629564491414495,0.7936500425029883
2025-08-05,-0.4869703780462016,0.7586586854896097
2025-08-06,0.7255522219852605,0.7951495957411282
2025-08-07,-0.0797798171827866,0.7570368965132825
2025-08-08,0.7769454816389475,0.7333484072979972
2025-08-11,-0.2507268393885107,0.7002627218105703
2025-08-12,1.1281559075170764,0.7058373147607976
2025-08-13,0.3224873384046401,0.6762875744649659
2025-08-14,0.0303044878554451,0.6456732979353242
2025-08-15,-0.2901339916364711,0.6161339752161303
2025-08-18,-0.0100768257735796,0.6341537642851454
2025-08-19,-0.5875329112207127,0.6098881129243867
2025-08-20,-0.2434630632264957,0.6750701735008061
2025-08-21,-0.4012219728951122,0.6815401943286119
2025-08-22,1.507228515877914,0.7112944208189814
2025-08-25,-0.4275512539646319,0.6828814399059447
2025-08-26,0.412547371011636,0.7165747563157583
2025-08-27,0.2388130453303026,0.6832886276054709
2025-08-28,0.3151747441466755,0.6518100399703336
2025-08-29,-0.6418740402792551,0.6229809370330079
2025-09-02,-0.6946350061030363,0.695880179751013
2025-09-03,0.5087112302941308,0.7707703519754785
2025-09-04,0.8311847102873572,0.7336922536949958
2025-09-05,-0.317017266993674,0.7008012408199474
2025-09-08,0.2103764450888567,0.7162204567093851
2025-09-09,0.2684547030073441,0.6821389174006882
2025-09-10,0.2979028229398127,0.6508671293726668
2025-09-11,0.8450087623093565,0.6220369931523122
2025-09-12,-0.0482877881428329,0.5975510015129368
2025-09-15,0.4695577726559718,0.5813697988844099
2025-09-16,-0.1288760433331324,0.5582557946877355
2025-09-17,-0.0970639078244386,0.5565474109337515
2025-09-18,0.4777687836708262,0.5503187983078889
2025-09-19,0.4873523937481177,0.529409134762765
2025-09-22,0.4400350714762291,0.5099743509750357
2025-09-23,-0.5517351828739722,0.4916592583668122
2025-09-24,-0.2850677165295369,0.5612372773261902
2025-09-25,-0.5021648742526333,0.5826644503513398
2025-09-26,0.5884489130413512,0.636381441079937
2025-09-29,0.2632077259912618,0.6098005366077552
2025-09-30,0.4082503613507919,0.5838162433975804
2025-10-01,0.3394154171223507,0.5602781058628296
2025-10-02,0.0618163621384244,0.5381096985960037
2025-10-03,0.0065510656865871,0.5163343690720382
2025-10-06,0.3639959282762629,0.4980080123879592
2025-10-07,-0.3818687706853079,0.48017921509478007
2025-10-08,0.5810748494187323,0.5228585526181819
2025-10-09,-0.2759373980278982,0.5042546573774143
2025-10-10,-2.748597543989981,0.528505777269978
2025-10-13,1.547826303693403,1.0957814166077409
2025-10-14,-0.156555149694257,1.0358883651994004
2025-10-15,0.4017918503427978,1.0000080845118013
2025-10-16,-0.6314280275141976,0.9437605095394973
2025-10-17,0.5256873944526299,0.9860625708211295
2025-10-20,1.0615724136144116,0.9314975072295201
2025-10-21,0.0032695916416987,0.8836789450448966
2025-10-22,-0.535183477474303,0.83815712747462
2025-10-23,0.5810479862013386,0.8751682358530232
2025-10-24,0.7871361975244856,0.8300449968218047
2025-10-27,1.221514132737935,0.7894052215013098
2025-10-28,0.2285330502229925,0.7537645738686345
2025-10-29,-0.0043579204733175,0.7168721162801851
2025-10-30,-0.9954191424534512,0.6856190101502355
2025-10-31,0.261450091788327,0.81215937655704
2025-11-03,0.1719233996918152,0.7708154768553491
2025-11-04,-1.1806250392326716,0.7323666948691963
2025-11-05,0.3646897675687718,0.8862505643959727
2025-11-06,-1.1241134514722728,0.8393469020335653
2025-11-07,0.1261046347493107,0.9714261431241538
2025-11-10,1.5283626703501816,0.9164868004389377
2025-11-11,0.2073199952392317,0.8718078189100765
2025-11-12,0.0629319125944597,0.8254465405108421
2025-11-13,-1.6695451630927778,0.7822400439349683
2025-11-14,-0.0501851471271773,1.0198868711494324
2025-11-17,-0.9204497894305158,0.9704065184316775
2025-11-18,-0.8290709844169318,1.05546254420742
2025-11-19,0.3746807737265329,1.117790094370445
2025-11-20,-1.568972611631523,1.0512440714204845
2025-11-21,0.9775103041592068,1.2353696369483904
2025-11-24,1.5348818899081835,1.160741075240989
2025-11-25,0.9020886000832944,1.0950583957201596
2025-11-26,0.6882969436149685,1.032626168043537
2025-11-28,0.5340487341137372,0.9747452908195315
2025-12-01,-0.5337548746055967,0.9211704063837066
2025-12-02,0.2454221195936617,0.9506099522074969
2025-12-03,0.2975360521085286,0.897898753103745
2025-12-04,0.1079738711974404,0.849768636732311
2025-12-05,0.1934768884679477,0.8047914837939609
2025-12-08,-0.3483315331647693,0.7637570180423564
2025-12-09,-0.0876743161013238,0.7787591242221481
2025-12-10,0.6726880659139977,0.75448445647721
2025-12-11,0.207719198371703,0.7193415056738314
2025-12-12,-1.0720913458554535,0.6850113255704946
2025-12-15,-0.1597838891836707,0.8250772843614181
2025-12-16,-0.238676400843967,0.8074067526410421
2025-12-17,-1.165985661137129,0.8026101475070886
2025-12-18,0.7902951520479157,0.9459127779180987
2025-12-19,0.8779407421828872,0.8957941212599152
2025-12-22,0.6415870575561936,0.8501849475172505
2025-12-23,0.4540067046788208,0.8073342554838132
2025-12-24,0.3216304344700708,0.7671541877950968
2025-12-26,-0.0304409877108288,0.7295985981095785
2025-12-29,-0.3498162923937312,0.701044803468816
2025-12-30,-0.1376614250653447,0.7213872793542077
2025-12-31,-0.7384867434248815,0.7087772304119817
2026-01-02,0.1892914026115554,0.7896294196839538
2026-01-05,0.6334024511051581,0.7497756888974414
2026-01-06,0.6177592003893837,0.7148378995766616
2026-01-07,-0.3445853571010193,0.6825198947826172
2026-01-08,0.0076545329422946,0.7035621026964475
2026-01-09,0.6454611138321038,0.6716339857971982
2026-01-12,0.1576390059180513,0.642684466740736
2026-01-13,-0.1941005588207007,0.6138831372509178
2026-01-14,-0.5347633584135448,0.6177112762970051
2026-01-15,0.2576603920444464,0.6736977781136905
2026-01-16,-0.0642508668451502,0.6430125008431965
2026-01-20,-2.0842460953261224,0.6257978371545805
2026-01-21,1.152111763356032,0.9800064710609924
2026-01-22,0.547250070790214,0.9284835345025848
2026-01-23,0.0326816427482245,0.8788352533655108
2026-01-26,0.499359426016032,0.8311960772038587
2026-01-27,0.407358784044124,0.7892966888127769
2026-01-28,-0.008172639170147,0.7503535356256239
2026-01-29,-0.1293467442462301,0.7170609171792384
2026-01-30,-0.4311179414458075,0.7035868829547897
2026-02-02,0.5376785277364613,0.7361182492267431
2026-02-03,-0.8439495590663714,0.7018450486089046
2026-02-04,-0.5085300155013825,0.8008369347954057
2026-02-05,-1.232667785383289,0.8370144414076597
2026-02-06,1.950434428220072,0.987997792689572
2026-02-09,0.4680117860123293,0.9390312527511291
2026-02-10,-0.3309182284510705,0.8881851154719501
2026-02-11,-0.0048957269949773,0.8901785347427297
2026-02-12,-1.578494138611745,0.845263096102821
2026-02-13,0.0498964644447585,1.0569878823176404
2026-02-17,0.1030790630656517,0.9944397619412064
2026-02-18,0.5550636821134018,0.9374624097265585
2026-02-19,-0.2826115391534785,0.8870985802385396
2026-02-20,0.6915755702175205,0.8820973930363978
2026-02-23,-1.043995947145646,0.8368560188767052
2026-02-24,0.7622488962383376,0.9556648897747724
2026-02-25,0.8103433970129401,0.9046162699090732
2026-02-26,-0.5380026995566102,0.8580072163864564
2026-02-27,-0.4348795128037643,0.8937013560349768
2026-03-02,0.0398275413134989,0.9106597245527958
2026-03-03,-0.9488908731312504,0.8604387641613732
2026-03-04,0.772612574014956,0.961047640594274
2026-03-05,-0.5662707772703004,0.909589037408933
2026-03-06,-1.3365720432496335,0.9450126015674349
2026-03-09,0.8269871665388671,1.1016068204550187
2026-03-10,-0.2137402505887721,1.0382991124178733
2026-03-11,-0.0837952185634873,1.0103535927317142
2026-03-12,-1.5344808189494537,0.9664030083922313
2026-03-13,-0.6077546398501344,1.1547986060225723
2026-03-16,1.0079909746818998,1.1739240937986957
2026-03-17,0.2491149384952951,1.1049463581503423
2026-03-18,-1.370099938373084,1.0390238296541388
2026-03-19,-0.2752582623899739,1.1906542238061906
2026-03-20,-1.5253934307770225,1.1578873747438416
2026-03-23,1.13881090950741,1.3220642405530125
2026-03-24,-0.3749595459320553,1.2401462316507452
2026-03-25,0.5404493759949214,1.2171350849903386
2026-03-26,-1.7559440961209507,1.14240324284951
2026-03-27,-1.686323194605131,1.3477520414034594
2026-03-30,-0.3953553833355895,1.5167045465244475
2026-03-31,2.8714893309798715,1.4702119493524823
2026-04-01,0.7142945003759281,1.3813246586078531
2026-04-02,0.1120248136237017,1.2921993439560826
2026-04-06,0.4417013131605808,1.2089252308443341
2026-04-07,0.0758960033127059,1.1345375422150974
2026-04-08,2.4772038357183543,1.0653171156120773
2026-04-09,0.6151066869514015,1.0118414138127347
2026-04-10,-0.1139169699139363,0.9554453479611281
2026-04-13,1.0121875493741077,0.9204198870345895
2026-04-14,1.1713988916143618,0.8733216286015512
2026-04-15,0.794414491156507,0.830742497350789
2026-04-16,0.2606555815286028,0.790076352043333
2026-04-17,1.1968553928737802,0.75047672359852
2026-04-20,-0.2377195910252037,0.7177812941437883
2026-04-21,-0.6368453580853141,0.7200515917510342
2026-04-22,1.0405756011537826,0.7834274803964728
2026-04-23,-0.4141432170939998,0.7475205990244346
2026-04-24,0.7942067917632457,0.7738036054421842
2026-04-27,0.1231618000549854,0.7376490998342153
2026-04-28,-0.4906187868795949,0.7015732199441191
2026-04-29,-0.0399251743512484,0.743480091233881
2026-04-30,1.0186184168105012,0.7151941056914304
2026-05-01,0.292404968652147,0.6844846197354472
2026-05-04,-0.4070462487840939,0.6531346724009484
2026-05-05,0.8087227380575185,0.6860971408591214
2026-05-06,1.4482944327746905,0.6567324871831262
2026-05-07,-0.3810345482678693,0.6321791577601982
2026-05-08,0.8390405429031966,0.6628181719143984
2026-05-11,0.1878191740675333,0.6353155542255583
2026-05-12,-0.1603894411407971,0.6071759512336024
2026-05-13,0.5832206062995343,0.6065358293415296
2026-05-14,0.7626449143738461,0.5820953856940346
2026-05-15,-1.2440381787730352,0.5601326769043133
2026-05-18,-0.0735938592565556,0.7480323214612703
2026-05-19,-0.6700720556670582,0.7241671482585967
2026-05-20,1.0734208066325956,0.7924997542560931
2026-05-21,0.1713860931666642,0.7560114967570133
2026-05-22,0.3720045284340991,0.7187128551946845
2026-05-26,0.6089680623147165,0.6850987441314542
2026-05-27,0.0164865553618602,0.6549933673017695
2026-05-28,0.5737227212216409,0.6254568288524728
2026-05-29,0.2169904731487845,0.5996114112971851
2026-06-01,0.2621856060490788,0.57416812075975
2026-06-02,0.1291254912588006,0.5507119211093651
2026-06-03,-0.7399348892067432,0.5283453773337303
2026-06-04,0.404676236918739,0.6267053851174488
2026-06-05,-2.6801330315360894,0.6000779616763242
2026-06-08,0.2973705207661197,1.1120103079053836
2026-06-09,-0.2579718592621945,1.0456618487701541
2026-06-10,-1.6332095868206011,1.0234139849469959
2026-06-11,1.736719891346488,1.2221172254171395
2026-06-12,0.5012928127161433,1.151737951349271
2026-06-15,1.639328413858115,1.0827008350142922
2026-06-16,-0.5700396039273383,1.0243205802108346
2026-06-17,-1.2222675603360271,1.0499136645806675
2026-06-18,1.0787813962926185,1.1757367985086271
2026-06-22,-0.3711932684976348,1.1068815867443018
2026-06-23,-1.4466928386098656,1.0955501728937136
2026-06-24,-0.0983415367731933,1.2536591186533799
2026-06-25,-0.0099211040047032,1.1901659569864205
2026-06-26,-0.0471768682918393,1.1201380502761047
2026-06-29,1.168156135934559,1.06151036675504
2026-06-30,0.7888998838148293,1.0030714926365514
2026-07-01,-0.2153150985551308,0.9481239282920771
2026-07-02,0.0001370250446897,0.9281902274955729
2026-07-06,0.7215413830444529,0.879434799135322
2026-07-07,-0.446506325318549,0.8345323498218163
2026-07-08,-0.2821214562612669,0.8583535071073327
2026-07-09,0.8109821657156896,0.8556976931624533
2026-07-10,0.4200010992571726,0.8130880579538012
2026-07-13,-0.7958609028043705,0.7723128903446235
2026-07-14,0.3751931076883282,0.8565271244334866
2026-07-15,0.3811869942054222,0.8120847463110931
2026-07-16,-0.5114462132765812,0.7712320164147571
2026-07-17,-1.0149876192112737,0.8104183886574772
2026-07-20,-0.1934123886780441,0.9271143848064838
2026-07-21,0.8817378432212827,0.9058156422031772
2026-07-22,-0.1364622426399714,0.8593967872936441
2026-07-23,-1.216337213127651,0.8355804198107903
2026-07-24,0.0496640537188817,0.9838969048563014
2026-07-27,0.0161913301775201,0.9275974995362092
2026-07-28,0.2102096375460347,0.8766588135005576
2026-07-29,-1.5277397157074193,0.8299141386537068
2026-07-30,1.646801397705684,1.034361648599255
2026-07-31,0.6979208383378552,0.9802011768428784
