Price,Close,Close,High,High,Low,Low,Open,Open,Volume,Volume
Ticker,IYR,^NSEI,IYR,^NSEI,IYR,^NSEI,IYR,^NSEI,IYR,^NSEI
Date,,,,,,,,,,
2000-06-19,12.664433479309082,,12.664433479309082,,12.664433479309082,,12.664433479309082,,200.0,
2000-06-20,12.718100547790527,,12.718100547790527,,12.698330016181703,,12.698330016181703,,400.0,
2000-06-21,12.780231475830078,,12.7943532785658,,12.780231475830076,,12.7943532785658,,20600.0,
2000-06-22,12.785880088806152,,12.785880088806152,,12.785880088806152,,12.785880088806152,,400.0,
2000-06-23,12.785880088806152,,12.785880088806152,,12.785880088806152,,12.785880088806152,,0.0,
2000-06-26,12.607943534851074,,12.698323058398394,,12.607943534851074,,12.698323058398394,,2000.0,
2000-06-27,12.788708686828613,,12.788708686828613,,12.783059963910402,,12.783059963910402,,2600.0,
2000-06-28,12.788708686828613,,12.788708686828613,,12.788708686828613,,12.788708686828613,,0.0,
2000-06-29,12.788708686828613,,12.788708686828613,,12.788708686828613,,12.788708686828613,,0.0,
2000-06-30,12.788708686828613,,12.946872928538507,,12.788708686828613,,12.941224205620298,,2800.0,
2000-07-03,12.862139701843262,,12.862139701843262,,12.80565248312634,,12.80565248312634,,45400.0,
2000-07-05,12.98076343536377,,12.98076343536377,,12.867788992932406,,12.879086437175541,,32600.0,
2000-07-06,13.020301818847656,,13.059842865586022,,12.924273562483053,,12.924273562483053,,6600.0,
2000-07-07,13.116333961486816,,13.155875019940911,,13.054198012487525,,13.054198012487525,,8400.0,
2000-07-10,13.105036735534668,,13.150226517381338,,13.105036735534668,,13.144577794650505,,10400.0,
2000-07-11,13.099390029907227,,13.099390029907227,,13.099390029907227,,13.099390029907227,,200.0,
2000-07-12,13.037243843078613,,13.10502847311195,,13.037243843078613,,13.10502847311195,,8800.0,
2000-07-13,13.025947570800781,,13.025947570800781,,13.025947570800781,,13.025947570800781,,4000.0,
2000-07-14,12.997715950012207,,13.025959574414667,,12.997715950012207,,13.014662124653682,,58000.0,
2000-07-17,13.054197311401367,,13.054197311401367,,13.054197311401367,,13.054197311401367,,1200.0,
2000-07-18,13.093741416931152,,13.093741416931152,,13.093741416931152,,13.093741416931152,,400.0,
2000-07-19,13.04815673828125,,13.082344048512553,,12.991177887895741,,13.031063083165597,,98400.0,
2000-07-20,13.065245628356934,,13.093735043159283,,13.065245628356934,,13.093735043159283,,2200.0,
2000-07-21,13.253278732299805,,13.264674500771259,,13.241882963828353,,13.247580848064079,,3000.0,
2000-07-24,13.36153507232666,,13.361535072326662,,13.287462596445959,,13.310254127486175,,5200.0,
2000-07-25,13.355836868286133,,13.367232633532112,,13.355836868286133,,13.367232633532112,,5600.0,
2000-07-26,13.54671859741211,,13.54671859741211,,13.401422561982452,,13.401422561982452,,11200.0,
2000-07-27,13.697712898254395,,13.709108666056602,,13.566661568528998,,13.566661568528998,,121200.0,
2000-07-28,13.694862365722656,,13.709107073820975,,13.694862365722656,,13.694862365722656,,3200.0,
2000-07-31,13.600841522216797,,13.720497019479701,,13.572352118106581,,13.720497019479701,,78800.0,
2000-08-01,13.888589859008789,,13.888589859008789,,13.731898075984075,,13.743293842022235,,420400.0,
2000-08-02,13.914231300354004,,13.919929183769382,,13.897137650107869,,13.919929183769382,,13800.0,
2000-08-03,13.811670303344727,,13.88004490880683,,13.734748872199862,,13.88004490880683,,41800.0,
2000-08-04,13.595149993896484,,13.692014013132127,,13.526775392083092,,13.692014013132127,,175200.0,
2000-08-07,13.595149993896484,,13.692014013132127,,13.583754226927587,,13.646430945256531,,63800.0,
2000-08-08,13.617937088012695,,13.64072861451983,,13.538166745237726,,13.538166745237726,,159800.0,
2000-08-09,13.629339218139648,,13.663526523870768,,13.623641333851129,,13.663526523870768,,3800.0,
2000-08-10,13.697712898254395,,13.714806549957707,,13.660676652897218,,13.697712898254395,,10400.0,
2000-08-11,13.72050666809082,,13.737600322577645,,13.697715128775055,,13.703413013603997,,23600.0,
2000-08-14,13.754693984985352,,13.754693984985353,,13.697715136663126,,13.697715136663126,,600.0,
2000-08-15,13.674914360046387,,13.720497407913209,,13.674914360046387,,13.697705883979797,,17400.0,
2000-08-16,13.72050666809082,,13.748996092235528,,13.67492358945929,,13.67492358945929,,13400.0,
2000-08-17,13.740442276000977,,13.760384862758597,,13.740442276000977,,13.760384862758597,,3600.0,
2000-08-18,13.617937088012695,,13.7204989572948,,13.617937088012695,,13.7204989572948,,59000.0,
2000-08-21,13.566661834716797,,13.646432210897409,,13.566661834716797,,13.646432210897409,,160400.0,
2000-08-22,13.606538772583008,,13.652121817047274,,13.583747250350877,,13.600840892024976,,57400.0,
2000-08-23,13.458401679992676,,13.609395602312661,,13.458401679992676,,13.606546660382095,,86400.0,
2000-08-24,13.364389419555664,,13.46695135072258,,13.364389419555664,,13.458404523125337,,90800.0,
2000-08-25,13.344441413879395,,13.407118124192236,,13.338743531123681,,13.407118124192236,,9800.0,
2000-08-28,13.364389419555664,,13.42706615526878,,13.338748936763935,,13.338748936763935,,8200.0,
2000-08-29,13.241886138916016,,13.310260766139333,,13.236188253314072,,13.310260766139333,,9800.0,
2000-08-30,13.310257911682129,,13.310257911682129,,13.219091761602114,,13.219091761602114,,2200.0,
2000-08-31,13.395727157592773,,13.395727157592773,,13.361539848811168,,13.361539848811168,,1000.0,
2000-09-01,13.31595516204834,,13.38717871340718,,13.315955162048342,,13.315955162048342,,41600.0,
2000-09-05,13.401427268981934,,13.424218811956392,,13.344448411545786,,13.367239954520246,,544200.0,
2000-09-06,13.50683307647705,,13.509682018277616,,13.3900264626539,,13.40142222985616,,255400.0,
2000-09-07,13.49259090423584,,13.49259090423584,,13.458403596201459,,13.458403596201459,,72200.0,
2000-09-08,13.74898624420166,,13.74898624420166,,13.555258298779838,,13.555258298779838,,167600.0,
2000-09-11,13.828764915466309,,13.8686501047569,,13.777483957806977,,13.800275494544458,,9200.0,
2000-09-12,13.89144515991211,,13.897143045539636,,13.800278989871668,,13.800278989871668,,20200.0,
2000-09-13,13.857255935668945,,13.914234784088636,,13.800277087249254,,13.914234784088636,,3800.0,
2000-09-14,13.834465026855469,,13.891443877872172,,13.817371371550458,,13.86865233746549,,15000.0,
2000-09-15,13.845856666564941,,13.860101375069638,,13.800273599349913,,13.860101375069638,,2400.0,
2000-09-18,13.657831192016602,,13.731903701610351,,13.657831192016602,,13.72050793090362,,9800.0,
2000-09-19,13.700559616088867,,13.700559616088867,,13.600846664006706,,13.615091371447015,,9200.0,
2000-09-20,13.674914360046387,,13.754684693813324,,13.674914360046387,,13.754684693813324,,10800.0,
2000-09-21,13.663527488708496,,13.686319027471981,,13.615095468836094,,13.686319027471981,,1200.0,
2000-09-22,13.663527488708496,,13.663527488708496,,13.492590947982368,,13.492590947982368,,53800.0,
2000-09-25,13.647575378417969,,13.702275636882714,,13.647575378417969,,13.702275636882714,,5200.0,
2000-09-26,13.702271461486816,,13.702271461486816,,13.647571219690487,,13.674921340588652,,5400.0,
2000-09-27,13.784321784973145,,13.784321784973145,,13.674922681736268,,13.720505757342055,,1600.0,
2000-09-28,13.839017868041992,,13.884600929932061,,13.839017868041992,,13.884600929932061,,2000.0,
2000-09-29,13.811670303344727,,13.92106939386711,,13.811670303344727,,13.92106939386711,,196400.0,
2000-10-02,13.684038162231445,,13.820787372149473,,13.665803821374455,,13.820787372149473,,10200.0,
2000-10-03,13.510825157165527,,13.601991320697122,,13.501709375463522,,13.601991320697122,,3200.0,
2000-10-04,13.319376945495605,,13.377723234061637,,13.319376945495605,,13.377723234061637,,21800.0,
2000-10-05,13.383184432983398,,13.383184432983398,,13.355834323387576,,13.355834323387576,,1200.0,
2000-10-06,13.355836868286133,,13.392302760639414,,13.346719699655502,,13.392302760639414,,2400.0,
2000-10-09,13.346726417541504,,13.355843590761136,,13.273794596125743,,13.355843590761136,,64000.0,
2000-10-10,13.355836868286133,,13.355836868286133,,13.310253807302221,,13.355836868286133,,4200.0,
2000-10-11,13.255558013916016,,13.310258261837053,,13.191741985398199,,13.310258261837053,,2000.0,
2000-10-12,13.045873641967773,,13.173505666384667,,13.02763930326416,,13.173505666384667,,11000.0,
2000-10-13,13.073221206665039,,13.073221206665039,,12.991172254125459,,13.000289422667462,,2200.0,
2000-10-16,13.23731803894043,,13.23731803894043,,13.100568882771448,,13.100568882771448,,8200.0,
2000-10-17,13.054996490478516,,13.228213064379261,,12.991180443708974,,13.228213064379261,,29200.0,
2000-10-18,12.994224548339844,,13.003460524128561,,12.927729468454825,,12.938812921243697,,41000.0,
2000-10-19,13.095810890197754,,13.095810890197754,,13.031163305849331,,13.07734035312844,,2000.0,
2000-10-20,13.049638748168945,,13.049638748168945,,13.049638748168945,,13.049638748168945,,800.0,
2000-10-23,12.948046684265137,,13.012694283137975,,12.948046684265138,,12.975753200699772,,5800.0,
2000-10-24,12.837224006652832,,12.874165094785665,,12.837224006652832,,12.874165094785665,,100000.0,
2000-10-25,12.791043281555176,,12.84645630710944,,12.791043281555176,,12.809513820336004,,13400.0,
2000-10-26,12.827980041503906,,12.837216012391588,,12.754097911247674,,12.76333247292405,,2800.0,
2000-10-27,12.984991073608398,,13.06810922584765,,12.855694447754688,,12.864930424320013,,310800.0,
2000-10-30,13.049638748168945,,13.058873315568976,,12.994225706920055,,13.012696250932294,,5200.0,
2000-10-31,13.031160354614258,,13.06810142038665,,13.031160354614258,,13.06810142038665,,2600.0,
2000-11-01,13.086576461791992,,13.086576461791992,,13.05886994831173,,13.05886994831173,,34600.0,
2000-11-02,13.132757186889648,,13.132757186889648,,13.068109576832565,,13.114286642475083,,9400.0,
2000-11-03,13.095810890197754,,13.160458474546177,,13.095810890197754,,13.160458474546177,,600.0,
2000-11-06,13.132757186889648,,13.132757186889648,,13.068109576832565,,13.114286642475083,,60000.0,
2000-11-07,13.151222229003906,,13.151222229003906,,13.095810618943705,,13.151222229003906,,3800.0,
2000-11-08,13.206636428833008,,13.206636428833008,,13.206636428833008,,13.206636428833008,,600.0,
2000-11-09,13.105046272277832,,13.151223322439787,,13.105046272277832,,13.151223322439787,,48800.0,
2000-11-10,13.003454208374023,,13.031160713071122,,12.9942182370712,,13.031160713071122,,7800.0,
2000-11-13,13.012696266174316,,13.012696266174316,,12.9295781134158,,12.938814090038827,,800.0,
2000-11-14,13.141989707946777,,13.141989707946777,,13.058870166119647,,13.058870166119647,,800.0,
2000-11-15,13.169699668884277,,13.206640757668398,,13.169699668884277,,13.206640757668398,,2800.0,
2000-11-16,13.206636428833008,,13.206636428833008,,13.188165890495172,,13.188165890495172,,14000.0,
2000-11-17,13.147529602050781,,13.160459119554156,,13.147529602050781,,13.160459119554156,,2000.0,
2000-11-20,13.132757186889648,,13.169699684930988,,13.132757186889648,,13.169699684930988,,244000.0,
2000-11-21,13.151222229003906,,13.18816471158899,,13.114281155630438,,13.18816471158899,,2800.0,
2000-11-22,13.095810890197754,,13.132751964336382,,13.095810890197754,,13.132751964336382,,1000.0,
2000-11-24,13.095810890197754,,13.095810890197754,,13.095810890197754,,13.095810890197754,,0.0,
2000-11-27,13.114274978637695,,13.169687971809278,,13.114274978637694,,13.169687971809278,,3400.0,
2000-11-28,13.160463333129883,,13.188169853568379,,13.132756812691385,,13.188169853568379,,2000.0,
2000-11-29,13.178925514221191,,13.178925514221191,,13.123513917718256,,13.132748479196442,,2200.0,
2000-11-30,13.298988342285156,,13.308224314540793,,13.243575327174364,,13.243575327174364,,1000.0,
2000-12-01,13.308231353759766,,13.354408421039691,,13.298995376618876,,13.298995376618876,,3000.0,
2000-12-04,13.35440444946289,,13.35440444946289,,13.289755447127689,,13.298991421521814,,7800.0,
2000-12-05,13.35440444946289,,13.35440444946289,,13.35440444946289,,13.35440444946289,,0.0,
2000-12-06,13.631467819213867,,13.668408901208029,,13.622231844109352,,13.649938360210946,,7400.0,
2000-12-07,13.576055526733398,,13.631468561955897,,13.576055526733398,,13.631468561955897,,3800.0,
2000-12-08,13.705342292785645,,13.705342292785645,,13.603753669699689,,13.603753669699689,,5000.0,
2000-12-11,13.806938171386719,,13.806938171386719,,13.742290582192476,,13.742290582192476,,7200.0,
2000-12-12,13.87158489227295,,13.87158489227295,,13.862350328229965,,13.862350328229965,,1200.0,
2000-12-13,13.853113174438477,,13.853113174438477,,13.834642638714868,,13.834642638714868,,20200.0,
2000-12-14,13.779232025146484,,13.843879616058095,,13.779232025146483,,13.843879616058095,,37800.0,
2000-12-15,13.843879699707031,,13.853115673840978,,13.742291030292611,,13.853115673840978,,11200.0,
2000-12-18,14.08399772644043,,14.08399772644043,,13.853112517810258,,13.853112517810258,,45800.0,
2000-12-19,14.093236923217773,,14.102471488149103,,14.047059870925727,,14.102471488149103,,7000.0,
2000-12-20,13.993268966674805,,14.077508810566924,,13.983908349251372,,14.077508810566924,,8200.0,
2000-12-21,14.030710220336914,,14.030710220336914,,13.965190175401563,,14.021351030048928,,9400.0,
2000-12-22,13.974552154541016,,14.040072205855674,,13.441029696364499,,14.040072205855674,,5200.0,
2000-12-26,13.965192794799805,,13.97455341507339,,13.890312117301523,,13.92775317016573,,19000.0,
2000-12-27,14.133674621582031,,14.133674621582031,,14.002634501018383,,14.002634501018383,,6000.0,
2000-12-28,14.339592933654785,,14.339592933654785,,14.171111787729805,,14.171111787729805,,60400.0,
2000-12-29,14.217916488647461,,14.395758309469077,,14.217916488647461,,14.395758309469077,,107200.0,
2001-01-02,14.096231460571289,,14.189831931283637,,14.040070606851947,,14.189831931283637,,21000.0,
2001-01-03,14.264714241027832,,14.311514486475076,,14.096234500001874,,14.096234500001874,,119000.0,
2001-01-04,14.171107292175293,,14.2927881605326,,14.171107292175293,,14.2927881605326,,175600.0,
2001-01-05,14.01198959350586,,14.05878982690316,,13.974549978079931,,14.05878982690316,,23600.0,
2001-01-08,13.993268966674805,,14.077508810566924,,13.993268966674806,,14.077508810566924,,9400.0,
2001-01-09,14.058788299560547,,14.068148916514984,,14.03070787692686,,14.040068493881297,,2200.0,
2001-01-10,13.993268966674805,,14.030708579909147,,13.937108118593597,,13.955829353440464,,12200.0,
2001-01-11,14.01198959350586,,14.086870252587497,,14.01198959350586,,14.068150444874533,,1000.0,
2001-01-12,14.030710220336914,,14.068151266178443,,13.983909984207397,,14.030710220336914,,6800.0,
2001-01-16,14.040071487426758,,14.049432106377013,,14.040071487426758,,14.049432106377013,,5600.0,
2001-01-17,14.099970817565918,,14.124306418826986,,14.049427206260795,,14.08686681254389,,162600.0,
2001-01-18,14.058788299560547,,14.105588527873484,,14.049429110835733,,14.105588527873484,,163200.0,
2001-01-19,14.114949226379395,,14.143029649175322,,14.086868803583469,,14.124308415158284,,9200.0,
2001-01-22,14.096231460571289,,14.114951269067792,,14.049431225215116,,14.114951269067792,,4400.0,
2001-01-23,14.22727108001709,,14.22727108001709,,14.1336706123854,,14.1336706123854,,5800.0,
2001-01-24,14.274067878723145,,14.29278768209853,,14.24598745954534,,14.24598745954534,,11000.0,
2001-01-25,14.292789459228516,,14.292789459228516,,14.283430270491847,,14.283430270491847,,3400.0,
2001-01-26,14.283428192138672,,14.320867798096831,,14.264706960930173,,14.320867798096831,,2000.0,
2001-01-29,14.292789459228516,,14.292789459228516,,14.236630042119632,,14.285301251301405,,8000.0,
2001-01-30,14.348952293395996,,14.354568093062296,,14.264711013712015,,14.264711013712015,,10400.0,
2001-01-31,14.283428192138672,,14.35830740405499,,14.283428192138672,,14.348948216680158,,2800.0,
2001-02-01,14.292789459228516,,14.311509264931475,,14.292789459228516,,14.311509264931475,,1800.0,
2001-02-02,14.236634254455566,,14.292793688180906,,14.227273634719653,,14.292793688180906,,1000.0,
2001-02-05,14.245991706848145,,14.26471151580466,,14.199191470341923,,14.26471151580466,,30400.0,
2001-02-06,14.208547592163086,,14.22726739519509,,14.096227345741642,,14.105586533142933,,11200.0,
2001-02-07,14.124307632446289,,14.199188279675967,,14.124307632446289,,14.199188279675967,,6200.0,
2001-02-08,14.114949226379395,,14.16174945496273,,14.086868803583469,,14.124308415158284,,14000.0,
2001-02-09,13.980162620544434,,14.114947490808053,,13.927746599492904,,14.114947490808053,,313800.0,
2001-02-12,13.972672462463379,,14.02508847619592,,13.927744654725378,,14.00262528644155,,265400.0,
2001-02-13,13.987655639648438,,14.040071678732247,,13.959575210644983,,14.030711059654445,,114200.0,
2001-02-14,14.028838157653809,,14.030709138629243,,13.946469291382591,,13.974549716541393,,5000.0,
2001-02-15,14.079379081726074,,14.128051714123474,,14.043810454793803,,14.068147485107243,,6200.0,
2001-02-16,14.049433708190918,,14.086873331800678,,14.049433708190918,,14.068153519995798,,35600.0,
2001-02-20,14.034453392028809,,14.086869421825828,,13.983908343131901,,14.040069191188532,,14200.0,
2001-02-21,13.925880432128906,,13.950216044744273,,13.925880432128906,,13.950216044744273,,1600.0,
2001-02-22,13.759275436401367,,13.871595766562628,,13.721835802424442,,13.871595766562628,,50000.0,
2001-02-23,13.817299842834473,,13.843507858124687,,13.740548206121623,,13.740548206121623,,7000.0,
2001-02-26,13.880949974060059,,13.894053982718983,,13.811685112160122,,13.811685112160122,,19600.0,
2001-02-27,14.028838157653809,,14.036326366244806,,13.97642212574658,,13.983908906107825,,22000.0,
2001-02-28,14.086871147155762,,14.086871147155762,,14.002631292982992,,14.002631292982992,,5000.0,
2001-03-01,14.107462882995605,,14.158006508124895,,14.040070430670003,,14.040070430670003,,5200.0,
2001-03-02,14.26658821105957,,14.275948832464831,,14.23850777507409,,14.264715801132457,,6000.0,
2001-03-05,14.245991706848145,,14.2703287438985,,14.197319060977309,,14.26471151580466,,42800.0,
2001-03-06,14.197319984436035,,14.259096643417656,,14.197319984436035,,14.20855301312449,,6600.0,
2001-03-07,14.302149772644043,,14.302149772644043,,14.217908506424228,,14.217908506424228,,12400.0,
2001-03-08,14.330230712890625,,14.330230712890625,,14.268454067741537,,14.31899768671738,,24400.0,
2001-03-09,14.302074432373047,,14.305828612950465,,14.219468136203336,,14.230733542628894,,6600.0,
2001-03-12,14.114334106445312,,14.204450197486478,,14.114334106445312,,14.16690122940821,,6600.0,
2001-03-13,14.131223678588867,,14.148121064670844,,14.02984509148112,,14.148121064670844,,22200.0,
2001-03-14,13.997923851013184,,14.035472790649516,,13.997923851013184,,14.007311444008664,,15800.0,
2001-03-15,13.967903137207031,,14.039244060853392,,13.967903137207031,,14.007328497565336,,16200.0,
2001-03-16,13.87402057647705,,13.97164498752765,,13.868388591732257,,13.97164498752765,,36400.0,
2001-03-19,13.99605655670166,,13.99605655670166,,13.859005344736838,,13.866515137535261,,27800.0,
2001-03-20,14.127470970153809,,14.20819943299139,,14.041110522151353,,14.041110522151353,,29200.0,
2001-03-21,13.872146606445312,,14.01295199338231,,13.813947504862224,,14.005442200864096,,31000.0,
2001-03-22,13.744477272033691,,13.832715506927377,,13.539840882468225,,13.832715506927377,,8800.0,
2001-03-23,13.787654876708984,,13.958497888979537,,13.76887969159188,,13.76887969159188,,55400.0,
2001-03-26,14.027979850769043,,14.084301179348852,,13.80269023940787,,13.80269023940787,,16800.0,
2001-03-27,14.024212837219238,,14.024212837219238,,13.911568839269531,,13.911568839269531,,10000.0,
2001-03-28,13.977277755737305,,14.03360047103443,,13.843982190703331,,13.911568876121423,,204400.0,
2001-03-29,14.024212837219238,,14.056129806387675,,13.962259569371895,,14.016704478722586,,18600.0,
2001-03-30,14.0692720413208,,14.183793848804303,,14.0692720413208,,14.112451549643056,,64000.0,
2001-04-02,14.136861801147461,,14.181919125120588,,14.06176530629458,,14.181919125120588,,19800.0,
2001-04-03,13.986668586730957,,14.193182869998628,,13.986668586730957,,14.178163284800057,,11800.0,
2001-04-04,13.97352409362793,,14.131225410542443,,13.930343152655887,,14.131225410542443,,31000.0,
2001-04-05,14.193181991577148,,14.19318199157715,,14.080537974252408,,14.089925572507134,,17000.0,
2001-04-06,14.052380561828613,,14.080541932162296,,14.016710829596288,,14.080541932162296,,6800.0,
2001-04-09,14.082411766052246,,14.118081478090161,,13.997927702881851,,14.00543749287562,,5400.0,
2001-04-10,14.136861801147461,,14.148125774054117,,14.108700436534319,,14.108700436534319,,7000.0,
2001-04-11,13.8571195602417,,14.118078622267555,,13.840223610432945,,14.118078622267555,,7600.0,
2001-04-12,13.834599494934082,,13.896552778478194,,13.834599494934082,,13.896552778478194,,3800.0,
2001-04-16,13.96601676940918,,13.96601676940918,,13.885288290820542,,13.9303456132769,,10800.0,
2001-04-17,14.016706466674805,,14.016706466674805,,13.859003701301733,,13.859003701301733,,8400.0,
2001-04-18,14.193181991577148,,14.215711367980655,,14.026093055537066,,14.071150375997684,,167800.0,
2001-04-19,14.253264427185059,,14.253264427185057,,14.10682700460425,,14.221348872488615,,7800.0,
2001-04-20,14.196940422058105,,14.294564874493313,,14.125598098791341,,14.28705508086804,,4600.0,
2001-04-23,14.080536842346191,,14.193180850615706,,14.080536842346191,,14.193180850615706,,11200.0,
2001-04-24,14.151876449584961,,14.161264046246709,,14.061761823955237,,14.127470703549026,,9600.0,
2001-04-25,14.163140296936035,,14.230726974910388,,14.151874895709648,,14.151874895709648,,21800.0,
2001-04-26,14.3659029006958,,14.42973541760839,,14.234485119326335,,14.296439830120393,,53800.0,
2001-04-27,14.563028335571289,,14.563028335571289,,14.456016323973383,,14.456016323973383,,19000.0,
2001-04-30,14.523604393005371,,14.58743547195618,,14.471037285082053,,14.568661709461605,,26000.0,
2001-05-01,14.542378425598145,,14.542378425598145,,14.437244207798832,,14.456017970642097,,14800.0,
2001-05-02,14.512343406677246,,14.559278538739791,,14.40345355652897,,14.559278538739791,,29200.0,
2001-05-03,14.521726608276367,,14.521726608276365,,14.456017723276183,,14.484179083232338,,3800.0,
2001-05-04,14.454141616821289,,14.45977360300547,,14.431613672084568,,14.45977360300547,,8200.0,
2001-05-07,14.4278564453125,,14.512340525661081,,14.392186726021844,,14.456017805428694,,36600.0,
2001-05-08,14.324602127075195,,14.437246151647601,,14.272033578751353,,14.437246151647601,,34000.0,
2001-05-09,14.382794380187988,,14.40907792566016,,14.311453532812923,,14.315207711160745,,15400.0,
2001-05-10,14.407204627990723,,14.4222242107729,,14.320844175512592,,14.4222242107729,,24600.0,
2001-05-11,14.395943641662598,,14.409085421235009,,14.292685779060406,,14.409085421235009,,3600.0,
2001-05-14,14.390307426452637,,14.394061605650213,,14.307701160644697,,14.382797635711357,,11800.0,
2001-05-15,14.506705284118652,,14.506705284118652,,14.440996407005331,,14.440996407005331,,17600.0,
2001-05-16,14.540502548217773,,14.574295898756413,,14.43912392894834,,14.474793653377779,,9800.0,
2001-05-17,14.643759727478027,,14.683185062555053,,14.596824600146368,,14.624985963014646,,106400.0,
2001-05-18,14.737630844116211,,14.737630844116211,,14.628740998574868,,14.662534349524027,,9600.0,
2001-05-21,14.780806541442871,,14.78080654144287,,14.664406944571963,,14.72823801126679,,18800.0,
2001-05-22,14.85027027130127,,14.90659298289116,,14.822108915506323,,14.822108915506323,,218800.0,
2001-05-23,14.934754371643066,,14.94226272968197,,14.816476963512502,,14.897205419718262,,76400.0,
2001-05-24,14.98544692993164,,14.985446929931639,,14.902840650052623,,14.927247832205806,,2200.0,
2001-05-25,14.944135665893555,,15.00045835925527,,14.944135665893555,,15.00045835925527,,13600.0,
2001-05-29,14.897214889526367,,14.991085180490424,,14.859667346079533,,14.991085180490424,,504600.0,
2001-05-30,14.793959617614746,,14.803345788057177,,14.70947548955035,,14.76579824159328,,63400.0,
2001-05-31,14.855903625488281,,14.855903625488281,,14.73762763906146,,14.73762763906146,,3200.0,
2001-06-01,14.86904525756836,,14.869045257568361,,14.831497734975247,,14.850271496271803,,8800.0,
2001-06-04,14.912225723266602,,14.915979902468013,,14.902838126743879,,14.904715932517648,,2000.0,
2001-06-05,15.000468254089355,,15.009854420944023,,14.904720185153899,,14.964797095940618,,10000.0,
2001-06-06,15.05678939819336,,15.066176997298511,,14.996712488021357,,14.996712488021357,,3400.0,
2001-06-07,15.077445030212402,,15.077445030212402,,15.000472139740664,,15.066181054130418,,11800.0,
2001-06-08,15.051650047302246,,15.100944180016427,,15.034587528170333,,15.100944180016427,,306000.0,
2001-06-11,15.180578231811523,,15.180578231811523,,15.042175919938755,,15.063031082638311,,33600.0,
2001-06-12,15.309504508972168,,15.309504508972168,,15.176791116583555,,15.176791116583555,,71600.0,
2001-06-13,15.347421646118164,,15.347421646118164,,15.260209784816377,,15.271586251224393,,6000.0,
2001-06-14,15.301915168762207,,15.320874011351277,,15.239349686397995,,15.31897913961925,,17000.0,
2001-06-15,15.250722885131836,,15.309495718519358,,15.250722885131834,,15.292433197781042,,7200.0,
2001-06-18,15.334144592285156,,15.349312244197858,,15.26210041540017,,15.290539401119762,,19800.0,
2001-06-19,15.318979263305664,,15.375855791532105,,15.3094991187011,,15.366377093394522,,36400.0,
2001-06-20,15.463068008422852,,15.463068008422852,,15.318979642839109,,15.318979642839109,,27600.0,
2001-06-21,15.521841049194336,,15.525632238943713,,15.442211599788422,,15.451691743862215,,21800.0,
2001-06-22,15.451690673828125,,15.527527481766041,,15.423251690043058,,15.527527481766041,,18200.0,
2001-06-25,15.360688209533691,,15.491506684051187,,15.360688209533691,,15.480131667646878,,39600.0,
2001-06-26,15.537010192871094,,15.537010192871094,,15.328460002010731,,15.328460002010731,,10200.0,
2001-06-27,15.461169242858887,,15.537004596607806,,15.461169242858887,,15.527525900622518,,82600.0,
2001-06-28,15.593886375427246,,15.63370037983102,,15.593886375427246,,15.607157710228504,,9400.0,
2001-06-29,15.609046936035156,,15.74176022374545,,15.609046936035158,,15.641277099269606,,24800.0,
2001-07-02,15.726598739624023,,15.726598739624023,,15.599572907834537,,15.656450879977221,,27600.0,
2001-07-03,15.74555778503418,,15.755036481998436,,15.707638657776739,,15.707638657776739,,8200.0,
2001-07-05,15.688679695129395,,15.755036359229331,,15.679199551772205,,15.736077518981748,,13600.0,
2001-07-06,15.665931701660156,,15.671620656819261,,15.58061617834606,,15.643181666892191,,17000.0,
2001-07-09,15.385339736938477,,15.622328945928695,,15.379652227357486,,15.622328945928695,,90600.0,
2001-07-10,15.406189918518066,,15.491505427564572,,15.343624440434963,,15.489609109495332,,44800.0,
2001-07-11,15.28105640411377,,15.385332183461884,,15.246929916914988,,15.385332183461884,,115400.0,
2001-07-12,15.43083667755127,,15.43083667755127,,15.271580670708493,,15.328457196095094,,11600.0,
2001-07-13,15.493399620056152,,15.493399620056152,,15.411875311865778,,15.43083415055656,,13000.0,
2001-07-16,15.476335525512695,,15.5464848192054,,15.411875185200476,,15.537004676704585,,36400.0,
2001-07-17,15.483924865722656,,15.540802848054629,,15.400505657160855,,15.480133675251874,,17400.0,
2001-07-18,15.582515716552734,,15.582515716552734,,15.546492892103897,,15.546492892103897,,20200.0,
2001-07-19,15.510464668273926,,15.601469133871655,,15.497193334381226,,15.584405163742808,,202600.0,
2001-07-20,15.470647811889648,,15.546484611482892,,15.470647811889647,,15.510461806221107,,24200.0,
2001-07-23,15.451690673828125,,15.54648632213382,,15.40429284967528,,15.54648632213382,,14000.0,
2001-07-24,15.328458786010742,,15.537008960326911,,15.328458786010742,,15.537008960326911,,45200.0,
2001-07-25,15.309504508972168,,15.324672167093008,,15.233667664835464,,15.281065511612468,,523800.0,
2001-07-26,15.411880493164062,,15.411880493164062,,15.317084821374248,,15.411880493164062,,8200.0,
2001-07-27,15.43083667755127,,15.45169183746643,,15.366376326153073,,15.45169183746643,,7800.0,
2001-07-30,15.300020217895508,,15.40429603115478,,15.26968635633551,,15.385337186871395,,7600.0,
2001-07-31,15.339834213256836,,15.379648216407782,,15.339834213256836,,15.362584245647684,,17600.0,
2001-08-01,15.40429973602295,,15.428946094872305,,15.313295236521382,,15.313295236521382,,4600.0,
2001-08-02,15.497186660766602,,15.500979295369511,,15.436517525316606,,15.47064400441137,,6200.0,
2001-08-03,15.57492733001709,,15.57492733001709,,15.434630157302522,,15.531320689684014,,24800.0,
2001-08-06,15.612845420837402,,15.612845420837402,,15.502882104506496,,15.612845420837402,,14200.0,
2001-08-07,15.62421989440918,,15.62421989440918,,15.56544560718313,,15.593884591780657,,35600.0,
2001-08-08,15.665931701660156,,15.679203037430508,,15.660244192968165,,15.669724338432893,,5200.0,
2001-08-09,15.736080169677734,,15.736080169677734,,15.584406529214508,,15.688682337841355,,151000.0,
2001-08-10,15.830873489379883,,15.830873489379883,,15.717118999108841,,15.717118999108841,,17000.0,
2001-08-13,15.836565971374512,,15.859317455161957,,15.789168131667793,,15.859317455161957,,21400.0,
2001-08-14,15.912397384643555,,15.925668717382703,,15.840353213554865,,15.840353213554865,,18200.0,
2001-08-15,15.988237380981445,,15.988237380981445,,15.870690234367206,,15.944630738158835,,353600.0,
2001-08-16,16.08114242553711,,16.08114242553711,,15.899134855844416,,15.954116535199644,,132000.0,
2001-08-17,16.105783462524414,,16.105783462524414,,16.04890692943548,,16.06786577379846,,13000.0,
2001-08-20,16.15318489074707,,16.160768719473083,,16.048910500316097,,16.048910500316097,,32600.0,
2001-08-21,16.3105411529541,,16.33329263225628,,16.19489033115192,,16.21005798402004,,649800.0,
2001-08-22,16.28589630126953,,16.31433529139877,,16.174036659152424,,16.31433529139877,,63000.0,
2001-08-23,16.23849868774414,,16.295375222310266,,16.23849868774414,,16.247977386938256,,14800.0,
2001-08-24,16.086814880371094,,16.24796712960719,,16.086814880371094,,16.210049463833837,,18600.0,
2001-08-27,16.174039840698242,,16.246085489393142,,16.05838898549924,,16.170248649619914,,79400.0,
2001-08-28,16.09630584716797,,16.189205203327454,,16.05838670942222,,16.11526469280724,,10800.0,
2001-08-29,15.902918815612793,,16.010985806177032,,15.840354781630179,,16.010985806177032,,111600.0,
2001-08-30,15.794853210449219,,16.029947500674137,,15.709537690692583,,15.925671690778644,,71600.0,
2001-08-31,15.755032539367676,,15.94272747130502,,15.755032539367676,,15.864995811196197,,29600.0,
2001-09-04,15.764514923095703,,15.792953903851094,,15.673510473971785,,15.792953903851094,,89000.0,
2001-09-05,15.635598182678223,,15.785375516209202,,15.635598182678223,,15.76452035290317,,17000.0,
2001-09-06,15.495294570922852,,15.707635859874276,,15.493398253281057,,15.679196881113555,,282000.0,
2001-09-07,15.394822120666504,,15.497201657020913,,15.309506563605005,,15.394822120666504,,28200.0,
2001-09-10,15.324661254882812,,15.324661254882812,,15.271575935727755,,15.318973748754264,,34000.0,
2001-09-17,14.731247901916504,,14.958758398839388,,14.731247901916504,,14.958758398839388,,111800.0,
2001-09-18,14.943588256835938,,15.028903774945558,,14.750205740769523,,14.750205740769523,,41000.0,
2001-09-19,14.7691650390625,,15.015632902564796,,14.515111902243774,,15.015632902564796,,70200.0,
2001-09-20,14.43169116973877,,14.5511331754016,,14.38050070554976,,14.5511331754016,,33200.0,
2001-09-21,14.039237022399902,,14.276226158858597,,14.020276734309688,,14.029756878354794,,11000.0,
2001-09-24,14.276225090026855,,14.465816384999501,,14.276225090026855,,14.399458274585644,,53200.0,
2001-09-25,14.441173553466797,,14.446861062835742,,14.314147689336096,,14.314147689336096,,73600.0,
2001-09-26,14.750207901000977,,14.750207901000977,,14.532177554885212,,14.570095247050025,,83400.0,
2001-09-27,14.788125991821289,,14.788125991821289,,14.693330312386538,,14.750208298634298,,4600.0,
2001-09-28,15.027007102966309,,15.030798292586487,,14.854478322677616,,14.92083498953217,,65400.0,
2001-10-01,14.700002670288086,,14.743730683408154,,14.563116742860242,,14.601141417419655,,122600.0,
2001-10-02,14.601140975952148,,14.819776683462953,,14.496574937191609,,14.781753460546199,,334400.0,
2001-10-03,14.321660995483398,,14.553606348892153,,14.302649390390917,,14.553606348892153,,45400.0,
2001-10-04,14.507984161376953,,14.696203064194659,,14.507984161376953,,14.639166769311736,,230400.0,
2001-10-05,14.411023139953613,,14.553612413302126,,14.281742140764571,,14.553612413302126,,59200.0,
2001-10-08,14.411023139953613,,14.490872784910437,,14.35398685041697,,14.411023139953613,,7000.0,
2001-10-09,14.445245742797852,,14.557415283619584,,14.445245742797852,,14.49657724696353,,217600.0,
2001-10-10,14.641067504882812,,14.641067504882812,,14.544106389481522,,14.563118003159992,,85400.0,
2001-10-11,14.753235816955566,,14.865406794190832,,14.73422420485436,,14.829283715853421,,69000.0,
2001-10-12,14.772246360778809,,14.772246360778809,,14.696199917873399,,14.715211528599752,,17000.0,
2001-10-15,14.791264533996582,,14.857805919782598,,14.734228231612326,,14.791264533996582,,12600.0,
2001-10-16,14.65817642211914,,14.76274246524398,,14.650571487119786,,14.753235933871526,,11600.0,
2001-10-17,14.565013885498047,,14.675283232262473,,14.563112289728293,,14.667678299676039,,18000.0,
2001-10-18,14.449042320251465,,14.572619945983732,,14.449042320251463,,14.572619945983732,,13000.0,
2001-10-19,14.323564529418945,,14.439537233560971,,14.306454515935451,,14.372995874748211,,8200.0,
2001-10-22,14.19998836517334,,14.306454539448739,,14.002264434024143,,14.306454539448739,,46600.0,
2001-10-23,14.20759391784668,,14.239913800660233,,14.097324546549135,,14.239913800660233,,35600.0,
2001-10-24,14.002272605895996,,14.179083434502186,,13.985161131905109,,14.154367022125758,,26400.0,
2001-10-25,14.106825828552246,,14.106825828552246,,13.954731535411103,,13.964236612830387,,27600.0,
2001-10-26,14.059296607971191,,14.116332876558351,,14.01176686764608,,14.116332876558351,,106800.0,
2001-10-29,14.135348320007324,,14.135348320007324,,14.019375606090758,,14.106830177971734,,57200.0,
2001-10-30,14.072613716125488,,14.144859895112079,,14.02128220255023,,14.12584827713952,,6000.0,
2001-10-31,14.148655891418457,,14.199988834636088,,14.106829478572354,,14.106829478572354,,2800.0,
2001-11-01,14.424328804016113,,14.469956957093109,,14.260826350789639,,14.287442894292289,,132600.0,
2001-11-02,14.296952247619629,,14.449048070666052,,14.283643971890061,,14.449048070666052,,8400.0,
2001-11-05,14.3064546585083,,14.401514157900383,,14.3064546585083,,14.334972798424495,,10200.0,
2001-11-06,14.53270149230957,,14.53270149230957,,14.277941196219926,,14.277941196219926,,69200.0,
2001-11-07,14.528888702392578,,14.652466300562656,,14.528888702392578,,14.544098565350328,,153400.0,
2001-11-08,14.527000427246094,,14.572628602909262,,14.509888954813935,,14.563122068169891,,19200.0,
2001-11-09,14.475661277770996,,14.534597706600929,,14.353985227642339,,14.534597706600929,,35000.0,
2001-11-12,14.54410457611084,,14.54410457611084,,14.315962339427857,,14.392008784660208,,18000.0,
2001-11-13,14.63156509399414,,14.684798207485013,,14.599245196588049,,14.610651877909362,,36000.0,
2001-11-14,14.798869132995605,,14.800770730016277,,14.677193032556302,,14.715217720502043,,28200.0,
2001-11-15,14.838793754577637,,14.90343354109917,,14.789362391036049,,14.791263987843555,,10000.0,
2001-11-16,14.943358421325684,,14.987086445085104,,14.838793804455253,,14.924346804666822,,72600.0,
2001-11-19,14.907231330871582,,14.975672835704847,,14.876811594952049,,14.971871093961326,,8400.0,
2001-11-20,14.89582347869873,,14.937649891111162,,14.844491986506208,,14.863503596559259,,4600.0,
2001-11-21,14.89582347869873,,14.89582347869873,,14.827380522113454,,14.82928211826662,,12800.0,
2001-11-23,14.981378555297852,,15.000390166182896,,14.914835741460799,,14.914835741460799,,55800.0,
2001-11-26,14.988975524902344,,15.057418454736881,,14.962358991132502,,14.962358991132502,,31800.0,
2001-11-27,14.933845520019531,,15.009891946842867,,14.924338991420306,,14.981375262030424,,14800.0,
2001-11-28,14.990884780883789,,15.047921068389755,,14.952861556208509,,15.028909456052114,,15000.0,
2001-11-29,15.009893417358398,,15.04791808498795,,14.905328844985839,,15.009893417358398,,15600.0,
2001-11-30,15.076445579528809,,15.076445579528809,,14.983286173891251,,15.009902732503795,,9400.0,
2001-12-03,15.051726341247559,,15.051726341247559,,14.971876680403819,,14.971876680403819,,40200.0,
2001-12-04,15.190510749816895,,15.190510749816895,,15.047921477666847,,15.047921477666847,,36000.0,
2001-12-05,15.258951187133789,,15.340702414301624,,15.190508231807563,,15.190508231807563,,79000.0,
2001-12-06,15.291281700134277,,15.371131386700425,,15.247553661970615,,15.257060198678236,,19000.0,
2001-12-07,15.369221687316895,,15.369221687316895,,15.268458833506584,,15.304581913360503,,18000.0,
2001-12-10,15.226634979248047,,15.371125872505276,,15.16389679116337,,15.371125872505276,,18000.0,
2001-12-11,15.295076370239258,,15.32359451667805,,15.18480842809881,,15.18480842809881,,13400.0,
2001-12-12,15.181002616882324,,15.34260348484177,,15.104954722991724,,15.34260348484177,,58200.0,
2001-12-13,15.040319442749023,,15.142983912553685,,15.040319442749023,,15.076442529484007,,75000.0,
2001-12-14,15.112503051757812,,15.187775934727558,,15.02757919506093,,15.102852078030676,,18800.0,
2001-12-17,15.3228759765625,,15.322875976562498,,15.201281697006966,,15.247603116952208,,34200.0,
2001-12-18,15.295858383178711,,15.363410775538142,,15.295858383178711,,15.344110302368549,,45000.0,
2001-12-19,15.290069580078125,,15.29585957522706,,15.209006702929354,,15.29585957522706,,15800.0,
2001-12-20,15.164615631103516,,15.286209957612897,,15.164615631103516,,15.209008052069647,,122400.0,
2001-12-21,15.237951278686523,,15.237951278686523,,15.131797969333432,,15.216720322309644,,17400.0,
2001-12-24,15.344106674194336,,15.353757644762979,,15.28234429113657,,15.28234429113657,,7000.0,
2001-12-26,15.36340618133545,,15.42130905606093,,15.2862028392119,,15.344105713937381,,61000.0,
2001-12-27,15.402010917663574,,15.5178152120945,,15.353759005606397,,15.459912328613289,,38600.0,
2001-12-28,15.488863945007324,,15.488863945007324,,15.351828689923503,,15.430961060873196,,57200.0,
2001-12-31,15.402010917663574,,15.614319036208855,,15.257255181492043,,15.344108034182364,,198600.0,
2002-01-02,15.488863945007324,,15.488863945007324,,15.174262004958395,,15.440612032406056,,94400.0,
2002-01-03,15.537116050720215,,15.602737945858433,,15.47921316586641,,15.47921316586641,,105200.0,
2002-01-04,15.53519058227539,,15.575722025758688,,15.461848180619713,,15.575722025758688,,19000.0,
2002-01-07,15.49465560913086,,15.554487515995813,,15.461844658432765,,15.488865614599627,,19200.0,
2002-01-08,15.469564437866211,,15.498515881736274,,15.4020120505238,,15.4020120505238,,29400.0,
2002-01-09,15.457985877990723,,15.498518790535087,,15.457985877990723,,15.49658830123967,,10200.0,
2002-01-10,15.419384956359863,,15.450266895017275,,15.411664471695511,,15.450266895017275,,9000.0,
2002-01-11,15.419384956359863,,15.421315445658923,,15.35376304551069,,15.35376304551069,,13000.0,
2002-01-14,15.471487045288086,,15.471487045288086,,15.307429437776099,,15.402004204408641,,25400.0,
2002-01-15,15.469564437866211,,15.51781635347245,,15.442543482929247,,15.51781635347245,,16600.0,
2002-01-16,15.440617561340332,,15.546772396087364,,15.440617561340332,,15.479218516230867,,5800.0,
2002-01-17,15.479216575622559,,15.479216575622559,,15.403943692250447,,15.421315150545778,,9400.0,
2002-01-18,15.42131233215332,,15.48886471866298,,15.363409445126992,,15.48886471866298,,15200.0,
2002-01-22,15.448338508605957,,15.457988011351015,,15.373065613546933,,15.373065613546933,,6000.0,
2002-01-23,15.42131233215332,,15.440612803651568,,15.402011860655072,,15.440612803651568,,33800.0,
2002-01-24,15.353757858276367,,15.402009766727858,,15.353757858276367,,15.402009766727858,,16200.0,
2002-01-25,15.376920700073242,,15.38271069456237,,15.307437821140383,,15.355689738591998,,24000.0,
2002-01-28,15.382719993591309,,15.411671456070097,,15.307447074665987,,15.411671456070097,,31000.0,
2002-01-29,15.278491020202637,,15.402015836717512,,15.278491020202638,,15.402015836717512,,30000.0,
2002-01-30,15.429032325744629,,15.430961342061142,,15.28620560161955,,15.353759458517525,,13200.0,
2002-01-31,15.419384956359863,,15.430964947090452,,15.336391586882925,,15.39236399630057,,27000.0,
2002-02-01,15.479216575622559,,15.479216575622559,,15.384643217224854,,15.440615625571372,,19600.0,
2002-02-04,15.47728157043457,,15.498512526507614,,15.402008716186971,,15.440609651302715,,27200.0,
2002-02-05,15.440617561340332,,15.469569013774255,,15.363414179027224,,15.402016606449799,,20000.0,
2002-02-06,15.344106674194336,,15.411659050580742,,15.268833815859288,,15.382707611406177,,84000.0,
2002-02-07,15.353757858276367,,15.430959733773642,,15.305505949824878,,15.430959733773642,,9200.0,
2002-02-08,15.344106674194336,,15.344106674194336,,15.266903327239286,,15.334455703625693,,22200.0,
2002-02-11,15.488863945007324,,15.488863945007324,,15.382709148271928,,15.421311561871851,,11000.0,
2002-02-12,15.440617561340332,,15.50816996866479,,15.440617561340332,,15.50816996866479,,11800.0,
2002-02-13,15.4869384765625,,15.498519940662572,,15.411665586305988,,15.459917514548982,,6400.0,
2002-02-14,15.556413650512695,,15.585365087596525,,15.515882227607836,,15.517812716088427,,15000.0,
2002-02-15,15.643275260925293,,15.660645247761682,,15.57572138536526,,15.57572138536526,,96800.0,
2002-02-19,15.581513404846191,,15.643275814447554,,15.556421459596514,,15.566072434312852,,56800.0,
2002-02-20,15.643275260925293,,15.643275260925293,,15.508168982337171,,15.604672835957853,,37600.0,
2002-02-21,15.537116050720215,,15.69152276197601,,15.537116050720215,,15.69152276197601,,14200.0,
2002-02-22,15.72047233581543,,15.720472335815428,,15.537115659283685,,15.546766630693353,,7400.0,
2002-02-25,15.74749755859375,,15.768728523426512,,15.681875647315676,,15.739778546410829,,38600.0,
2002-02-26,15.76293659210205,,15.788028532476506,,15.710825167341978,,15.764867081176634,,64200.0,
2002-02-27,15.730123519897461,,15.766795444712214,,15.710823049348674,,15.747493501631913,,25200.0,
2002-02-28,15.724336624145508,,15.766798551238,,15.681874697053013,,15.75907806699102,,12600.0,
2002-03-01,15.884532928466797,,15.884532928466797,,15.732056681918893,,15.759077639784925,,72400.0,
2002-03-04,16.056306838989258,,16.056306838989258,,15.845927735240908,,15.91348011808432,,352800.0,
2002-03-05,16.264760971069336,,16.32652338657264,,16.10649468930886,,16.10649468930886,,68400.0,
2002-03-06,16.378631591796875,,16.394072559368045,,16.204924387950502,,16.338100156321342,,110600.0,
2002-03-07,16.386350631713867,,16.42302108579957,,16.320727261584597,,16.40565110321133,,135400.0,
2002-03-08,16.392805099487305,,16.44173884605294,,16.33408400627277,,16.44173884605294,,55200.0,
2002-03-11,16.263628005981445,,16.37128290344429,,16.175547812304746,,16.318435085906316,,178800.0,
2002-03-12,16.202943801879883,,16.26362117678546,,16.128565036081447,,16.206859338329046,,12400.0,
2002-03-13,16.28124237060547,,16.28124237060547,,16.13052703128926,,16.148142469907782,,58800.0,
2002-03-14,16.373239517211914,,16.441746495608925,,16.226438209215406,,16.226438209215406,,98600.0,
2002-03-15,16.46132469177246,,16.520045830097185,,16.381074062291958,,16.383030338453022,,72200.0,
2002-03-18,16.4515323638916,,16.47306333992419,,16.38302389832973,,16.47110557119214,,19000.0,
2002-03-19,16.529829025268555,,16.549403730447168,,16.441748825326158,,16.453492453761054,,21800.0,
2002-03-20,16.50046730041504,,16.510253158090148,,16.4358743677309,,16.441746181003985,,12400.0,
2002-03-21,16.559188842773438,,16.559188842773438,,16.443705852798395,,16.50046920990724,,4000.0,
2002-03-22,16.635526657104492,,16.67663085119227,,16.596380232261,,16.617911213927037,,22600.0,
2002-03-25,16.46132469177246,,16.578765475081326,,16.46132469177246,,16.5396190450919,,140800.0,
2002-03-26,16.600292205810547,,16.657055560088214,,16.578761226831425,,16.578761226831425,,9200.0,
2002-03-27,16.723596572875977,,16.723596572875977,,16.657045905512014,,16.657045905512014,,13000.0,
2002-03-28,16.676631927490234,,16.764713629083396,,16.647272853632995,,16.74514041539841,,34400.0,
2002-04-01,16.696199417114258,,16.696199417114258,,16.5611417623915,,16.568971343149034,,4600.0,
2002-04-02,16.72556495666504,,16.774498735348484,,16.700119929352198,,16.72556495666504,,13400.0,
2002-04-03,16.719694137573242,,16.743182890342258,,16.647273096547984,,16.743182890342258,,31000.0,
2002-04-04,16.754915237426758,,16.774488438216913,,16.715768835846447,,16.735342036636602,,10000.0,
2002-04-05,16.909549713134766,,16.950653891670374,,16.860615953924782,,16.860615953924782,,119400.0,
2002-04-08,17.062225341796875,,17.06809715484143,,16.905638185028632,,16.911509998073186,,30600.0,
2002-04-09,17.195322036743164,,17.195322036743164,,17.068093968945817,,17.087668666560614,,114600.0,
2002-04-10,17.39105987548828,,17.449780991138823,,17.23447272265351,,17.23447272265351,,48800.0,
2002-04-11,17.31080436706543,,17.381269088523897,,17.226638254953343,,17.30297478764342,,96600.0,
2002-04-12,17.496753692626953,,17.496753692626953,,17.283403233065968,,17.283403233065968,,64200.0,
2002-04-15,17.408681869506836,,17.459571924972124,,17.283411513477688,,17.459571924972124,,107200.0,
2002-04-16,17.12681007385254,,17.391051987752686,,17.12681007385254,,17.391051987752686,,122200.0,
2002-04-17,16.905630111694336,,17.14442552372895,,16.803847089728723,,17.07787634988471,,285400.0,
2002-04-18,16.980024337768555,,17.103336945212526,,16.921303195171983,,16.980024337768555,,164800.0,
2002-04-19,16.88997459411621,,17.04851947812122,,16.786235275281346,,17.04851947812122,,37600.0,
2002-04-22,16.692279815673828,,16.85278244877302,,16.63160244625202,,16.85278244877302,,144800.0,
2002-04-23,16.44173812866211,,16.647260452606133,,16.38301703800971,,16.588539361953735,,68400.0,
2002-04-24,16.54744529724121,,16.627695910559915,,16.502425567813443,,16.549403066348578,,191200.0,
2002-04-25,16.62378692626953,,16.62574469597288,,16.510260176927087,,16.510260176927087,,10000.0,
2002-04-26,16.567018508911133,,16.657056474429748,,16.520042503714524,,16.657056474429748,,12800.0,
2002-04-29,16.471105575561523,,16.54939989812444,,16.44174501793293,,16.54939989812444,,6800.0,
2002-04-30,16.72556495666504,,16.735352309737895,,16.54940454807697,,16.54940454807697,,56400.0,
2002-05-01,16.866483688354492,,16.872355499105716,,16.63747410902004,,16.774488004346775,,117600.0,
2002-05-02,17.075929641723633,,17.077887410851563,,16.833218536770595,,16.833218536770595,,38000.0,
2002-05-03,17.075929641723633,,17.1170338333684,,16.903683291973138,,17.038740988334727,,71800.0,
2002-05-06,16.934995651245117,,17.087670242688144,,16.934995651245117,,17.087670242688144,,32200.0,
2002-05-07,16.84300422668457,,16.950657624650752,,16.77449575403137,,16.950657624650752,,49400.0,
2002-05-08,16.784276962280273,,16.901717668596238,,16.643347517365275,,16.901717668596238,,146000.0,
2002-05-09,16.58854103088379,,16.73534227894471,,16.58854103088379,,16.725554931738174,,66800.0,
2002-05-10,16.44173812866211,,16.60811256105808,,16.36735937472986,,16.60811256105808,,86600.0,
2002-05-13,16.543521881103516,,16.58854158909318,,16.451527683628235,,16.451527683628235,,18000.0,
2002-05-14,16.62769317626953,,16.62769317626953,,16.4632764384544,,16.510252435924432,,10600.0,
2002-05-15,16.723596572875977,,16.75491339202306,,16.64921632739041,,16.66683325149885,,29800.0,
2002-05-16,16.65313148498535,,16.74121162350956,,16.578751241188705,,16.705979269432017,,109600.0,
2002-05-17,16.739267349243164,,16.739267349243164,,16.63748574060575,,16.63748574060575,,59400.0,
2002-05-20,16.617904663085938,,16.71185664301024,,16.617904663085938,,16.705984830932447,,18400.0,
2002-05-21,16.559188842773438,,16.637483179935305,,16.50046920990724,,16.637483179935305,,24600.0,
2002-05-22,16.48088836669922,,16.557224906329118,,16.46131516303458,,16.500463063703577,,20600.0,
2002-05-23,16.850820541381836,,16.87235150459853,,16.514157693520712,,16.578749089831696,,64600.0,
2002-05-24,16.862573623657227,,16.911507382580584,,16.74513290090913,,16.774491961591295,,27600.0,
2002-05-28,16.931081771850586,,16.931081771850586,,16.758835465993666,,16.872360659698955,,20400.0,
2002-05-29,17.0778865814209,,17.087673933244908,,16.862578281354697,,16.960445826233897,,130000.0,
2002-05-30,16.989805221557617,,17.087672759715577,,16.911510892363225,,17.028951639484752,,15800.0,
2002-05-31,17.048513412475586,,17.132679498567263,,17.028940216641523,,17.06808660830965,,28200.0,
2002-06-03,17.028947830200195,,17.09549702445765,,16.931080313934675,,17.00937462561505,,26800.0,
2002-06-04,17.048513412475586,,17.075916185311097,,16.95064593996615,,16.95064593996615,,24600.0,
2002-06-05,17.058303833007812,,17.07787703237131,,17.019155940941438,,17.04851648665637,,98000.0,
2002-06-06,16.989805221557617,,17.058312199600163,,16.931084101326793,,17.058312199600163,,67200.0,
2002-06-07,16.94086265563965,,16.94086265563965,,16.809719087668082,,16.89192891197037,,55200.0,
2002-06-10,17.028947830200195,,17.062222427328923,,16.91150710934953,,16.96044086748229,,117600.0,
2002-06-11,17.06809425354004,,17.117028011713423,,16.993715478718823,,17.077881602510633,,107200.0,
2002-06-12,17.030902862548828,,17.12681259494545,,16.95065079530096,,17.068091497284104,,36000.0,
2002-06-13,17.038734436035156,,17.107241395765197,,16.999586535232474,,17.087668192033718,,17200.0,
2002-06-14,16.968626022338867,,17.061980522112535,,16.92294135730613,,17.022254396997823,,61800.0,
2002-06-17,17.052045822143555,,17.09177194075878,,16.982527008812504,,16.982527008812504,,75400.0,
2002-06-18,17.00636100769043,,17.13944008232326,,17.00636100769043,,17.121562951855207,,35200.0,
2002-06-19,17.03217887878418,,17.14142378095813,,16.93683773548727,,17.04211078458038,,30000.0,
2002-06-20,17.09574317932129,,17.161290136128773,,16.982526397288556,,16.982526397288556,,53200.0,
2002-06-21,17.248689651489258,,17.270538643537183,,17.16129519869442,,17.240745941105345,,72200.0,
2002-06-24,17.18511962890625,,17.29039267433902,,17.16128548045778,,17.2407361778767,,58400.0,
2002-06-25,17.280452728271484,,17.330109201628584,,17.191071682386823,,17.191071682386823,,35400.0,
2002-06-26,17.22087860107422,,17.270535115512608,,17.004376925513196,,17.260604721862865,,97400.0,
2002-06-27,17.288410186767578,,17.288410186767578,,17.121563530147803,,17.181151946525517,,109200.0,
2002-06-28,17.3201961517334,,17.373826049950083,,17.240746920207418,,17.260609228088914,,241000.0,
2002-07-01,17.20897102355957,,17.34999542057617,,17.083837083631504,,17.34999542057617,,144800.0,
2002-07-02,17.03217887878418,,17.181148373350805,,16.865333772259667,,17.161286077154468,,106000.0,
2002-07-03,16.803756713867188,,17.002382683334638,,16.690539971886576,,17.002382683334638,,99400.0,
2002-07-05,16.87327766418457,,17.042110972202334,,16.754102370298444,,16.893141475995655,,71600.0,
2002-07-08,16.77396583557129,,17.02224834655012,,16.724309333375523,,17.02224834655012,,74000.0,
2002-07-09,16.60712242126465,,16.813693673463057,,16.605135736661836,,16.764037166167178,,31400.0,
2002-07-10,16.396581649780273,,16.7342453413098,,16.366787438081417,,16.644864221609794,,153400.0,
2002-07-11,16.098642349243164,,16.36678722016958,,15.81063366051761,,16.287336495162652,,140200.0,
2002-07-12,16.0390567779541,,16.265490399469943,,15.93974373288937,,16.22775095741837,,119200.0,
2002-07-15,15.917885780334473,,15.949666664253737,,15.55241470763866,,15.909940559354657,,682200.0,
2002-07-16,15.929803848266602,,16.265482257482343,,15.929803848266603,,15.9397357539602,,144400.0,
2002-07-17,15.949674606323242,,16.225764732416895,,15.780841228375243,,16.207887597461482,,120200.0,
2002-07-18,15.534544944763184,,15.842415963225225,,15.534544944763185,,15.810635064242216,,99200.0,
2002-07-19,15.252488136291504,,15.333923994480761,,15.165092226179839,,15.333923994480761,,90800.0,
2002-07-22,15.016129493713379,,15.492832330024202,,14.539426657402556,,15.41338160473964,,335800.0,
2002-07-23,14.489767074584961,,15.145233525108816,,14.459974384885331,,15.05585242521748,,649600.0,
2002-07-24,14.579150199890137,,14.787706612064518,,13.854164922378189,,13.903821427476318,,368200.0,
2002-07-25,14.96646785736084,,15.115437348008884,,14.400384095977481,,14.459972498395109,,370000.0,
2002-07-26,15.492825508117676,,15.492825508117674,,15.234611143490698,,15.294199540064884,,493000.0,
2002-07-29,16.178085327148438,,16.237673726799663,,15.770902980851583,,15.770902980851583,,139400.0,
2002-07-30,16.426372528076172,,16.60513626308787,,15.929807439375,,16.04898427298039,,365400.0,
2002-07-31,16.50383758544922,,16.511782809209343,,16.088709872908918,,16.327060524126754,,153200.0,
2002-08-01,16.275419235229492,,16.41644355073015,,16.120491156662474,,16.406511641941385,,313000.0,
2002-08-02,15.917885780334473,,16.148292642561273,,15.840421770026209,,16.12842883241376,,405600.0,
2002-08-05,15.643789291381836,,15.87816810851298,,15.612008393616508,,15.840428671265808,,395600.0,
2002-08-06,15.683505058288574,,15.788776570856562,,15.651725693832088,,15.651725693832088,,359200.0,
2002-08-07,16.009265899658203,,16.009265899658203,,15.713313387963453,,15.8821452966995,,232200.0,
2002-08-08,16.01323890686035,,16.112551970376337,,15.939746694315572,,15.999335138583998,,87800.0,
2002-08-09,15.812628746032715,,15.909955140288881,,15.671604354037804,,15.909955140288881,,104000.0,
2002-08-12,15.997342109680176,,15.997342109680174,,15.671595511745698,,15.671595511745698,,426000.0,
2002-08-13,15.818572998046875,,16.11849865352438,,15.802682555879437,,16.068842158298114,,174800.0,
2002-08-14,15.933788299560547,,15.933788299560545,,15.671601870082089,,15.751052624705249,,96600.0,
2002-08-15,16.029125213623047,,16.029125213623047,,15.90994986004976,,15.933785536923153,,79000.0,
2002-08-16,16.207876205444336,,16.227738496125653,,15.890075008356337,,15.890075008356337,,112200.0,
2002-08-19,16.18404769897461,,16.21980044081034,,16.118500753043076,,16.207881849934314,,76400.0,
2002-08-20,16.118507385253906,,16.197958123735237,,16.04104333196873,,16.197958123735237,,21200.0,
2002-08-21,16.19795036315918,,16.21781265941412,,16.106581072673542,,16.188018457333676,,34800.0,
2002-08-22,16.24562644958496,,16.267475438519973,,16.17809279776857,,16.197956617088874,,26800.0,
2002-08-23,16.2376708984375,,16.315134895253436,,16.188014412509556,,16.245616118033453,,21200.0,
2002-08-26,16.35089683532715,,16.376717677010735,,16.112546174781055,,16.307198860634504,,23000.0,
2002-08-27,16.426372528076172,,16.4660986444101,,16.360827088068874,,16.4660986444101,,40800.0,
2002-08-28,16.563425064086914,,16.563425064086914,,16.31712920311436,,16.366785712244106,,63400.0,
2002-08-29,16.48595428466797,,16.51376179716948,,16.406503599494027,,16.406503599494027,,44000.0,
2002-08-30,16.563425064086914,,16.61308157321666,,16.50582333164884,,16.50582333164884,,15800.0,
2002-09-03,16.390625,,16.545554629938756,,16.33302476491904,,16.545554629938756,,46600.0,
2002-09-04,16.432327270507812,,16.46609332192986,,16.366780336291438,,16.386642630339942,,22000.0,
2002-09-05,16.37671661376953,,16.43431834799769,,16.327060103096613,,16.42637312444245,,35800.0,
2002-09-06,16.38068199157715,,16.45615930543403,,16.354859648771495,,16.45615930543403,,17000.0,
2002-09-09,16.40850067138672,,16.41048735650765,,16.313159485739448,,16.346927071208384,,8600.0,
2002-09-10,16.38068199157715,,16.48595350038133,,16.346915944488206,,16.3767086240398,,15200.0,
2002-09-11,16.40650749206543,,16.456163992656062,,16.376713288631823,,16.386645194908404,,29000.0,
2002-09-12,16.287328720092773,,16.376709795934957,,16.235685546181653,,16.307191013013725,,46400.0,
2002-09-13,16.350603103637695,,16.38082633676732,,16.21963678488765,,16.229711708336687,,22200.0,
2002-09-16,16.330453872680664,,16.38283916745139,,16.23978417840689,,16.360675566887853,,142800.0,
2002-09-17,16.171279907226562,,16.38082570165874,,16.171279907226562,,16.38082570165874,,21600.0,
2002-09-18,16.16926383972168,,16.249858608671552,,16.088669070771807,,16.249858608671552,,70000.0,
2002-09-19,16.048368453979492,,16.149111505746824,,15.987922008032301,,16.07859167695309,,36400.0,
2002-09-20,16.118894577026367,,16.14911781180181,,16.062478691961587,,16.12896950102404,,58400.0,
2002-09-23,16.072551727294922,,16.116878932367285,,15.98792790154816,,16.058447756337127,,52200.0,
2002-09-24,15.895238876342773,,15.989937592695268,,15.877105864556297,,15.937550774394888,,282200.0,
2002-09-25,15.854951858520508,,15.957708728556375,,15.756222499472493,,15.917412097626773,,42000.0,
2002-09-26,16.040321350097656,,16.040321350097656,,15.87510267768061,,15.917414607995177,,35600.0,
2002-09-27,15.92747688293457,,16.048368235969722,,15.85897080931058,,15.957698568280641,,100200.0,
2002-09-30,15.746143341064453,,15.816663187962213,,15.675623494166695,,15.816663187962213,,134000.0,
2002-10-01,15.701818466186523,,15.77636890807117,,15.574882722973033,,15.77636890807117,,95000.0,
2002-10-02,15.524508476257324,,15.725994626307557,,15.494285246306323,,15.705844781528668,,124000.0,
2002-10-03,15.595023155212402,,15.595023155212402,,15.474131812673061,,15.514428414447234,,12200.0,
2002-10-04,15.260557174682617,,15.595024847118617,,15.222275860009054,,15.595024847118617,,180800.0,
2002-10-07,14.809233665466309,,15.292800786476054,,14.809233665466307,,15.292800786476054,,96400.0,
2002-10-08,14.62789249420166,,14.86967676862526,,14.43648128868132,,14.86967676862526,,231800.0,
2002-10-09,14.281341552734375,,14.547303279903893,,14.255148899673996,,14.547303279903893,,179200.0,
2002-10-10,14.62789249420166,,14.688338947111848,,13.993210887513298,,14.204771935481803,,351000.0,
2002-10-11,14.950268745422363,,15.038923125721785,,14.871689285508612,,14.930120441868047,,78800.0,
2002-10-14,14.762894630432129,,14.960351801972063,,14.688345713016144,,14.95027687610716,,125400.0,
2002-10-15,15.051012992858887,,15.210187216817838,,14.960344851072579,,14.990568077407064,,105600.0,
2002-10-16,14.970417976379395,,15.10944234129299,,14.799153560101535,,15.01071458184656,,229600.0,
2002-10-17,15.111465454101562,,15.212208557128907,,15.111465454101562,,15.181985318777151,,102800.0,
2002-10-18,15.161833763122559,,15.26056155255457,,14.990570832045725,,15.192056995010807,,62800.0,
2002-10-21,15.091310501098633,,15.109443513800908,,14.958328925746951,,15.091310501098633,,164400.0,
2002-10-22,14.793112754821777,,15.030866473161868,,14.793112754821777,,15.030866473161868,,147000.0,
2002-10-23,14.799163818359375,,14.869685232635314,,14.607752503885331,,14.779015501659691,,107400.0,
2002-10-24,14.980494499206543,,15.000642806163423,,14.829379891204022,,14.889826349291944,,90000.0,
2002-10-25,15.206158638000488,,15.232351281779533,,14.930122083580665,,14.930122083580665,,119400.0,
2002-10-28,15.10138988494873,,15.33108402707889,,15.06109326034325,,15.32302593193195,,81600.0,
2002-10-29,15.01071834564209,,15.101386499285875,,14.799157270850127,,15.101386499285875,,116800.0,
2002-10-30,15.004676818847656,,15.109448961296984,,14.928111082810036,,15.010721158594281,,127800.0,
2002-10-31,15.109445571899414,,15.141684092939753,,15.040941020514628,,15.121535785898187,,104600.0,
2002-11-01,15.198101043701172,,15.240412952649702,,14.98049562292239,,14.98049562292239,,100800.0,
2002-11-04,15.433834075927734,,15.453982377339939,,15.222274605274306,,15.292794428825449,,88200.0,
2002-11-05,15.441893577575684,,15.500324727244738,,15.381447136616842,,15.413685648386052,,73400.0,
2002-11-06,15.6051025390625,,15.6051025390625,,15.474137764316518,,15.504359458662568,,66400.0,
2002-11-07,15.532567024230957,,15.580924808455187,,15.478166438500418,,15.574880469731502,,59000.0,
2002-11-08,15.401605606079102,,15.504362461190073,,15.353247811325774,,15.504362461190073,,142400.0,
2002-11-11,15.302871704101562,,15.363318160933119,,15.188024665895409,,15.323021547856916,,65000.0,
2002-11-12,15.403616905212402,,15.47212300158097,,15.25250227944295,,15.25250227944295,,111000.0,
2002-11-13,15.258543968200684,,15.49831139664553,,15.256528676655941,,15.43383590216717,,95400.0,
2002-11-14,15.570846557617188,,15.570846557617188,,15.363316107302776,,15.393539331678584,,163000.0,
2002-11-15,15.582941055297852,,15.621223922960024,,15.524511413479706,,15.57488296052251,,59000.0,
2002-11-18,15.455995559692383,,15.55472329919269,,15.439876305875329,,15.52450161980653,,18000.0,
2002-11-19,15.514444351196289,,15.584964245348955,,15.441909163719718,,15.484221100211318,,207000.0,
2002-11-20,15.562790870666504,,15.568835209629277,,15.453988157684265,,15.55473123964366,,47000.0,
2002-11-21,15.625251770019531,,15.643384785913577,,15.5285377402659,,15.574880231801824,,46200.0,
2002-11-22,15.699801445007324,,15.699801445007322,,15.514434544062397,,15.615177625517347,,33800.0,
2002-11-25,15.717931747436523,,15.717931747436523,,15.590994515319725,,15.685693232226857,,25200.0,
2002-11-26,15.693755149841309,,15.734051762513326,,15.62525060085543,,15.71591874797609,,57000.0,
2002-11-27,15.816656112670898,,15.816656112670897,,15.695764781036495,,15.746136297318886,,235400.0,
2002-11-29,15.840838432312012,,15.840838432312012,,15.786436322077112,,15.786436322077112,,7800.0,
2002-12-02,15.877107620239258,,15.93755253676182,,15.776364555484484,,15.776364555484484,,128800.0,
2002-12-03,15.917409896850586,,15.945617842044802,,15.881142319141205,,15.917409896850586,,147800.0,
2002-12-04,15.776361465454102,,15.879118264581189,,15.756211626676047,,15.846881289526674,,28600.0,
2002-12-05,15.786433219909668,,15.834789446113936,,15.756210002075733,,15.816656437743603,,109200.0,
2002-12-06,15.80457592010498,,15.806589675040678,,15.68569827854592,,15.715921511973987,,55600.0,
2002-12-09,15.844868659973145,,15.877107177660259,,15.707858034237177,,15.715917663658955,,51600.0,
2002-12-10,15.786433219909668,,15.887176254544977,,15.742106038715457,,15.887176254544977,,24200.0,
2002-12-11,15.774351119995117,,15.820692074393806,,15.748158473474872,,15.768306781353317,,77400.0,
2002-12-12,15.79450798034668,,15.79450798034668,,15.675631823442163,,15.756225098595916,,22200.0,
2002-12-13,15.753677368164062,,15.848491932307697,,15.716575880232782,,15.77841221763938,,25000.0,
2002-12-16,15.803155899047852,,15.803155899047852,,15.675363024030787,,15.747504416792745,,48400.0,
2002-12-17,15.747505187988281,,15.829953171995816,,15.706280409702266,,15.829953171995816,,31400.0,
2002-12-18,15.68360710144043,,15.726893511579439,,15.564059176381303,,15.726893511579439,,179200.0,
2002-12-19,15.601166725158691,,15.675369781864912,,15.562003563962326,,15.562003563962326,,61000.0,
2002-12-20,15.706277847290039,,15.706277847290039,,15.572301664270496,,15.623831449297779,,96200.0,
2002-12-23,15.695967674255371,,15.724824218579807,,15.64443790616692,,15.665049498889555,,60400.0,
2002-12-24,15.8299560546875,,15.8299560546875,,15.745446423235034,,15.745446423235034,,34400.0,
2002-12-26,15.788721084594727,,15.860862447493039,,15.788721084594727,,15.829945843796454,,17200.0,
2002-12-27,15.77841854095459,,15.809335149484557,,15.67741904454331,,15.776356909531252,,168000.0,
2002-12-30,15.817585945129395,,15.817585945129395,,15.71658798397668,,15.788729384800048,,31800.0,
2002-12-31,15.93301010131836,,16.00515148558045,,15.829950531639883,,15.829950531639883,,128400.0,
2003-01-02,15.93301010131836,,15.974233300164057,,15.891785329908428,,15.941253483036112,,82200.0,
2003-01-03,16.135009765625,,16.13913303001622,,15.974237050788691,,15.99484865505098,,158600.0,
2003-01-06,16.262798309326172,,16.283409906086895,,16.118513986873058,,16.139127156197812,,148400.0,
2003-01-07,16.077295303344727,,16.139131683537226,,15.941255895947016,,16.077295303344727,,126800.0,
2003-01-08,15.834065437316895,,16.0154496361015,,15.834065437316895,,16.005144627088075,,78800.0,
2003-01-09,15.900026321411133,,15.959801045634645,,15.81964000290182,,15.912392963469845,,51600.0,
2003-01-10,15.809347152709961,,15.891795174037792,,15.74957394912662,,15.871183561847136,,150400.0,
2003-01-13,15.708345413208008,,15.829956569547289,,15.68773380592342,,15.829956569547289,,27200.0,
2003-01-14,15.667119026184082,,15.728953835516833,,15.644445790992718,,15.665057394103634,,26800.0,
2003-01-15,15.665059089660645,,15.737200494639566,,15.572306079339844,,15.634140895365482,,56400.0,
2003-01-16,15.526955604553223,,15.683605022852866,,15.47954750917025,,15.582607081897834,,40000.0,
2003-01-17,15.320843696594238,,15.436269969355404,,15.304353779752637,,15.376495200228366,,135200.0,
2003-01-21,15.287863731384277,,15.372373375046653,,15.277558712870702,,15.35588345834692,,57400.0,
2003-01-22,15.304349899291992,,15.345573108378712,,15.252820101651277,,15.26312669020527,,88200.0,
2003-01-23,15.34350872039795,,15.376486963851416,,15.263122384560162,,15.376486963851416,,49400.0,
2003-01-24,15.20334529876709,,15.312588170461877,,15.160060476353907,,15.312588170461877,,177400.0,
2003-01-27,15.06730842590332,,15.170367993211228,,15.009595319821162,,15.170367993211228,,210200.0,
2003-01-28,15.122967720031738,,15.137396002512455,,15.017846477635166,,15.0467030425966,,38600.0,
2003-01-29,15.217768669128418,,15.242501946786502,,15.056996074097144,,15.056996074097144,,90800.0,
2003-01-30,15.180681228637695,,15.294045858795553,,15.149763030389229,,15.273434250818205,,199000.0,
2003-01-31,15.345576286315918,,15.372372793079776,,15.160070234444337,,15.160070234444337,,124000.0,
2003-02-03,15.355876922607422,,15.456874867417964,,15.31465372096844,,15.438324898449725,,69600.0,
2003-02-04,15.316716194152832,,15.366185930993195,,15.232208145705243,,15.294042957908815,,39000.0,
2003-02-05,15.390921592712402,,15.479552919136559,,15.345575113253789,,15.417718097427855,,38200.0,
2003-02-06,15.390921592712402,,15.428023114763556,,15.351760010733008,,15.417718097427855,,73600.0,
2003-02-07,15.273438453674316,,15.458946121647145,,15.265193493701599,,15.458946121647145,,176200.0,
2003-02-10,15.376490592956543,,15.376490592956543,,14.887989140273158,,15.273431002423907,,61600.0,
2003-02-11,15.250753402709961,,15.438322558637575,,15.211591838857508,,15.438322558637575,,35400.0,
2003-02-12,15.13120174407959,,15.310524329256396,,15.13120174407959,,15.211588055896167,,53400.0,
2003-02-13,15.125017166137695,,15.19097520727335,,15.026080890716086,,15.19097520727335,,28800.0,
2003-02-14,15.092040061950684,,15.195099607227524,,15.038448658088845,,15.149753155695496,,24000.0,
2003-02-18,15.271368980407715,,15.343511949990349,,15.16418770091858,,15.21159580328164,,102000.0,
2003-02-19,15.376490592956543,,15.386797181035629,,15.25281939883029,,15.273431002423907,,59600.0,
2003-02-20,15.386798858642578,,15.42390037818205,,15.335269057758017,,15.397103875280656,,30600.0,
2003-02-21,15.5784912109375,,15.582612903458156,,15.378555313540984,,15.43833007676215,,46400.0,
2003-02-24,15.425957679748535,,15.500160705559685,,15.376489520062583,,15.500160705559685,,80200.0,
2003-02-25,15.561997413635254,,15.570242369184653,,15.28785853873455,,15.355878242593729,,52800.0,
2003-02-26,15.489852905273438,,15.551687700620214,,15.471301365874492,,15.54138268767783,,53600.0,
2003-02-27,15.613517761230469,,15.613517761230469,,15.491908278712764,,15.551681418299196,,55800.0,
2003-02-28,15.6423921585083,,15.698045245190006,,15.613535584882719,,15.623842177991278,,37000.0,
2003-03-03,15.625892639160156,,15.706278983814427,,15.607342670038873,,15.665055781835338,,106400.0,
2003-03-04,15.531070709228516,,15.623825228887235,,15.510459117936671,,15.56198888244809,,49400.0,
2003-03-05,15.541390419006348,,15.541390419006348,,15.419779254301078,,15.479554020333847,,49600.0,
2003-03-06,15.450692176818848,,15.520773509550725,,15.411529032863847,,15.500160335323205,,64600.0,
2003-03-07,15.498745918273926,,15.500826731268235,,15.373924120934934,,15.436334226006796,,28800.0,
2003-03-10,15.271989822387695,,15.436337579147203,,15.269909008941385,,15.396811646840963,,74600.0,
2003-03-11,15.253263473510742,,15.477943677404879,,15.228298477346266,,15.384326132184631,,74200.0,
2003-03-12,15.186688423156738,,15.307350164157944,,15.157563394252316,,15.28030436075024,,25400.0,
2003-03-13,15.421771049499512,,15.421771049499512,,15.274065077129645,,15.36352098571367,,63400.0,
2003-03-14,15.348958015441895,,15.436333108534374,,15.332314687082807,,15.415529741683091,,30400.0,
2003-03-17,15.654781341552734,,15.654781341552734,,15.284475804301925,,15.342725899528428,,83400.0,
2003-03-18,15.708864212036133,,15.748390137323472,,15.619408296077426,,15.748390137323472,,77200.0,
2003-03-19,15.912738800048828,,15.91481961304037,,15.710942794141387,,15.789997815867341,,72400.0,
2003-03-20,16.045888900756836,,16.047969714609284,,15.719270962542723,,15.873219443705596,,47400.0,
2003-03-21,16.31009292602539,,16.349618856880774,,16.07917184502512,,16.091653550853604,,98200.0,
2003-03-24,15.912738800048828,,16.206071531240944,,15.854488733847765,,16.206071531240944,,140000.0,
2003-03-25,16.085405349731445,,16.085405349731445,,15.921056086887786,,15.921056086887786,,78400.0,
2003-03-26,16.181114196777344,,16.183195010753906,,16.045889857829096,,16.12286410300173,,137000.0,
2003-03-27,16.089569091796875,,16.170704922884358,,15.956425635809776,,16.164462484189016,,44400.0,
2003-03-28,16.031320571899414,,16.13533900610524,,16.018838867697227,,16.08125056309886,,36600.0,
2003-03-31,15.94603157043457,,16.05837170710313,,15.844093915515197,,15.894022336080377,,74600.0,
2003-04-01,16.216472625732422,,16.22687510362568,,16.014678204482653,,16.018838243322786,,72400.0,
2003-04-02,16.389131546020508,,16.478587393641146,,16.332962333418767,,16.37248822851106,,396200.0,
2003-04-03,16.26848793029785,,16.378748840774403,,16.256006221910116,,16.320497164841253,,64800.0,
2003-04-04,16.237281799316406,,16.38498781803615,,16.237281799316406,,16.341300256487695,,61000.0,
2003-04-07,16.37250518798828,,16.499407837860367,,16.28929168863248,,16.414113524861943,,49600.0,
2003-04-08,16.330896377563477,,16.414111453614378,,16.25184292827268,,16.414111453614378,,58000.0,
2003-04-09,16.249765396118164,,16.434918144440623,,16.249765396118164,,16.330899675172013,,43600.0,
2003-04-10,16.2996883392334,,16.33713503907349,,16.199831531123383,,16.330894186966034,,197800.0,
2003-04-11,16.210237503051758,,16.414114396570643,,16.179031645538196,,16.353783495296643,,72400.0,
2003-04-14,16.424510955810547,,16.424510955810547,,16.21647407689112,,16.21647407689112,,42800.0,
2003-04-15,16.495250701904297,,16.495250701904297,,16.37666969852972,,16.434919793212522,,46400.0,
2003-04-16,16.538938522338867,,16.538938522338867,,16.457804233921948,,16.538938522338867,,85600.0,
2003-04-17,16.692880630493164,,16.694961443935217,,16.52021120749745,,16.58054051255648,,31200.0,
2003-04-21,16.744888305664062,,16.744888305664062,,16.65335315623248,,16.715763268954635,,58200.0,
2003-04-22,16.973722457885742,,16.975803270387054,,16.757365573595933,,16.757365573595933,,78400.0,
2003-04-23,16.979982376098633,,17.02783000252321,,16.88428553605296,,16.91132977763222,,40000.0,
2003-04-24,16.840587615966797,,16.96541103458694,,16.819784241928673,,16.936285993494426,,78400.0,
2003-04-25,16.703283309936523,,16.798980095870576,,16.642952416961563,,16.798980095870576,,151400.0,
2003-04-28,16.64503288269043,,16.76777389234739,,16.64503288269043,,16.726167147052458,,55800.0,
2003-04-29,16.6845645904541,,16.89260156333855,,16.6845645904541,,16.6845645904541,,73600.0,
2003-04-30,16.52021026611328,,16.717844677564837,,16.52021026611328,,16.645032083198238,,99800.0,
2003-05-01,16.66376304626465,,16.746978162024533,,16.434922668322212,,16.538941166222983,,116000.0,
2003-05-02,16.811458587646484,,16.90299531633901,,16.684555972757423,,16.684555972757423,,84400.0,
2003-05-05,17.007007598876953,,17.007007598876953,,16.832257456962157,,16.913391678164704,,78800.0,
2003-05-06,17.10271453857422,,17.350278974558034,,16.988295187996968,,17.048624496427397,,113400.0,
2003-05-07,17.054866790771484,,17.142241913123495,,16.93628581409499,,17.142241913123495,,33400.0,
2003-05-08,17.119365692138672,,17.16513408815315,,16.940453737098302,,16.95501626426687,,80400.0,
2003-05-09,17.246257781982422,,17.304507854811273,,17.144320154531933,,17.215051932339698,,49200.0,
2003-05-12,17.38148307800293,,17.4126873422557,,17.267062151757646,,17.298268003205955,,106800.0,
2003-05-13,17.41061019897461,,17.44389528055805,,17.321154260625256,,17.391886050987395,,49400.0,
2003-05-14,17.335712432861328,,17.44389090486627,,17.27954159018552,,17.44389090486627,,41000.0,
2003-05-15,17.33363151550293,,17.391881583708635,,17.227532270016646,,17.391881583708635,,43800.0,
2003-05-16,17.44805335998535,,17.44805335998535,,17.248338149506257,,17.329472404163532,,70000.0,
2003-05-19,17.362764358520508,,17.443898645325124,,17.331558497319648,,17.443898645325124,,31800.0,
2003-05-20,17.525028228759766,,17.541671561892954,,17.38356307151887,,17.423090590911293,,59000.0,
2003-05-21,17.568714141845703,,17.5853574734196,,17.393963921906177,,17.475098179334594,,53400.0,
2003-05-22,17.74555015563965,,17.74555015563965,,17.541673272861484,,17.620726732161387,,63400.0,
2003-05-23,17.826671600341797,,17.84747496021929,,17.68104490681009,,17.735134912247272,,52400.0,
2003-05-27,17.803800582885742,,17.818363104279157,,17.703942159619615,,17.787157247808754,,104000.0,
2003-05-28,17.52711296081543,,17.849570866783,,17.52711296081543,,17.82876590211725,,337800.0,
2003-05-29,17.19216537475586,,17.579114047632018,,16.955003489727922,,17.579114047632018,,281000.0,
2003-05-30,17.547910690307617,,17.547910690307617,,17.225454475321897,,17.225454475321897,,162000.0,
2003-06-02,17.63736343383789,,17.7039351606319,,17.579113371292525,,17.641525059559797,,191800.0,
2003-06-03,17.629045486450195,,17.706019706582843,,17.529188668803215,,17.6103229283397,,24600.0,
2003-06-04,17.92445945739746,,17.9619045744186,,17.72890427013311,,17.74762682864368,,79600.0,
2003-06-05,17.922374725341797,,17.922374725341797,,17.787150457059617,,17.787150457059617,,97400.0,
2003-06-06,18.099206924438477,,18.161618617676726,,17.934857613626694,,17.995188493838256,,200400.0,
2003-06-09,17.980628967285156,,18.068004082593266,,17.911976410744973,,18.068004082593266,,41200.0,
2003-06-10,18.151216506958008,,18.182422354208462,,17.968144636788175,,17.995188857901063,,60200.0,
2003-06-11,18.325977325439453,,18.348861520863355,,18.078414391520507,,18.18243288446689,,41200.0,
2003-06-12,18.151216506958008,,18.369655850515862,,18.05967977827543,,18.369655850515862,,127600.0,
2003-06-13,17.871368408203125,,18.149948955674823,,17.799611958773443,,18.149948955674823,,103200.0,
2003-06-16,18.059206008911133,,18.105636386158523,,17.96001413209229,,17.96001413209229,,81600.0,
2003-06-17,17.932579040527344,,18.12674097585438,,17.858713261886972,,18.06553744208001,,31600.0,
2003-06-18,17.706750869750977,,17.900912706245308,,17.64765827691813,,17.8544823518331,,51600.0,
2003-06-19,17.732078552246094,,17.83971242873707,,17.668765738544632,,17.79117276591455,,62400.0,
2003-06-20,17.727859497070312,,17.80172525627755,,17.689871162313338,,17.80172525627755,,48400.0,
2003-06-23,17.489377975463867,,17.66665579571808,,17.487267065179097,,17.66454488543331,,90800.0,
2003-06-24,17.618118286132812,,17.620227586522923,,17.42184546960368,,17.53791978702551,,43200.0,
2003-06-25,17.715200424194336,,17.791177107297987,,17.603346310223152,,17.64344395230619,,74800.0,
2003-06-26,17.930465698242188,,17.93468751939384,,17.710977692793143,,17.748966032393035,,65400.0,
2003-06-27,17.922033309936523,,18.044440426753766,,17.90303993499274,,17.95791075826624,,34000.0,
2003-06-30,17.854490280151367,,18.044431991566903,,17.77429338428841,,18.044431991566903,,58200.0,
2003-07-01,18.065534591674805,,18.065534591674805,,17.786953977505092,,17.91780305770335,,52200.0,
2003-07-02,18.30823516845703,,18.31667719921701,,18.078195868320332,,18.14995071455106,,161600.0,
2003-07-03,18.403207778930664,,18.403207778930664,,18.238592181395347,,18.33567313352764,,12800.0,
2003-07-07,18.550941467285156,,18.565714621083448,,18.451749601716767,,18.487627030919334,,341000.0,
2003-07-08,18.622703552246094,,18.622703552246094,,18.48763420506136,,18.5403957191227,,72800.0,
2003-07-09,18.508739471435547,,18.59315822044689,,18.413769385143855,,18.59315822044689,,34400.0,
2003-07-10,18.259693145751953,,18.50872740743012,,18.179496272048112,,18.50872740743012,,250800.0,
2003-07-11,18.41797637939453,,18.48340170825309,,18.297680271690158,,18.33989042097835,,243200.0,
2003-07-14,18.591041564941406,,18.633251731482456,,18.441199096565416,,18.50873375287788,,94600.0,
2003-07-15,18.555164337158203,,18.612147660083444,,18.5129557803014,,18.582601348253036,,54200.0,
2003-07-16,18.569944381713867,,18.656474048568253,,18.504520611270486,,18.656474048568253,,79000.0,
2003-07-17,18.337779998779297,,18.593145370693748,,18.259692428133352,,18.5087266800243,,122200.0,
2003-07-18,18.39055061340332,,18.504515660888384,,18.342010929012684,,18.445423031115403,,82000.0,
2003-07-21,18.382099151611328,,18.519279320460065,,18.276576192520388,,18.4348606311568,,88000.0,
2003-07-22,18.451751708984375,,18.504513208597146,,18.379995232231348,,18.445420586655352,,96800.0,
2003-07-23,18.42220687866211,,18.498183573023233,,18.306130926123362,,18.498183573023233,,31600.0,
2003-07-24,18.470741271972656,,18.55938179678326,,18.42853272503645,,18.445416787872073,,30000.0,
2003-07-25,18.614253997802734,,18.62058672946112,,18.470742673119208,,18.470742673119208,,49200.0,
2003-07-28,18.52983856201172,,18.696563477140536,,18.51084358563625,,18.656465833953423,,60000.0,
2003-07-29,18.652238845825195,,18.6754540271018,,18.508727548002856,,18.508727548002856,,39200.0,
2003-07-30,18.886507034301758,,18.886507034301758,,18.698676213714325,,18.71978049273981,,53200.0,
2003-07-31,18.835853576660156,,18.989917849395972,,18.835853576660156,,18.926603411799768,,72600.0,
2003-08-01,18.76198959350586,,18.842186493301337,,18.67757087205351,,18.842186493301337,,132200.0,
2003-08-04,18.62691307067871,,18.70922084943206,,18.48340178282497,,18.70922084943206,,97200.0,
2003-08-05,18.569944381713867,,18.660694261758156,,18.515073559475987,,18.656474048568253,,42600.0,
2003-08-06,18.614253997802734,,18.624806940413734,,18.42853412298116,,18.59314972273371,,45800.0,
2003-08-07,18.66912269592285,,18.738768238966053,,18.584704002248,,18.612141003530105,,251800.0,
2003-08-08,18.728219985961914,,18.761988115944792,,18.667016457982747,,18.74932426212468,,29200.0,
2003-08-11,18.700782775878906,,18.745102234572123,,18.67545668084582,,18.688120533438816,,46000.0,
2003-08-12,18.6944522857666,,18.740882656484917,,18.59314951236728,,18.740882656484917,,27000.0,
2003-08-13,18.582599639892578,,18.719778242142514,,18.519285200274847,,18.719778242142514,,72000.0,
2003-08-14,18.6944522857666,,18.717667471125758,,18.540388020215186,,18.614253787197526,,102000.0,
2003-08-15,18.62691307067871,,18.738767148976724,,18.610029010895314,,18.610029010895314,,5800.0,
2003-08-18,18.730329513549805,,18.780980094630948,,18.6311376517409,,18.635359472753546,,74800.0,
2003-08-19,18.793649673461914,,18.804201008902368,,18.705009116872223,,18.77254378227415,,74600.0,
2003-08-20,18.846406936645508,,18.846406936645508,,18.709226725587126,,18.709226725587126,,79800.0,
2003-08-21,18.88017463684082,,18.93082522511278,,18.80841977096831,,18.878063726034814,,57600.0,
2003-08-22,18.738771438598633,,18.909718155118565,,18.69867218997181,,18.909718155118565,,37400.0,
2003-08-25,18.538280487060547,,18.709228847681363,,18.466525617534543,,18.709228847681363,,112000.0,
2003-08-26,18.730329513549805,,18.730329513549805,,18.422202595897367,,18.540387821804345,,158200.0,
2003-08-27,18.894935607910156,,18.9097087537195,,18.667005692435588,,18.667005692435588,,214600.0,
2003-08-28,18.886507034301758,,18.920275168865164,,18.818972375328222,,18.920275168865164,,57600.0,
2003-08-29,18.994131088256836,,18.994131088256836,,18.848508901331417,,18.905492196281557,,33200.0,
2003-09-02,19.222076416015625,,19.222076416015625,,18.95615791733256,,19.04479688017567,,62200.0,
2003-09-03,19.365577697753906,,19.416228277199444,,19.046897848013586,,19.268496749586255,,99400.0,
2003-09-04,19.454219818115234,,19.49220816149367,,19.357138853959928,,19.437335752135226,,92800.0,
2003-09-05,19.36979866027832,,19.424671062729935,,19.26849749745544,,19.40567608835505,,87400.0,
2003-09-08,19.422561645507812,,19.437334799978352,,19.236841759284875,,19.236841759284875,,35800.0,
2003-09-09,19.3529109954834,,19.36768414606931,,19.219952640210185,,19.359243725865348,,39800.0,
2003-09-10,19.015241622924805,,19.331810578723175,,18.9751439834277,,19.331810578723175,,129000.0,
2003-09-11,19.181970596313477,,19.213627817989497,,19.0637853528864,,19.120767063780686,,54200.0,
2003-09-12,19.248281478881836,,19.248281478881836,,19.051476300975782,,19.117791781034633,,45400.0,
2003-09-15,19.2076416015625,,19.25256405517737,,19.16699677740901,,19.25256405517737,,52200.0,
2003-09-16,19.20122718811035,,19.24828927946337,,19.104963374326367,,19.220478971630957,,45600.0,
2003-09-17,19.130634307861328,,19.20978433820473,,19.06004116988427,,19.20978433820473,,38200.0,
2003-09-18,19.237585067749023,,19.2803678798478,,19.134904033828427,,19.166991958932343,,402800.0,
2003-09-19,19.385189056396484,,19.432249498125213,,19.252559724089043,,19.273951130703868,,61000.0,
2003-09-22,19.316734313964844,,19.36165675453895,,19.207636025679385,,19.27394987147074,,229400.0,
2003-09-23,19.447227478027344,,19.507124076148656,,19.31673776123739,,19.31673776123739,,65800.0,
2003-09-24,19.34026527404785,,19.50712051897643,,19.34026527404785,,19.466475706780127,,39400.0,
2003-09-25,19.321014404296875,,19.39588514812797,,19.23544714046428,,19.38091099936175,,138800.0,
2003-09-26,19.34026527404785,,19.342403272119533,,19.08142388612987,,19.271810166323718,,54000.0,
2003-09-29,19.434391021728516,,19.434391021728516,,19.32101508677098,,19.35096338536128,,26800.0,
2003-09-30,19.554189682006836,,19.624781181347295,,19.31460161425018,,19.487874180360688,,78200.0,
2003-10-01,19.691091537475586,,19.738151980718374,,19.60552427620366,,19.60552427620366,,43200.0,
2003-10-02,19.84084129333496,,19.887903388260142,,19.723186056022005,,19.723186056022005,,343400.0,
2003-10-03,20.052614212036133,,20.213052242778183,,20.00341412989553,,20.03336243173591,,371800.0,
2003-10-06,20.290061950683594,,20.290061950683594,,20.044056652013715,,20.044056652013715,,74600.0,
2003-10-07,20.19380760192871,,20.311461220166215,,20.189528338975713,,20.279374908321838,,341200.0,
2003-10-08,20.20662498474121,,20.25154741527483,,20.146728410696387,,20.195930100552772,,63000.0,
2003-10-09,20.23444366455078,,20.373490284346452,,20.215191884240326,,20.334985091665498,,56600.0,
2003-10-10,20.268674850463867,,20.360659403194298,,20.215195497296417,,20.360659403194298,,115800.0,
2003-10-13,20.343547821044922,,20.41414096656343,,20.302904618038326,,20.343547821044922,,91200.0,
2003-10-14,20.358516693115234,,20.36707358417514,,20.26225452479643,,20.354239063615324,,73800.0,
2003-10-15,20.31144905090332,,20.454774896866304,,20.275083497893753,,20.397016306030267,,32800.0,
2003-10-16,20.337108612060547,,20.38844828427903,,20.31143795992193,,20.31143795992193,,149400.0,
2003-10-17,20.155296325683594,,20.397022383789857,,20.155296325683594,,20.390605123353602,,325800.0,
2003-10-20,20.11037254333496,,20.268670941202373,,20.11037254333496,,20.26439331188056,,54800.0,
2003-10-21,20.129629135131836,,20.215196430562173,,20.110377350491728,,20.193805014719693,,65800.0,
2003-10-22,19.988439559936523,,20.151015585930313,,19.91784643619553,,20.151015585930313,,148400.0,
2003-10-23,19.7873592376709,,19.91784898050576,,19.66542638656982,,19.91784898050576,,168800.0,
2003-10-24,19.626922607421875,,19.78736066688309,,19.532798423611986,,19.78736066688309,,230400.0,
2003-10-27,19.857954025268555,,20.001278301617745,,19.72104701023942,,19.72318500930587,,231200.0,
2003-10-28,19.72318458557129,,19.915710581338622,,19.522103329601247,,19.915710581338622,,149000.0,
2003-10-29,19.91998863220215,,19.973467981548854,,19.750993692419335,,19.765967844954005,,121400.0,
2003-10-30,19.96917724609375,,20.02051693499183,,19.87291512540244,,19.990568647129674,,88400.0,
2003-10-31,19.89432144165039,,20.09112509002381,,19.842981714261782,,20.022671576152163,,248000.0,
2003-11-03,20.168134689331055,,20.193805368027412,,20.022670774172596,,20.022670774172596,,304600.0,
2003-11-04,20.22588539123535,,20.26011131737278,,20.063307753918124,,20.138178497399807,,160200.0,
2003-11-05,20.19380760192871,,20.223755914357213,,20.06759545778521,,20.223755914357213,,32800.0,
2003-11-06,20.343547821044922,,20.343547821044922,,20.168135588946537,,20.204501161343156,,163600.0,
2003-11-07,20.43552017211914,,20.531783939954906,,20.364927068784823,,20.364927068784823,,72000.0,
2003-11-10,20.392728805541992,,20.49754778549812,,20.35636327013705,,20.49754778549812,,42800.0,
2003-11-11,20.268674850463867,,20.407721495111307,,20.215195497296417,,20.407721495111307,,77800.0,
2003-11-12,20.57457160949707,,20.57457160949707,,20.26866972150489,,20.322149061139466,,318800.0,
2003-11-13,20.61949920654297,,20.634473360096507,,20.493288716886035,,20.57457674588235,,79600.0,
2003-11-14,20.72859001159668,,20.8141572716936,,20.67725030836242,,20.707198604587383,,517000.0,
2003-11-17,20.57884407043457,,20.64301991470305,,20.405571575792997,,20.429102609887472,,241400.0,
2003-11-18,20.60879898071289,,20.737150710467848,,20.555319637335007,,20.6644179548027,,59800.0,
2003-11-19,20.56815528869629,,20.70506227384508,,20.50397942538154,,20.664417451608408,,170200.0,
2003-11-20,20.30504035949707,,20.56815949441741,,20.230169591693826,,20.56815949441741,,222200.0,
2003-11-21,20.15100860595703,,20.461189664016818,,20.108225799632656,,20.450493146406004,,178600.0,
2003-11-24,20.390602111816406,,20.469752120313974,,20.305034843830366,,20.407715891825593,,231600.0,
2003-11-25,20.621623992919922,,20.643015392303223,,20.450489533735194,,20.461186049456426,,414400.0,
2003-11-26,20.698650360107422,,20.747850453571115,,20.600248541119615,,20.70720725289685,,41200.0,
2003-11-28,20.758543014526367,,20.837693033672615,,20.749986123370547,,20.749986123370547,,62400.0,
2003-12-01,21.02806854248047,,21.034485799526873,,20.792758237050524,,20.792758237050524,,205400.0,
2003-12-02,21.017383575439453,,21.060166400631548,,20.96390422791925,,21.017383575439453,,53800.0,
2003-12-03,20.966047286987305,,21.090118153155466,,20.966047286987305,,21.06016984421207,,53800.0,
2003-12-04,20.878332138061523,,21.028075255874565,,20.87619250767654,,21.028075255874565,,40200.0,
2003-12-05,20.880477905273438,,20.944653779206167,,20.856946860302124,,20.910426211225975,,285800.0,
2003-12-08,21.043041229248047,,21.043041229248047,,20.87832402685216,,20.910411941921673,,301200.0,
2003-12-09,21.02806854248047,,21.08154786061286,,20.970309964944292,,21.08154786061286,,118200.0,
2003-12-10,20.944652557373047,,21.068723403912745,,20.88903357867997,,21.068723403912745,,188800.0,
2003-12-11,21.14358901977539,,21.145728650143788,,20.953202718482466,,20.953202718482466,,108400.0,
2003-12-12,21.169878005981445,,21.211153825697945,,21.11556841473224,,21.180740587190165,,106600.0,
2003-12-15,21.072118759155273,,21.33280410146438,,21.059084989258913,,21.33280410146438,,392400.0,
2003-12-16,21.213314056396484,,21.22200378471564,,20.983040399429406,,21.104694938501364,,107000.0,
2003-12-17,21.22635841369629,,21.256771649293675,,21.137291554417384,,21.21332464341085,,167800.0,
2003-12-18,21.282840728759766,,21.350184084722294,,21.213324525296084,,21.256771530937,,69200.0,
2003-12-19,21.3480224609375,,21.3480224609375,,21.26764529250383,,21.311092320987008,,43400.0,
2003-12-22,21.43924903869629,,21.43924903869629,,21.256767999050844,,21.31107757577678,,117000.0,
2003-12-23,21.382770538330078,,21.474010246195892,,21.367563920352442,,21.474010246195892,,223400.0,
2003-12-24,21.489215850830078,,21.489215850830078,,21.387113567481936,,21.415355611963665,,46000.0,
2003-12-26,21.521799087524414,,21.56090204922442,,21.48486897297351,,21.50659247227423,,9000.0,
2003-12-29,21.628267288208008,,21.65868054949521,,21.521820873702815,,21.58264739627721,,95000.0,
2003-12-30,21.715147018432617,,21.76945661031267,,21.636941073533563,,21.693423513160038,,251400.0,
2003-12-31,21.56525421142578,,21.8302853119839,,21.528324082960438,,21.789011144980382,,99000.0,
2004-01-02,21.502260208129883,,21.613050612441736,,21.397985034038985,,21.582637365289738,,88000.0,
2004-01-05,21.51093864440918,,21.723832936440946,,21.430561523278378,,21.680385933526832,,1044000.0,
2004-01-06,21.550039291381836,,21.571764447898367,,21.474006215764216,,21.51745487140053,,83200.0,
2004-01-07,21.45446014404297,,21.589146861777664,,21.400150555950695,,21.563079320227516,,59200.0,
2004-01-08,21.49790382385254,,21.510937592610087,,21.42621478089233,,21.495730976594,,69200.0,
2004-01-09,21.5174560546875,,21.537006707751413,,21.391457432508396,,21.495730896976262,,146000.0,
2004-01-12,21.539173126220703,,21.60868930091645,,21.460967222513442,,21.50658705677662,,196000.0,
2004-01-13,21.560903549194336,,21.602179360914956,,21.391457922505072,,21.589143934510254,,283800.0,
2004-01-14,21.723844528198242,,21.723844528198242,,21.55222595753774,,21.59350179250861,,96800.0,
2004-01-15,21.697769165039062,,21.74121783621295,,21.60218540325118,,21.680391353966844,,52000.0,
2004-01-16,21.539173126220703,,21.76727229753659,,21.539173126220703,,21.73468788548885,,98200.0,
2004-01-20,21.550039291381836,,21.658658444377505,,21.474006215764216,,21.658658444377505,,68600.0,
2004-01-21,21.589143753051758,,21.589143753051758,,21.454457054711256,,21.58262686860262,,87200.0,
2004-01-22,21.68907928466797,,21.699941866737586,,21.558736586819197,,21.61521903026602,,106200.0,
2004-01-23,21.832460403442383,,21.871563383893704,,21.658669010903722,,21.658669010903722,,191000.0,
2004-01-26,22.11920738220215,,22.11920738220215,,21.825935959060917,,21.87589984837249,,215000.0,
2004-01-27,22.334272384643555,,22.364685618534647,,22.114862862628815,,22.180033367796753,,907800.0,
2004-01-28,22.25172233581543,,22.529787134626698,,22.229998834170225,,22.37554811832973,,399400.0,
2004-01-29,22.299518585205078,,22.325586128371963,,22.097486838675728,,22.321242090309884,,197200.0,
2004-01-30,22.442890167236328,,22.442890167236328,,22.258237927880707,,22.332099818061057,,178200.0,
2004-02-02,22.72313117980957,,22.742683493243206,,22.466789859371037,,22.516755409348477,,202400.0,
2004-02-03,22.686203002929688,,22.940371497578575,,22.677513269258284,,22.810028807302007,,272400.0,
2004-02-04,22.306039810180664,,22.701413646629895,,22.306039810180664,,22.701413646629895,,179800.0,
2004-02-05,22.334272384643555,,22.397271699817086,,22.223482028638983,,22.290825381198268,,145000.0,
2004-02-06,22.83175277709961,,22.836098472722302,,22.397276029077172,,22.484171710161114,,636800.0,
2004-02-09,22.805692672729492,,22.840449962063392,,22.7231410029406,,22.764416837835046,,98200.0,
2004-02-10,22.96209144592285,,22.96209144592285,,22.83174877583811,,22.83174877583811,,152800.0,
2004-02-11,23.114160537719727,,23.114160537719727,,22.886059609567738,,22.964265547368587,,335200.0,
2004-02-12,22.827409744262695,,23.048992166258504,,22.749203793582446,,23.048992166258504,,252800.0,
2004-02-13,22.69054412841797,,22.896921547478563,,22.592787537608277,,22.896921547478563,,691600.0,
2004-02-17,22.72313117980957,,22.846956973565643,,22.70140767619215,,22.842612935800993,,300400.0,
2004-02-18,22.733993530273438,,22.794820002745542,,22.701407446478505,,22.723130949876104,,124400.0,
2004-02-19,22.69054412841797,,22.762233178956816,,22.631890505411558,,22.701406708462162,,186000.0,
2004-02-20,22.69489288330078,,22.7383398945414,,22.560204496619274,,22.69489288330078,,112000.0,
2004-02-23,22.70358657836914,,22.799170351255487,,22.614518035168704,,22.74486074903011,,156400.0,
2004-02-24,22.749204635620117,,22.757894370172604,,22.625378818692667,,22.701411924280155,,321200.0,
2004-02-25,22.890398025512695,,22.899087755549125,,22.72312362275533,,22.788295769330297,,309200.0,
2004-02-26,22.833913803100586,,22.972946157894715,,22.8273969204378,,22.972946157894715,,142800.0,
2004-02-27,22.846960067749023,,22.90561535859658,,22.81437397921119,,22.84261602939606,,297200.0,
2004-03-01,23.244504928588867,,23.244504928588867,,22.940370887763407,,22.983819554965436,,340600.0,
2004-03-02,23.392229080200195,,23.40526285277542,,23.203231090872812,,23.244506913890792,,259800.0,
2004-03-03,23.50518798828125,,23.559497573889477,,23.353121811537026,,23.385707894381365,,351200.0,
2004-03-04,23.570362091064453,,23.570362091064453,,23.4834664154705,,23.520396538943853,,151600.0,
2004-03-05,23.711565017700195,,23.75501202251276,,23.526912761151305,,23.581222345865505,,233000.0,
2004-03-08,23.715906143188477,,23.77673260541609,,23.635529028414897,,23.77673260541609,,162200.0,
2004-03-09,23.678972244262695,,23.692006010544024,,23.58121568235967,,23.68331628055763,,84200.0,
2004-03-10,23.374853134155273,,23.737640889610432,,23.353129624123973,,23.700710756817468,,181200.0,
2004-03-11,23.103296279907227,,23.331397191497466,,23.103296279907227,,23.21191544592221,,305600.0,
2004-03-12,23.342252731323242,,23.35745934476307,,23.094601222505183,,23.094601222505183,,408600.0,
2004-03-15,23.192363739013672,,23.374843134086554,,23.148915080141414,,23.374843134086554,,206000.0,
2004-03-16,23.2553653717041,,23.316191842797537,,23.12067700185647,,23.2553653717041,,193400.0,
2004-03-17,23.59208106994629,,23.635529728107095,,23.3031537084151,,23.320533171679422,,599600.0,
2004-03-18,23.715906143188477,,23.744148184506148,,23.544287677676685,,23.602942950108165,,531200.0,
2004-03-19,23.811500549316406,,23.867982995947198,,23.681157844120087,,23.765880685367566,,313400.0,
2004-03-22,23.657257080078125,,23.724600439445354,,23.33139954910569,,23.33139954910569,,548600.0,
2004-03-23,23.68984031677246,,23.776734322001428,,23.6355307348059,,23.700701238727625,,97400.0,
2004-03-24,23.563858032226562,,23.809336916311473,,23.47261826901604,,23.776750813051127,,264400.0,
2004-03-25,23.776744842529297,,23.785434578376535,,23.548645491780466,,23.613816024538284,,428400.0,
2004-03-26,23.596765518188477,,23.838783290348854,,23.56376271321379,,23.838783290348854,,274400.0,
2004-03-29,23.651771545410156,,23.75957915035542,,23.58576593012549,,23.717777160694823,,121000.0,
2004-03-30,23.957595825195312,,23.959796460134623,,23.62977172012889,,23.62977172012889,,133800.0,
2004-03-31,24.08079719543457,,24.113799995109417,,23.873982896083614,,24.016993908946546,,426200.0,
2004-04-01,24.35801887512207,,24.35801887512207,,24.13580180980131,,24.13580180980131,,249800.0,
2004-04-02,24.074209213256836,,24.39983442845862,,24.021405714081105,,24.39983442845862,,641400.0,
2004-04-05,23.12813377380371,,23.98179714113995,,22.771706459706284,,23.937794515070305,,1630000.0,
2004-04-06,22.243671417236328,,22.94112343234501,,22.056657697663013,,22.9257223419941,,2048000.0,
2004-04-07,22.551687240600586,,22.866310846808272,,21.913639168318777,,22.11165431883277,,1019600.0,
2004-04-08,22.111661911010742,,22.507692348018267,,22.111661911010742,,22.4636880335769,,575400.0,
2004-04-12,21.033580780029297,,22.089660838031236,,20.604549200674562,,22.089660838031236,,2999800.0,
2004-04-13,20.857561111450195,,21.26239059274721,,20.35152258123655,,20.89936309747154,,2276400.0,
2004-04-14,20.677148818969727,,21.009372483775227,,19.682673423506163,,19.682673423506163,,800800.0,
2004-04-15,21.121583938598633,,21.143585252816138,,20.63754831144282,,20.63754831144282,,900200.0,
2004-04-16,21.341588973999023,,21.495599769384988,,21.033565704635322,,21.25138145199312,,935400.0,
2004-04-19,21.418603897094727,,21.482408877442275,,20.92576745409086,,21.299794796991627,,1568800.0,
2004-04-20,20.615543365478516,,21.438406203713622,,20.571540741212395,,21.418603847779107,,1184600.0,
2004-04-21,20.714553833007812,,20.835561900982412,,20.505537150627298,,20.61554540074567,,1111000.0,
2004-04-22,21.000566482543945,,21.249186109844416,,20.7145461455381,,20.716746779729736,,1881400.0,
2004-04-23,20.791563034057617,,20.94557394065048,,20.690355627069025,,20.94557394065048,,676400.0,
2004-04-26,20.954370498657227,,21.106182417247208,,20.74755613494962,,20.74755613494962,,679600.0,
2004-04-27,21.121583938598633,,21.163387610626767,,20.923568753455736,,20.923568753455736,,414400.0,
2004-04-28,20.857561111450195,,21.14358150273377,,20.84655961699636,,21.14358150273377,,355800.0,
2004-04-29,20.549543380737305,,21.231594259575033,,20.35372881149083,,20.879568161974223,,1394600.0,
2004-04-30,20.483530044555664,,20.79155339351131,,20.373521825542376,,20.582538448822948,,530200.0,
2004-05-03,20.791563034057617,,20.791563034057617,,20.351529953971742,,20.48353954227891,,1042800.0,
2004-05-04,20.824554443359375,,21.119375639793017,,20.74754903224552,,20.74754903224552,,1013200.0,
2004-05-05,20.727750778198242,,20.97856941173568,,20.723351187518812,,20.879562674820733,,516000.0,
2004-05-06,20.725543975830078,,20.811350236579184,,20.395519379536022,,20.68374200174199,,1339800.0,
2004-05-07,20.032499313354492,,20.56713937720175,,19.9994965087037,,20.457131147427358,,1480600.0,
2004-05-10,19.768476486206055,,19.91148750566685,,19.251438196086735,,19.77947797946927,,2589400.0,
2004-05-11,19.95549201965332,,20.18650997141711,,19.746477056508834,,19.746477056508834,,654200.0,
2004-05-12,19.911487579345703,,19.977493181984837,,19.62766617374496,,19.757476744644,,610800.0,
2004-05-13,19.93128776550293,,20.131503524310475,,19.801478876370957,,19.889485784873262,,1108000.0,
2004-05-14,20.197507858276367,,20.32951737345233,,19.867483231040428,,19.99949274621639,,981600.0,
2004-05-17,20.2943115234375,,20.446123371032208,,19.856479373463255,,20.12049837236619,,1704200.0,
2004-05-18,20.681543350219727,,20.681543350219727,,20.331718050339138,,20.483528237743894,,884200.0,
2004-05-19,20.197507858276367,,20.945562337137517,,20.16450505983436,,20.76514894139222,,1338200.0,
2004-05-20,20.670543670654297,,20.681545163986918,,20.309716846761475,,20.417526109926097,,699000.0,
2004-05-21,20.637544631958008,,20.897164122059216,,20.507734047611216,,20.74755286202475,,1346400.0,
2004-05-24,20.77395248413086,,20.87736048260275,,20.52313386930606,,20.637543361544342,,158000.0,
2004-05-25,21.253582000732422,,21.27558330304352,,20.857553523357343,,20.938958509767584,,955800.0,
2004-05-26,21.57041358947754,,21.572614224047662,,21.081976787636105,,21.25578998964406,,984200.0,
2004-05-27,21.636417388916016,,21.869635972765952,,21.56161259990597,,21.693622137248152,,380400.0,
2004-05-28,21.878442764282227,,21.913644533774605,,21.63642325517865,,21.77063346346598,,770800.0,
2004-06-01,21.627613067626953,,21.924634875701614,,21.451599273942442,,21.924634875701614,,1799400.0,
2004-06-02,21.935644149780273,,22.001649770528925,,21.67162502397099,,21.869640207624283,,1138000.0,
2004-06-03,21.869638442993164,,22.001647995246135,,21.770630019859038,,21.913641067546646,,511600.0,
2004-06-04,21.891637802124023,,22.08525168291488,,21.783830206571693,,21.935640422751643,,620400.0,
2004-06-07,22.089645385742188,,22.089645385742188,,21.80362341385695,,21.96863570257725,,474400.0,
2004-06-08,22.06764030456543,,22.16664698940906,,21.880625066496208,,22.089641603576066,,212600.0,
2004-06-09,21.94663429260254,,22.13364788318706,,21.88723060753378,,21.999437754729414,,1125800.0,
2004-06-10,21.847627639770508,,22.012639928050973,,21.739818402841173,,22.012639928050973,,295200.0,
2004-06-14,21.407604217529297,,21.67162332261141,,21.345998192990443,,21.67162332261141,,1446800.0,
2004-06-15,21.836633682250977,,21.88943716271101,,21.583614417216747,,21.583614417216747,,1163000.0,
2004-06-16,21.94663429260254,,21.997238799476648,,21.70901619514391,,21.920231722243205,,603000.0,
2004-06-17,22.133657455444336,,22.142458316036937,,21.838836179258625,,21.91364097640693,,884200.0,
2004-06-18,22.166662216186523,,22.22826656717033,,22.067655463332933,,22.1116580915806,,473000.0,
2004-06-21,22.430675506591797,,22.430675506591797,,22.221660558910227,,22.298665977603846,,874600.0,
2004-06-22,22.397672653198242,,22.46367657329768,,22.30966574780689,,22.30966574780689,,401800.0,
2004-06-23,22.507678985595703,,22.571482266119094,,22.38006906736499,,22.41967208755411,,379800.0,
2004-06-24,22.54949188232422,,22.68590272428417,,22.470285803585252,,22.573693832971838,,689600.0,
2004-06-25,22.59650230407715,,22.730209076255644,,22.50736388923353,,22.730209076255644,,646000.0,
2004-06-28,22.75248908996582,,22.863911663080415,,22.643295444362106,,22.707920740789397,,992400.0,
2004-06-29,22.284521102905273,,22.72798259680436,,22.262236921837175,,22.72798259680436,,816400.0,
2004-06-30,22.514053344726562,,22.60764793340887,,22.22435556544692,,22.251095904970903,,2753200.0,
2004-07-01,22.55862045288086,,22.83049017004602,,22.371429599887552,,22.64107208916721,,1089000.0,
2004-07-02,23.008769989013672,,23.037739256840283,,22.607647895091944,,22.607647895091944,,1592200.0,
2004-07-06,22.863920211791992,,23.03105413395447,,22.696786289629514,,23.03105413395447,,583400.0,
2004-07-07,23.153614044189453,,23.19149731593318,,22.953053046467122,,22.953053046467122,,1258200.0,
2004-07-08,22.81935691833496,,23.253904532480814,,22.792614872781925,,23.253904532480814,,1170400.0,
2004-07-09,22.808212280273438,,22.975346227173596,,22.62325030432873,,22.819355223469884,,501400.0,
2004-07-12,22.986482620239258,,22.986482620239258,,22.714611205391755,,22.88620126057026,,490200.0,
2004-07-13,22.754735946655273,,22.986495285364995,,22.752507017388147,,22.986495285364995,,664400.0,
2004-07-14,22.908493041992188,,22.944147398931737,,22.763643285272003,,22.763643285272003,,656200.0,
2004-07-15,23.153614044189453,,23.175898221675542,,22.953053046467122,,22.953053046467122,,1015600.0,
2004-07-16,23.109046936035156,,23.351949092078897,,23.109046936035156,,23.153616996864915,,468800.0,
2004-07-19,23.307382583618164,,23.329668467516708,,23.0867662744513,,23.175904709522772,,326800.0,
2004-07-20,23.309608459472656,,23.425488919942417,,23.26726902599341,,23.343035580768703,,1026000.0,
2004-07-21,23.042203903198242,,23.36532890172205,,23.042203903198242,,23.28733338830334,,1290600.0,
2004-07-22,22.62325096130371,,22.982031980415606,,22.458345938288918,,22.953062707507776,,1438600.0,
2004-07-23,22.398174285888672,,22.618790585003985,,22.398174285888672,,22.507367971284754,,461400.0,
2004-07-26,22.22880744934082,,22.398170267860667,,22.177552308148048,,22.378113316898677,,952200.0,
2004-07-27,22.260000228881836,,22.45164717952991,,22.161947826176277,,22.284513329558227,,644400.0,
2004-07-28,22.418231964111328,,22.507370404759104,,21.990369489211215,,22.233269997297704,,1041200.0,
2004-07-29,22.436052322387695,,22.641069475669298,,22.3736559453171,,22.551931065493978,,318200.0,
2004-07-30,22.574230194091797,,22.638853836724447,,22.48509173159279,,22.507375922173853,,589800.0,
2004-08-02,22.919631958007812,,22.93077489976833,,22.43605820866749,,22.574222865696527,,856000.0,
2004-08-03,23.017683029174805,,23.146933665104957,,22.875062224070536,,22.93077352919483,,735600.0,
2004-08-04,23.200416564941406,,23.20933057798312,,22.73021300307946,,22.73021300307946,,948200.0,
2004-08-05,22.852773666381836,,23.227153633140663,,22.852773666381836,,23.227153633140663,,1059600.0,
2004-08-06,22.81935691833496,,23.14025296409861,,22.707934278792482,,22.748046497034757,,2393800.0,
2004-08-09,22.763647079467773,,22.94192229422882,,22.707935756072196,,22.81935840286335,,365200.0,
2004-08-10,22.928546905517578,,23.011000257451702,,22.84386632527998,,22.95306001825004,,354400.0,
2004-08-11,22.89734649658203,,22.89734649658203,,22.79706682703161,,22.8951175683195,,356800.0,
2004-08-12,22.667823791503906,,23.026604854241793,,22.663365933484048,,22.886211229585857,,577400.0,
2004-08-13,22.674510955810547,,22.7302222849403,,22.587601418382114,,22.674510955810547,,455400.0,
2004-08-16,22.977581024169922,,22.977581024169922,,22.752506775479727,,22.76364972152201,,532800.0,
2004-08-17,23.2204647064209,,23.224922561663327,,23.095671962410865,,23.200409458350837,,781600.0,
2004-08-18,23.55474090576172,,23.55474090576172,,23.21156073642611,,23.287327301034843,,1812400.0,
2004-08-19,23.209333419799805,,23.58816966950059,,23.198190477089753,,23.58816966950059,,493000.0,
2004-08-20,23.822158813476562,,23.871185043073762,,23.231618529993405,,23.231618529993405,,1914000.0,
2004-08-23,23.844438552856445,,23.92020511161373,,23.670619553190583,,23.844438552856445,,504600.0,
2004-08-24,24.1007080078125,,24.134135126859455,,23.900146993704674,,23.900146993704674,,497400.0,
2004-08-25,23.97815704345703,,24.136377022914473,,23.96701579711985,,24.087350778541055,,1524800.0,
2004-08-26,24.067279815673828,,24.129676195019986,,23.97814140224768,,23.97814140224768,,195200.0,
2004-08-27,24.098487854003906,,24.176483360062086,,24.067289651580634,,24.12968605642718,,88200.0,
2004-08-30,24.250024795532227,,24.301279961166642,,24.100718856776027,,24.287908087424157,,317800.0,
2004-08-31,24.43499183654785,,24.43499183654785,,24.25894381417532,,24.281228008108865,,719800.0,
2004-09-01,24.352523803710938,,24.54639974470744,,24.274528321760847,,24.475089346899644,,569400.0,
2004-09-02,24.49068260192871,,24.510737849572145,,24.31240579984367,,24.31240579984367,,334000.0,
2004-09-03,24.624387741088867,,24.646671914847012,,24.434969713884417,,24.434969713884417,,1461800.0,
2004-09-07,24.880674362182617,,24.880674362182617,,24.622173036777863,,24.622173036777863,,430200.0,
2004-09-08,24.840551376342773,,24.925231928895286,,24.813809343875484,,24.880663574956852,,593200.0,
2004-09-09,24.43720817565918,,24.73581996090544,,24.42160737775089,,24.73581996090544,,1393200.0,
2004-09-10,24.457275390625,,24.46618940800021,,24.23665898615719,,24.303511566208815,,424800.0,
2004-09-13,24.254472732543945,,24.446119756207814,,24.200990356225265,,24.446119756207814,,417200.0,
2004-09-14,23.955862045288086,,24.232189652366362,,23.949176960466104,,24.223275639212332,,851000.0,
2004-09-15,24.087343215942383,,24.169796573789696,,23.913524186046146,,23.958094257926206,,549600.0,
2004-09-16,24.510738372802734,,24.512967300424116,,24.13413121312337,,24.17869956450924,,676800.0,
2004-09-17,24.390403747558594,,24.53525345148515,,24.336921381554887,,24.53525345148515,,913600.0,
2004-09-20,24.26116180419922,,24.381498437390274,,24.205450494398228,,24.3569853250639,,635800.0,
2004-09-21,24.27230453491211,,24.370356990232132,,24.167566994033788,,24.234421249965504,,614200.0,
2004-09-22,24.18984603881836,,24.27898275462122,,24.145275980743058,,24.272297670953392,,530000.0,
2004-09-23,24.060598373413086,,24.18539115099094,,24.051684360704083,,24.16756312557294,,1421400.0,
2004-09-24,24.134990692138672,,24.175565135982716,,23.974947530244435,,24.085399514133037,,459400.0,
2004-09-27,24.07412338256836,,24.16203436718671,,24.02227760508705,,24.07412338256836,,249600.0,
2004-09-28,24.19133758544922,,24.19133758544922,,23.992974645715357,,24.17555873478591,,215000.0,
2004-09-29,24.184589385986328,,24.240942702184515,,24.051594665479907,,24.051594665479907,,414200.0,
2004-09-30,24.335601806640625,,24.477611462332277,,24.245436208841564,,24.276993910106373,,1053600.0,
2004-10-01,24.883352279663086,,24.92167209439406,,24.389697034222944,,24.416747225673603,,1173800.0,
2004-10-04,24.863069534301758,,25.018603428360716,,24.739091621866745,,24.919422818178447,,1325600.0,
2004-10-05,24.9397029876709,,24.96449856400644,,24.739085484421732,,24.739085484421732,,483600.0,
2004-10-06,24.982540130615234,,25.016352447479,,24.840528743740595,,24.840528743740595,,780200.0,
2004-10-07,24.694002151489258,,24.982530601779917,,24.694002151489258,,24.96675175589731,,658600.0,
2004-10-08,24.9103946685791,,24.998305613551043,,24.71653932331662,,24.71653932331662,,1135600.0,
2004-10-11,24.795461654663086,,24.96001411143238,,24.779682793309885,,24.953250268195088,,167000.0,
2004-10-12,25.045656204223633,,25.045656204223633,,24.678233374607235,,24.72782282492476,,436400.0,
2004-10-13,24.930692672729492,,25.122293495721912,,24.87659400124398,,25.122293495721912,,178000.0,
2004-10-14,25.088478088378906,,25.124543289195902,,24.87433461689297,,24.941959233102303,,692200.0,
2004-10-15,25.3026180267334,,25.347699954465106,,25.124541488592122,,25.24401014486993,,512800.0,
2004-10-18,25.46040916442871,,25.555083974221446,,25.280079714819497,,25.336432990278404,,1087400.0,
2004-10-19,25.225990295410156,,25.685831678259756,,25.225990295410156,,25.482961188082747,,753200.0,
2004-10-20,25.088478088378906,,25.24626656651344,,24.739087104239736,,25.20118463555084,,1212400.0,
2004-10-21,25.404054641723633,,25.404054641723633,,24.987040767754664,,24.987040767754664,,1392800.0,
2004-10-22,25.156118392944336,,25.55059158102293,,25.1335774118646,,25.41534397477788,,378000.0,
2004-10-25,25.097496032714844,,25.14483430145459,,24.97351984819187,,25.140325075971933,,339600.0,
2004-10-26,25.381519317626953,,25.40406028776046,,25.111024236493336,,25.13356520662684,,616800.0,
2004-10-27,25.597911834716797,,25.6384862626947,,25.44914007864151,,25.467173539912913,,668800.0,
2004-10-28,25.65201759338379,,25.697099536242774,,25.51902293834778,,25.65201759338379,,477400.0,
2004-10-29,25.586645126342773,,25.789517289345582,,25.543816080885037,,25.683572842012687,,427400.0,
2004-11-01,25.832353591918945,,25.88870689457137,,25.58439940420153,,25.58439940420153,,235400.0,
2004-11-02,25.65201759338379,,25.940546155119414,,25.6407462477861,,25.888700373042283,,859400.0,
2004-11-03,25.89996910095215,,26.102841262845228,,25.861649281418373,,26.102841262845228,,825800.0,
2004-11-04,26.371078491210938,,26.37333310377979,,25.899965930485557,,25.899965930485557,,1103200.0,
2004-11-05,25.60693359375,,26.260632075197357,,25.591154741980432,,25.90447888409465,,2394400.0,
2004-11-08,25.753448486328125,,25.77373484126751,,25.546068832486117,,25.60467500437695,,819600.0,
2004-11-09,25.82784080505371,,25.83685753800699,,25.681321904153396,,25.753454048013648,,515400.0,
2004-11-10,25.983379364013672,,26.08030711088106,,25.75120403820176,,25.787270976462313,,1307800.0,
2004-11-11,26.188499450683594,,26.188499450683594,,25.96759381023508,,25.96759381023508,,305400.0,
2004-11-12,26.790340423583984,,26.824152724753073,,26.19299550214697,,26.260620104485152,,1407800.0,
2004-11-15,27.07662582397461,,27.096912180208996,,26.790350185496468,,26.835433843404605,,815400.0,
2004-11-16,26.82416343688965,,27.162283144077332,,26.82416343688965,,27.09465851473349,,1185600.0,
2004-11-17,26.271896362304688,,27.049570835931558,,26.19074751221566,,27.015758528433565,,1619600.0,
2004-11-18,26.30571746826172,,26.576214316637238,,25.967597697616885,,26.310226694939324,,2172200.0,
2004-11-19,25.945053100585938,,26.371083814526642,,25.933783474997774,,26.371083814526642,,896600.0,
2004-11-22,26.138917922973633,,26.168221023733654,,25.884201592398625,,25.967603386779633,,997200.0,
2004-11-23,26.41842269897461,,26.44096539167041,,26.080302945729546,,26.17046855721476,,670000.0,
2004-11-24,26.779075622558594,,26.815140822468678,,26.42292252970757,,26.564932156457612,,1466400.0,
2004-11-26,26.621301651000977,,26.880527204896662,,26.621301651000977,,26.880527204896662,,534800.0,
2004-11-29,26.553665161132812,,26.799364626611535,,26.46349957278844,,26.598747095422222,,1358000.0,
2004-11-30,26.673137664794922,,26.693424022208415,,26.470265491830975,,26.553668973984433,,1622400.0,
2004-12-01,27.22089195251465,,27.30429371576203,,26.67313793974851,,26.67313793974851,,2260200.0,
2004-12-02,26.97293472290039,,27.200600735516435,,26.812889894554583,,27.19383861708941,,2004600.0,
2004-12-03,27.441801071166992,,27.446310298003525,,27.015770282720638,,27.015770282720638,,1689000.0,
2004-12-06,27.568029403686523,,27.680735980611217,,27.333599517311253,,27.46659245259477,,2822600.0,
2004-12-07,27.1893310546875,,27.570278056662204,,27.139739893305254,,27.570278056662204,,913200.0,
2004-12-08,27.243425369262695,,27.500396146492957,,27.130718827678706,,27.15100517967646,,877600.0,
2004-12-09,27.432781219482422,,27.482372390451264,,27.051834143865857,,27.196098430448334,,799800.0,
2004-12-10,27.723556518554688,,27.725811131075282,,27.389946095655937,,27.455316100629513,,741000.0,
2004-12-13,27.658193588256836,,27.77315477949661,,27.613111644906205,,27.714546877328072,,660800.0,
2004-12-14,27.590557098388672,,27.646910359733518,,27.387685013594222,,27.579285758213683,,479400.0,
2004-12-15,27.737091064453125,,27.768648770453453,,27.432781911246277,,27.613113133904708,,891800.0,
2004-12-16,27.500404357910156,,27.82499984491876,,27.482370893128376,,27.68073556619624,,456000.0,
2004-12-17,27.712289810180664,,27.79118405904476,,27.256954339995357,,27.4440476442771,,1305600.0,
2004-12-20,27.692007064819336,,27.779918061869083,,27.543235269722064,,27.673973598817856,,706800.0,
2004-12-21,27.91741180419922,,27.951224112804898,,27.38769136859512,,27.770892946751587,,1393000.0,
2004-12-22,28.102249145507812,,28.124790110256313,,27.962494132207897,,27.962494132207897,,835000.0,
2004-12-23,27.697717666625977,,28.17604962029726,,27.697717666625977,,28.17604962029726,,1387000.0,
2004-12-27,27.763792037963867,,28.335513899265855,,27.333292815149576,,27.902736415465196,,526000.0,
2004-12-28,27.859453201293945,,27.925508855743583,,27.829842764942168,,27.875397549760848,,704600.0,
2004-12-29,27.993837356567383,,28.039392132575443,,27.78883738892449,,27.925503454751983,,721400.0,
2004-12-30,28.137332916259766,,28.189722466084504,,27.984722524296757,,27.99383382590989,,477600.0,
2004-12-31,28.062177658081055,,28.276288990574464,,28.016622868862964,,28.164678540527476,,1109000.0,
2005-01-03,27.71367073059082,,28.23072630641702,,27.588394226373705,,28.153281101039838,,2010000.0,
2005-01-04,27.333276748657227,,27.934608698103453,,27.278610681744734,,27.87994263119096,,1030800.0,
2005-01-05,26.31056022644043,,27.219391298699147,,26.148838528515917,,27.219391298699147,,6926200.0,
2005-01-06,26.53605079650879,,26.695494183426863,,26.365217851466888,,26.37660740959071,,2101200.0,
2005-01-07,26.53377914428711,,26.854945995082307,,26.444946129769928,,26.649946062426118,,1437800.0,
2005-01-10,26.51784324645996,,26.706898896660565,,26.433566724609346,,26.647676288854825,,785400.0,
2005-01-11,26.192123413085938,,26.656789529573757,,26.192123413085938,,26.517845172975765,,1196800.0,
2005-01-12,26.091888427734375,,26.205777069081442,,25.738832944437362,,26.205777069081442,,1535600.0,
2005-01-13,26.217164993286133,,26.631719579902093,,26.046332030595995,,26.046332030595995,,1979800.0,
2005-01-14,26.522401809692383,,26.54745746347016,,26.26273570490786,,26.26273570490786,,755800.0,
2005-01-18,26.81393051147461,,26.81393051147461,,26.33104225339168,,26.5109864381801,,1339000.0,
2005-01-19,26.85722541809082,,27.61800085491792,,26.74561327681973,,27.61800085491792,,2107800.0,
2005-01-20,26.688674926757812,,26.89822969715894,,26.574786237913266,,26.854953177104377,,1480600.0,
2005-01-21,26.752445220947266,,26.90050082474835,,26.595280053721115,,26.798001727087687,,1231400.0,
2005-01-24,26.49050521850586,,26.877725999650742,,26.467726094365304,,26.763837330160698,,2471000.0,
2005-01-25,25.948396682739258,,26.615784423445646,,25.946120160335855,,26.513285305584937,,2132400.0,
2005-01-26,25.989397048950195,,26.071397039532254,,25.802619678802916,,25.909675318607462,,1681600.0,
2005-01-27,25.716064453125,,26.034953106689123,,25.61356359779902,,25.989396591720904,,1985600.0,
2005-01-28,25.834516525268555,,25.90512871254855,,25.670516492339956,,25.7844052110066,,1776400.0,
2005-01-31,25.67049789428711,,26.03494292022626,,25.5497762180109,,25.875497786927212,,1791000.0,
2005-02-01,26.05545425415039,,26.057732514526187,,25.741122096626672,,25.82312209212042,,3409600.0,
2005-02-02,26.353830337524414,,26.353830337524414,,25.99166530008885,,26.012164420938692,,1453600.0,
2005-02-03,26.274118423461914,,26.458619268839882,,26.228563646071734,,26.353840152796412,,739000.0,
2005-02-04,26.64995002746582,,26.693228280188666,,26.42445093689526,,26.42445093689526,,3437400.0,
2005-02-07,26.59072494506836,,26.793446629191028,,26.57022581956978,,26.60894754849139,,1273200.0,
2005-02-08,26.652225494384766,,26.659058536139998,,26.5315037892341,,26.53833683098933,,644000.0,
2005-02-09,26.80940055847168,,26.820790124134206,,26.558845754129685,,26.558845754129685,,536600.0,
2005-02-10,26.905057907104492,,26.95744571800813,,26.709169271110337,,26.877724002848428,,2354400.0,
2005-02-11,27.014394760131836,,27.059951275170835,,26.736506100705686,,26.94606259427837,,2326400.0,
2005-02-14,27.066776275634766,,27.15105276226,,26.971110229183118,,27.103219739034177,,1390600.0,
2005-02-15,27.14878273010254,,27.162448814918665,,27.02578275334765,,27.10322621771003,,1111200.0,
2005-02-16,27.2877254486084,,27.31050283456487,,26.975669873814976,,27.151057657263266,,995800.0,
2005-02-17,27.27178192138672,,27.36061494573951,,27.24900279694491,,27.32189147687036,,1422400.0,
2005-02-18,26.991601943969727,,27.10549055976707,,26.877713328172387,,27.10549055976707,,1525400.0,
2005-02-22,26.26500701904297,,27.037172136108587,,26.262730496644604,,27.037172136108587,,3470400.0,
2005-02-23,26.28094482421875,,26.5975551391316,,26.21716745686982,,26.581610797294367,,1253600.0,
2005-02-24,26.19438362121582,,26.331049622983404,,26.012161126990712,,26.27866182891037,,1700800.0,
2005-02-25,26.706905364990234,,26.706905364990234,,26.205795682261268,,26.20807220548717,,1358000.0,
2005-02-28,26.52694320678711,,26.695497916212446,,26.194388569141307,,26.695497916212446,,1851400.0,
2005-03-01,26.75473976135254,,26.786628466154063,,26.526962305453605,,26.526962305453605,,1436200.0,
2005-03-02,26.64995002746582,,26.7296717526369,,26.492783099411923,,26.533783092043233,,816600.0,
2005-03-03,26.697786331176758,,26.788897630157006,,26.570231555286508,,26.693231548239314,,681000.0,
2005-03-04,27.25355339050293,,27.29682989436457,,26.775221423895683,,26.775221423895683,,2091800.0,
2005-03-07,27.515499114990234,,27.636220808485895,,27.17838793925259,,27.253554866909372,,1830600.0,
2005-03-08,27.242168426513672,,27.447168371872515,,27.176112792020092,,27.290001457463546,,1202000.0,
2005-03-09,26.444944381713867,,26.991610253393816,,26.399389616491746,,26.70688862624831,,3454000.0,
2005-03-10,26.64995002746582,,26.7251169702571,,26.37661790179261,,26.53606135213477,,2246600.0,
2005-03-11,26.26500701904297,,26.593006975956985,,26.26500701904297,,26.422173954698163,,1622400.0,
2005-03-14,26.679553985595703,,26.679553985595703,,26.264999377464235,,26.33105500166906,,1697000.0,
2005-03-15,26.620336532592773,,27.04172423524111,,26.517835693914158,,26.877724283597782,,3077000.0,
2005-03-16,26.290061950683594,,26.597561033000517,,26.251340217327357,,26.540616694134297,,2140600.0,
2005-03-17,26.57023048400879,,26.670451344823142,,26.30828616167815,,26.30828616167815,,1392800.0,
2005-03-18,26.392559051513672,,26.593002470219716,,26.31739211782276,,26.593002470219716,,1715000.0,
2005-03-21,26.19438362121582,,26.37432785636743,,26.08277325584925,,26.37432785636743,,2452400.0,
2005-03-22,25.738849639892578,,26.444959326700534,,25.670515715638565,,26.171627105292256,,4488800.0,
2005-03-23,25.6021785736084,,25.89828813318483,,25.328844667302985,,25.511067271506594,,4588200.0,
2005-03-24,25.671308517456055,,26.07915456723114,,25.62291836428119,,25.62291836428119,,2596000.0,
2005-03-28,25.65747833251953,,25.86025073056784,,25.576831018741043,,25.749647444543346,,2104800.0,
2005-03-29,25.62060546875,,25.83489785459001,,25.530741089976363,,25.530741089976363,,1795000.0,
2005-03-30,25.950115203857422,,25.950115203857422,,25.622914767359624,,25.622914767359624,,2178600.0,
2005-03-31,25.853328704833984,,26.2358297876775,,25.853328704833984,,26.05379633044247,,3368800.0,
2005-04-01,25.92245864868164,,26.390214732354504,,25.772684091560077,,26.06071140987876,,4385600.0,
2005-04-04,25.795719146728516,,25.887888215965788,,25.50769190409877,,25.853324595254463,,3131200.0,
2005-04-05,25.8072452545166,,25.920151460270972,,25.710468506727143,,25.8072452545166,,498800.0,
2005-04-06,26.0330753326416,,26.039987710567946,,25.823390492981705,,25.853344716655915,,3000800.0,
2005-04-07,26.12983512878418,,26.20357004196326,,25.936279882952224,,25.94549696684698,,1207000.0,
2005-04-08,25.703554153442383,,26.19665669665469,,25.62981924299883,,26.072228705660144,,845600.0,
2005-04-11,26.014638900756836,,26.127545165733146,,25.80725879101872,,25.80725879101872,,1183400.0,
2005-04-12,26.503128051757812,,26.503128051757812,,25.890206668261502,,25.899423755875397,,2986200.0,
2005-04-13,26.45012664794922,,26.611421253633637,,26.383304094743004,,26.556120497110314,,2363000.0,
2005-04-14,26.29113006591797,,26.498510061473127,,26.210482778196244,,26.348735522573342,,997000.0,
2005-04-15,26.16670036315918,,26.38560213897001,,25.984666921034815,,26.2565647290463,,1901600.0,
2005-04-18,26.268096923828125,,26.37178607691455,,25.717388716677466,,25.717388716677466,,1146200.0,
2005-04-19,26.498510360717773,,26.498510360717773,,26.337215783452848,,26.380994735579588,,930200.0,
2005-04-20,26.360260009765625,,26.496208057529316,,26.24504908468621,,26.337218176345583,,1362200.0,
2005-04-21,26.486989974975586,,26.486989974975586,,26.24504809620869,,26.47546993768905,,1321200.0,
2005-04-22,26.48238182067871,,26.62985165585375,,26.39712510803913,,26.429384024609977,,1757800.0,
2005-04-25,26.91327476501465,,26.91327476501465,,26.60220383822484,,26.659809304966757,,3072000.0,
2005-04-26,26.894834518432617,,27.05152142289559,,26.844141437874168,,26.95704763494958,,1812400.0,
2005-04-27,27.111440658569336,,27.134482496175146,,26.682855798779055,,26.821108582393446,,1845000.0,
2005-04-28,26.98009490966797,,27.120652385771628,,26.934011240575973,,27.120652385771628,,762600.0,
2005-04-29,27.307300567626953,,27.339559493823067,,26.897149856293797,,27.120657628372705,,1396800.0,
2005-05-02,27.27503776550293,,27.408681115904137,,27.063048306079473,,27.30499197614849,,1379200.0,
2005-05-03,27.408668518066406,,27.408668518066406,,27.116033647096124,,27.258895775699223,,1272000.0,
2005-05-04,27.489330291748047,,27.512372127569233,,27.1436974804921,,27.233561870780296,,1628400.0,
2005-05-05,27.655221939086914,,27.75891279741246,,27.53540338406438,,27.53540338406438,,2797800.0,
2005-05-06,27.473188400268555,,27.662134181278287,,27.298067362900472,,27.445537155006672,,2496800.0,
2005-05-09,27.929431915283203,,27.93864900013766,,27.39715801028753,,27.420199843434073,,1352400.0,
2005-05-10,27.88104248046875,,27.950169735264865,,27.719747896583304,,27.929430855634383,,2243400.0,
2005-05-11,27.964000701904297,,28.019301463251974,,27.67366862836487,,28.019301463251974,,2463800.0,
2005-05-12,27.719755172729492,,28.003173124233758,,27.622976639015754,,27.984738950385466,,1030800.0,
2005-05-13,27.443239212036133,,27.811913783209523,,27.397155549881592,,27.78887195213225,,2319800.0,
2005-05-16,27.77505111694336,,27.779658780616153,,27.45476487331656,,27.45476487331656,,1338000.0,
2005-05-17,27.940950393676758,,28.005468222019154,,27.673660238567997,,27.76582931819098,,993200.0,
2005-05-18,28.263545989990234,,28.330366781892224,,28.15755038812392,,28.169072184233514,,3209600.0,
2005-05-19,28.731300354003906,,28.733603306703973,,28.247413074158022,,28.247413074158022,,2440800.0,
2005-05-20,28.722091674804688,,28.772784776708036,,28.47554029934904,,28.731308762239813,,1903000.0,
2005-05-23,28.731300354003906,,28.871857819790886,,28.70134438911147,,28.749732765500223,,1935000.0,
2005-05-24,28.4110107421875,,28.62991076516823,,28.298102786101147,,28.57230531091236,,1964000.0,
2005-05-25,28.074594497680664,,28.371838864831094,,27.98703483648077,,28.364926491312552,,1929600.0,
2005-05-26,27.968597412109375,,28.34648902294388,,27.904079589475995,,28.109154850551594,,1171800.0,
2005-05-27,28.111465454101562,,28.11377016481558,,27.945561442276098,,27.97321269690674,,684600.0,
2005-05-31,28.330373764038086,,28.457106520560398,,28.1368201991455,,28.16677441524182,,1596000.0,
2005-06-01,28.722091674804688,,28.722091674804688,,28.330373369720412,,28.330373369720412,,1925600.0,
2005-06-02,28.641427993774414,,28.7335952995092,,28.574605466531622,,28.703641100943262,,941800.0,
2005-06-03,28.544652938842773,,28.94328344014705,,28.544652938842773,,28.795813623682537,,2314600.0,
2005-06-06,28.825767517089844,,28.84880934604458,,28.595345711584763,,28.595345711584763,,734400.0,
2005-06-07,29.033161163330078,,29.30966675693182,,28.871866526725675,,28.871866526725675,,2892600.0,
2005-06-08,29.185239791870117,,29.41566170050773,,29.079244166874727,,29.079244166874727,,2501200.0,
2005-06-09,29.217483520507812,,29.86266523228358,,29.005494138766284,,29.521638453399657,,984400.0,
2005-06-10,29.18984031677246,,29.309658906445655,,29.120713057897664,,29.26357523918194,,696900.0,
2005-06-13,29.355745315551758,,29.355745315551758,,29.079238028764607,,29.125323455552106,,809200.0,
2005-06-14,29.576940536499023,,29.595374701259576,,29.29121801462534,,29.37877766026989,,887600.0,
2005-06-15,29.498611450195312,,29.618428301943197,,29.42026709315933,,29.60921297333145,,1054600.0,
2005-06-16,29.623035430908203,,29.636860180735074,,29.401830643781384,,29.540083415988224,,2226000.0,
2005-06-17,29.973278045654297,,29.987102795657965,,29.540083793759123,,29.540083793759123,,2433300.0,
2005-06-20,29.918819427490234,,30.025873395046148,,29.858312824737553,,29.970018687921492,,979600.0,
2005-06-21,29.58369255065918,,29.946737401590756,,29.58369255065918,,29.890886259712918,,2148700.0,
2005-06-22,29.602304458618164,,29.835026983530355,,29.504561424282713,,29.606959903414303,,1685800.0,
2005-06-23,29.4859676361084,,29.700073885897513,,29.472004841210595,,29.602328995012588,,987000.0,
2005-06-24,29.239267349243164,,29.63955050570191,,29.239267349243164,,29.485952737302956,,1314700.0,
2005-06-27,29.364931106567383,,29.4394022507258,,29.267188062771737,,29.276497177733056,,854900.0,
2005-06-28,29.509218215942383,,29.518525554895554,,29.323039477302252,,29.346311375749256,,617800.0,
2005-06-29,29.59300994873047,,29.695406696719335,,29.499920543304718,,29.499920543304718,,412900.0,
2005-06-30,29.602304458618164,,29.72797483513458,,29.313729024875993,,29.6581591429801,,1957800.0,
2005-07-01,29.85831069946289,,29.904854509887823,,29.551116934273672,,29.64886000148557,,1497300.0,
2005-07-05,30.179468154907227,,30.33772138567165,,29.765223944092067,,29.85831334873414,,1238100.0,
2005-07-06,30.067764282226562,,30.277216788200292,,30.04914604495785,,30.20739928620905,,769800.0,
2005-07-07,30.18411636352539,,30.20273459509569,,29.76521680638733,,29.811762385313084,,888000.0,
2005-07-08,30.6030216217041,,30.74265660086032,,30.11895819197824,,30.16085010615112,,2174000.0,
2005-07-11,30.98469352722168,,31.06381837608913,,30.696116162388467,,30.71938984785105,,2528800.0,
2005-07-12,31.035884857177734,,31.14759070648532,,30.87297975379898,,31.04519219834298,,1915500.0,
2005-07-13,30.765932083129883,,30.952110904044027,,30.756624740063717,,30.952110904044027,,1501300.0,
2005-07-14,30.253934860229492,,30.92882890976258,,30.226009287468443,,30.765923816881976,,3594700.0,
2005-07-15,30.393569946289062,,30.472694770134556,,30.123610904982986,,30.25393497980255,,968800.0,
2005-07-18,30.519243240356445,,30.649567335096968,,30.300483416585465,,30.486662216671316,,556800.0,
2005-07-19,30.72403907775879,,30.78454567622507,,30.533204838567656,,30.589059541735452,,894000.0,
2005-07-20,31.021913528442383,,31.04518365048086,,30.57973859694403,,30.737991761699803,,1117300.0,
2005-07-21,30.51459312438965,,30.99865666874757,,30.44943106563626,,30.994001221389222,,3951200.0,
2005-07-22,30.807809829711914,,30.807809829711914,,30.56577640856503,,30.59835742090434,,1477500.0,
2005-07-25,30.882293701171875,,30.98469223121887,,30.770587827968647,,30.812476198770227,,962300.0,
2005-07-26,31.161558151245117,,31.22206830659045,,30.900909946882017,,30.961416551161893,,1612500.0,
2005-07-27,31.203447341918945,,31.287227621861945,,30.96141384383244,,31.18482910736882,,2317300.0,
2005-07-28,31.62700080871582,,31.720091981971965,,31.291883238189186,,31.34773439107771,,2161200.0,
2005-07-29,31.557178497314453,,31.696809893564808,,31.492016468851443,,31.696809893564808,,2476600.0,
2005-08-01,31.496686935424805,,31.69682858402432,,31.37101824959084,,31.55719710543839,,2551500.0,
2005-08-02,31.822494506835938,,31.822494506835938,,31.487373343016973,,31.580460976937523,,1966200.0,
2005-08-03,31.720090866088867,,31.864377740728564,,31.533912077191335,,31.761979229281668,,1856500.0,
2005-08-04,31.277912139892578,,31.673543351670922,,31.077770586675335,,31.673543351670922,,3108800.0,
2005-08-05,30.067764282226562,,30.96141836473062,,29.881585460605134,,30.81247601764661,,7452300.0,
2005-08-08,29.06704330444336,,29.928117699726865,,28.918101032654242,,29.928117699726865,,10335200.0,
2005-08-09,29.509218215942383,,29.64885138215646,,29.04377314487409,,29.090316941768105,,4722600.0,
2005-08-10,29.444061279296875,,29.835035301169363,,29.36028278046148,,29.51387876644757,,2521100.0,
2005-08-11,29.85831069946289,,29.85831069946289,,29.43010018631675,,29.434755632678776,,1836100.0,
2005-08-12,29.807113647460938,,29.923474957662894,,29.53715455553671,,29.765223504766926,,2041400.0,
2005-08-15,30.11429214477539,,30.226001509202028,,29.672120784877244,,29.76521014636755,,1087600.0,
2005-08-16,30.18878173828125,,30.30514306056847,,29.904859827815176,,29.904859827815176,,2729700.0,
2005-08-17,29.904863357543945,,30.137586029587087,,29.788502021522373,,30.021224693565514,,4067100.0,
2005-08-18,29.69539451599121,,29.825720340342116,,29.60230514874971,,29.81175755669209,,1588200.0,
2005-08-19,29.5650691986084,,29.718665138764255,,29.55576008473048,,29.672121344906582,,585100.0,
2005-08-22,29.7047176361084,,29.746607782341773,,29.53250337960802,,29.53250337960802,,642800.0,
2005-08-23,29.741958618164062,,29.923482020840908,,29.658178313000427,,29.853664508026842,,2573000.0,
2005-08-24,29.821075439453125,,30.13757833466285,,29.29977728432701,,29.29977728432701,,2654500.0,
2005-08-25,29.988632202148438,,30.081719814968228,,29.78383696819954,,29.86761546463087,,1037700.0,
2005-08-26,29.681459426879883,,30.058470916992352,,29.555788930175726,,30.016578975890642,,2234600.0,
2005-08-29,29.495258331298828,,29.62558417921573,,29.22530107056901,,29.327697795071614,,900400.0,
2005-08-30,29.662826538085938,,29.718679472760673,,29.323051707554402,,29.323051707554402,,1648200.0,
2005-08-31,30.202735900878906,,30.272553384519878,,29.634892242160603,,29.96070598213023,,3230900.0,
2005-09-01,30.44011116027832,,30.831083351456318,,30.15618935670479,,30.24462506468932,,3146800.0,
2005-09-02,30.347026824951172,,30.579749434194863,,30.253939201679778,,30.45408078767196,,699300.0,
2005-09-06,31.02657699584961,,31.02657699584961,,30.34702391703683,,30.34702391703683,,1107000.0,
2005-09-07,30.840404510498047,,31.045198014082047,,30.691462166498052,,30.998654197406847,,971700.0,
2005-09-08,30.67282485961914,,30.83572989223336,,30.4866461576043,,30.4866461576043,,972400.0,
2005-09-09,30.765932083129883,,30.863675165120036,,30.6821517912718,,30.742661949931644,,587200.0,
2005-09-12,30.738000869750977,,30.83108848761578,,30.696108955966317,,30.742656315963718,,1164900.0,
2005-09-13,30.537860870361328,,30.73800245505138,,30.486661612575606,,30.616985704733743,,1468800.0,
2005-09-14,30.519243240356445,,30.71938482901232,,30.416844722755965,,30.62164175795693,,1466200.0,
2005-09-15,30.649566650390625,,30.672840331530896,,30.468043300905062,,30.519242558561523,,1597000.0,
2005-09-16,30.46338653564453,,30.579747834178033,,30.34702523711103,,30.579747834178033,,2925000.0,
2005-09-19,30.239974975585938,,30.528548724646623,,30.212049400145236,,30.25393776330629,,875300.0,
2005-09-20,30.030519485473633,,30.384258793417683,,29.993286572320056,,30.230661041815896,,2265200.0,
2005-09-21,29.332365036010742,,29.974680091326707,,29.332365036010742,,29.974680091326707,,3974300.0,
2005-09-22,29.54178810119629,,29.616259213494462,,28.997216649896647,,29.323028432025424,,4896700.0,
2005-09-23,29.49100685119629,,29.674443446605117,,29.2934585062776,,29.56155842175921,,1972500.0,
2005-09-26,29.67915153503418,,29.716780481537658,,29.580378241832936,,29.716780481537658,,816600.0,
2005-09-27,29.538042068481445,,29.697961478233676,,29.31227380663947,,29.632112626143932,,2955400.0,
2005-09-28,29.378114700317383,,29.721470617662078,,29.26523149709932,,29.552145812834986,,2422600.0,
2005-09-29,29.848468780517578,,29.853173294468426,,29.185274058910462,,29.326378975247778,,2386300.0,
2005-09-30,30.22946548461914,,30.22946548461914,,29.86259397237231,,29.86259397237231,,2516800.0,
2005-10-03,30.281187057495117,,30.347035890777793,,29.93783293944863,,30.078937838518097,,2668200.0,
2005-10-04,29.763826370239258,,30.243586652288474,,29.74971640697226,,30.14951424968312,,1155100.0,
2005-10-05,29.208791732788086,,29.754398734167417,,29.199386293222336,,29.585073908288084,,2995700.0,
2005-10-06,28.99713897705078,,29.307570555746,,28.827812335172187,,29.16176110429574,,4826300.0,
2005-10-07,28.884248733520508,,29.16175583663902,,28.663183236083945,,29.091202483851863,,3241600.0,
2005-10-10,28.592639923095703,,28.884257063169755,,28.45623769196951,,28.809000969142684,,2638800.0,
2005-10-11,28.390411376953125,,28.691435992085452,,28.216381857751294,,28.432743075596623,,2469100.0,
2005-10-12,27.844789505004883,,28.24929179657252,,27.637833842762472,,28.131704004570175,,5269300.0,
2005-10-13,27.985872268676758,,28.094052736086507,,27.515521474245215,,27.774214052333384,,3221100.0,
2005-10-14,28.498573303222656,,28.776080524795432,,28.04233216074359,,28.221066081649884,,4508700.0,
2005-10-17,28.73844337463379,,28.73844337463379,,28.390384663727307,,28.531489595020382,,1491300.0,
2005-10-18,28.343338012695312,,28.667881208365696,,28.263379239078247,,28.597327871677557,,1841000.0,
2005-10-19,28.691404342651367,,28.69610706209165,,27.96236082066276,,28.103465729072447,,3737600.0,
2005-10-20,28.26809310913086,,28.74314860251291,,27.746005029812462,,28.253983153925297,,1822900.0,
2005-10-21,28.470355987548828,,29.18528998732565,,28.348065471779854,,29.18528998732565,,1538200.0,
2005-10-24,28.917173385620117,,29.171163304601333,,28.503264087381798,,28.73843953956893,,3506600.0,
2005-10-25,28.940692901611328,,29.284048874133905,,28.856029588469166,,29.00183902649099,,4917500.0,
2005-10-26,28.672592163085938,,29.02065263955143,,28.66318492920888,,28.74784823985599,,4456100.0,
2005-10-27,28.380979537963867,,28.72433555418097,,28.371572302612435,,28.644376745063845,,1986000.0,
2005-10-28,29.185285568237305,,29.222914517697763,,28.225768887960363,,28.573829493481355,,2180200.0,
2005-10-31,29.302873611450195,,29.603898032893806,,29.260541940044245,,29.396944191713093,,2885100.0,
2005-11-01,28.809003829956055,,29.091213762020093,,28.52208938228432,,28.87955721009556,,4538200.0,
2005-11-02,29.081817626953125,,29.081817626953125,,28.649093559148064,,28.809013050299217,,2152500.0,
2005-11-03,28.874845504760742,,29.396935363903108,,28.714926104611248,,29.161759880991884,,2719500.0,
2005-11-04,28.846622467041016,,28.959505681819437,,28.50326472028691,,28.903064074430226,,3364100.0,
2005-11-07,29.01125717163086,,29.13354767313657,,28.771377096094906,,28.856040441078523,,1643400.0,
2005-11-08,28.841915130615234,,28.94068838244189,,28.5691125597255,,28.5691125597255,,3771400.0,
2005-11-09,29.091203689575195,,29.420449692484155,,28.832511042377572,,28.88895265039882,,5259300.0,
2005-11-10,29.839075088500977,,29.84377960458684,,29.020665125783992,,29.020665125783992,,2730500.0,
2005-11-11,30.111865997314453,,30.13538498002204,,29.79673172459324,,29.843767895761943,,1884900.0,
2005-11-14,29.890796661376953,,30.478737028011484,,29.890796661376953,,30.102454906286003,,2119400.0,
2005-11-15,29.8861083984375,,30.21535272283645,,29.839072213346938,,29.93784730491362,,1998600.0,
2005-11-16,29.773229598999023,,29.942556312379164,,29.688566242308955,,29.89081739504108,,1652000.0,
2005-11-17,30.234163284301758,,30.271792227504687,,29.79203396714794,,29.796736687924923,,2287900.0,
2005-11-18,30.474042892456055,,30.657479502430384,,30.14949954165832,,30.17301852796005,,1870000.0,
2005-11-21,30.586933135986328,,30.619857571251877,,30.252984267294508,,30.384682008356712,,1701700.0,
2005-11-22,30.986732482910156,,31.00554695953725,,30.45523697504917,,30.45523697504917,,2837100.0,
2005-11-23,31.1419677734375,,31.207816686608005,,30.906792058258095,,31.043194403681746,,1816700.0,
2005-11-25,31.250125885009766,,31.315974746984093,,31.06668925686787,,31.09020465700508,,359200.0,
2005-11-28,30.911460876464844,,31.23129962325421,,30.883240971554525,,31.160746272485934,,2294800.0,
2005-11-29,30.9679012298584,,31.066678075763285,,30.91146141904709,,31.043159095596874,,1661800.0,
2005-11-30,30.690401077270508,,31.066683292159208,,30.68569656274878,,31.019645323928255,,2045100.0,
2005-12-01,31.113710403442383,,31.137225793571293,,30.8456105542251,,30.902050361328328,,3474000.0,
2005-12-02,31.090200424194336,,31.127829365483443,,30.887949350382076,,31.010241615325,,856900.0,
2005-12-05,30.80799102783203,,31.04316653186128,,30.72332770284176,,31.04316653186128,,2488600.0,
2005-12-06,30.78447151184082,,30.94909723262073,,30.718622658926197,,30.9255782472255,,1828500.0,
2005-12-07,30.544601440429688,,31.019653465507176,,30.44582814050781,,31.019653465507176,,1123800.0,
2005-12-08,30.80799102783203,,30.996132148754114,,30.6010354359684,,30.78447204203174,,1298400.0,
2005-12-09,30.878538131713867,,30.96320143952658,,30.704507002184215,,30.760950403556915,,533800.0,
2005-12-12,30.855024337768555,,31.019646467164616,,30.723326634251706,,31.019646467164616,,945700.0,
2005-12-13,31.066686630249023,,31.085497513370836,,30.80328761612767,,30.80799213115489,,1095400.0,
2005-12-14,31.207796096801758,,31.259535007085447,,30.878551748173084,,30.949105133877588,,1308600.0,
2005-12-15,30.92559051513672,,31.34420278407952,,30.892666075618568,,31.16076610840772,,1917600.0,
2005-12-16,31.061975479125977,,31.09960441431761,,30.98201668321333,,31.03845649750801,,1388700.0,
2005-12-19,30.680994033813477,,31.09019706349628,,30.61984611370513,,31.09019706349628,,2229900.0,
2005-12-20,30.596338272094727,,30.723331480950026,,30.44582607454696,,30.596338272094727,,1479400.0,
2005-12-21,30.7985782623291,,30.86442710071816,,30.619842625136613,,30.69039597726562,,1021100.0,
2005-12-22,31.041173934936523,,31.041173934936523,,30.574104702372747,,30.578871753862753,,2346300.0,
2005-12-23,31.122207641601562,,31.207996410536104,,31.026884767121032,,31.05071639479013,,1745500.0,
2005-12-27,31.04593276977539,,31.289001424706466,,31.031635255284254,,31.169850622355103,,648700.0,
2005-12-28,30.97921371459961,,31.14602413813163,,30.845765375773997,,31.074532917705188,,1932500.0,
2005-12-29,30.807636260986328,,31.12219617659859,,30.745679142545058,,31.074532938818898,,1931700.0,
2005-12-30,30.5741024017334,,30.793339483243006,,30.502611179542424,,30.788572432111714,,2427800.0,
2006-01-03,31.40814971923828,,31.40814971923828,,30.483538403236302,,30.693244962212496,,2090100.0,
2006-01-04,31.551137924194336,,31.551137924194332,,31.23658162785662,,31.36049950759922,,1084400.0,
2006-01-05,31.775146484375,,31.932426472523534,,31.45582309233662,,31.45582309233662,,2658500.0,
2006-01-06,32.051578521728516,,32.11830270656585,,31.746552637844868,,31.789445198299433,,2354800.0,
2006-01-09,32.36138153076172,,32.385209526366005,,32.09448107213967,,32.123079757539905,,2248000.0,
2006-01-10,32.57583999633789,,32.74741750245644,,32.175494906191396,,32.175494906191396,,2563500.0,
2006-01-11,32.61397171020508,,32.77125170924549,,32.47098923176916,,32.67116542881854,,1472000.0,
2006-01-12,32.52817153930664,,32.6139602690339,,32.39472321221851,,32.6139602690339,,1454300.0,
2006-01-13,32.00392150878906,,32.28988284363377,,31.93243026602897,,32.23268912218657,,2546800.0,
2006-01-17,31.9943790435791,,31.9943790435791,,31.717951885971132,,31.789439473855698,,740400.0,
2006-01-18,31.937183380126953,,32.080162167050986,,31.63215760458948,,31.646455119662477,,1366100.0,
2006-01-19,32.31370162963867,,32.34706371151039,,31.78467173410554,,31.81326676536867,,1605900.0,
2006-01-20,31.894287109375,,32.30893322630076,,31.875222543933052,,32.26603704500786,,1286900.0,
2006-01-23,32.07541275024414,,32.156434461810974,,31.956261891047387,,32.051581123926525,,457400.0,
2006-01-24,32.385189056396484,,32.437615704263266,,32.10399488710574,,32.21837864781772,,1810900.0,
2006-01-25,32.26604080200195,,32.56630319743204,,32.208850735211065,,32.40902324136814,,2116200.0,
2006-01-26,32.36138153076172,,32.53295909837715,,32.285123217956425,,32.399510687164366,,1484000.0,
2006-01-27,32.84750747680664,,32.95236081305076,,32.55201567778659,,32.5949082410525,,1995600.0,
2006-01-30,32.728363037109375,,32.942836804081395,,32.604448739246045,,32.88564307231626,,947600.0,
2006-01-31,32.804603576660156,,32.94758237433033,,32.53770327585935,,32.64732362664806,,2250000.0,
2006-02-01,32.976192474365234,,33.07627875828863,,32.71882618590697,,32.88563665911262,,1965800.0,
2006-02-02,32.82844924926758,,32.980962230687545,,32.71883247560126,,32.95713423633223,,2095100.0,
2006-02-03,32.40902328491211,,32.61872989327907,,32.146890024453405,,32.45668288603338,,3343900.0,
2006-02-06,32.490055084228516,,32.58537795233848,,32.31371414156742,,32.31371414156742,,930400.0,
2006-02-07,32.23745346069336,,32.671164297047994,,32.23745346069336,,32.45669058682377,,1545100.0,
2006-02-08,32.16596221923828,,32.270815548284276,,31.889535012711537,,32.270815548284276,,1174500.0,
2006-02-09,32.28988265991211,,32.451926082130385,,32.08017598532786,,32.242223043741774,,909100.0,
2006-02-10,32.27557373046875,,32.47574622934803,,32.04680256303932,,32.28987124664665,,1071000.0,
2006-02-13,32.31370162963867,,32.38995625840508,,32.23744336467805,,32.28033954776695,,607700.0,
2006-02-14,32.55200958251953,,32.55200958251953,,31.999147962643363,,32.33753589776278,,1469600.0,
2006-02-15,32.80937194824219,,32.81890605124393,,32.44715603046364,,32.590134849735726,,1896200.0,
2006-02-16,33.09056854248047,,33.100099008922925,,32.837969365515654,,32.88562897011745,,1262100.0,
2006-02-17,33.32887268066406,,33.347937251161746,,32.96665311359818,,33.13823061188228,,2154700.0,
2006-02-21,33.367000579833984,,33.54334148703333,,33.2478497458042,,33.33840190705431,,1711800.0,
2006-02-22,33.810245513916016,,33.8150089297362,,33.22878879866823,,33.36223716553914,,3120400.0,
2006-02-23,33.71968078613281,,33.88649120059213,,33.52903875409602,,33.81023656949401,,1121800.0,
2006-02-24,33.52427291870117,,33.676789458815264,,33.46231580142567,,33.62436280719966,,1492200.0,
2006-02-27,33.5433349609375,,33.68631738843293,,33.39558911906795,,33.62436027582181,,865800.0,
2006-02-28,33.38606643676758,,33.62436811401447,,33.2764460653082,,33.62436811401447,,1664400.0,
2006-03-01,33.548099517822266,,33.681547834261686,,33.27166878451552,,33.63388824070388,,1278500.0,
2006-03-02,33.46708679199219,,33.52427686507275,,33.31457387011921,,33.48138431026233,,1905000.0,
2006-03-03,33.32887268066406,,33.43372600030379,,33.20495479052665,,33.36223476998625,,3257600.0,
2006-03-06,33.93891906738281,,34.02947485399141,,33.36222953603188,,33.4337207551337,,3646600.0,
2006-03-07,33.44804000854492,,33.86744985767202,,33.44804000854492,,33.838854805926054,,3091400.0,
2006-03-08,33.509986877441406,,33.60054269509592,,33.19543049622397,,33.36224097385411,,3568400.0,
2006-03-09,33.84838104248047,,34.03902318139198,,33.576717176295375,,33.610079277890165,,2889900.0,
2006-03-10,34.220130920410156,,34.26779054061655,,33.76735543795951,,33.95799755498105,,1402800.0,
2006-03-13,34.0914421081543,,34.42983010058004,,33.90556706493728,,34.29638172454685,,1564300.0,
2006-03-14,34.35832214355469,,34.37262329362492,,34.00086975186797,,34.086658471320526,,1368200.0,
2006-03-15,34.95884704589844,,35.030338259380905,,34.43458420735062,,34.4774767537236,,2513700.0,
2006-03-16,35.335384368896484,,35.56415565639635,,35.035125462986905,,35.07801803403273,,3079600.0,
2006-03-17,35.735713958740234,,35.754774889248715,,35.22098156634808,,35.67375320790763,,2384000.0,
2006-03-20,35.173336029052734,,35.735728244934144,,35.03035353971844,,35.735728244934144,,2123100.0,
2006-03-21,34.65858459472656,,35.16854986311051,,34.587093388913274,,35.101825707336445,,2864400.0,
2006-03-22,34.758670806884766,,34.8682911405565,,34.54420082577135,,34.63952000933425,,1903300.0,
2006-03-23,34.96361541748047,,34.977912933478336,,34.73008083839532,,34.744378354393184,,1318100.0,
2006-03-24,34.86293411254883,,35.00679913408992,,34.7574372432101,,35.00679913408992,,1738700.0,
2006-03-27,34.51763916015625,,34.81015814633208,,34.45529598948803,,34.76700086691879,,1659400.0,
2006-03-28,34.906063079833984,,35.10267452646708,,34.40733609667854,,34.484065013457595,,2374100.0,
2006-03-29,35.678131103515625,,35.678131103515625,,35.174607638846396,,35.174607638846396,,3270000.0,
2006-03-30,35.126670837402344,,35.65896607384105,,34.93964858229015,,35.58703359295836,,2476800.0,
2006-03-31,35.24656295776367,,35.3424705091593,,34.83895037637439,,35.12667668919985,,3175000.0,
2006-04-03,34.47928237915039,,35.31368956149843,,34.47928237915039,,35.07871356217235,,3070200.0,
2006-04-04,34.364192962646484,,35.33287215436883,,34.17716706571277,,34.4792827265277,,2234100.0,
2006-04-05,34.69506072998047,,34.73342518672534,,34.508038576644175,,34.51763152014838,,2038800.0,
2006-04-06,34.4936637878418,,34.68548247392204,,34.37377756637128,,34.45529931889832,,2294500.0,
2006-04-07,33.980560302734375,,34.50326261673973,,33.92781005800967,,34.488876851567206,,3203000.0,
2006-04-10,33.57294464111328,,33.95178560946262,,33.5297836909784,,33.89903536965209,,2632700.0,
2006-04-11,33.4962272644043,,33.79354656802262,,33.44827348217916,,33.68804605194389,,1465200.0,
2006-04-12,33.45783996582031,,33.66404438158697,,33.352343180301396,,33.44825067936826,,1293500.0,
2006-04-13,33.079017639160156,,33.376333214972995,,32.96872067292628,,33.19410742145421,,2149500.0,
2006-04-17,32.93035888671875,,33.16054212877687,,32.887201586817014,,33.09340611205961,,2227000.0,
2006-04-18,33.72160720825195,,33.89904019090784,,32.9927003541878,,32.9927003541878,,4583700.0,
2006-04-19,34.1915397644043,,34.239493504347465,,33.68801634841143,,33.80790252758727,,2575100.0,
2006-04-20,34.225128173828125,,34.30185347179978,,33.87026223746539,,34.263488993494946,,3591600.0,
2006-04-21,34.22991943359375,,34.431331106219254,,34.14360119065078,,34.37378439137799,,2164600.0,
2006-04-24,34.05729293823242,,34.229929474760375,,33.908635121248494,,34.20115793821869,,1067100.0,
2006-04-25,33.8175163269043,,34.071678284256684,,33.73119806897897,,34.071678284256684,,2722300.0,
2006-04-26,33.66404724121094,,34.00932012099967,,33.620889960555786,,33.807912160668536,,3325000.0,
2006-04-27,33.99972915649414,,34.14838688293318,,33.419480351609984,,33.616091829290326,,3741400.0,
2006-04-28,34.09564208984375,,34.321028781078574,,33.88943763388819,,33.90382339568833,,1439400.0,
2006-05-01,33.568145751953125,,34.2682809243145,,33.568145751953125,,34.14359821567445,,2374900.0,
2006-05-02,33.29961395263672,,33.75997682394852,,33.150952479128925,,33.75997682394852,,1589300.0,
2006-05-03,33.33317184448242,,33.44826161270973,,33.10778512350219,,33.232467839953806,,2250600.0,
2006-05-04,33.7311897277832,,33.94698714855245,,33.4962137287851,,33.56814620237485,,1630500.0,
2006-05-05,34.335411071777344,,34.40254705914911,,33.8798449205208,,33.97575242858421,,1697300.0,
2006-05-08,34.44572448730469,,34.508064031522906,,34.24431642877937,,34.28267725518515,,1669100.0,
2006-05-09,34.455291748046875,,34.57517794317483,,34.24429453249438,,34.55120289933104,,1431300.0,
2006-05-10,34.48406982421875,,34.63752402054862,,34.25388670040563,,34.35938714637678,,2099000.0,
2006-05-11,33.7311897277832,,34.546418330737716,,33.69282891268791,,34.469689383271955,,2559900.0,
2006-05-12,33.22286605834961,,33.568138929867274,,33.00227587013261,,33.47223142495094,,4308400.0,
2006-05-15,33.66404724121094,,33.721593940721355,,32.92555138666346,,32.9926873734405,,5342200.0,
2006-05-16,33.5969123840332,,33.86066352569438,,33.53457286811193,,33.54895862881399,,1556300.0,
2006-05-17,32.89678192138672,,33.31878380715293,,32.82484944916407,,33.13655438970388,,3660400.0,
2006-05-18,32.805667877197266,,33.30439134617853,,32.69537094203743,,33.083801134496035,,2470700.0,
2006-05-19,32.738521575927734,,33.07420512792825,,32.36927369322725,,32.65699983877309,,5745200.0,
2006-05-22,32.52272415161133,,32.613838823062146,,32.201430053576175,,32.51313486660199,,3267800.0,
2006-05-23,32.30213928222656,,32.90636677824242,,32.25418553208106,,32.752912582594846,,1776300.0,
2006-05-24,32.35490417480469,,32.609062458585065,,31.92810938531721,,32.36928994050724,,2793700.0,
2006-05-25,32.96872329711914,,33.10779180533633,,32.44122445609293,,32.44122445609293,,2262200.0,
2006-05-26,33.28041076660156,,33.38111473833352,,33.01186318334642,,33.01186318334642,,1471700.0,
2006-05-30,33.01665496826172,,33.280406041519974,,32.97829051058123,,33.184494897318764,,3212700.0,
2006-05-31,32.96872329711914,,33.25644960507539,,32.59947520599235,,33.1845171134267,,2507300.0,
2006-06-01,33.659271240234375,,33.66406405694334,,32.96392866037055,,32.96392866037055,,1678300.0,
2006-06-02,34.02370071411133,,34.13399762342985,,33.69281730342842,,33.961361209753406,,2560100.0,
2006-06-05,34.0716667175293,,34.69507289434268,,33.85586931665612,,33.85586931665612,,5477100.0,
2006-06-06,33.7311897277832,,34.15798809544569,,33.66405372806946,,34.14359867381767,,2068400.0,
2006-06-07,33.86546325683594,,34.15318947446893,,33.60171208980057,,33.8079165498544,,2995900.0,
2006-06-08,33.71200942993164,,33.91821389243055,,33.261236033157886,,33.58732672597855,,4807400.0,
2006-06-09,34.02370071411133,,34.119611865396195,,33.78392832385364,,34.02370071411133,,2077300.0,
2006-06-12,33.52497100830078,,33.99971922661824,,33.467424328436145,,33.99971922661824,,2967300.0,
2006-06-13,33.088592529296875,,33.75995600799544,,33.088592529296875,,33.592116052979954,,3930100.0,
2006-06-14,33.03583908081055,,33.25642923709733,,32.87279561432581,,33.064610596393436,,3003300.0,
2006-06-15,33.61130905151367,,33.68324153700289,,33.18451427188603,,33.28042547208438,,1779100.0,
2006-06-16,33.702415466308594,,33.73598346344088,,33.443460777586395,,33.64487241901741,,1522800.0,
2006-06-19,33.400306701660156,,33.85587294346621,,33.395510227712556,,33.78873694275032,,841700.0,
2006-06-20,33.19409942626953,,33.50580435109982,,33.15573495519931,,33.49621140401359,,1486800.0,
2006-06-21,33.61610412597656,,33.64008283968692,,33.15574136011447,,33.20849160336682,,1105700.0,
2006-06-22,33.376041412353516,,33.63739717161436,,33.317961123886406,,33.47284189313204,,1371400.0,
2006-06-23,33.250205993652344,,33.351847431881154,,33.14373099287753,,33.322805438432425,,1298500.0,
2006-06-26,33.58414840698242,,33.608349443526706,,33.25019330398202,,33.25019330398202,,1003100.0,
2006-06-27,33.51639938354492,,33.73419400359779,,33.46800098937326,,33.54543768153576,,1723500.0,
2006-06-28,33.63256072998047,,33.710001124977495,,33.41960702886119,,33.41960702886119,,636700.0,
2006-06-29,34.319801330566406,,34.36335874528045,,33.768048229615545,,33.86968958239773,,2055000.0,
2006-06-30,34.4843864440918,,34.81350073610277,,34.31983114436694,,34.474708241044965,,2727400.0,
2006-07-03,35.10872268676758,,35.13776097764111,,34.65376976942963,,34.65376976942963,,1059600.0,
2006-07-05,35.07968521118164,,35.22003941537225,,34.66828972059273,,35.089363410844456,,1761000.0,
2006-07-06,35.18618392944336,,35.23942329492692,,34.98290836626747,,35.08938709723459,,2228700.0,
2006-07-07,35.04098129272461,,35.40397487581382,,34.97322278595289,,35.04098129272461,,1618900.0,
2006-07-10,35.40398025512695,,35.40398025512695,,34.992588203630895,,34.992588203630895,,1404600.0,
2006-07-11,35.39427185058594,,35.49107229716198,,35.18131825323759,,35.40395374152328,,1438800.0,
2006-07-12,35.549156188964844,,35.57335722872957,,35.35072169462298,,35.52011789529536,,1333800.0,
2006-07-13,34.99741744995117,,35.573368405759304,,34.99258019452657,,35.573368405759304,,2293900.0,
2006-07-14,34.527950286865234,,35.21038004364604,,34.50859387718921,,35.21038004364604,,2305800.0,
2006-07-17,34.50374984741211,,34.66830516289758,,34.38759293691874,,34.5085907956798,,1155500.0,
2006-07-18,34.91513442993164,,34.91513442993164,,34.460181395777994,,34.677979710931915,,4584900.0,
2006-07-19,35.74761199951172,,35.74761199951172,,34.96354445084666,,35.04098486222388,,5287200.0,
2006-07-20,35.30717468261719,,35.81536718044549,,35.27329542893275,,35.81536718044549,,2533200.0,
2006-07-21,34.64894485473633,,35.27329424530906,,34.58118634964114,,35.27329424530906,,4800200.0,
2006-07-24,35.253929138183594,,35.25877008573477,,34.629583528841465,,34.82801806770685,,1310400.0,
2006-07-25,35.49591827392578,,35.51527836799913,,35.1329248183113,,35.23456623533649,,2247400.0,
2006-07-26,35.64594650268555,,35.6604656453849,,35.39426905403271,,35.47655035026105,,1779700.0,
2006-07-27,35.379756927490234,,35.936347560884606,,35.37491598144405,,35.71855299208502,,1293700.0,
2006-07-28,35.90731430053711,,35.946030796651264,,35.58787828281243,,35.66047771343717,,1776700.0,
2006-07-31,35.74275207519531,,35.91214826944968,,35.58787502722559,,35.7185547289076,,2086800.0,
2006-08-01,35.573360443115234,,35.713718362800776,,35.249087159304096,,35.52496205177277,,2146000.0,
2006-08-02,35.573360443115234,,35.718559309703195,,35.48624186167457,,35.69435826775168,,1155400.0,
2006-08-03,35.955711364746094,,35.96538956527778,,35.37491963371703,,35.62175621171839,,1923100.0,
2006-08-04,36.49295425415039,,36.58491011413654,,36.27999684511848,,36.34775534934472,,2176700.0,
2006-08-07,36.0960693359375,,36.44454363663989,,36.008950760761905,,36.44454363663989,,1873800.0,
2006-08-08,35.505592346191406,,36.10089941443313,,35.4281519869563,,35.984742568140035,,2813600.0,
2006-08-09,35.176475524902344,,35.645947512463124,,35.176475524902344,,35.57334810435055,,2689400.0,
2006-08-10,35.24908447265625,,35.30232380684328,,34.8570490397735,,35.065165429988205,,1552500.0,
2006-08-11,34.95869445800781,,35.46688312541401,,34.82317378747212,,35.46688312541401,,2568600.0,
2006-08-14,35.282962799072266,,35.553996716958,,34.992568788114674,,34.992568788114674,,1260000.0,
2006-08-15,35.69436264038086,,35.839561524755965,,35.58788395084725,,35.59756584583813,,2870600.0,
2006-08-16,35.7911491394043,,35.839551215313556,,35.71855341066032,,35.7911491394043,,1524900.0,
2006-08-17,35.82987594604492,,35.93635462463131,,35.67015792816534,,35.684680769158554,,1604100.0,
2006-08-18,35.839561462402344,,35.9169981593896,,35.66048333099274,,35.86375881471542,,756900.0,
2006-08-21,36.047672271728516,,36.07186962026785,,35.766956442237145,,35.766956442237145,,1911300.0,
2006-08-22,36.3719367980957,,36.3719367980957,,35.96538229925482,,36.057341802248736,,1471400.0,
2006-08-23,35.96539306640625,,36.43002428092385,,35.91215372689855,,36.42034607945002,,827800.0,
2006-08-24,36.13478469848633,,36.18802033323415,,35.97506671656344,,36.05734433419894,,1094400.0,
2006-08-25,36.0960693359375,,36.265465539734414,,36.07186829572638,,36.20254800476993,,813700.0,
2006-08-28,36.54133605957031,,36.56553709689861,,36.09606503618462,,36.10574323558002,,922900.0,
2006-08-29,36.54133605957031,,36.55585520494335,,36.260620273825474,,36.54133605957031,,831800.0,
2006-08-30,36.807533264160156,,36.81237051765208,,36.56553765740712,,36.58005680300272,,961200.0,
2006-08-31,36.807533264160156,,36.9624103047797,,36.74945298921786,,36.807533264160156,,931300.0,
2006-09-01,36.62361145019531,,36.914005417667866,,36.599414106899054,,36.83172780385324,,949300.0,
2006-09-05,36.93336486816406,,37.001123336315445,,36.575212437569675,,37.001123336315445,,859600.0,
2006-09-06,36.744606018066406,,36.92852501227943,,36.739768765367664,,36.92852501227943,,1416100.0,
2006-09-07,36.507469177246094,,36.74462391456691,,36.41550963535061,,36.565549470952895,,2075200.0,
2006-09-08,36.88013458251953,,36.88013458251953,,36.241266231552686,,36.51714111736654,,1858900.0,
2006-09-11,36.93336486816406,,37.01564617311323,,36.49777577077934,,36.807529823059824,,1096800.0,
2006-09-12,37.412540435791016,,37.523856401080856,,36.783350075889274,,36.952746344305375,,2047100.0,
2006-09-13,37.75132751464844,,37.83844611046161,,37.3931749285548,,37.702929115321375,,1646700.0,
2006-09-14,37.75132751464844,,37.75132751464844,,37.36413293490962,,37.5867722184242,,1960800.0,
2006-09-15,37.848121643066406,,37.90136098633841,,37.72712380700473,,37.77552589547813,,1887500.0,
2006-09-18,37.630306243896484,,37.848100751564296,,37.518986671439436,,37.848100751564296,,1993200.0,
2006-09-19,37.8723258972168,,37.8723258972168,,37.53353340455372,,37.678728604597374,,1400400.0,
2006-09-20,37.75132751464844,,38.11432104844313,,37.6593679711342,,37.94492480451784,,1653400.0,
2006-09-21,37.364112854003906,,37.8239066319031,,37.23827782189436,,37.799705598965545,,2596500.0,
2006-09-22,37.5577278137207,,37.562568761110995,,37.12213486261819,,37.33993318444991,,1378500.0,
2006-09-25,37.53352355957031,,37.673877775029446,,37.27216783697146,,37.62547938770972,,1004200.0,
2006-09-26,37.53742980957031,,37.64488954339118,,37.41531715324342,,37.53742980957031,,1456600.0,
2006-09-27,37.86471176147461,,37.8793684186637,,37.4299907628129,,37.4886062118155,,1376500.0,
2006-09-28,37.73281478881836,,38.05519402431758,,37.57651072128075,,37.92819580488611,,1467200.0,
2006-09-29,37.6839599609375,,37.898875664773335,,37.669307040969365,,37.845149533750785,,1877600.0,
2006-10-02,37.67420959472656,,37.92820610255061,,37.386025405885206,,37.610712331062516,,1066600.0,
2006-10-03,38.04053497314453,,38.13822733830502,,37.688853638314846,,37.75723643063584,,827100.0,
2006-10-04,38.46548843383789,,38.46548843383789,,38.05030612939237,,38.0747264257817,,1088800.0,
2006-10-05,38.69995880126953,,38.73415020845141,,38.470386327369525,,38.47526815226416,,1331800.0,
2006-10-06,38.41664505004883,,38.62179343231216,,38.32383823239422,,38.58760203526827,,999700.0,
2006-10-09,38.6755485534668,,38.72927845912688,,38.099176250864666,,38.44109044453321,,722400.0,
2006-10-10,38.690181732177734,,38.91486861995187,,38.28965228413109,,38.78298856303915,,1669600.0,
2006-10-11,38.58761215209961,,38.80741351549705,,38.35803968608055,,38.58761215209961,,3021900.0,
2006-10-12,38.95396423339844,,38.95396423339844,,38.58762601176773,,38.783007141954464,,882900.0,
2006-10-13,39.33002471923828,,39.33002471923828,,38.88065124389315,,38.92949553876443,,1343200.0,
2006-10-16,39.49612045288086,,39.50100600289771,,39.33004529155279,,39.427737658976,,1432400.0,
2006-10-17,39.300750732421875,,39.49124624538202,,39.271444877069186,,39.32028921151828,,1230300.0,
2006-10-18,39.54008102416992,,39.603581997532906,,39.369124031621396,,39.44239237888018,,1208100.0,
2006-10-19,39.4423942565918,,39.64754265741641,,39.344705606651445,,39.61335125727897,,1204200.0,
2006-10-20,39.393531799316406,,39.53029733691484,,39.13953546384954,,39.51564441882664,,1099300.0,
2006-10-23,39.579139709472656,,39.613331092205044,,39.14441910334029,,39.31537601700225,,1355800.0,
2006-10-24,39.46682357788086,,39.608471021325165,,39.22259819367759,,39.22259819367759,,2201300.0,
2006-10-25,39.66706466674805,,39.759871454275064,,39.38376248230463,,39.38376248230463,,1920600.0,
2006-10-26,40.052955627441406,,40.12133842428845,,39.681732068426776,,39.681732068426776,,2055400.0,
2006-10-27,39.79408645629883,,40.111580215105576,,39.79408645629883,,40.10180911241896,,1196300.0,
2006-10-30,40.17506790161133,,40.17506790161133,,39.69638460181055,,39.867345318828406,,1572300.0,
2006-10-31,40.126243591308594,,40.321624703495864,,39.906438442628634,,40.321624703495864,,1417100.0,
2006-11-01,39.784297943115234,,40.25809559830927,,39.70614778874152,,40.18482726655868,,1846900.0,
2006-11-02,39.017433166503906,,39.63776752461255,,38.83670882682977,,39.63776752461255,,4530200.0,
2006-11-03,38.63645553588867,,39.15421589118021,,38.29454148421059,,39.100486007833126,,4369400.0,
2006-11-06,38.96858596801758,,39.05162167072895,,38.52409788611746,,38.953933047137,,2820800.0,
2006-11-07,38.602256774902344,,38.96859478614322,,38.57783647676939,,38.96859478614322,,1961500.0,
2006-11-08,38.690181732177734,,38.817179964948615,,38.235922405904304,,38.392226489859496,,3688500.0,
2006-11-09,38.78786087036133,,38.919740882246046,,38.54851741213115,,38.70970699177628,,1948000.0,
2006-11-10,38.95396423339844,,39.0272326230416,,38.695085819699685,,38.792774521500505,,844100.0,
2006-11-13,39.02231216430664,,39.11511895661081,,38.836702306280074,,38.836702306280074,,1529900.0,
2006-11-14,39.427734375,,39.55473257878098,,38.92951265909596,,38.92951265909596,,1547700.0,
2006-11-15,39.51567459106445,,39.69151719555052,,39.37890894903846,,39.501021661787995,,2389800.0,
2006-11-16,39.71103286743164,,39.803835941739464,,39.554728833954016,,39.68172329912938,,1859700.0,
2006-11-17,39.662193298339844,,39.711041347080275,,39.54008062965458,,39.618234526372945,,1227100.0,
2006-11-20,40.91751480102539,,42.28029274456985,,40.3704523846347,,40.3704523846347,,6403800.0,
2006-11-21,41.6159782409668,,41.67947918660217,,40.961456404839176,,41.05426318594853,,2979600.0,
2006-11-22,41.73323059082031,,41.91884052232337,,41.4938870555599,,41.713692114885795,,1371300.0,
2006-11-24,41.9334831237793,,41.948136045476886,,41.58668364613449,,41.61598948952967,,457600.0,
2006-11-27,40.79538345336914,,41.909053705491054,,40.79538345336914,,41.909053705491054,,2534900.0,
2006-11-28,40.90773010253906,,40.99076579463627,,40.54627776955352,,40.883306086472054,,2136400.0,
2006-11-29,41.51830291748047,,41.58668570651207,,41.03473784459056,,41.07869661186123,,1533500.0,
2006-11-30,41.98233413696289,,42.099564982413504,,41.37177079159355,,41.547613333186554,,2380200.0,
2006-12-01,41.88465881347656,,42.14842270975444,,41.611127540262814,,42.00677152138758,,1892400.0,
2006-12-04,42.42194747924805,,42.50498321351712,,41.86022836365789,,41.884652392129276,,1699600.0,
2006-12-05,42.114219665527344,,42.641747312340776,,42.04583686611631,,42.641747312340776,,3356700.0,
2006-12-06,42.07025909423828,,42.080030195506836,,41.611117952363884,,41.97745599168649,,2796900.0,
2006-12-07,41.6159782409668,,42.123967173143214,,41.56713393964973,,42.123967173143214,,2310600.0,
2006-12-08,41.63553237915039,,41.869990330940226,,41.567149586249755,,41.75276321833667,,1587000.0,
2006-12-11,41.860225677490234,,41.95303250782587,,41.61111849066821,,41.74788409753127,,1836300.0,
2006-12-12,41.66973114013672,,42.016530715876925,,41.55738955762348,,41.860226629253404,,2155700.0,
2006-12-13,41.44015884399414,,41.93349513306551,,41.2252430532428,,41.860226777012,,2272400.0,
2006-12-14,41.51830291748047,,41.67460696763592,,41.449920128448866,,41.5769183337572,,1167300.0,
2006-12-15,41.27408218383789,,41.679497139905195,,41.15196951465494,,41.640420191386745,,1695100.0,
2006-12-18,41.151973724365234,,41.56227054603215,,41.083590920754084,,41.46946744203605,,1569800.0,
2006-12-19,40.83448028564453,,41.02497577223168,,40.48768071450938,,40.981016995288485,,2863300.0,
2006-12-20,41.17397689819336,,41.332338202585206,,41.035411228804406,,41.12448969850178,,2139300.0,
2006-12-21,40.778053283691406,,41.38180660726842,,40.778053283691406,,41.287778336197796,,3740800.0,
2006-12-22,40.46134567260742,,40.79786385614847,,40.42670426146191,,40.728581033857424,,1942200.0,
2006-12-26,40.86714172363281,,41.015603278129305,,40.58011076572401,,40.58011076572401,,994900.0,
2006-12-27,41.22344207763672,,41.29272486897697,,40.92156544009895,,41.00074415493253,,613900.0,
2006-12-28,41.34718704223633,,41.51049442081827,,41.06015600312791,,41.23831293942753,,1601400.0,
2006-12-29,41.248191833496094,,41.68368806487195,,41.248191833496094,,41.3719116672952,,1296100.0,
2007-01-03,41.50552749633789,,41.83709571516437,,41.15910972725242,,41.53026919551084,,2670600.0,
2007-01-04,41.4956169128418,,41.56984954214988,,41.24817733223376,,41.470875220158014,,2329700.0,
2007-01-05,40.8522834777832,,41.451086915449245,,40.748355513034845,,41.33231317734513,,1918200.0,
2007-01-08,40.842384338378906,,40.906721057974565,,40.585048786883505,,40.827538564819626,,1168800.0,
2007-01-09,41.322418212890625,,41.465933651376155,,40.827538952856,,40.827538952856,,1695500.0,
2007-01-10,41.98061752319336,,41.99051344923602,,41.149220037302776,,41.31253113423109,,2514200.0,
2007-01-11,42.460655212402344,,42.693245365348545,,42.01526298487611,,42.040004690186834,,2913900.0,
2007-01-12,42.609107971191406,,42.698186398299484,,42.426005042312795,,42.49528784388246,,1350100.0,
2007-01-16,43.09904098510742,,43.26235207753881,,42.63385696131323,,42.63385696131323,,2332200.0,
2007-01-17,43.22770690917969,,43.3712223619421,,42.7328275999146,,42.95552555446159,,2185600.0,
2007-01-18,43.079254150390625,,43.35143556051018,,42.9703800760907,,43.227715708011225,,2177000.0,
2007-01-19,43.46030044555664,,43.53453309648631,,42.91098411455837,,43.054499566187864,,2003900.0,
2007-01-22,43.32667541503906,,43.54936954450381,,43.198005766027,,43.54936954450381,,2015100.0,
2007-01-23,43.45041275024414,,43.63351571150366,,43.27225586452178,,43.40092178983112,,1162100.0,
2007-01-24,44.044254302978516,,44.09374147403581,,43.450400699032706,,43.53452926739302,,1898300.0,
2007-01-25,44.30655288696289,,44.67276259247364,,44.148191627096324,,44.29170710879263,,4154000.0,
2007-01-26,44.440155029296875,,44.474796423331114,,44.06899561794627,,44.316435225513345,,1375100.0,
2007-01-29,44.56882858276367,,44.65790700785473,,44.276851607849835,,44.45500845803196,,1458800.0,
2007-01-30,44.72224044799805,,44.73213637200146,,44.32138567672044,,44.65790372727382,,2187800.0,
2007-01-31,45.231964111328125,,45.241860035030825,,44.553978181007615,,44.727185163022625,,3369800.0,
2007-02-01,45.20724868774414,,45.31117294603127,,44.702473179544974,,45.03404159059891,,2676500.0,
2007-02-02,45.52888488769531,,45.52888488769531,,45.09339256538711,,45.25669982648485,,3369200.0,
2007-02-05,45.499210357666016,,45.55364739026287,,45.37054066465255,,45.39033629247231,,1527700.0,
2007-02-06,46.12275695800781,,46.12275695800781,,45.583340243159995,,45.583340243159995,,2946500.0,
2007-02-07,46.80076217651367,,46.9393278561359,,45.76151580371537,,46.0238013795191,,7304300.0,
2007-02-08,46.44442367553711,,47.00858580130726,,46.42957789995835,,46.662171785704395,,6712500.0,
2007-02-09,45.78623580932617,,46.667124224020725,,44.90535117026142,,46.484017505259594,,12930300.0,
2007-02-12,45.0191764831543,,45.707058499141546,,44.84596946035713,,45.707058499141546,,8902500.0,
2007-02-13,45.820892333984375,,45.86048360120833,,44.623284817692635,,45.0340357199713,,8088700.0,
2007-02-14,45.5388069152832,,46.06338171799956,,45.40519112040258,,45.42993660401748,,5231400.0,
2007-02-15,45.91489791870117,,46.12274630528111,,45.47940552172952,,45.60312533883127,,3422400.0,
2007-02-16,45.75656509399414,,45.94956782637318,,45.157761260762825,,45.90008062395344,,3100100.0,
2007-02-20,46.14256286621094,,46.19699991248677,,45.330960799810576,,45.682324786734924,,2623700.0,
2007-02-21,45.900054931640625,,46.02377475625421,,45.627869807238966,,45.99408320654836,,2221700.0,
2007-02-22,45.667449951171875,,46.01386764122052,,45.56847562580283,,46.01386764122052,,2558600.0,
2007-02-23,45.0191764831543,,45.687262871446165,,44.915252269476,,45.687262871446165,,5231600.0,
2007-02-26,44.72719192504883,,45.251766575695946,,43.9997224906042,,45.02906861461201,,5391800.0,
2007-02-27,43.277191162109375,,44.38572345844795,,42.77736581196226,,44.1877709929854,,9837900.0,
2007-02-28,43.61372375488281,,44.29170994794992,,43.351438255381304,,43.61372375488281,,5670000.0,
2007-03-01,43.34152603149414,,43.85620090944239,,42.109273968874675,,43.05449515762566,,6614800.0,
2007-03-02,42.44579315185547,,43.257398624892595,,42.44579315185547,,42.965417893467624,,3777200.0,
2007-03-05,40.94138717651367,,42.11424930345674,,40.93643732379534,,42.08950759112781,,7783300.0,
2007-03-06,42.3517951965332,,42.54479792992611,,41.34719025717229,,41.34719025717229,,6600000.0,
2007-03-07,41.748023986816406,,42.49529289325781,,41.738124285056145,,42.42106023257569,,4870300.0,
2007-03-08,42.416099548339844,,42.8021047545426,,42.04494011535581,,42.04494011535581,,3262000.0,
2007-03-09,42.935726165771484,,43.05944598224392,,42.58930841427115,,42.663541059280455,,3434700.0,
2007-03-12,43.15349197387695,,43.32175297143221,,42.63882060350229,,42.86151487384458,,3814200.0,
2007-03-13,42.0152587890625,,43.03470907143701,,41.92618035245298,,43.03470907143701,,5985400.0,
2007-03-14,42.21318817138672,,42.356699785900204,,41.33230021373012,,41.94100315980352,,6880600.0,
2007-03-15,42.52994155883789,,42.7080984646378,,42.233010865417626,,42.233010865417626,,2051400.0,
2007-03-16,42.29238510131836,,42.713031756925375,,42.193410750221226,,42.683340206722136,,4703900.0,
2007-03-19,42.717987060546875,,42.87139845702077,,42.42601004459592,,42.55467596232179,,3537900.0,
2007-03-20,42.8565559387207,,42.945634383104945,,42.41116371679948,,42.683348901204184,,3756200.0,
2007-03-21,43.46030044555664,,43.549378871546345,,42.524978860479465,,42.80211006327879,,4744200.0,
2007-03-22,43.4256706237793,,43.628573005378215,,43.198026535693266,,43.43062047532891,,2634600.0,
2007-03-23,43.414207458496094,,43.728404247689866,,43.23964988173493,,43.4790406294446,,3140200.0,
2007-03-26,42.74091339111328,,43.51394196229459,,42.66610736582595,,43.05511391726417,,4899500.0,
2007-03-27,42.386810302734375,,42.75088271817673,,42.17235752212814,,42.691034103245215,,3329700.0,
2007-03-28,41.89306640625,,42.4566265250157,,41.68360198741512,,42.12746869613017,,5371300.0,
2007-03-29,42.11750411987305,,42.52646020954846,,41.92798918245771,,42.3618831503394,,2718800.0,
2007-03-30,42.51149368286133,,42.65113665136904,,42.09256477733818,,42.09256477733818,,4140200.0,
2007-04-02,43.01520919799805,,43.03515873712292,,42.48157139261071,,42.69103584594357,,3679300.0,
2007-04-03,43.389244079589844,,43.49896461594497,,43.1049698740264,,43.17479134170973,,2674700.0,
2007-04-04,43.10498809814453,,43.369312881124486,,42.870585726826846,,43.10498809814453,,1976600.0,
2007-04-05,43.13987350463867,,43.25956688596123,,43.00023059226503,,43.00023059226503,,1320900.0,
2007-04-09,43.109981536865234,,43.22967500266546,,42.94540064327326,,43.03517169387009,,1224200.0,
2007-04-10,43.219688415527344,,43.50894721565736,,43.04014637131673,,43.109967854622475,,1287400.0,
2007-04-11,42.64116287231445,,43.2496104835007,,42.43169842403292,,43.15485112618911,,3720800.0,
2007-04-12,42.41674041748047,,42.58630580125153,,42.177349740702,,42.42671328506112,,2529500.0,
2007-04-13,42.88054656982422,,42.88054656982422,,42.20227758598768,,42.53642374280845,,3063000.0,
2007-04-16,42.87057876586914,,43.11994230252844,,42.73093579413763,,43.04513248053353,,2173200.0,
2007-04-17,43.48401641845703,,43.53887670303819,,42.88554162438594,,43.06009534578702,,3409800.0,
2007-04-18,43.32940673828125,,43.49897592171661,,43.23963571292973,,43.36431748119653,,2736000.0,
2007-04-19,42.955360412597656,,43.23963468529042,,42.890527264434574,,43.23963468529042,,1673600.0,
2007-04-20,43.42417907714844,,43.439140285013934,,43.1698271284747,,43.31445847948578,,1761700.0,
2007-04-23,43.79319763183594,,43.91787932768331,,43.319408709609284,,43.339358237542875,,2324500.0,
2007-04-24,43.49399185180664,,43.91292461286764,,43.20971754447402,,43.843103120188474,,2483000.0,
2007-04-25,43.55384826660156,,44.247078785759626,,43.090031807993455,,43.52392204653911,,2223900.0,
2007-04-26,43.613677978515625,,43.723398535742234,,43.25958223791133,,43.58874390959116,,2157200.0,
2007-04-27,43.46907424926758,,43.60372894903108,,43.31945453398599,,43.38927605312075,,1359700.0,
2007-04-30,42.636173248291016,,43.55383297325353,,42.62121204600655,,43.44910075227691,,2025000.0,
2007-05-01,42.4117546081543,,42.745900864307885,,41.992821850077746,,42.63119575786039,,4560400.0,
2007-05-02,42.760860443115234,,42.99526278866361,,42.36686557793607,,42.36686557793607,,5159800.0,
2007-05-03,42.930416107177734,,43.14985337440427,,42.86557916948738,,43.02517163882696,,4445200.0,
2007-05-04,42.71596908569336,,43.09001434247704,,42.481566782644634,,43.060088134544465,,3248700.0,
2007-05-07,42.7558708190918,,42.99026933173534,,42.631189059075176,,42.64116192568295,,2344700.0,
2007-05-08,42.4765739440918,,42.74089862206615,,42.41672914454121,,42.74089862206615,,2521500.0,
2007-05-09,42.97032165527344,,43.21968516402971,,42.4167343614357,,42.446656764891195,,3320700.0,
2007-05-10,42.54140090942383,,42.96032962799574,,42.341909412729855,,42.83564791818498,,3762700.0,
2007-05-11,43.01520919799805,,43.01520919799805,,42.54142000998532,,42.64116390062415,,2383600.0,
2007-05-14,42.566349029541016,,43.14487418056214,,42.566349029541016,,42.91546021532499,,2264200.0,
2007-05-15,41.99284362792969,,42.91549231951339,,41.913049226191006,,42.631217866778734,,3739200.0,
2007-05-16,41.60382080078125,,42.13745873577858,,41.28463570723068,,41.997815732973514,,5834000.0,
2007-05-17,40.8557243347168,,41.489109901359136,,40.84076313006926,,41.4741486967116,,6111700.0,
2007-05-18,40.501617431640625,,41.00034440970045,,40.217343206345916,,40.97541034378839,,7539200.0,
2007-05-21,40.78093719482422,,41.16994775701435,,40.27223692886487,,40.38694590329043,,15337300.0,
2007-05-22,41.204833984375,,41.55892976544739,,40.77592837800883,,40.84574986695348,,4998200.0,
2007-05-23,40.88066864013672,,41.693592595351724,,40.79588593047966,,41.414306584723064,,4792300.0,
2007-05-24,40.25725173950195,,41.080152207705034,,39.75852464422564,,40.81582365102053,,10391600.0,
2007-05-25,40.511600494384766,,40.955467270497685,,40.192411677475064,,40.49663548649432,,6443700.0,
2007-05-29,41.74843978881836,,41.99281497142455,,40.930527752965325,,40.930527752965325,,6826600.0,
2007-05-30,42.81571960449219,,42.86060702085871,,41.56890188854899,,41.56890188854899,,7677200.0,
2007-05-31,42.70100021362305,,43.15483973173617,,42.42669888592844,,42.93539866958048,,6025300.0,
2007-06-01,42.68107223510742,,42.97531943979515,,42.45165819289673,,42.720971322010065,,3208400.0,
2007-06-04,42.950382232666016,,43.13989717415634,,42.391806471714325,,42.51149991870894,,3440100.0,
2007-06-05,42.20726776123047,,42.91546304538675,,42.16737249006904,,42.91546304538675,,8411300.0,
2007-06-06,41.94295120239258,,42.257151731958636,,41.718525514119165,,41.94295120239258,,7537000.0,
2007-06-07,40.64625549316406,,41.738468974931564,,40.63628262613237,,41.52401618638785,,10550600.0,
2007-06-08,41.314544677734375,,41.314544677734375,,40.39688878361069,,40.59638035341569,,5094400.0,
2007-06-11,40.70610427856445,,41.21979254499383,,40.44177573881317,,40.995363083505254,,4932900.0,
2007-06-12,39.848297119140625,,40.57144991153059,,39.81338637340426,,40.421834060511586,,9939100.0,
2007-06-13,40.70610427856445,,40.80584816923569,,39.992924425807075,,40.07271877734696,,4207700.0,
2007-06-14,40.28718185424805,,40.92555204951927,,40.28718185424805,,40.69613799840533,,4203600.0,
2007-06-15,40.895633697509766,,41.105098225202596,,40.60138645217748,,40.60138645217748,,4408500.0,
2007-06-18,40.28718185424805,,40.920567517202755,,40.22234868925492,,40.89562963567421,,6574700.0,
2007-06-19,40.32707214355469,,40.366971223300006,,39.86325580522596,,40.187429169431745,,5922300.0,
2007-06-20,39.60888671875,,40.39687607891764,,39.474232139346576,,40.347004153397265,,7332300.0,
2007-06-21,39.449310302734375,,39.54905799928761,,38.751091646803964,,39.539081327139506,,6765100.0,
2007-06-22,39.299713134765625,,39.399457073716796,,38.93065218967408,,39.299713134765625,,5413700.0,
2007-06-25,38.406982421875,,39.648812074276876,,38.37207167036126,,39.28473954707371,,10238200.0,
2007-06-26,38.35212326049805,,38.78102896606175,,38.26235221038038,,38.666320033416575,,7480300.0,
2007-06-27,39.18498229980469,,39.43434581292677,,37.95811427184227,,37.95811427184227,,12543700.0,
2007-06-28,39.03193664550781,,39.74188473622809,,39.011799706934795,,39.39446300319808,,8384000.0,
2007-06-29,38.981563568115234,,39.65122970282413,,38.659318961021675,,39.172898944579906,,7104900.0,
2007-07-02,39.963409423828125,,39.97347788806286,,39.0168124444817,,39.142689375440824,,8083500.0,
2007-07-03,39.7771110534668,,40.13963723719515,,39.6562702727104,,39.928164910506666,,4308800.0,
2007-07-05,40.41657638549805,,40.75896190219998,,40.104403954198844,,40.104403954198844,,12112800.0,
2007-07-06,40.33097839355469,,40.58273232090704,,39.9634198108379,,40.280628376376235,,7472400.0,
2007-07-09,40.482032775878906,,40.75895979443782,,40.01377031168498,,40.37126043187129,,4636000.0,
2007-07-10,39.2484245300293,,40.10942609619515,,39.10241067434492,,40.10942609619515,,5713300.0,
2007-07-11,39.2484245300293,,39.2484245300293,,38.72477989115108,,39.17290144655772,,7719300.0,
2007-07-12,39.74186325073242,,39.741863250732415,,39.13765554220654,,39.243391699125624,,4041300.0,
2007-07-13,40.11951446533203,,40.190005272518604,,39.545515697406586,,39.75195196374987,,2977000.0,
2007-07-16,39.8979606628418,,40.57266317440307,,39.8929283502303,,40.169855360802906,,5520700.0,
2007-07-17,39.64117431640625,,40.09432830361609,,39.57067968398205,,39.82746976047163,,3650200.0,
2007-07-18,39.42465591430664,,39.46493361229736,,38.82044434693738,,39.32395206568224,,6536600.0,
2007-07-19,39.555564880371094,,39.90802258591792,,39.54046026354719,,39.60088257230181,,3561700.0,
2007-07-20,38.921165466308594,,39.65125044587048,,38.6694114952237,,39.605936574976354,,7447100.0,
2007-07-23,38.24140167236328,,39.213171519152176,,38.241401672363274,,39.07219000213961,,6250800.0,
2007-07-24,37.25958251953125,,38.27163441763008,,37.209232500634734,,38.05008972473317,,10142100.0,
2007-07-25,37.30990982055664,,38.01985733153167,,36.75605226701646,,37.758031246358435,,10703200.0,
2007-07-26,36.45396041870117,,36.75606428839616,,35.7490488284401,,36.73088736531361,,13133900.0,
2007-07-27,35.446956634521484,,36.80139026210338,,35.39157045866367,,36.353268542134074,,11585600.0,
2007-07-30,35.92527770996094,,36.02598156628223,,35.21029761664672,,35.54764689203957,,10038500.0,
2007-07-31,35.446956634521484,,36.83160334804607,,35.446956634521484,,36.38851394118356,,10768500.0,
2007-08-01,36.000797271728516,,36.076324188142735,,34.57586968853383,,35.401621934023225,,15366900.0,
2007-08-02,36.529483795166016,,36.70571071523407,,36.0007991935031,,36.0007991935031,,12030800.0,
2007-08-03,35.18513107299805,,36.30291923846387,,35.149885673251845,,36.23746459363821,,7893500.0,
2007-08-06,36.10151672363281,,36.19718445875016,,34.4147659414127,,35.371431768204296,,10519300.0,
2007-08-07,36.24751281738281,,36.76109274566365,,35.54260137468932,,35.8044274906838,,12526200.0,
2007-08-08,37.56166458129883,,37.9493675678931,,36.50429943492367,,36.50429943492367,,11235800.0,
2007-08-09,37.49620819091797,,38.00978420616614,,35.4972825853105,,36.756051471314414,,12288000.0,
2007-08-10,36.252559661865234,,37.27467982658709,,36.252559661865234,,36.942366693912234,,8758800.0,
2007-08-13,36.10151672363281,,36.90713247764297,,36.07634363223288,,36.77621934139722,,6265500.0,
2007-08-14,34.74201583862305,,35.995748378060995,,34.60103435999802,,35.97560761804925,,7102100.0,
2007-08-15,34.364402770996094,,35.64331287355844,,34.117685057479555,,34.762174340968805,,10620700.0,
2007-08-16,35.25059127807617,,35.61311760254813,,33.583977416487606,,33.86594446966616,,13364600.0,
2007-08-17,36.17702865600586,,38.00979643643365,,35.7842932518369,,36.75606329817299,,14077300.0,
2007-08-20,36.781227111816406,,37.11857623963257,,36.1921203740605,,36.27771957485223,,8527900.0,
2007-08-21,37.33509063720703,,37.415649858516254,,36.650319969516474,,36.84668763318938,,7303500.0,
2007-08-22,37.6371955871582,,38.00475784968919,,37.29984639481529,,37.60195020648742,,6307600.0,
2007-08-23,37.37034225463867,,37.93426842230823,,37.0581660964938,,37.76307764753965,,8610300.0,
2007-08-24,37.133697509765625,,37.375382926173,,36.78124361235838,,37.28475137520266,,3553600.0,
2007-08-27,36.630184173583984,,37.15886878071407,,36.47913033113002,,37.03802417016739,,5462800.0,
2007-08-28,35.47212219238281,,36.40361467504072,,35.3663860176861,,36.20221079118335,,5436400.0,
2007-08-29,36.40362548828125,,36.40362548828124,,35.46710041540206,,35.72388669817228,,4140500.0,
2007-08-30,36.57985305786133,,36.71579851308567,,35.648364125730865,,35.673537218163126,,3118100.0,
2007-08-31,37.30990982055664,,37.67747203346827,,36.841647631167845,,37.002769898406044,,6399400.0,
2007-09-04,37.81343460083008,,38.15582005476813,,37.108522920197665,,37.20922678397922,,3887200.0,
2007-09-05,36.907108306884766,,37.627124322501224,,36.75605449156905,,37.37033437304775,,5730700.0,
2007-09-06,37.133697509765625,,37.17397905274342,,36.51438127122504,,36.9977521040398,,5387900.0,
2007-09-07,36.4388427734375,,36.65535117357806,,36.126666709538306,,36.25757974813575,,8411700.0,
2007-09-10,35.74905014038086,,36.68053870673274,,35.58289166144014,,36.68053870673274,,6194400.0,
2007-09-11,36.393550872802734,,36.48418244964514,,36.020956097544165,,36.020956097544165,,4301600.0,
2007-09-12,36.45899963378906,,36.705717366591486,,36.17703266912685,,36.323050384059556,,3256800.0,
2007-09-13,37.1286506652832,,37.420686005591165,,36.58989766783286,,36.705706110181964,,6219800.0,
2007-09-14,37.30488967895508,,37.36027584222425,,36.675504952223136,,36.922226530952905,,4478400.0,
2007-09-17,37.234405517578125,4494.64990234375,37.3904955697547,4549.0498046875,36.932301563321175,4482.85009765625,37.18909165309667,4518.4501953125,3207100.0,0.0
2007-09-18,38.392478942871094,4546.2001953125,38.518355923011654,4551.7998046875,37.25958612160604,4481.5498046875,37.314972300184735,4494.10009765625,7774200.0,0.0
2007-09-19,39.17290115356445,4732.35009765625,39.48004116224824,4739.0,38.62911190788243,4550.25,38.62911190788243,4550.25,8303600.0,0.0
2007-09-20,38.6945686340332,4747.5498046875,39.09737635827933,4760.85009765625,38.37232399121997,4721.14990234375,39.09737635827933,4734.85009765625,7069600.0,0.0
2007-09-21,38.704647064208984,4837.5498046875,38.835556330062566,4855.7001953125,38.50324317021762,4733.7001953125,38.80534709047478,4752.9501953125,3712100.0,0.0
2007-09-24,39.03694534301758,4932.2001953125,39.12757686869161,4941.14990234375,38.644210012249545,4837.14990234375,38.72477307571904,4837.14990234375,4217700.0,0.0
2007-09-25,38.39076232910156,4938.85009765625,38.99022126051894,4953.89990234375,38.30440055423432,4878.14990234375,38.56856712319701,4939.10009765625,4280500.0,0.0
2007-09-26,38.60920715332031,4940.5,38.76161346874065,4980.85009765625,38.33487811107587,4930.35009765625,38.66000796650922,4937.60009765625,4204000.0,0.0
2007-09-27,38.9749755859375,5000.5498046875,39.06641859151705,5016.39990234375,38.731126279107635,4942.7001953125,38.89877243531234,4942.7001953125,3161200.0,0.0
2007-09-28,38.847957611083984,5021.35009765625,39.01052246503518,5055.7998046875,38.644750574682035,4996.4501953125,39.000359981496565,4996.4501953125,5388900.0,0.0
2007-10-01,39.87925720214844,5068.9501953125,39.87925720214844,5089.2998046875,38.87338378645071,5001.35009765625,38.87338378645071,5021.5,4408400.0,0.0
2007-10-02,40.2450065612793,,40.26532765548592,,39.62522675346057,,39.7623892945398,,3089000.0,
2007-10-03,40.234859466552734,5210.7998046875,40.2805829149705,5261.35009765625,39.87924987154295,5034.14990234375,40.08245701548593,5069.0,4040700.0,0.0
2007-10-04,40.250099182128906,5208.64990234375,40.44822506183639,5233.10009765625,39.82844507881154,5126.0498046875,40.321221094031415,5211.64990234375,2941100.0,0.0
2007-10-05,41.047691345214844,5185.85009765625,41.16453284618229,5248.5498046875,40.295826014883396,5164.5,40.565073855034875,5208.14990234375,5803600.0,0.0
2007-10-08,40.590450286865234,5085.10009765625,40.8901776531385,5249.2998046875,40.50408855853413,5024.75,40.83937686446443,5186.25,3051900.0,0.0
2007-10-09,40.824153900146484,5327.25,40.88003595355607,5348.7001953125,40.15865437880927,5000.9501953125,40.692068694282604,5062.64990234375,3913300.0,0.0
2007-10-10,40.76826858520508,5441.4501953125,40.95623582944084,5454.7001953125,40.44313877820751,5328.14990234375,40.783508439306054,5328.14990234375,5401300.0,0.0
2007-10-11,40.493934631347656,5524.85009765625,41.103555851800095,5532.75,40.2856501910195,5424.25,41.04767380969564,5438.89990234375,5640000.0,0.0
2007-10-12,40.19928741455078,5428.25,40.71746568241311,5549.2998046875,40.123088147970584,5402.60009765625,40.504099984282895,5525.2998046875,2955600.0,0.0
2007-10-15,39.37123489379883,5670.39990234375,40.42790896695994,5682.64990234375,39.183267602869385,5419.89990234375,40.158661142016406,5428.35009765625,5012100.0,0.0
2007-10-16,38.715885162353516,5668.0498046875,39.269624421386254,5708.35009765625,38.690486696875055,5578.4501953125,39.269624421386254,5670.64990234375,4397000.0,0.0
2007-10-17,38.60920715332031,5559.2998046875,39.1934261946268,5658.89990234375,37.86242318429714,5107.2998046875,39.06134097965275,5658.89990234375,6046100.0,0.0
2007-10-18,38.710811614990234,5351.0,39.11214465752855,5736.7998046875,38.014832284034036,5269.64990234375,38.37552312270304,5551.10009765625,4759100.0,0.0
2007-10-19,37.461082458496094,5215.2998046875,38.74128439206306,5390.85009765625,37.308680050306656,5101.75,38.6091992042833,5360.35009765625,6097700.0,0.0
2007-10-22,37.92338180541992,5184.0,37.99958495372567,5247.39990234375,36.79558606288351,5070.89990234375,37.186756539601795,5202.75,7985800.0,0.0
2007-10-23,38.253597259521484,5473.7001953125,38.46188175457913,5488.5,37.867504106035774,5176.85009765625,38.24343477145804,5185.2998046875,6291100.0,0.0
2007-10-24,38.1011962890625,5496.14990234375,38.31456205807626,5577.89990234375,37.34425360802561,5419.39990234375,38.11135490269711,5477.60009765625,5315100.0,0.0
2007-10-25,37.999595642089844,5568.9501953125,38.50761160588327,5605.9501953125,37.55762035828205,5469.2998046875,38.25360362398656,5499.0498046875,7166400.0,0.0
2007-10-26,38.55839920043945,5702.2998046875,38.893687606085244,5716.89990234375,37.91829822039381,5513.35009765625,38.522838250206526,5564.25,3895100.0,0.0
2007-10-29,38.27900695800781,5905.89990234375,38.72098229794544,5922.5,38.05040129561008,5708.89990234375,38.60921815158043,5708.89990234375,2944500.0,0.0
2007-10-30,38.451725006103516,5868.75,38.67017199981262,5976.0,38.030070875665565,5833.89990234375,38.045310732645824,5917.5498046875,3565400.0,0.0
2007-10-31,39.14262008666992,5900.64990234375,39.32042484670651,5952.25,38.13166582444903,5861.2998046875,38.700644932419195,5868.89990234375,5673500.0,0.0
2007-11-01,37.745582580566406,5866.4501953125,38.49236269112697,6011.9501953125,37.59825750579014,5837.2001953125,38.345041492204395,5903.7998046875,8936900.0,0.0
2007-11-02,36.99878692626953,5932.39990234375,37.95893635576694,5944.75,36.37392586657398,5714.25,37.95893635576694,5854.85009765625,9155900.0,0.0
2007-11-05,36.47046661376953,5847.2998046875,36.82099887009777,5948.5498046875,36.130096847225595,5819.60009765625,36.19105628251452,5931.89990234375,6723000.0,0.0
2007-11-06,36.85146713256836,5786.5,36.90734918144859,5957.2001953125,36.07928093487054,5759.9501953125,36.32313022778907,5847.10009765625,6195200.0,0.0
2007-11-07,35.60682678222656,5782.35009765625,36.83114676260684,5861.35009765625,35.36806260375799,5744.2998046875,36.83114676260684,5782.39990234375,7029000.0,0.0
2007-11-08,35.83036804199219,5698.75,35.998014253049426,5780.7998046875,35.144547213677,5646.75,35.998014253049426,5779.2998046875,9324000.0,0.0
2007-11-09,35.708438873291016,,36.064048460888486,,35.235983920709344,,35.63223571141904,,7891800.0,
2007-11-12,35.71352005004883,5617.10009765625,36.38917826520521,5660.60009765625,35.464589463347934,5477.5,36.10469059566568,5660.60009765625,5978700.0,0.0
2007-11-13,36.99370193481445,5695.39990234375,37.00894178519028,5758.85009765625,35.83542679602666,5591.60009765625,35.83542679602666,5612.35009765625,7518200.0,0.0
2007-11-14,36.45014572143555,5937.89990234375,37.745587990796906,5950.2001953125,36.20121898223566,5700.0498046875,37.745587990796906,5703.9501953125,6177900.0,0.0
2007-11-15,36.2469367980957,5912.10009765625,36.511107259227074,5966.9501953125,35.66779893250146,5895.64990234375,36.2469367980957,5942.7001953125,7255200.0,0.0
2007-11-16,35.55602264404297,5906.85009765625,36.42981038825948,5948.0498046875,35.27661629615691,5817.39990234375,36.42981038825948,5913.14990234375,9041400.0,0.0
2007-11-19,34.87528991699219,5907.64990234375,35.37822453824125,5981.7998046875,34.727964850999335,5893.7998046875,35.327423726898,5908.0498046875,6026100.0,0.0
2007-11-20,34.06248474121094,5780.89990234375,35.35284236408667,5923.7001953125,33.4528630297312,5755.7998046875,34.98707398822564,5911.25,9575200.0,0.0
2007-11-21,33.80846405029297,5561.0498046875,34.189476024372055,5790.0498046875,33.19884256625389,5530.85009765625,33.493492756413396,5778.7998046875,8551100.0,0.0
2007-11-22,,5519.35009765625,,5608.64990234375,,5394.35009765625,,5564.64990234375,,0.0
2007-11-23,34.45362854003906,5608.60009765625,34.75843721955806,5638.60009765625,34.158978470301214,5514.75,34.38758788682995,5524.2998046875,2247200.0,0.0
2007-11-26,33.1581916809082,5731.7001953125,34.61619851544677,5772.5498046875,32.89402515339152,5608.9501953125,34.285987449161,5611.2998046875,8136200.0,0.0
2007-11-27,33.402034759521484,5698.14990234375,33.63064029118481,5743.5498046875,32.79749479128168,5655.60009765625,32.89401902173408,5729.25,8787300.0,0.0
2007-11-28,34.96672821044922,5617.5498046875,35.053089965667176,5749.9501953125,33.62556681748323,5595.5,33.62556681748323,5699.5498046875,8215500.0,0.0
2007-11-29,35.24614334106445,5634.60009765625,35.24614334106445,5725.0,34.285993556700035,5612.10009765625,35.12422060478828,5617.7998046875,6977200.0,0.0
2007-11-30,35.5712776184082,5762.75,35.98277320246484,5782.5498046875,35.22074922380622,5632.64990234375,35.972610712270935,5633.89990234375,8206000.0,0.0
2007-12-03,35.312191009521484,5865.0,35.5560365036044,5878.7998046875,34.915939174746065,5754.60009765625,35.21058549044173,5765.4501953125,5246000.0,0.0
2007-12-04,34.38759231567383,5858.35009765625,35.14453480706883,5897.25,34.33171026504871,5840.2998046875,34.80924250331814,5870.2001953125,6202200.0,0.0
2007-12-05,35.36806869506836,5940.0,35.47475156999679,5949.2998046875,34.67716675432389,5859.9501953125,34.73304881393218,5861.89990234375,8667700.0,0.0
2007-12-06,36.63812255859375,5954.7001953125,36.69400463970989,6027.0498046875,35.08867190192854,5919.7998046875,35.51032619549386,5941.0498046875,6237500.0,0.0
2007-12-07,36.46030044555664,5974.2998046875,37.054682010636945,6042.10009765625,36.43490197536675,5894.7998046875,36.61778801449086,5963.60009765625,11116800.0,0.0
2007-12-10,37.37472152709961,5960.60009765625,37.37472152709961,6015.2998046875,36.35868994677791,5923.35009765625,36.587295502009134,5974.0,6097500.0,0.0
2007-12-11,35.23597717285156,6097.25,37.674454630651844,6111.2001953125,35.144534171287724,5960.39990234375,37.20199976854753,5960.39990234375,9826900.0,0.0
2007-12-12,35.34773635864258,6159.2998046875,36.80066169494436,6175.64990234375,34.84987922469791,6005.4501953125,36.262162371320024,6067.0498046875,9883300.0,0.0
2007-12-13,34.73812484741211,6058.10009765625,35.20042116352344,6185.39990234375,34.31647460819018,6040.39990234375,34.76352719202287,6159.25,7341900.0,0.0
2007-12-14,33.686546325683594,6047.7001953125,35.159793789759426,6078.5498046875,33.686546325683594,6015.0498046875,34.24536713595237,6056.2001953125,7903000.0,0.0
2007-12-17,33.07691192626953,5777.0,33.73225283039665,6039.9501953125,33.02611111701967,5740.60009765625,33.640809823405576,6037.9501953125,8478800.0,0.0
2007-12-18,33.50363540649414,5742.2998046875,33.661122916321204,5874.60009765625,32.518087538718795,5710.60009765625,33.468074460891714,5777.60009765625,8550200.0,0.0
2007-12-19,33.78306579589844,5751.14990234375,33.80338690208124,5840.7998046875,33.14296451663157,5676.7001953125,33.153127007650326,5730.25,6107100.0,0.0
2007-12-20,33.91006088256836,5766.5,34.219950887593455,5799.5,33.34108168668461,5742.75,34.098028158423254,5751.75,6199200.0,0.0
2007-12-21,34.489192962646484,,34.489192962646484,,33.910055250459685,,34.08277876510875,,5328100.0,
2007-12-24,35.429019927978516,5985.10009765625,35.46966212117513,6001.0498046875,34.423150839405785,5771.2998046875,34.50443134994616,5771.2998046875,4013400.0,0.0
2007-12-26,34.839717864990234,6070.75,35.26644919538344,6085.25,34.666990510412816,5988.4501953125,35.149607754093395,5988.4501953125,4928200.0,0.0
2007-12-27,34.16192626953125,6081.5,34.80939674590051,6110.85009765625,33.97693358471163,6060.2001953125,34.65009901416671,6069.0,5923400.0,0.0
2007-12-28,33.65835189819336,6079.7001953125,34.40345888346423,6098.60009765625,33.3911422799001,6021.89990234375,34.269856034568335,6079.5498046875,6037000.0,0.0
2007-12-31,33.761112213134766,6138.60009765625,34.06943602333699,6167.75,33.314049745241725,6095.0,33.314049745241725,6095.0,4841000.0,0.0
2008-01-01,,6144.35009765625,,6165.35009765625,,6109.85009765625,,6136.75,,0.0
2008-01-02,33.47849655151367,6179.39990234375,34.19791244036262,6197.0,33.30377941598551,6060.85009765625,33.77654089297271,6144.7001953125,7140100.0,0.0
2008-01-03,32.394229888916016,6178.5498046875,33.86389226056342,6230.14990234375,32.394229888916016,6126.39990234375,33.73542529745089,6184.25,7858800.0,0.0
2008-01-04,31.36649513244629,6274.2998046875,32.373675683242645,6300.0498046875,31.35107776343641,6179.10009765625,32.02424537619079,6179.10009765625,11329300.0,0.0
2008-01-07,31.65941619873047,6279.10009765625,31.895795071025237,6289.7998046875,30.862920979323356,6193.35009765625,31.736495243043265,6271.0,8651900.0,0.0
2008-01-08,30.508337020874023,6287.85009765625,32.558670827687415,6357.10009765625,30.426118234349584,6221.60009765625,31.808424155620557,6282.4501953125,10957900.0,0.0
2008-01-09,31.109569549560547,6272.0,31.14040037535588,6338.2998046875,29.439498530282776,6231.25,30.570008535382517,6287.5498046875,16010500.0,0.0
2008-01-10,31.520671844482422,6156.9501953125,32.08592601543044,6347.0,30.158920486855752,6142.89990234375,30.374746125386842,6278.10009765625,16104400.0,0.0
2008-01-11,31.469266891479492,6200.10009765625,32.01396553879244,6224.2001953125,30.677909959807604,6112.5498046875,31.24316379085883,6166.64990234375,11200200.0,0.0
2008-01-14,31.381900787353516,6206.7998046875,32.01909760812073,6244.14990234375,30.68818016528616,6172.0,31.767301568557546,6208.7998046875,8389300.0,0.0
2008-01-15,30.564855575561523,6074.25,31.04789058712343,6260.4501953125,30.42097322323458,6053.2998046875,30.826929243299922,6226.35009765625,11132200.0,0.0
2008-01-16,30.960546493530273,5935.75,31.566910880431095,6065.0,30.390152709220953,5825.75,30.390152709220953,6065.0,12410600.0,0.0
2008-01-17,30.585426330566406,5913.2001953125,31.371643813599658,6013.14990234375,30.446681722928002,5880.2998046875,31.104432194472107,5937.9501953125,9742900.0,0.0
2008-01-18,30.328487396240234,5705.2998046875,31.068456556897903,5908.75,29.686152442813214,5677.0,30.688195362209505,5907.75,11506100.0,0.0
2008-01-21,,5208.7998046875,,5705.0,,4977.10009765625,,5705.0,,0.0
2008-01-22,31.351083755493164,4899.2998046875,31.4589975181862,5203.35009765625,29.1568692648299,4448.5,29.290474073532184,5203.35009765625,16160300.0,0.0
2008-01-23,33.915279388427734,5203.39990234375,34.24415451128152,5328.0498046875,30.54944523511111,4891.60009765625,30.54944523511111,4903.0498046875,23458200.0,0.0
2008-01-24,33.25238800048828,5033.4501953125,33.99235895676637,5357.2001953125,32.743659928297376,4995.7998046875,33.86389199466256,5208.0,13291600.0,0.0
2008-01-25,32.78990936279297,5383.35009765625,33.884448470503834,5399.25,32.55352865372254,5035.0498046875,33.61723498366325,5035.0498046875,11214700.0,0.0
2008-01-28,34.00777816772461,5274.10009765625,34.00777816772461,5380.9501953125,32.342845290174644,5071.0,32.63061202315564,5380.9501953125,10138700.0,0.0
2008-01-29,33.80223846435547,5280.7998046875,34.233889649215534,5391.60009765625,33.38600661365271,5225.25,33.91529005849743,5279.5498046875,8899800.0,0.0
2008-01-30,33.0108642578125,5167.60009765625,34.346919668053054,5314.2998046875,32.90295249719114,5142.25,33.85874685755167,5283.75,15006600.0,0.0
2008-01-31,33.797088623046875,5137.4501953125,34.01291611146414,5251.64990234375,32.409646920154266,5071.14990234375,32.45589510760071,5172.25,14157100.0,0.0
2008-02-01,35.11259460449219,5317.25,35.11259460449219,5339.9501953125,33.550435715515185,5090.75,33.822785075673835,5140.60009765625,10200800.0,0.0
2008-02-04,34.567893981933594,5463.5,35.035515680829725,5545.2001953125,34.172217400214784,5315.5498046875,35.035515680829725,5315.5498046875,7270300.0,0.0
2008-02-05,33.473350524902344,5483.89990234375,34.531917012549705,5500.60009765625,33.38599393369853,5412.9501953125,34.018049176526645,5463.75,11490400.0,0.0
2008-02-06,32.831016540527344,5322.5498046875,33.79708668472446,5470.39990234375,32.831016540527344,5257.0498046875,33.63778890618412,5470.39990234375,10634800.0,0.0
2008-02-07,33.62238693237305,5133.25,33.62238693237305,5344.60009765625,32.51243201406607,5113.85009765625,32.712840241499805,5322.5498046875,9400400.0,0.0
2008-02-08,32.579219818115234,5120.35009765625,33.5709848445827,5173.85009765625,32.1784015948213,5034.25,33.550429661798375,5132.10009765625,13823600.0,0.0
2008-02-11,31.926616668701172,4857.0,32.75908220890431,5126.39990234375,31.859813285522627,4803.60009765625,32.404514024804065,5120.5498046875,9407000.0,0.0
2008-02-12,32.93378829956055,4838.25,32.980038444264295,4949.60009765625,32.106462715837566,4820.4501953125,32.16812630835879,4877.85009765625,10333900.0,0.0
2008-02-13,33.087947845458984,4929.4501953125,33.45279351870077,4986.5498046875,32.461028492381445,4836.5498046875,33.09308762127936,4836.5498046875,14019900.0,0.0
2008-02-14,32.841304779052734,5202.0,33.1496267643799,5220.25,32.42507098097398,4944.64990234375,32.902968392017804,4944.64990234375,6206500.0,0.0
2008-02-15,32.70768737792969,5302.89990234375,32.70768737792969,5315.39990234375,31.967716465944378,5104.75,32.19381956027329,5202.85009765625,7026100.0,0.0
2008-02-18,,5276.89990234375,,5348.60009765625,,5224.0,,5304.4501953125,,0.0
2008-02-19,32.137290954589844,5280.7998046875,33.13933154251479,5368.4501953125,32.13215117912613,5262.0,32.887537431792616,5278.39990234375,7789300.0,0.0
2008-02-20,32.88753890991211,5154.4501953125,32.88753890991211,5267.14990234375,31.95743749442613,5116.2998046875,32.06021144556962,5267.14990234375,11189700.0,0.0
2008-02-21,32.142433166503906,5191.7998046875,33.221556812245794,5241.35009765625,32.08076957425445,5120.0498046875,33.113645035746686,5156.89990234375,11578600.0,0.0
2008-02-22,32.8978157043457,5110.75,32.8978157043457,5184.0,31.80841844854468,5092.7998046875,32.14757112713845,5183.39990234375,10194800.0,0.0
2008-02-25,33.915279388427734,5200.7001953125,33.915279388427734,5212.35009765625,32.45589456057628,5055.14990234375,32.774492090809595,5112.25,8961400.0,0.0
2008-02-26,33.894718170166016,5270.0498046875,34.14651228367384,5281.2001953125,33.4168209797532,5200.7998046875,33.4322363858149,5200.7998046875,7200400.0,0.0
2008-02-27,33.653202056884766,5268.39990234375,34.187625054155156,5368.14990234375,33.44765414708842,5249.75,33.54015051047176,5271.39990234375,5700100.0,0.0
2008-02-28,32.954341888427734,5285.10009765625,33.45279430115631,5302.85009765625,32.954341888427734,5227.14990234375,33.45279430115631,5266.35009765625,5285200.0,0.0
2008-02-29,32.37881851196289,5223.5,32.87727104835656,5290.7998046875,32.30173949598234,5098.35009765625,32.7744970667985,5285.0,6919900.0,0.0
2008-03-03,32.55353546142578,4953.0,32.61006125236674,5222.7998046875,31.864952295896494,4936.0498046875,32.332572075157,5222.7998046875,10580900.0,0.0
2008-03-04,32.29145812988281,4864.25,32.53811448066019,4976.7001953125,31.705649051755234,4812.9501953125,31.962582995512975,4958.5498046875,9860600.0,0.0
2008-03-05,32.260616302490234,4921.39990234375,32.78990141114769,4936.75,31.98826702577564,4847.25,32.26575607766403,4866.85009765625,6361200.0,0.0
2008-03-06,30.78069496154785,,32.11675101987425,,30.78069496154785,,31.936897998263326,,13605600.0,
2008-03-07,31.088991165161133,4771.60009765625,31.500084871162965,4918.2998046875,30.31305191759826,4672.25,30.49290480139612,4918.2998046875,12618500.0,0.0
2008-03-10,30.585426330566406,4800.39990234375,31.35622839950129,4814.9501953125,30.585426330566406,4620.5,31.35622839950129,4767.7998046875,6875100.0,0.0
2008-03-11,32.75907897949219,4865.89990234375,32.75907897949219,4888.5,31.253445859379408,4732.85009765625,31.448716212362598,4796.2998046875,13369800.0,0.0
2008-03-12,32.055076599121094,4872.0,33.19072210157933,5019.2001953125,31.998550822744157,4854.75,32.491863481624286,4869.75,8016100.0,0.0
2008-03-13,32.455894470214844,4623.60009765625,32.6460250325384,4868.7998046875,30.934846051125692,4580.14990234375,31.474406920571127,4868.7001953125,13879700.0,0.0
2008-03-14,31.926616668701172,4745.7998046875,32.7796373976132,4758.9501953125,31.10442676260179,4607.5498046875,32.58950484243201,4623.7998046875,14895200.0,0.0
2008-03-17,31.710792541503906,4503.10009765625,32.00883691050626,4745.4501953125,31.04276456026686,4482.10009765625,31.34594674655339,4745.4501953125,13879700.0,0.0
2008-03-18,33.329471588134766,4533.0,33.416828188328715,4617.9501953125,32.20409965686861,4468.5498046875,32.45589578494313,4519.89990234375,12294900.0,0.0
2008-03-19,32.964637756347656,4573.9501953125,33.91529290987241,4718.39990234375,32.964637756347656,4533.89990234375,33.65835887267641,4534.75,12237300.0,0.0
2008-03-20,34.341800689697266,,34.40346234292612,,32.88755325335503,,32.88755325335503,,11888600.0,
2008-03-24,34.927608489990234,4609.85009765625,35.32328512386733,4649.4501953125,34.454850872227496,4539.7998046875,34.86080314105522,4576.7998046875,11092800.0,0.0
2008-03-25,35.2029914855957,4877.5,35.4108328185808,4896.7998046875,34.600252016363285,4616.7998046875,34.932800527685664,4616.7998046875,10191600.0,0.0
2008-03-26,34.27288818359375,4828.85009765625,35.12503367302288,4912.2998046875,34.27288818359375,4808.64990234375,35.073074355714624,4878.7001953125,6958500.0,0.0
2008-03-27,34.12743377685547,4830.25,34.87566136104032,4863.75,33.90400492681392,4769.60009765625,34.31968779897121,4828.7998046875,7634400.0,0.0
2008-03-28,33.60261917114258,4942.0,34.17417987720857,4970.7998046875,33.5454627041116,4796.35009765625,34.06506406676138,4830.0,9477600.0,0.0
2008-03-31,33.8260498046875,4734.5,34.491138951742506,4947.0,33.53507429391194,4703.85009765625,33.6182084551718,4942.14990234375,6473900.0,0.0
2008-04-01,35.4887580871582,4739.5498046875,35.66022344396071,4800.75,34.25210488425305,4628.75,34.475533524457106,4735.64990234375,12402900.0,0.0
2008-04-02,35.63945007324219,4754.2001953125,35.92523236438986,4916.75,35.12504591341954,4741.39990234375,35.69660653147172,4741.39990234375,7307900.0,0.0
2008-04-03,36.36688995361328,4771.60009765625,36.36688995361328,4833.25,35.30170978207496,4738.2001953125,35.40562844516649,4753.89990234375,8202300.0,0.0
2008-04-04,35.77454376220703,4647.0,36.33051691771008,4791.7001953125,35.634253174885394,4632.7001953125,36.2681673074528,4766.7001953125,9858700.0,0.0
2008-04-07,35.69141387939453,4761.2001953125,36.02915154650691,4798.5498046875,35.40043446130312,4628.7998046875,36.02395838786193,4631.35009765625,10817900.0,0.0
2008-04-08,35.24455642700195,4709.64990234375,35.66543220304418,4769.5498046875,35.14063379053007,4677.7998046875,35.358869344999405,4760.64990234375,8107400.0,0.0
2008-04-09,34.52750778198242,4747.0498046875,35.32769432881622,4758.25,34.42358909870267,4667.5,35.32769432881622,4707.0498046875,13676400.0,0.0
2008-04-10,34.45476150512695,4733.0,35.00554158793515,4799.5,34.17937344584455,4720.89990234375,34.41838957209425,4747.5498046875,9904700.0,0.0
2008-04-11,34.330047607421875,4777.7998046875,34.802886553803624,4817.39990234375,34.08583443416907,4727.25,34.1637753990305,4734.35009765625,6406500.0,0.0
2008-04-14,34.14301300048828,,34.61585225324721,,34.06507198512481,,34.19497235598235,,6146500.0,
2008-04-15,34.31966781616211,4879.64990234375,34.53270229002416,4917.10009765625,34.01829810753448,4708.2998046875,34.48074295231952,4779.9501953125,4876500.0,0.0
2008-04-16,35.800533294677734,4887.2998046875,36.055136842539966,4951.39990234375,34.66780220934475,4874.0498046875,34.76652773298758,4881.64990234375,7566100.0,0.0
2008-04-17,36.00837707519531,4958.39990234375,36.07072670342899,4984.9501953125,35.39005016691861,4889.64990234375,35.69141991752775,4890.60009765625,5642400.0,0.0
2008-04-18,36.04474639892578,,36.928067091620385,,35.80573025812893,,36.642284768796095,,11815500.0,
2008-04-21,35.686214447021484,5037.0,35.987584127142505,5053.39990234375,35.55111701037361,4955.89990234375,35.74856802491504,4955.89990234375,6723200.0,0.0
2008-04-22,35.51994323730469,5049.2998046875,35.81091868079038,5074.25,35.32249618125984,4994.0498046875,35.65504067788437,5037.0498046875,5998500.0,0.0
2008-04-23,35.93043518066406,5022.7998046875,36.20062614618224,5083.5,35.43161834600018,5003.5498046875,35.592693500583486,5044.35009765625,5921700.0,0.0
2008-04-24,36.75660705566406,4999.85009765625,36.82935094467648,5072.7001953125,35.81093253425805,4991.35009765625,36.008383630930005,5022.89990234375,7680500.0,0.0
2008-04-25,36.88129806518555,5111.7001953125,36.99560700896908,5117.7001953125,36.47600576466197,4999.14990234375,36.99560700896908,4999.14990234375,5998600.0,0.0
2008-04-28,36.96442794799805,5089.64990234375,37.011194116008866,5147.4501953125,36.621493227635895,5079.14990234375,37.011194116008866,5112.5,6289200.0,0.0
2008-04-29,36.42923355102539,5195.5,36.81373725622918,5210.89990234375,36.231786559540595,5082.14990234375,36.81373725622918,5092.39990234375,6514300.0,0.0
2008-04-30,35.790138244628906,5165.89990234375,36.79816609511495,5230.75,35.790138244628906,5155.85009765625,36.330524104464544,5198.35009765625,9774200.0,0.0
2008-05-01,36.63189697265625,,36.72022825507249,,35.6914197515617,,35.842104626165586,,9682500.0,
2008-05-02,36.694244384765625,5228.2001953125,37.22943307711326,5298.85009765625,36.543559535540226,5197.60009765625,37.0579637006592,5265.2998046875,7715600.0,0.0
2008-05-05,36.60591506958008,5192.25,36.78777872116463,5254.5,36.299352162954904,5182.60009765625,36.527978035179686,5227.25,4363500.0,0.0
2008-05-06,36.89690399169922,5144.64990234375,36.89690399169922,5206.5,36.22142044928779,5110.89990234375,36.40328018324629,5192.35009765625,3181700.0,0.0
2008-05-07,35.81092071533203,5135.5,36.94365171013966,5159.0498046875,35.72778656857431,5101.25,36.86571072213702,5156.7001953125,6006300.0,0.0
2008-05-08,35.79534912109375,5081.7001953125,36.044759600016135,5143.0498046875,35.46280445869395,5062.4501953125,35.95642432699972,5135.7998046875,5163800.0,0.0
2008-05-09,35.54072570800781,4982.60009765625,35.88885758836082,5087.64990234375,35.32249413801723,4969.39990234375,35.47837213190641,5070.85009765625,6413900.0,0.0
2008-05-12,36.29935073852539,5012.64990234375,36.34611295733062,5021.75,35.50436130488683,4913.7998046875,35.60308286600133,4981.0,4772000.0,0.0
2008-05-13,36.49159622192383,4957.7998046875,36.51237678264414,5066.0,36.02395432086095,4943.75,36.37208619444667,5008.60009765625,4805300.0,0.0
2008-05-14,36.735801696777344,5011.75,36.88648651409771,5026.10009765625,36.496785630620266,4932.0498046875,36.54874495556878,4958.4501953125,4626500.0,0.0
2008-05-15,37.19306182861328,5115.25,37.19306182861328,5118.5498046875,36.465619219222674,4999.60009765625,36.77737920489199,5010.89990234375,5210900.0,0.0
2008-05-16,36.948856353759766,5157.7001953125,37.23463871319024,5167.39990234375,36.74101499819616,5106.39990234375,37.23463871319024,5115.64990234375,6593700.0,0.0
2008-05-19,37.229427337646484,,37.286583787652994,,36.782569981727924,,37.151486363615554,,5440400.0,
2008-05-20,36.46043395996094,5104.9501953125,36.917685787686196,5160.0498046875,36.13308646313047,5072.39990234375,36.78778542103599,5157.0,8566300.0,0.0
2008-05-21,35.670623779296875,5117.64990234375,36.82933225502064,5135.5498046875,35.56670115898452,5048.7001953125,36.40325942234654,5105.7001953125,8043600.0,0.0
2008-05-22,35.431617736816406,5025.4501953125,35.821318753845205,5118.89990234375,35.32769508706248,5010.7001953125,35.73818063404207,5117.0,5312800.0,0.0
2008-05-23,35.2029914855957,4946.5498046875,35.39004828885792,5059.0498046875,35.07309114801048,4940.7001953125,35.36926375913504,5026.5498046875,5037900.0,0.0
2008-05-26,,4875.0498046875,,4953.60009765625,,4858.0,,4953.60009765625,,0.0
2008-05-27,35.70701217651367,4859.7998046875,35.873284481470016,4932.0,35.00555101386174,4846.2001953125,35.405642384953914,4877.14990234375,4230300.0,0.0
2008-05-28,35.852474212646484,4918.35009765625,35.997961879520595,4926.89990234375,35.58228339762908,4835.64990234375,35.82649257317256,4862.7001953125,3708700.0,0.0
2008-05-29,36.22659683227539,4835.2998046875,36.30453780627278,4957.39990234375,35.67062369864979,4801.89990234375,35.67062369864979,4926.2998046875,4691900.0,0.0
2008-05-30,36.081111907958984,4870.10009765625,36.41884954756135,4908.85009765625,35.96160187672404,4833.4501953125,36.32012800618596,4844.0498046875,7055000.0,0.0
2008-06-02,35.57709503173828,4739.60009765625,35.91483660680307,4908.7998046875,35.25494085849696,4713.0,35.85248303526659,4869.25,5939600.0,0.0
2008-06-03,35.603065490722656,4715.89990234375,35.83169124240021,4739.2998046875,35.28611246804483,4634.0,35.61865685362576,4739.2998046875,4642200.0,0.0
2008-06-04,35.800533294677734,4585.60009765625,36.18503717817795,4731.5,35.457594505756504,4564.5,35.46798875258398,4718.7001953125,4785700.0,0.0
2008-06-05,36.699432373046875,4676.9501953125,36.7565888238125,4690.60009765625,35.90444314870661,4536.25,36.03434345240254,4586.9501953125,8515500.0,0.0
2008-06-06,35.24455642700195,4627.7998046875,36.37209027408006,4746.2998046875,35.1354406318889,4614.25,36.252580233198195,4680.5498046875,7009200.0,0.0
2008-06-09,34.428775787353516,4500.9501953125,35.58748421528787,4626.4501953125,34.361225095875874,4411.60009765625,35.410821714407014,4626.4501953125,10088500.0,0.0
2008-06-10,34.56387710571289,4449.7998046875,34.73534648798658,4522.5498046875,33.8208470801036,4369.7998046875,34.14819843976125,4522.0,12005600.0,0.0
2008-06-11,33.85203170776367,4523.60009765625,34.5742773303284,4541.0498046875,33.831247176235564,4468.0498046875,34.54829567485724,4469.64990234375,10701900.0,0.0
2008-06-12,34.059871673583984,4539.35009765625,34.558688517239645,4550.0,33.675363802317925,4392.0,34.13780870833965,4524.39990234375,10371700.0,0.0
2008-06-13,34.77171325683594,4517.10009765625,34.90681068622239,4563.35009765625,33.9403520841554,4491.35009765625,34.30407135837727,4539.5,5176500.0,0.0
2008-06-16,35.27054977416992,4572.5,35.30172856107747,4617.7001953125,34.43399100926824,4536.2998046875,34.55350110321634,4536.2998046875,5891900.0,0.0
2008-06-17,34.2313232421875,4653.0,35.39523270329175,4664.0498046875,34.163776518024335,4561.75,35.332879136511856,4572.5,4909100.0,0.0
2008-06-18,33.72213363647461,4582.39990234375,34.15859693531139,4679.75,33.48831061417407,4569.89990234375,34.049481110602194,4652.7998046875,10413700.0,0.0
2008-06-19,34.418399810791016,4504.25,34.496340823116334,4585.7001953125,33.46233502138453,4488.9501953125,33.654585025643144,4582.5498046875,10138700.0,0.0
2008-06-20,33.56623458862305,4347.5498046875,34.18975836744344,4532.0,33.477903341668906,4333.60009765625,34.08583575551889,4504.2001953125,10775400.0,0.0
2008-06-23,32.869991302490234,4266.39990234375,33.89360891389683,4351.14990234375,32.79205226371768,4225.5,33.7221394607767,4351.14990234375,8776800.0,0.0
2008-06-24,32.88556671142578,4191.10009765625,33.32722702302267,4305.89990234375,32.42831701300573,4156.10009765625,32.625766061751925,4271.0498046875,7978800.0,0.0
2008-06-25,33.46607971191406,4252.64990234375,33.93847072919391,4264.5498046875,33.09341837907455,4093.199951171875,33.19314606127262,4189.60009765625,11539500.0,0.0
2008-06-26,32.26936721801758,4315.85009765625,33.16165656900425,4324.75,32.24312382580319,4230.0,32.757501921726686,4252.60009765625,8419200.0,0.0
2008-06-27,32.01742935180664,4136.64990234375,32.52655960680711,4315.2998046875,31.74449364821065,4119.2001953125,32.33235408551752,4315.2998046875,7528400.0,0.0
2008-06-30,31.912452697753906,4040.550048828125,32.47931960202209,4163.0,31.61852349012675,4021.699951171875,31.996432757396313,4136.25,7601900.0,0.0
2008-07-01,32.09615707397461,3896.75,32.09615707397461,4075.39990234375,31.10414009599755,3878.199951171875,31.4873012051392,4039.75,11533700.0,0.0
2008-07-02,31.4295654296875,4093.35009765625,32.206381421987025,4107.14990234375,31.41381779317817,3848.25,31.78123127659829,3895.300048828125,8227500.0,0.0
2008-07-03,31.177616119384766,3925.75,31.681496290458657,4097.35009765625,31.07264058318392,3874.85009765625,31.681496290458657,4094.60009765625,5336100.0,0.0
2008-07-04,,4016.0,,4033.5,,3896.39990234375,,3926.64990234375,,0.0
2008-07-07,30.537269592285156,4030.0,31.571275402841852,4114.5,30.337816257779775,4002.0,31.387567699240957,4002.0,12509400.0,0.0
2008-07-08,32.74699401855469,3988.550048828125,32.82047629488533,4028.699951171875,30.259084366185363,3896.050048828125,30.53726784150618,4028.699951171875,13938200.0,0.0
2008-07-09,30.337831497192383,4157.10009765625,32.558056670885534,4169.39990234375,30.232855899866134,3990.89990234375,32.558056670885534,3990.89990234375,12342200.0,0.0
2008-07-10,30.888935089111328,4162.2001953125,31.31933301609946,4187.9501953125,29.986150219016253,4110.39990234375,30.295826971580098,4155.64990234375,17803600.0,0.0
2008-07-11,30.89944076538086,4049.0,31.681506663791584,4215.5,30.075385840086607,4014.449951171875,30.185609288178647,4166.0,17415100.0,0.0
2008-07-14,29.82343101501465,4039.699951171875,31.62375445803303,4118.10009765625,29.734203125337608,4004.25,31.308829903330956,4047.449951171875,13169200.0,0.0
2008-07-15,29.540000915527344,3861.10009765625,30.553011079323458,4040.699951171875,28.957388624176637,3835.5,29.49801190472964,4039.300048828125,16090000.0,0.0
2008-07-16,31.613285064697266,3816.699951171875,31.650026228963224,3920.050048828125,29.167362688849032,3790.199951171875,29.634502065010448,3861.550048828125,19461800.0,0.0
2008-07-17,32.12239456176758,3947.199951171875,32.332343649058465,3968.75,30.941424188189664,3823.14990234375,31.917693350706124,3823.14990234375,18756600.0,0.0
2008-07-18,32.13289260864258,4092.25,32.30085268089928,4110.5498046875,31.634260268149603,3926.300048828125,32.1801315041049,3962.949951171875,7838800.0,0.0
2008-07-21,32.22737503051758,4159.5,32.489812931410256,4168.14990234375,31.901950591796215,4072.75,32.0646628111569,4092.199951171875,9094000.0,0.0
2008-07-22,33.25088882446289,4240.10009765625,33.34536665050758,4262.4501953125,31.697256577438942,4137.9501953125,31.98593793380094,4158.4501953125,13728300.0,0.0
2008-07-23,33.95946502685547,4476.7998046875,34.56832291947548,4491.5498046875,33.014690923648864,4246.7001953125,33.109168734418006,4246.7001953125,24829600.0,0.0
2008-07-24,31.87044906616211,4433.5498046875,34.31112155971881,4539.4501953125,31.62375687801463,4385.85009765625,34.30587168213519,4476.2001953125,18157900.0,0.0
2008-07-25,32.35333251953125,4311.85009765625,32.83096924807721,4440.85009765625,31.765472392607354,4297.14990234375,32.02266032215587,4440.85009765625,12596700.0,0.0
2008-07-28,31.665761947631836,4332.10009765625,32.86772615871737,4352.64990234375,31.40332401470829,4282.25,32.279865749596524,4282.25,10412700.0,0.0
2008-07-29,33.25088882446289,4189.85009765625,33.42934671785366,4332.2001953125,31.54504207967331,4159.14990234375,31.702506457909617,4332.2001953125,13301000.0,0.0
2008-07-30,33.08817672729492,4313.5498046875,33.63404813576188,4327.0,32.06466833698003,4191.2001953125,33.48708152440992,4191.2001953125,18801500.0,0.0
2008-07-31,32.699764251708984,4332.9501953125,33.01469095532241,4342.0,32.21687944264113,4285.5498046875,32.51605850961631,4314.35009765625,11626000.0,0.0
2008-08-01,32.77848434448242,4413.5498046875,32.862464367371864,4422.9501953125,31.91768860930521,4235.7001953125,32.862464367371864,4331.60009765625,10080900.0,0.0
2008-08-04,32.31659698486328,4395.35009765625,32.74174702656504,4436.14990234375,32.064656886824366,4362.89990234375,32.61577597642462,4426.10009765625,9984300.0,0.0
2008-08-05,33.697025299072266,4502.85009765625,33.807252742787924,4515.14990234375,32.41632904732322,4376.0,32.495061219483844,4395.7998046875,14410900.0,0.0
2008-08-06,33.5395622253418,4517.5498046875,33.69177667791573,4615.89990234375,33.05667547978638,4503.89990234375,33.56580561317541,4506.25,7676500.0,0.0
2008-08-07,32.72600173950195,4523.85009765625,33.36635078598182,4580.14990234375,32.358590321595855,4493.7001953125,33.13015630144072,4515.25,9530500.0,0.0
2008-08-08,33.7862548828125,4529.5,34.21665285564202,4546.35009765625,32.4898110853487,4464.0,32.568541249797704,4518.35009765625,11405200.0,0.0
2008-08-11,34.61555099487305,4620.39990234375,35.00920777193901,4625.2001953125,33.607790606660316,4529.35009765625,33.864978579754606,4529.35009765625,14096200.0,0.0
2008-08-12,33.84925079345703,4552.25,34.50534576776919,4649.85009765625,33.403107011821945,4525.75,34.363631015291574,4620.9501953125,11123200.0,0.0
2008-08-13,33.303348541259766,4529.0498046875,33.6655118900694,4572.64990234375,32.925437567029896,4497.25,33.54479077379953,4548.0498046875,10545200.0,0.0
2008-08-14,33.854488372802734,4430.7001953125,33.93322054200847,4529.7998046875,32.93595574253289,4421.25,32.98319464360789,4524.2001953125,7144100.0,0.0
2008-08-15,33.8019905090332,,34.33211600304032,,33.476566185135965,,33.9594507913191,,7971400.0,
2008-08-18,33.09342956542969,4393.0498046875,33.917486681821956,4447.39990234375,32.76275714312834,4379.85009765625,33.81775896591357,4430.7001953125,8996400.0,0.0
2008-08-19,32.411075592041016,4368.25,32.77323911671583,4393.7001953125,32.038414312735384,4316.5498046875,32.72600022199807,4393.10009765625,10014700.0,0.0
2008-08-20,32.48979568481445,4415.75,32.65250581556124,4434.89990234375,31.77596465295136,4365.4501953125,32.505541309792214,4365.4501953125,11241500.0,0.0
2008-08-21,32.043663024902344,4283.85009765625,32.20112534398883,4418.5498046875,31.76022964920145,4271.2998046875,32.14863857170734,4416.2001953125,10590500.0,0.0
2008-08-22,32.77848434448242,4327.4501953125,33.06716554802478,4337.0,32.04365764251853,4248.0,32.26935432945423,4283.85009765625,9436700.0,0.0
2008-08-25,32.05415344238281,4335.35009765625,32.746989089561964,4398.7998046875,31.90193903447063,4317.9501953125,32.72599358455858,4317.9501953125,9379600.0,0.0
2008-08-26,32.30085372924805,4337.5,32.437320541545006,4345.0498046875,31.7864757409871,4283.2998046875,31.93868818486854,4335.2001953125,9601700.0,0.0
2008-08-27,32.589534759521484,4292.10009765625,32.61577814605925,4364.25,32.08565452992502,4282.64990234375,32.13289342658982,4336.85009765625,4988900.0,0.0
2008-08-28,33.6707763671875,4214.0,33.7600042735513,4304.5,32.705005015983645,4201.85009765625,32.710252891905455,4290.75,9100600.0,0.0
2008-08-29,33.292869567871094,4360.0,33.7914999373419,4368.7998046875,33.124909485098215,4230.60009765625,33.37684960925753,4230.60009765625,8286300.0,0.0
2008-09-01,,4348.64990234375,,4365.0,,4281.35009765625,,4356.10009765625,,0.0
2008-09-02,33.702266693115234,4504.0,34.2691333845689,4522.39990234375,33.05142197578896,4343.10009765625,33.76000333786424,4358.85009765625,14084500.0,0.0
2008-09-03,34.16416549682617,,34.17466525582833,,33.36110812824766,,33.634043797274906,,12648800.0,
2008-09-04,33.09866714477539,4447.75,34.00670199669575,4514.60009765625,33.067173877418284,4419.4501953125,33.82299627605142,4512.9501953125,11409600.0,0.0
2008-09-05,33.3086051940918,4352.2998046875,33.3086051940918,4444.7001953125,32.41631627100135,4328.89990234375,32.83096847676713,4444.7001953125,14259100.0,0.0
2008-09-08,34.74677276611328,4482.2998046875,34.97771937567327,4558.0,33.59204772728163,4358.2998046875,34.48433489324389,4358.2998046875,19545100.0,0.0
2008-09-09,33.22462463378906,4468.7001953125,34.80974916479101,4497.5,33.11964911474918,4418.9501953125,34.405596720185905,4485.14990234375,16618900.0,0.0
2008-09-10,33.40309143066406,4400.25,33.81774374154954,4467.5,32.75224664099458,4382.35009765625,33.61304252540765,4467.5,14613600.0,0.0
2008-09-11,33.7862548828125,4290.2998046875,33.81249626872,4399.2998046875,32.73125345991313,4272.75,33.03043248975213,4397.25,15908200.0,0.0
2008-09-12,34.14317321777344,4228.4501953125,34.211405631809654,4323.89990234375,33.19314727598353,4200.14990234375,33.42409191276324,4291.60009765625,13987700.0,0.0
2008-09-15,32.043663024902344,4072.89990234375,33.50806679711493,4237.25,31.896698460720554,3955.39990234375,32.778489850295315,4231.9501953125,27435000.0,0.0
2008-09-16,33.03042984008789,4074.89990234375,33.13540538650772,4090.10009765625,31.07789148430196,3919.35009765625,31.172369275855605,4072.550048828125,40741800.0,0.0
2008-09-17,31.49254035949707,4008.25,32.9097050761228,4116.7001953125,31.11987911244772,3974.60009765625,32.390077279204704,4074.800048828125,38255800.0,0.0
2008-09-18,34.15367126464844,4038.14990234375,34.17466677910384,4050.10009765625,30.028146779557098,3799.550048828125,31.62376983780355,4005.25,48435400.0,0.0
2008-09-19,35.27166748046875,4245.25,35.27166748046875,4262.64990234375,33.476592425751704,4040.800048828125,35.27166748046875,4040.800048828125,19358900.0,0.0
2008-09-22,32.164371490478516,4223.0498046875,35.41335226754119,4303.25,32.05414811090624,4202.39990234375,35.150914505374125,4248.9501953125,11411000.0,0.0
2008-09-23,32.369083404541016,4126.89990234375,33.35060240353647,4224.7001953125,32.248362234009136,4117.89990234375,32.8992089819222,4223.89990234375,15650200.0,0.0
2008-09-24,32.12986755371094,4161.25,32.959163361889495,4207.9501953125,31.832173182485924,4115.85009765625,32.959163361889495,4125.75,12940800.0,0.0
2008-09-25,32.72525405883789,4110.5498046875,33.054845061266626,4172.60009765625,31.938487328068106,4077.5,32.7996776373324,4162.14990234375,15335900.0,0.0
2008-09-26,33.40571975708008,3985.25,33.692784034751476,4110.7001953125,31.704600590154115,3970.35009765625,32.00229710343093,4108.75,16272700.0,0.0
2008-09-29,31.406902313232422,3850.050048828125,32.90069574735493,3997.550048828125,31.135785407753403,3777.300048828125,32.69868735102232,3990.199951171875,20029500.0,0.0
2008-09-30,32.93259811401367,3921.199951171875,33.22497751052798,3966.85009765625,31.353746533788037,3715.050048828125,32.24151898737303,3848.699951171875,14512300.0,0.0
2008-10-01,32.427581787109375,3950.75,32.51795276296401,4000.5,31.869402506188333,3861.25,32.51795276296401,3921.85009765625,11929100.0,0.0
2008-10-02,30.2799072265625,,32.066081882425046,,30.01410747486608,,31.895970203570627,,15561600.0,
2008-10-03,28.663843154907227,3818.300048828125,31.130466459880417,3969.550048828125,28.663843154907227,3804.85009765625,30.827454916749534,3953.550048828125,23607200.0,0.0
2008-10-06,28.137563705444336,3602.35009765625,28.174775510868894,3820.85009765625,26.595924234259137,3581.60009765625,27.43585247759362,3817.300048828125,23349100.0,0.0
2008-10-07,25.761308670043945,3606.60009765625,28.30767050343142,3732.64990234375,25.740044205507164,3537.0,28.3023554012427,3606.949951171875,22293000.0,0.0
2008-10-08,25.33071517944336,3513.64990234375,26.5374441738292,3604.39990234375,25.033018750635737,3329.449951171875,25.4104538820213,3604.39990234375,24026100.0,0.0
2008-10-09,23.517948150634766,,26.35668779684212,,23.252148565888344,,26.074938858045787,,25967500.0,
2008-10-10,25.389177322387695,3279.949951171875,27.64315886018184,3502.050048828125,21.917835137524293,3198.949951171875,22.518542811333614,3502.050048828125,30594200.0,0.0
2008-10-13,27.286996841430664,3490.699951171875,27.430526887870144,3510.199951171875,25.309446521180487,3272.89990234375,26.564021368311646,3272.89990234375,15665100.0,0.0
2008-10-14,25.51677703857422,3518.64990234375,27.871763081657264,3648.25,23.767814125694713,3491.5,27.744178304192246,3494.10009765625,23706100.0,0.0
2008-10-15,21.901897430419922,3338.39990234375,25.033017821401977,3518.5,21.726468641056595,3324.550048828125,24.75658586803279,3517.89990234375,18971700.0,0.0
2008-10-16,23.27874183654785,3269.300048828125,23.37974500823056,3333.85009765625,21.23739974165191,3099.89990234375,22.502607078418997,3333.85009765625,31029800.0,0.0
2008-10-17,23.03952407836914,3074.35009765625,24.123987623540145,3335.949951171875,22.093277548819252,3046.60009765625,22.422868694860565,3269.050048828125,18492300.0,0.0
2008-10-20,23.257476806640625,3122.800048828125,23.517961439147058,3238.39990234375,22.141118731078294,3058.949951171875,23.36911220861865,3108.199951171875,17278500.0,0.0
2008-10-21,22.45476722717285,3234.89990234375,23.502017024337196,3254.85009765625,22.34312977379898,3117.35009765625,22.73119722516028,3125.39990234375,14293000.0,0.0
2008-10-22,20.806800842285156,3065.14990234375,22.157063847209393,3235.75,20.05193064406362,3051.800048828125,21.92316083393459,3234.699951171875,25696000.0,0.0
2008-10-23,20.482519149780273,2943.14990234375,21.20549447881679,3085.10009765625,18.64850329725385,2917.14990234375,20.705791896872267,3064.800048828125,31301900.0,0.0
2008-10-24,19.169483184814453,2584.0,20.14762657477047,2936.25,18.21260223863558,2525.050048828125,18.483719182683473,2936.25,24985000.0,0.0
2008-10-27,18.17007064819336,2524.199951171875,19.839292714775862,2585.300048828125,17.920218240099036,2252.75,18.95152254388166,2583.75,16119800.0,0.0
2008-10-28,21.136398315429688,,21.221454166739388,,17.744794470050312,,18.792044259071364,,26639700.0,
2008-10-29,20.296464920043945,2697.050048828125,21.76899547714519,2781.25,20.030665224420417,2631.89990234375,20.84401164410338,2685.300048828125,22743600.0,0.0
2008-10-30,21.279926300048828,,21.439407764597302,,20.519738889827714,,21.263978964750404,,20262800.0,
2008-10-31,22.619565963745117,2885.60009765625,22.67804225296987,2921.35009765625,20.97692287249526,2696.300048828125,21.327778579951936,2696.300048828125,22458500.0,0.0
2008-11-03,21.795578002929688,3043.85009765625,22.678033031200954,3062.050048828125,21.768998435333586,2885.39990234375,22.41754840182072,2885.39990234375,13099200.0,0.0
2008-11-04,23.00762939453125,3142.10009765625,23.124581952180193,3152.300048828125,21.94443022431607,2985.0,22.125174164368307,3050.25,20026600.0,0.0
2008-11-05,20.785533905029297,2994.949951171875,22.656763872186225,3240.550048828125,20.652634066690517,2971.0,22.656763872186225,3155.75,21429400.0,0.0
2008-11-06,19.844608306884766,2892.64990234375,20.705798842216613,3007.800048828125,19.722338649672515,2860.25,20.487843150315005,2998.449951171875,23286800.0,0.0
2008-11-07,21.01944351196289,2973.0,21.15765848176898,3010.0,19.461856904004794,2860.10009765625,19.908400539526756,2893.25,25798500.0,0.0
2008-11-10,19.217323303222656,3148.25,21.327772001531944,3161.25,19.02063002233698,2973.300048828125,21.27992796400451,2973.300048828125,26496700.0,0.0
2008-11-11,18.9727840423584,2938.64990234375,19.414012568592575,3147.199951171875,18.201966445843,2919.449951171875,18.903677572476017,3147.199951171875,28902400.0,0.0
2008-11-12,17.574674606323242,2848.449951171875,18.473076745336428,2975.199951171875,17.4258254147334,2794.949951171875,18.409285393449647,2937.89990234375,27318200.0,0.0
2008-11-13,19.52033233642578,,19.6798117648958,,16.830438405438596,,17.702261173772914,,40172400.0,
2008-11-14,17.59593963623047,2810.35009765625,19.105682039720072,2938.800048828125,17.356721524364144,2778.800048828125,18.882411261207288,2848.0,23002400.0,0.0
2008-11-17,17.45772933959961,2799.550048828125,17.61720879935463,2835.699951171875,16.74006974281068,2694.5,17.186614460805217,2813.39990234375,17984600.0,0.0
2008-11-18,16.756017684936523,2683.14990234375,17.170664675746075,2802.449951171875,15.735346531185424,2664.300048828125,16.883601452412204,2802.449951171875,28989800.0,0.0
2008-11-19,14.735942840576172,2635.0,16.532750336052445,2772.39990234375,14.374455908026473,2617.89990234375,16.46364180948632,2682.75,37362600.0,0.0
2008-11-20,13.44946575164795,2553.14990234375,15.187796205830026,2634.199951171875,13.087978975420905,2502.89990234375,14.315973427610729,2634.199951171875,58533000.0,0.0
2008-11-21,14.560507774353027,2693.449951171875,14.624300150823366,2718.60009765625,12.497902473011674,2539.800048828125,13.880061166378358,2553.60009765625,47485000.0,0.0
2008-11-24,16.665651321411133,2708.25,17.128143521078506,2740.35009765625,14.236240778312277,2633.800048828125,14.83163189320927,2690.85009765625,93279100.0,0.0
2008-11-25,17.11750030517578,2654.0,17.45772358120217,2790.699951171875,15.846977107617224,2638.199951171875,17.069656280241404,2708.300048828125,52749200.0,0.0
2008-11-26,17.898954391479492,2752.25,18.053118734894834,2762.60009765625,16.543377070866356,2643.35009765625,16.58590499078342,2652.449951171875,30893000.0,0.0
2008-11-28,17.744789123535156,2755.10009765625,17.898951413409428,2779.0,17.324825097026395,2690.300048828125,17.771368688831352,2745.699951171875,11572100.0,0.0
2008-12-01,14.087387084960938,2682.89990234375,17.059028441734384,2832.85009765625,13.970435557200547,2669.5,17.000552170881384,2755.14990234375,41832300.0,0.0
2008-12-02,16.02772331237793,2657.800048828125,16.080883460490966,2672.89990234375,14.576457048381366,2570.699951171875,14.751884827392539,2672.89990234375,63499500.0,0.0
2008-12-03,16.756017684936523,2656.449951171875,16.904864906685326,2693.64990234375,15.054898757369473,2611.949951171875,15.304751189211794,2657.5,55281100.0,0.0
2008-12-04,16.479581832885742,2788.0,17.670365412437192,2793.800048828125,16.011774794733356,2646.35009765625,16.378577660327856,2656.5,51522200.0,0.0
2008-12-05,18.069063186645508,2714.39990234375,18.20196302699836,2821.14990234375,15.932032496479474,2701.35009765625,16.07556456740743,2786.64990234375,52414200.0,0.0
2008-12-08,19.77018165588379,2784.0,19.818025684693243,2861.550048828125,18.276388586849073,2714.699951171875,18.653823687517637,2714.699951171875,42243900.0,0.0
2008-12-09,18.350811004638672,,19.807392183212784,,17.973375928165666,,19.35021841576292,,62193900.0,
2008-12-10,19.568174362182617,2928.25,19.647913054299604,2940.14990234375,18.318914573442367,2785.699951171875,18.425234857489095,2785.699951171875,35455200.0,0.0
2008-12-11,16.745378494262695,2920.14990234375,19.185419441685163,2945.300048828125,16.484894950469812,2861.550048828125,19.09504650324483,2934.050048828125,52442500.0,0.0
2008-12-12,18.329553604125977,2921.35009765625,18.446506162750907,2936.800048828125,16.144679980583742,2812.550048828125,16.293527216730748,2915.35009765625,56324600.0,0.0
2008-12-15,17.808576583862305,2981.199951171875,18.398652132446774,3012.10009765625,17.090918338653864,2917.89990234375,18.244487848459944,2917.89990234375,37359200.0,0.0
2008-12-16,19.977508544921875,3041.75,20.057247246647368,3052.550048828125,17.776685091994995,2963.300048828125,19.977508544921875,2983.60009765625,52110600.0,0.0
2008-12-17,20.482519149780273,2954.35009765625,21.327762067125864,3076.199951171875,19.110994092664754,2943.5,19.45653240017555,3040.449951171875,49696400.0,0.0
2008-12-18,18.866455078125,3060.75,20.80679079512918,3072.550048828125,18.62191792336171,2922.64990234375,20.64731145272868,2955.35009765625,43520600.0,0.0
2008-12-19,19.802074432373047,3077.5,19.908394700675288,3106.800048828125,18.85051117429819,3036.300048828125,18.972778773084112,3063.0,35568800.0,0.0
2008-12-22,19.387435913085938,3039.300048828125,19.892453854824232,3110.449951171875,18.43587224781106,3027.800048828125,19.79676780308504,3077.25,36920400.0,0.0
2008-12-23,19.240234375,2968.64990234375,19.741820658249157,3040.0,19.022152116325945,2957.050048828125,19.387439587637008,3039.25,23958600.0,0.0
2008-12-24,19.38743782043457,2916.85009765625,19.431053020321837,2968.0,19.00579494243573,2900.449951171875,19.338369420694914,2967.39990234375,6284700.0,0.0
2008-12-26,19.643678665161133,2857.25,19.68184273838826,2960.949951171875,19.087570924126737,2844.800048828125,19.540090763514083,2919.85009765625,6966300.0,0.0
2008-12-29,18.536916732788086,2922.199951171875,19.58915952547335,2931.800048828125,18.22069774316675,2812.89990234375,19.58915952547335,2857.14990234375,23933800.0,0.0
2008-12-30,19.37652587890625,2979.5,19.49101807333535,2999.14990234375,18.62959585669228,2899.75,18.74409013090693,2922.550048828125,20496900.0,0.0
2008-12-31,20.297916412353516,2959.14990234375,20.488738794569983,3002.64990234375,19.26748261965466,2937.35009765625,19.3383596233228,2979.800048828125,31635400.0,0.0
2009-01-02,19.7418155670166,3046.75,20.45603280418686,3079.85009765625,19.64913198284363,3021.800048828125,20.396060094528575,3034.60009765625,22976000.0,0.0
2009-01-05,19.35471534729004,3121.449951171875,19.93263154018537,3131.949951171875,19.212963417598537,3056.449951171875,19.6055083427825,3058.75,23694700.0,0.0
2009-01-06,20.31427764892578,3112.800048828125,20.53235983955224,3141.800048828125,19.06576345093633,3056.10009765625,19.632773402950487,3121.5,31263100.0,0.0
2009-01-07,19.627315521240234,2920.39990234375,20.24884684664721,3147.199951171875,19.51282334651478,2888.199951171875,19.845397636723646,3112.800048828125,26433600.0,0.0
2009-01-08,19.540088653564453,,19.681840613132174,,19.10937749675418,,19.311102159141786,,22563100.0,
2009-01-09,18.6404972076416,2873.0,19.610960346444497,2929.85009765625,18.52600503142192,2810.25,19.567343090864494,2919.949951171875,22380600.0,0.0
2009-01-12,17.555551528930664,2773.10009765625,18.515108687080463,2869.199951171875,17.255689007102426,2748.550048828125,18.455135974736205,2868.85009765625,29349900.0,0.0
2009-01-13,18.084392547607422,2744.949951171875,18.155269559280132,2802.60009765625,17.206615937613428,2720.800048828125,17.326561329707932,2775.0,28514300.0,0.0
2009-01-14,17.146644592285156,2835.300048828125,17.544642760794176,2853.25,16.966727540774723,2748.39990234375,17.528287326952277,2748.39990234375,39178900.0,0.0
2009-01-15,17.642784118652344,2736.699951171875,18.08439758569083,2832.300048828125,16.263419004541365,2701.75,17.092128504874278,2832.300048828125,45830000.0,0.0
2009-01-16,18.29157257080078,2828.449951171875,18.384258224800536,2835.64990234375,17.222974469232664,2724.199951171875,18.073492471587215,2737.0,45503800.0,0.0
2009-01-19,,2846.199951171875,,2868.199951171875,,2819.89990234375,,2828.699951171875,,0.0
2009-01-20,16.312480926513672,2796.60009765625,17.997157975641194,2842.89990234375,16.187084431317484,2758.0,17.920829855068323,2842.89990234375,43592300.0,0.0
2009-01-21,17.93719482421875,2706.14990234375,18.018974096068803,2787.300048828125,16.11621412866321,2690.199951171875,16.612349198450392,2777.39990234375,58566300.0,0.0
2009-01-22,17.026704788208008,2713.800048828125,17.893578422794718,2744.85009765625,16.748650882784617,2681.39990234375,17.201169739087046,2714.699951171875,46457600.0,0.0
2009-01-23,17.56645393371582,2678.550048828125,17.593713687324417,2765.550048828125,16.339745263363078,2661.64990234375,16.448786357583348,2705.449951171875,45033900.0,0.0
2009-01-26,17.419248580932617,,18.029875790291246,,17.064865548478867,,17.55009622875939,,35914000.0,
2009-01-27,17.7354679107666,2771.35009765625,17.95355012695771,2777.300048828125,17.33746963403606,2685.25,17.511934575074488,2686.050048828125,26821100.0,0.0
2009-01-28,19.147539138793945,2849.5,19.300197475653952,2855.39990234375,18.00261305116427,2765.60009765625,18.231597436776,2771.10009765625,50147600.0,0.0
2009-01-29,17.64822769165039,2823.949951171875,18.836770880501508,2873.85009765625,17.566448456324174,2795.35009765625,18.738634134281856,2849.35009765625,43081400.0,0.0
2009-01-30,17.08667755126953,2874.800048828125,18.111660700297204,2881.0,16.71593900970178,2774.10009765625,17.833605754228255,2824.050048828125,41407200.0,0.0
2009-02-02,17.195714950561523,2766.64990234375,17.35927554714158,2873.449951171875,16.476045621887717,2760.699951171875,16.62325078274551,2872.35009765625,32550000.0,0.0
2009-02-03,17.130294799804688,2783.89990234375,17.381087922195615,2831.699951171875,16.868597357337674,2752.89990234375,17.30475976144937,2773.5,26174100.0,0.0
2009-02-04,16.726844787597656,2803.050048828125,17.65914234263004,2842.199951171875,16.726844787597656,2780.699951171875,17.135747442940257,2780.699951171875,32183800.0,0.0
2009-02-05,16.4705867767334,2780.050048828125,17.048502868469388,2816.800048828125,15.952644404571979,2754.85009765625,16.4269705660262,2802.75,47541300.0,0.0
2009-02-06,17.599159240722656,2843.10009765625,17.78998161521055,2852.5,16.546917901745772,2778.64990234375,16.574177646733975,2779.35009765625,45108400.0,0.0
2009-02-09,17.83905601501465,2919.89990234375,17.90993095997198,2926.75,17.27749613545857,2840.14990234375,17.642782457132334,2843.050048828125,28441400.0,0.0
2009-02-10,16.307035446166992,2934.5,17.719112494287838,2957.39990234375,16.14347482371541,2891.75,17.691852737176934,2919.699951171875,53282300.0,0.0
2009-02-11,16.721385955810547,2925.699951171875,16.721385955810547,2937.5,15.849060431146503,2877.60009765625,16.443332136329914,2933.0,39645100.0,0.0
2009-02-12,16.47604751586914,2893.050048828125,16.519663749297194,2939.0,15.243887621660363,2886.550048828125,16.09440573334694,2927.39990234375,60743300.0,0.0
2009-02-13,15.489216804504395,2948.35009765625,16.241597510216774,2969.75,15.42924414306426,2896.85009765625,16.18707700344321,2896.949951171875,32151900.0,0.0
2009-02-16,,2848.5,,2953.199951171875,,2839.10009765625,,2948.25,,0.0
2009-02-17,14.513313293457031,2770.5,14.884050689233854,2854.64990234375,14.3279440756222,2757.300048828125,14.775010645732262,2853.85009765625,43326100.0,0.0
2009-02-18,14.573285102844238,2776.14990234375,14.796818390191218,2806.5,14.038986076497455,2736.64990234375,14.715038096753297,2755.14990234375,42157000.0,0.0
2009-02-19,14.011727333068848,2789.35009765625,15.009449480512602,2802.14990234375,13.853617853143499,2767.60009765625,14.818628088837944,2776.699951171875,39524200.0,0.0
2009-02-20,14.911316871643066,2736.449951171875,14.933124472271412,2789.300048828125,13.504691794692022,2709.300048828125,13.581019956731057,2789.300048828125,61926700.0,0.0
2009-02-23,13.7772855758667,,15.189361994439885,,13.706408575148599,,15.091225248764124,,48795300.0,
2009-02-24,14.911316871643066,2733.89990234375,14.960385272923364,2746.199951171875,13.71186868018078,2677.550048828125,13.9408542061911,2737.25,56026400.0,0.0
2009-02-25,14.535120010375977,2762.5,15.216624140794554,2789.35009765625,14.04988940228364,2733.449951171875,14.698680585719325,2733.449951171875,55893600.0,0.0
2009-02-26,13.91904067993164,2785.64990234375,15.0148994421726,2797.800048828125,13.7718355387591,2731.89990234375,14.938570272735298,2762.199951171875,45262200.0,0.0
2009-02-27,13.706413269042969,2763.64990234375,14.13167229930781,2787.199951171875,13.433811566540806,2708.449951171875,13.471975638508233,2785.699951171875,42992900.0,0.0
2009-03-02,12.746851921081543,2674.60009765625,13.477424381833695,2764.60009765625,12.474250287663358,2659.550048828125,13.335671407669114,2764.60009765625,47758400.0,0.0
2009-03-03,12.795921325683594,2622.39990234375,13.112139204242382,2688.5,12.201649633925957,2611.550048828125,12.97583837658958,2672.14990234375,45163300.0,0.0
2009-03-04,13.133950233459473,2645.199951171875,13.3520313895368,2655.699951171875,12.681431444639149,2611.949951171875,13.117593756793806,2611.949951171875,38299400.0,0.0
2009-03-05,12.288883209228516,2576.699951171875,12.872250589420005,2663.89990234375,12.092609683222857,2564.10009765625,12.675977063414347,2645.89990234375,35615200.0,0.0
2009-03-06,12.108966827392578,2620.14990234375,12.419733634091687,2628.10009765625,11.43836690534844,2539.449951171875,12.348856610848875,2576.75,51913900.0,0.0
2009-03-09,12.365212440490723,2573.14990234375,12.39247219268636,2621.25,11.710967988866484,2555.60009765625,11.732776622537306,2620.10009765625,42294100.0,0.0
2009-03-10,14.000823020935059,,14.077151161675449,,12.566937543444231,,12.675978635838725,,65399400.0,
2009-03-11,13.760934829711914,,14.295233956342383,,13.591922052898818,,14.175289572780352,,43592700.0,
2009-03-12,14.845887184143066,2617.449951171875,14.949476113300816,2646.10009765625,13.630083945755928,2574.5,13.815453170609638,2574.5,50385900.0,0.0
2009-03-13,14.529669761657715,2719.25,14.922216857888547,2726.14990234375,14.066246684103492,2616.60009765625,14.829532242377702,2616.60009765625,30566700.0,0.0
2009-03-16,13.461068153381348,2777.25,14.75865139417055,2781.949951171875,13.417451936209257,2701.949951171875,14.616898428388094,2716.050048828125,35463700.0,0.0
2009-03-17,14.464249610900879,2757.449951171875,14.518769130424479,2805.60009765625,13.199376584025693,2738.699951171875,13.461075061247593,2776.35009765625,41093700.0,0.0
2009-03-18,15.211173057556152,2794.699951171875,15.23298169041875,2836.050048828125,13.859069016860683,2752.25,14.197095546980977,2757.64990234375,54306800.0,0.0
2009-03-19,14.3443021774292,2807.14990234375,15.445613372901303,2822.25,14.262521869623319,2771.35009765625,15.42380577610315,2797.050048828125,45493700.0,0.0
2009-03-20,13.275703430175781,2807.050048828125,14.2516170072028,2816.10009765625,13.177566648598017,2773.64990234375,14.202548616413917,2807.35009765625,45303800.0,0.0
2009-03-23,15.265693664550781,2939.89990234375,15.358378274824124,2949.75,13.684604171558021,2807.25,13.695508488035557,2807.25,63916000.0,0.0
2009-03-24,14.175284385681152,2938.699951171875,15.325663566669393,3017.39990234375,14.033531417037223,2914.5,14.720487631284275,2923.800048828125,57191900.0,0.0
2009-03-25,14.372086524963379,2984.35009765625,14.717729583811265,2996.5,13.262682020176724,2923.300048828125,14.394385562633884,2938.800048828125,64292000.0,0.0
2009-03-26,14.728878021240234,3082.25,14.868250447231029,3103.35009765625,13.870343366739872,2982.25,14.52260636290988,2982.25,49365800.0,0.0
2009-03-27,14.13793659210205,3108.64990234375,14.539328721186141,3123.35009765625,14.048738341194477,3055.89990234375,14.282884015658619,3079.39990234375,32954900.0,0.0
2009-03-30,13.363028526306152,2978.14990234375,13.675223542594253,3110.199951171875,13.206932081489382,2962.39990234375,13.513551009517135,3108.75,35357900.0,0.0
2009-03-31,14.193678855895996,3020.949951171875,14.394375369446655,3054.300048828125,13.402044970949705,2966.39990234375,13.535842292207949,2981.699951171875,50864900.0,0.0
2009-04-01,14.065468788146973,3060.35009765625,14.355363767980522,3069.300048828125,13.792298886763342,2965.699951171875,13.797873912913317,3023.85009765625,35114200.0,0.0
2009-04-02,14.996467590332031,3211.050048828125,15.269637322341312,3228.75,14.338629799101707,3061.050048828125,14.505877289919352,3061.050048828125,50186000.0,0.0
2009-04-03,16.34001922607422,,16.395768396514455,,14.745599756776127,,14.929571274900022,,59341900.0,
2009-04-06,16.078001022338867,3256.60009765625,16.518417277329917,3303.89990234375,15.598559600033477,3211.35009765625,15.94420363867094,3211.35009765625,44648400.0,0.0
2009-04-07,14.868247985839844,,15.793680656150105,,14.829223883155095,,15.66545830066391,,47135300.0,
2009-04-08,15.180440902709961,3342.949951171875,15.31423827338094,3357.050048828125,14.72887464377953,3149.25,15.024344501923974,3255.35009765625,40171700.0,0.0
2009-04-09,16.992280960083008,3342.050048828125,17.220851586902203,3401.14990234375,15.565108032384078,3307.050048828125,15.838277779964898,3346.0,64914500.0,0.0
2009-04-13,17.2097110748291,3382.60009765625,17.62225341075926,3417.800048828125,16.596472065025242,3334.14990234375,16.668945273186615,3342.199951171875,38973700.0,0.0
2009-04-14,15.799250602722168,,17.148375071956984,,15.776950515024492,,16.94767853598474,,48840300.0,
2009-04-15,17.09263038635254,3484.14990234375,17.248727851081018,3497.550048828125,15.632008286606355,3311.800048828125,15.721206534072063,3381.449951171875,58349500.0,0.0
2009-04-16,17.789493560791016,3369.5,18.46405548572738,3511.25,16.479392750577365,3354.199951171875,17.103781588336602,3484.35009765625,67149800.0,0.0
2009-04-17,17.967885971069336,3384.39990234375,18.564399554027535,3489.85009765625,17.321198249046724,3359.25,17.705866294098268,3369.5,54353000.0,0.0
2009-04-20,16.044551849365234,3377.10009765625,17.49402402903976,3441.10009765625,15.988802673994583,3339.449951171875,17.28217843862377,3384.75,64828700.0,0.0
2009-04-21,17.5107479095459,3365.300048828125,17.58322215159608,3414.699951171875,15.60970849567455,3309.35009765625,15.698906744869387,3376.85009765625,74967600.0,0.0
2009-04-22,16.9198055267334,3330.300048828125,17.85638693757958,3401.10009765625,16.81945725259676,3296.89990234375,17.12050101167991,3364.60009765625,67786500.0,0.0
2009-04-23,17.622249603271484,3423.699951171875,17.83967024410683,3439.89990234375,16.746990952052347,3310.5,17.031309760839857,3330.5,47356400.0,0.0
2009-04-24,18.553251266479492,3480.75,19.09959076212444,3491.35009765625,17.516321442022676,3402.89990234375,17.772766120797154,3423.60009765625,62496700.0,0.0
2009-04-27,17.50516700744629,3470.0,18.313526002226155,3517.25,17.003426758388674,3435.300048828125,18.018057299740587,3481.300048828125,57992300.0,0.0
2009-04-28,17.694717407226562,3362.35009765625,18.107259528391392,3471.949951171875,17.064754711437175,3351.5,17.064754711437175,3469.5,43522900.0,0.0
2009-04-29,18.397153854370117,3473.949951171875,18.620150509326997,3486.39990234375,17.705866988653614,3366.699951171875,17.86196443445806,3371.64990234375,47069800.0,0.0
2009-04-30,18.397153854370117,,19.038267642380863,,18.26893152209871,,18.67032465035961,,49076600.0,
2009-05-01,17.772769927978516,,18.391584855390455,,17.605523454979615,,18.34698466170846,,38044900.0,
2009-05-04,19.311439514160156,3654.0,19.31701560111831,3664.5,18.023639891854977,3478.699951171875,18.073811914553975,3478.699951171875,51009700.0,0.0
2009-05-05,18.664752960205078,3661.89990234375,19.155344440660947,3682.199951171875,18.452906300767786,3618.75,19.00482198211241,3664.5,45654800.0,0.0
2009-05-06,19.289142608642578,3625.050048828125,19.417367110030256,3717.050048828125,18.419460044946643,3608.64990234375,19.043847908281695,3662.0,51320900.0,0.0
2009-05-07,18.174161911010742,3683.89990234375,19.556738127526238,3692.050048828125,17.72259665130399,3617.14990234375,19.545588079222405,3617.14990234375,61835800.0,0.0
2009-05-08,19.40620994567871,3620.699951171875,19.55115627759896,3711.25,18.218756734485222,3582.85009765625,18.480777475762423,3681.800048828125,58290900.0,0.0
2009-05-11,18.837568283081055,3554.60009765625,19.166487130677044,3660.199951171875,18.58669761514286,3534.550048828125,18.826418239322315,3615.75,36702700.0,0.0
2009-05-12,18.536529541015625,3681.10009765625,18.954646748707706,3691.64990234375,17.806218449311693,3534.199951171875,18.843148401325667,3554.64990234375,41754000.0,0.0
2009-05-13,17.276601791381836,3635.25,18.00133887644725,3709.60009765625,17.1428044210606,3610.199951171875,17.97346482304461,3668.75,46670800.0,0.0
2009-05-14,17.828516006469727,3593.449951171875,18.06266272927475,3631.89990234375,16.864059315680517,3537.60009765625,17.131654051276318,3631.89990234375,42137500.0,0.0
2009-05-15,17.243148803710938,3671.64990234375,17.89541043733974,3686.25,16.891929855866636,3597.85009765625,17.71144002528552,3597.85009765625,37296300.0,0.0
2009-05-18,18.536529541015625,4323.14990234375,18.74280010134724,4384.2998046875,17.410400273099793,3673.14990234375,17.449424375685393,3673.14990234375,49080600.0,0.0
2009-05-19,18.24106216430664,4318.4501953125,18.78740177017481,4509.39990234375,18.057089557643206,4167.64990234375,18.486356846536964,4324.9501953125,44047500.0,0.0
2009-05-20,18.029212951660156,4270.2998046875,18.982519615099807,4362.85009765625,17.95673871140245,4244.7001953125,18.553252386887188,4318.75,35107900.0,0.0
2009-05-21,18.06266212463379,4210.89990234375,18.302382799328072,4319.0,17.577645752191057,4199.2001953125,17.76161725967066,4270.35009765625,29973700.0,0.0
2009-05-22,17.677993774414062,4238.5,18.330257677916144,4249.5,17.61109562140106,4155.85009765625,18.107260999000882,4211.85009765625,24961700.0,0.0
2009-05-25,,4237.5498046875,,4270.0498046875,,4205.10009765625,,4238.10009765625,,0.0
2009-05-26,18.5922794342041,4116.7001953125,18.753951947078228,4256.0498046875,17.421551991066174,4092.25,17.505175227957864,4239.5498046875,42247200.0,0.0
2009-05-27,17.973466873168945,4276.0498046875,18.6926268902647,4286.4501953125,17.81179436767709,4115.25,18.6926268902647,4117.2998046875,36683800.0,0.0
2009-05-28,18.31352996826172,4337.10009765625,18.42502829812168,4354.85009765625,17.689142298361176,4254.85009765625,18.185307633251572,4276.14990234375,31800800.0,0.0
2009-05-29,18.815271377563477,4448.9501953125,18.82642142320789,4488.0498046875,18.112835515195425,4340.75,18.452902337408158,4340.75,28518600.0,0.0
2009-06-01,19.60690689086914,4529.89990234375,20.14767244698307,4545.39990234375,19.02154327561857,4450.39990234375,19.06614346140912,4450.39990234375,57186100.0,0.0
2009-06-02,19.317020416259766,4525.25,19.651513410889667,4586.39990234375,19.172071892373438,4451.2998046875,19.45639285179799,4530.4501953125,30238700.0,0.0
2009-06-03,19.272415161132812,4530.7001953125,19.322589309832583,4574.89990234375,18.97694635581974,4478.60009765625,19.14419280926763,4525.5,19147100.0,0.0
2009-06-04,19.84105110168457,4572.64990234375,20.041747659032115,4582.2001953125,19.266837605559704,4453.4501953125,19.389483847652592,4530.2998046875,25998400.0,0.0
2009-06-05,19.590185165405273,4586.89990234375,20.114226776188744,4636.85009765625,19.456388845763566,4561.9501953125,20.114226776188744,4573.2998046875,27972500.0,0.0
2009-06-08,19.517715454101562,4429.89990234375,19.80203642105825,4611.39990234375,19.26684676481051,4404.64990234375,19.467541290912422,4582.35009765625,20970600.0,0.0
2009-06-09,19.540016174316406,4550.9501953125,19.690538668656334,4562.4501953125,19.356045654559637,4365.10009765625,19.679388617965817,4427.75,19847000.0,0.0
2009-06-10,19.166484832763672,4655.25,19.707248066982228,4688.9501953125,18.703767642192396,4551.7001953125,19.679374024253953,4551.7001953125,27655700.0,0.0
2009-06-11,18.8096981048584,4637.7001953125,19.283563365452384,4679.5498046875,18.759523960953427,4586.14990234375,19.116316927987086,4657.39990234375,21106600.0,0.0
2009-06-12,19.339317321777344,4583.39990234375,19.37834143144078,4693.2001953125,18.670331369458737,4566.14990234375,18.753953550171325,4637.5498046875,20255800.0,0.0
2009-06-15,18.46963119506836,4484.0,19.09401895673042,4601.0498046875,18.257784549866315,4469.60009765625,19.06614490183243,4584.64990234375,29388600.0,0.0
2009-06-16,18.207612991333008,4517.7998046875,18.692628420868783,4537.9501953125,17.940018198256226,4405.9501953125,18.5811321854109,4478.10009765625,23577000.0,0.0
2009-06-17,17.9511661529541,4356.14990234375,18.296809121190527,4517.7998046875,17.67242134351896,4332.7998046875,18.185310772085643,4515.35009765625,27998200.0,0.0
2009-06-18,18.040369033813477,4251.39990234375,18.15186741151492,4375.2998046875,17.72260003968989,4222.14990234375,17.9344446180025,4352.9501953125,20216600.0,0.0
2009-06-19,18.235485076904297,4313.60009765625,18.26893521991459,4326.2001953125,17.94559021744421,4206.7001953125,18.12956281401959,4251.10009765625,20483900.0,0.0
2009-06-22,17.304471969604492,4235.25,18.084955875406642,4352.25,17.243147793627557,4221.89990234375,17.94000956308663,4314.2001953125,29988800.0,0.0
2009-06-23,17.454994201660156,4247.0,17.733738923783946,4267.4501953125,17.20969961178647,4143.25,17.365795975646684,4223.2998046875,23840400.0,0.0
2009-06-24,17.74192237854004,4292.9501953125,17.93999828045185,4307.0,17.572142571432703,4218.25,17.713625204308737,4247.2998046875,22650300.0,0.0
2009-06-25,18.024883270263672,4241.85009765625,18.03054270373658,4337.9501953125,17.470271743037483,4221.14990234375,17.67966538440225,4293.85009765625,23072800.0,0.0
2009-06-26,18.183349609375,4375.5,18.341809476318662,4383.75,17.85510884630167,4243.9501953125,17.9399992943665,4243.9501953125,17176800.0,0.0
2009-06-29,18.228622436523438,4390.9501953125,18.336150622330862,4439.9501953125,17.92302050184558,4350.89990234375,18.273897916622083,4375.39990234375,13423100.0,0.0
2009-06-30,18.34747314453125,4291.10009765625,18.47763911161429,4426.75,18.155058769731482,4267.35009765625,18.279562061728132,4391.5,18188400.0,0.0
2009-07-01,18.528564453125,4340.89990234375,18.704001516358062,4362.2998046875,18.302191402616877,4249.7001953125,18.41537792787094,4292.2998046875,16207200.0,0.0
2009-07-02,17.685335159301758,4348.85009765625,18.285222505092854,4383.64990234375,17.651379618035513,4288.75,18.285222505092854,4373.5,24727700.0,0.0
2009-07-03,,4424.25,,4434.4501953125,,4298.9501953125,,4347.2998046875,,0.0
2009-07-06,18.053186416625977,4165.7001953125,18.126756921685203,4479.7998046875,17.368410890069466,4133.7001953125,17.509893543929273,4429.60009765625,22869500.0,0.0
2009-07-07,17.385391235351562,4202.14990234375,18.05318965403177,4231.7998046875,17.31182071709923,4155.5,18.030552986656893,4166.0,27029800.0,0.0
2009-07-08,17.21561050415039,4078.89990234375,17.54950967571081,4201.85009765625,16.74588810542715,4061.10009765625,17.447641985481926,4201.85009765625,30045200.0,0.0
2009-07-09,16.938302993774414,4080.949951171875,17.453299752297312,4114.89990234375,16.910005816179943,4039.85009765625,17.351432071811118,4078.75,18224200.0,0.0
2009-07-10,16.91000747680664,4003.89990234375,17.02319403944597,4129.9501953125,16.49121892212442,3976.800048828125,16.7628664565734,4081.39990234375,21225300.0,0.0
2009-07-13,17.57780647277832,3974.050048828125,17.679674167041814,4003.39990234375,16.779844306950412,3918.75,16.977920259193084,4003.39990234375,29715900.0,0.0
2009-07-14,17.78154754638672,4111.39990234375,17.90039250807294,4128.89990234375,17.300506102693202,3974.10009765625,17.583471530815572,3974.10009765625,22961100.0,0.0
2009-07-15,18.39274024963379,4233.5,18.63043001045634,4249.5498046875,17.945654660825564,4118.75,18.081478923333744,4120.7998046875,29777300.0,0.0
2009-07-16,18.63043785095215,4231.39990234375,18.760603813443115,4305.0,18.04187047657109,4205.5,18.22296920965396,4223.5,21610600.0,0.0
2009-07-17,18.194679260253906,4374.9501953125,18.528578576905467,4390.39990234375,18.05319545612411,4230.14990234375,18.511599181919756,4231.4501953125,21721200.0,0.0
2009-07-20,18.783235549926758,4502.25,18.86812600217175,4510.2998046875,18.364448121281303,4377.89990234375,18.370106477299156,4377.89990234375,34687300.0,0.0
2009-07-21,18.743623733520508,4469.10009765625,18.958677998882543,4524.0,18.347471821175997,4436.60009765625,18.930381896326704,4501.5,18909400.0,0.0
2009-07-22,18.760595321655273,4398.89990234375,19.032241679180945,4557.9501953125,18.432354623695076,4380.4501953125,18.454992359868886,4469.2998046875,21233300.0,0.0
2009-07-23,19.411418914794922,4523.75,19.700044726282208,4532.39990234375,18.69834731726577,4405.9501953125,18.800214996749062,4409.7001953125,31836900.0,0.0
2009-07-24,19.58120346069336,4568.5498046875,19.660435580645405,4578.75,19.128459283811427,4504.85009765625,19.343513577400792,4524.7998046875,16339500.0,0.0
2009-07-27,19.949058532714844,4572.2998046875,19.98867351170266,4596.75,19.468018268517397,4528.5,19.615159310635793,4568.64990234375,17026100.0,0.0
2009-07-28,19.86981773376465,4564.10009765625,19.932070426453123,4599.89990234375,19.569875296832823,4529.14990234375,19.76795008370228,4572.7998046875,17263400.0,0.0
2009-07-29,19.586854934692383,4513.5,19.841524091258645,4573.85009765625,19.394438478492713,4420.7998046875,19.67740372826555,4565.7998046875,16401100.0,0.0
2009-07-30,20.27163314819336,4571.4501953125,20.554598437429842,4582.35009765625,19.864162440859598,4474.5,19.892460696866312,4513.10009765625,31032900.0,0.0
2009-07-31,20.288616180419922,4636.4501953125,20.447078255757802,4669.75,20.062245179565654,4571.60009765625,20.21504673854087,4571.60009765625,18840300.0,0.0
2009-08-03,20.690427780151367,4711.39990234375,20.718723884216057,4723.75,20.33389082414405,4617.75,20.684767264025812,4633.7998046875,17432800.0,0.0
2009-08-04,21.675138473510742,4680.5,21.86189658126812,4731.4501953125,20.413113673597255,4642.60009765625,20.565915172984127,4706.25,39977300.0,0.0
2009-08-05,22.552335739135742,4694.14990234375,22.63156784427646,4717.2001953125,21.539321507373216,4629.85009765625,21.726077500926753,4680.9501953125,34952900.0,0.0
2009-08-06,22.410850524902344,4585.5,23.384251831597286,4718.14990234375,22.365577200256975,4559.2001953125,22.85227785360445,4694.35009765625,46145300.0,0.0
2009-08-07,23.452157974243164,4481.39990234375,23.916220788411653,4591.89990234375,22.50705512258526,4463.9501953125,22.920184107937526,4591.89990234375,34654400.0,0.0
2009-08-10,22.98810577392578,4437.64990234375,23.457829318646514,4562.5,22.750415902275115,4399.85009765625,23.429533213762543,4486.5,23404300.0,0.0
2009-08-11,22.308984756469727,4471.35009765625,22.863598682564323,4510.7998046875,22.088272152643334,4398.89990234375,22.76738935131581,4435.0,27597500.0,0.0
2009-08-12,22.456132888793945,4457.5,22.880580961804636,4473.7998046875,22.28069357476189,4359.39990234375,22.28069357476189,4473.7998046875,26769700.0,0.0
2009-08-13,22.56365203857422,4605.0,22.795683494323196,4614.14990234375,22.27502838731725,4458.5498046875,22.682499103307208,4458.5498046875,22389300.0,0.0
2009-08-14,22.359912872314453,4580.0498046875,22.47309940290677,4619.0,21.873214460818456,4559.35009765625,22.422165572082903,4605.14990234375,20850500.0,0.0
2009-08-17,21.2393741607666,4387.89990234375,21.61854877525901,4578.7998046875,21.12052925606083,4374.60009765625,21.516681097267252,4578.7998046875,34475000.0,0.0
2009-08-18,21.499710083007812,4458.89990234375,21.726081087069826,4491.4501953125,21.1941069607269,4372.64990234375,21.324270773804813,4389.5,22530200.0,0.0
2009-08-19,21.34123992919922,4394.10009765625,21.460084823271053,4477.5498046875,21.013001341926486,4353.4501953125,21.13184623599832,4457.75,22567800.0,0.0
2009-08-20,22.207117080688477,4453.4501953125,22.224094307386434,4492.7998046875,21.33558346262928,4394.35009765625,21.358221204129123,4394.35009765625,26163200.0,0.0
2009-08-21,22.699474334716797,4528.7998046875,23.157876691054256,4538.7001953125,22.342937489568126,4400.89990234375,22.478761769242656,4453.4501953125,26083800.0,0.0
2009-08-24,22.569311141967773,4642.7998046875,23.027713509934426,4656.2998046875,22.5070584354899,4536.9501953125,22.96546296231029,4536.9501953125,19081300.0,0.0
2009-08-25,22.81831932067871,4659.35009765625,23.016394147183995,4672.89990234375,22.58628788440665,4582.5,22.773045999843372,4641.64990234375,18849000.0,0.0
2009-08-26,22.92018699645996,4680.85009765625,22.92018699645996,4697.7998046875,22.557991794278173,4659.10009765625,22.76738549075445,4659.4501953125,13740900.0,0.0
2009-08-27,23.101287841796875,4688.2001953125,23.146563327854743,4707.89990234375,22.43348953442133,4645.14990234375,22.920190215273404,4679.0,18503900.0,0.0
2009-08-28,23.25408172607422,4732.35009765625,23.37292659963454,4743.75,22.874907210951342,4651.39990234375,23.32765328731059,4688.39990234375,16195500.0,0.0
2009-08-31,22.965465545654297,4662.10009765625,23.078649942323718,4730.85009765625,22.69947746400239,4635.0,22.857937346422766,4730.85009765625,17572500.0,0.0
2009-09-01,21.793987274169922,4625.35009765625,22.97678235892183,4735.89990234375,21.737395075587227,4600.64990234375,22.801345248003074,4662.2001953125,38991300.0,0.0
2009-09-02,21.363880157470703,4608.35009765625,21.760032009380016,4650.4501953125,21.346902930298018,4576.60009765625,21.584592746131257,4624.0,21064600.0,0.0
2009-09-03,21.743059158325195,4593.5498046875,21.788334656198654,4647.35009765625,21.19976613697105,4581.0498046875,21.58459923347721,4608.75,16254300.0,0.0
2009-09-04,22.003376007080078,4680.39990234375,22.020353229366314,4697.2001953125,21.38085123072743,4580.35009765625,21.743046365189112,4608.7001953125,14698900.0,0.0
2009-09-07,,4782.89990234375,,4790.0,,4679.2998046875,,4682.39990234375,,0.0
2009-09-08,22.710792541503906,4805.25,22.727769766397405,4842.2001953125,22.173158111722376,4782.64990234375,22.34859735141847,4782.85009765625,22930600.0,0.0
2009-09-09,23.16920280456543,4814.25,23.225797171645883,4825.0498046875,22.529702647963997,4783.5,22.69948143149664,4804.89990234375,20270900.0,0.0
2009-09-10,23.49744415283203,4819.39990234375,23.503102510232278,4889.0498046875,22.79568909820887,4807.89990234375,23.146567704947653,4814.35009765625,19105800.0,0.0
2009-09-11,23.423873901367188,4829.5498046875,23.7011809247332,4856.14990234375,23.135250162549486,4791.5498046875,23.576675466219335,4819.39990234375,17879200.0,0.0
2009-09-14,24.097335815429688,4808.60009765625,24.11431304952277,4832.25,23.07865859274879,4786.25,23.112615219789753,4830.35009765625,20620700.0,0.0
2009-09-15,24.521780014038086,4892.10009765625,24.855677078322838,4899.4501953125,23.814366588646095,4808.35009765625,24.22183525365086,4808.35009765625,32674900.0,0.0
2009-09-16,25.478195190429688,4958.39990234375,25.51781015866309,4966.2998046875,24.646276539820583,4894.64990234375,24.736825347047475,4894.64990234375,39118500.0,0.0
2009-09-17,25.35368537902832,4965.5498046875,26.29312990084218,5003.0498046875,24.95753360646389,4944.14990234375,25.500828514566802,4958.5498046875,34111600.0,0.0
2009-09-18,25.348039627075195,4976.0498046875,25.664959475616186,4980.85009765625,24.912272676476782,4931.89990234375,25.427269589210443,4963.9501953125,22278600.0,0.0
2009-09-21,24.946216583251953,,25.206544085808183,,24.753800133785727,,24.957533293055743,,18946100.0,
2009-09-22,25.717639923095703,5020.2001953125,25.8032879481189,5036.2998046875,25.1694847215167,4977.10009765625,25.226583404865497,4977.10009765625,26655800.0,0.0
2009-09-23,24.855432510375977,4969.9501953125,25.848965602493628,5030.75,24.809754004694934,4957.0498046875,25.837545431529644,5019.9501953125,27756900.0,0.0
2009-09-24,24.033201217651367,4986.5498046875,25.118093563095677,5016.7001953125,23.833353659468216,4904.0498046875,24.975344684914848,4977.14990234375,35751500.0,0.0
2009-09-25,24.016061782836914,4958.9501953125,24.27300791118239,4994.35009765625,23.599235498115885,4931.25,23.83334347112836,4985.10009765625,23702900.0,0.0
2009-09-28,24.952505111694336,,25.009603793458762,,24.130270153966045,,24.210211357881363,,19175200.0,
2009-09-29,24.535673141479492,5006.85009765625,25.203736716854507,5020.25,24.467152124896465,4959.10009765625,25.043858701176642,4959.14990234375,22318500.0,0.0
2009-09-30,24.364376068115234,5083.9501953125,24.80404284877211,5087.60009765625,24.021779651637747,5004.35009765625,24.718394833740184,5007.64990234375,27832000.0,0.0
2009-10-01,23.330875396728516,5083.39990234375,24.352957817099753,5110.5,23.2851947133226,5057.0498046875,24.284436791990878,5087.2001953125,30261200.0,0.0
2009-10-02,23.102476119995117,,23.77054195042226,,22.771299881098855,,22.799849218873124,,36816200.0,
2009-10-05,23.724863052368164,5003.2001953125,23.821933421913528,5076.0498046875,23.199548227640356,4991.9501953125,23.29090742229628,5076.0498046875,22481600.0,0.0
2009-10-06,23.730573654174805,5027.39990234375,24.295857976777274,5034.7001953125,23.39368622360895,4921.0498046875,24.016071402851797,5003.64990234375,30131100.0,0.0
2009-10-07,23.656339645385742,4985.75,23.867607333935638,5077.0,23.365130771003162,4972.9501953125,23.644919475981073,5031.7001953125,20653900.0,0.0
2009-10-08,24.101709365844727,5002.25,24.33010834077326,5035.10009765625,23.839052069398754,4980.7001953125,24.01606138387707,5011.25,18567100.0,0.0
2009-10-09,24.33582878112793,4945.2001953125,24.347248953063147,5032.60009765625,23.821934113093626,4934.5498046875,24.02178167652223,4993.0,14862900.0,0.0
2009-10-12,24.295852661132812,5054.25,24.598481689677758,5068.0498046875,24.18165315101252,4945.4501953125,24.478571006055486,4945.4501953125,11315400.0,0.0
2009-10-13,23.930423736572266,,24.250182033033912,,23.753414329538554,,24.164531828107073,,16119000.0,
2009-10-14,24.809751510620117,5118.2001953125,24.90111069097294,5127.39990234375,24.233044914876015,5054.35009765625,24.39863410994509,5054.35009765625,21092500.0,0.0
2009-10-15,24.621322631835938,5108.85009765625,24.695552648529688,5152.25,24.455735610530265,5077.10009765625,24.609902461715762,5118.5498046875,15044600.0,0.0
2009-10-16,23.95326042175293,5142.14990234375,24.335826341442324,5149.64990234375,23.884741575185775,5093.2001953125,24.221626811713822,5108.64990234375,17909700.0,0.0
2009-10-19,24.507122039794922,,24.552802718282994,,23.99322747585192,,24.084586654653428,,19898600.0,
2009-10-20,24.05032730102539,5114.4501953125,24.507123216974758,5181.9501953125,23.958968117835514,5102.64990234375,24.47286488463777,5145.60009765625,17717400.0,0.0
2009-10-21,23.861894607543945,5063.60009765625,24.472859417035323,5117.4501953125,23.75911527714593,5051.64990234375,23.918993267465392,5114.85009765625,35152500.0,0.0
2009-10-22,24.398639678955078,4988.60009765625,24.438609193346593,5064.25,23.473627494476126,4968.4501953125,23.81051495732975,5063.35009765625,23377200.0,0.0
2009-10-23,24.130271911621094,4997.0498046875,24.535680423108893,5054.9501953125,23.970393848495075,4983.25,24.489999731829887,4986.5498046875,20818300.0,0.0
2009-10-26,23.9818058013916,4970.89990234375,24.66700068849483,5033.75,23.930416130404495,4961.35009765625,24.090294138731267,4997.14990234375,27332400.0,0.0
2009-10-27,23.616378784179688,4846.7001953125,24.135984702286258,4970.5498046875,23.53072857138751,4829.5,23.998944797453856,4970.5498046875,26559300.0,0.0
2009-10-28,22.62855339050293,4826.14990234375,23.81051395952096,4867.0,22.588583877786384,4784.10009765625,23.46791533572547,4846.5498046875,35869600.0,0.0
2009-10-29,23.60495376586914,4750.5498046875,23.702021954147444,4826.10009765625,22.91404974215609,4738.39990234375,22.97114842018157,4826.10009765625,29136200.0,0.0
2009-10-30,23.15386390686035,4711.7001953125,23.582110472997748,4853.64990234375,22.605708824966403,4687.5,23.45649296142289,4751.10009765625,43001800.0,0.0
2009-11-02,23.188127517700195,,23.70202215889354,,22.525772827278242,,23.22809702829829,,37029500.0,
2009-11-03,23.51930046081543,4563.89990234375,23.570690135513335,4729.85009765625,22.839816698187235,4538.5,22.87978620315509,4712.25,25912700.0,0.0
2009-11-04,23.096776962280273,4710.7998046875,23.896169651352633,4717.7998046875,23.045387261126095,4565.0,23.827650775872325,4567.2998046875,25881200.0,0.0
2009-11-05,23.57640838623047,4765.5498046875,23.62208690068702,4776.35009765625,23.13103034577105,4610.60009765625,23.382269798895674,4711.64990234375,21379700.0,0.0
2009-11-06,23.210962295532227,4796.14990234375,23.58781914665896,4836.2001953125,23.022532780881644,4764.85009765625,23.21096229553223,4767.5,21854300.0,0.0
2009-11-09,24.30156707763672,4898.39990234375,24.37008592158282,4905.25,23.439362730434606,4789.89990234375,23.525012918998314,4796.14990234375,26065200.0,0.0
2009-11-10,24.181652069091797,4881.7001953125,24.347241242448806,4947.7001953125,23.82763556391512,4860.10009765625,24.15881391062914,4898.89990234375,21237600.0,0.0
2009-11-11,24.62703514099121,5003.9501953125,24.781204178708794,5016.7001953125,24.29585672407755,4870.0498046875,24.35866657405599,4882.2998046875,23828800.0,0.0
2009-11-12,24.33582878112793,4952.64990234375,24.79262476766123,5014.39990234375,24.273018924571776,4924.75,24.615617548103057,5004.39990234375,18846600.0,0.0
2009-11-13,24.66128921508789,4998.9501953125,24.724099054216676,5017.89990234375,24.312983869493262,4942.64990234375,24.3415332023224,4952.35009765625,18584800.0,0.0
2009-11-16,25.220863342285156,5058.0498046875,25.454973524774754,5073.2001953125,24.815457170110527,4994.0,24.866846838285788,4996.5,27443300.0,0.0
2009-11-17,24.861146926879883,5062.25,25.375041618222504,5074.0,24.81546623706711,5010.14990234375,25.095255016732395,5058.9501953125,20954600.0,0.0
2009-11-18,25.272258758544922,5054.7001953125,25.352199954691073,5079.2998046875,24.804042643420413,5041.64990234375,24.83830315605448,5061.5,19364300.0,0.0
2009-11-19,24.769784927368164,4989.0,25.06099166841597,5053.4501953125,24.63845622625445,4963.7001953125,25.03815132608969,5043.9501953125,17659500.0,0.0
2009-11-20,24.581356048583984,5052.4501953125,24.712684753320765,5063.2998046875,24.484287858281796,4932.7998046875,24.581356048583984,4988.75,15517000.0,0.0
2009-11-23,24.861146926879883,5103.5498046875,25.24371290227355,5113.10009765625,24.66129717621177,5052.10009765625,24.998184639967842,5052.9501953125,19491500.0,0.0
2009-11-24,24.495704650878906,5090.5498046875,24.866850370937865,5112.85009765625,24.42147463559724,5053.5,24.826880865364974,5105.0,19240000.0,0.0
2009-11-25,24.5927791595459,5108.14990234375,24.764077395843515,5138.0,24.52996929799588,5078.35009765625,24.604199332389104,5091.5498046875,11758900.0,0.0
2009-11-26,,5005.5498046875,,5116.4501953125,,4986.0498046875,,5116.4501953125,,0.0
2009-11-27,23.89617156982422,4941.75,24.335838564291183,5005.0498046875,23.742004632160384,4806.7001953125,23.861913218421567,5005.0498046875,14024500.0,0.0
2009-11-30,24.792625427246094,5032.7001953125,24.87827562995133,5066.35009765625,23.799094402376078,4942.25,23.97039262961141,4942.25,24501600.0,0.0
2009-12-01,25.112382888793945,5122.0,25.260842944839503,5130.35009765625,24.75836627373734,5038.85009765625,24.98676317647464,5039.7001953125,21033500.0,0.0
2009-12-02,25.4835262298584,5123.25,25.63769525479284,5161.75,25.01531015924625,5111.75,25.055279664432067,5122.75,19453000.0,0.0
2009-12-03,25.266555786132812,5131.7001953125,25.94603977906307,5181.0,25.169487577789372,5106.60009765625,25.643412802256588,5124.5498046875,29702100.0,0.0
2009-12-04,25.94603157043457,5108.89990234375,26.134461107970104,5161.7998046875,25.454977330010287,5081.85009765625,25.86038356278863,5131.7001953125,32289500.0,0.0
2009-12-07,25.494951248168945,5066.7001953125,25.93461588882643,5131.2998046875,25.27797233719993,5051.5498046875,25.86609703521651,5108.85009765625,20396700.0,0.0
2009-12-08,25.340770721435547,5147.9501953125,25.729047679733004,5152.5498046875,25.20944207056642,5058.89990234375,25.260831732052086,5068.5498046875,21940100.0,0.0
2009-12-09,25.3065185546875,5112.0,25.546337779986317,5147.64990234375,25.249419880088876,5090.60009765625,25.380748574205565,5147.64990234375,14033500.0,0.0
2009-12-10,25.232290267944336,5134.64990234375,25.529208188231994,5146.4501953125,25.08954139346998,5084.64990234375,25.443560170452358,5112.39990234375,12727400.0,0.0
2009-12-11,25.597728729248047,5117.2998046875,25.63198706443812,5182.5498046875,25.238000962527792,5088.39990234375,25.283679468839534,5136.0498046875,13540200.0,0.0
2009-12-14,26.094493865966797,5105.7001953125,26.14588354628263,5156.7001953125,25.45497953839468,5090.14990234375,25.740477278332666,5117.4501953125,14729700.0,0.0
2009-12-15,25.854679107666016,5033.0498046875,25.997428002347345,5129.4501953125,25.751899729241437,5018.25,25.934618140179516,5105.75,13118200.0,0.0
2009-12-16,26.008840560913086,5042.0498046875,26.14588041808427,5067.25,25.86609170802314,5001.7998046875,25.98600022168878,5032.9501953125,19303000.0,0.0
2009-12-17,25.843252182006836,5041.75,26.003132383433268,5064.2001953125,25.649113648840583,5013.14990234375,25.803282676193906,5046.64990234375,15440200.0,0.0
2009-12-18,26.043106079101562,4987.7001953125,26.054526250910367,5043.39990234375,25.614859438059135,4979.0498046875,25.923197542371696,5042.0,13976300.0,0.0
2009-12-21,26.357152938842773,4952.60009765625,26.379993282251203,4997.85009765625,26.0773641775271,4943.9501953125,26.14588520775239,4983.64990234375,11226600.0,0.0
2009-12-22,26.636934280395508,4985.85009765625,26.64264327556985,4997.2998046875,26.368565765538555,4953.35009765625,26.402826271107877,4953.35009765625,11809400.0,0.0
2009-12-23,26.937660217285156,5144.60009765625,27.16853884623894,5150.60009765625,26.666380360359522,4990.0498046875,26.695239638523297,4990.0498046875,11294900.0,0.0
2009-12-24,27.27820587158203,5178.39990234375,27.295523200501204,5197.89990234375,27.018470157834848,5129.0498046875,27.093503843137793,5144.7998046875,4432500.0,0.0
2009-12-28,27.376323699951172,,27.670691801298222,,27.260884408548293,,27.38786784927359,,14914000.0,
2009-12-29,26.98383140563965,5187.9501953125,27.561025660305738,5214.60009765625,26.98383140563965,5175.85009765625,27.44558636900825,5180.75,13533900.0,0.0
2009-12-30,27.03000259399414,5169.4501953125,27.041544539175053,5197.0498046875,26.74140552441139,5160.10009765625,26.920334298387317,5188.75,8742400.0,0.0
2009-12-31,26.504758834838867,5201.0498046875,27.24933994385765,5221.85009765625,26.498987861155122,5168.75,27.099270408045673,5171.2001953125,9628400.0,0.0
2010-01-04,26.441267013549805,5232.2001953125,26.931881201316443,5238.4501953125,26.27965114080717,5167.10009765625,26.810670948125317,5200.89990234375,16952700.0,0.0
2010-01-05,26.504758834838867,5277.89990234375,26.527847133216504,5288.35009765625,26.141128043587084,5242.39990234375,26.441269317032358,5277.14990234375,14523000.0,0.0
2010-01-06,26.493221282958984,5281.7998046875,26.683694271622514,5310.85009765625,26.38355294838082,5260.0498046875,26.51630738334551,5278.14990234375,14859100.0,0.0
2010-01-07,26.72987174987793,5263.10009765625,26.851082037701055,5302.5498046875,26.18730763935617,5244.75,26.475904820928424,5281.7998046875,16364700.0,0.0
2010-01-08,26.550947189331055,5244.75,26.683701661059033,5276.75,26.31429753071643,5234.7001953125,26.660613352457045,5264.25,10629500.0,0.0
2010-01-11,26.677913665771484,5249.39990234375,26.82221219974589,5287.2001953125,26.510526837924154,5227.7998046875,26.695228785265726,5263.7998046875,7873900.0,0.0
2010-01-12,26.227706909179688,5210.39990234375,26.63174333966907,5300.5,26.07763736736321,5200.9501953125,26.406637926033653,5251.10009765625,15196600.0,0.0
2010-01-13,26.718326568603516,5233.9501953125,26.75872999632064,5239.2001953125,26.21616590671069,5169.5498046875,26.250798359820372,5212.60009765625,14826100.0,0.0
2010-01-14,26.625980377197266,5259.89990234375,26.729875553493123,5272.85009765625,26.4816817658777,5232.5,26.677927965345194,5234.5,7233200.0,0.0
2010-01-15,26.3835391998291,5252.2001953125,26.602873552867866,5279.85009765625,26.296961414396815,5242.4501953125,26.550926000880278,5259.89990234375,15106200.0,0.0
2010-01-18,,5274.85009765625,,5292.5,,5228.9501953125,,5253.64990234375,,0.0
2010-01-19,26.90879249572754,5225.64990234375,26.97805738377293,5287.7998046875,26.331598306275858,5218.64990234375,26.354686602290986,5274.2001953125,15621900.0,0.0
2010-01-20,26.631738662719727,5221.7001953125,26.701001346638996,5256.7001953125,26.366229872845,5201.39990234375,26.683686226114435,5226.10009765625,13033200.0,0.0
2010-01-21,25.875614166259766,5094.14990234375,26.79335072848591,5220.35009765625,25.823666605961975,5085.4501953125,26.625966102478266,5220.2001953125,30837300.0,0.0
2010-01-22,25.281108856201172,5036.0,26.054549274351604,5094.14990234375,25.206072983788125,4954.85009765625,25.806355559449653,5094.14990234375,26533200.0,0.0
2010-01-25,25.46581268310547,5007.89990234375,25.581251987021986,5035.7001953125,24.98674254431106,4983.0498046875,25.569707836448178,5034.5498046875,21265300.0,0.0
2010-01-26,25.24648666381836,,25.64475004879297,,25.182994920890064,,25.246486663818363,,16188000.0,
2010-01-27,25.47735023498535,4853.10009765625,25.5119826777369,5008.5,24.888611919135155,4833.0498046875,25.35036681338403,5008.5,23190400.0,0.0
2010-01-28,25.234941482543945,4867.25,25.679381463117345,4929.89990234375,25.02715113299565,4824.9501953125,25.633204851296817,4863.0,19931500.0,0.0
2010-01-29,25.067554473876953,4882.0498046875,25.644748908547253,4893.7001953125,24.940570993666437,4766.0,25.41387025395032,4866.14990234375,21419500.0,0.0
2010-02-01,25.523523330688477,4899.7001953125,25.569697712880746,4918.7998046875,25.211837994062964,4827.14990234375,25.263785550167217,4882.0498046875,13240700.0,0.0
2010-02-02,25.944889068603516,4830.10009765625,26.066099365793175,4951.14990234375,25.36769466085626,4814.10009765625,25.59280012758618,4907.85009765625,18533500.0,0.0
2010-02-03,25.644758224487305,4931.85009765625,25.881407940596702,4949.14990234375,25.465827092083487,4831.0,25.846775469279656,4831.0,15642000.0,0.0
2010-02-04,24.686599731445312,4845.35009765625,25.448496008344705,4931.2998046875,24.66928460754988,4832.35009765625,25.402319408861615,4931.2998046875,27627500.0,0.0
2010-02-05,25.148351669311523,4718.64990234375,25.240702655263764,4827.0,24.397999633221907,4692.35009765625,24.767403577030876,4819.64990234375,32914100.0,0.0
2010-02-08,24.57693862915039,4760.39990234375,25.304202604948742,4799.0498046875,24.524991045034657,4675.39990234375,25.229166716376707,4755.35009765625,15343700.0,0.0
2010-02-09,24.501895904541016,4792.64990234375,24.92324743511278,4810.39990234375,24.311420748651997,4739.35009765625,24.871299865490435,4760.5498046875,22262300.0,0.0
2010-02-10,24.519216537475586,4757.2001953125,24.836673000146348,4826.85009765625,24.074776609007806,4748.10009765625,24.548075815568968,4793.0,16652800.0,0.0
2010-02-11,24.73277473449707,4826.85009765625,24.750092060637833,4843.7998046875,24.219072162691642,4757.25,24.478810036588065,4757.25,11875700.0,0.0
2010-02-12,24.957881927490234,,24.9751970515096,,24.351826164954815,,24.43840618869458,,14060900.0,
2010-02-15,,4801.9501953125,,4845.60009765625,,4783.89990234375,,4827.89990234375,,0.0
2010-02-16,25.627418518066406,4855.75,25.685137046431223,4880.0,25.194522949868126,4791.35009765625,25.240697332195836,4801.7998046875,16756500.0,0.0
2010-02-17,25.869842529296875,4914.0,25.973737656066824,4929.7001953125,25.679369598099317,4857.60009765625,25.685140570999415,4858.64990234375,13239000.0,0.0
2010-02-18,26.216169357299805,4887.75,26.285434272635857,4922.0498046875,25.690922526022206,4873.7001953125,25.77750256928129,4915.10009765625,14092700.0,0.0
2010-02-19,26.210397720336914,4844.89990234375,26.366240473176344,4887.2998046875,26.002607383217672,4805.5498046875,26.10073157655594,4887.2998046875,12580700.0,0.0
2010-02-22,26.320051193237305,4856.39990234375,26.458578751901456,4912.0498046875,26.158437542979836,4845.89990234375,26.268103633965854,4849.35009765625,12070700.0,0.0
2010-02-23,26.112276077270508,4870.0498046875,26.38355595273231,4884.10009765625,26.043011162758532,4833.14990234375,26.17576561284025,4856.60009765625,9630700.0,0.0
2010-02-24,26.366233825683594,4858.60009765625,26.383548948804044,4880.5498046875,26.08918084664957,4834.64990234375,26.118040119124107,4869.5498046875,9650500.0,0.0
2010-02-25,26.498992919921875,4859.75,26.51053707131452,4880.14990234375,25.916027586434733,4835.60009765625,26.060326176110156,4859.0,13051400.0,0.0
2010-02-26,26.43549919128418,4922.2998046875,26.752955624225688,4992.0,26.325833064070665,4858.4501953125,26.522079219278037,4858.5,11251800.0,0.0
2010-03-01,26.706783294677734,,26.816449430394226,,26.53939640188276,,26.597117158961243,,6993900.0,
2010-03-02,26.718326568603516,5017.0,26.839536851754886,5029.4501953125,26.654834838813272,4935.35009765625,26.787589273001203,4935.60009765625,8746600.0,0.0
2010-03-03,26.660598754882812,5088.10009765625,26.833758772764483,5093.25,26.60288021680298,5015.10009765625,26.752949736903194,5015.7998046875,7785000.0,0.0
2010-03-04,26.770265579223633,5080.25,26.799124846667453,5096.9501953125,26.608649718260494,5049.0,26.666370454969105,5096.9501953125,7619900.0,0.0
2010-03-05,27.382102966308594,5088.7001953125,27.480227164355195,5118.64990234375,26.810681713633837,5068.0498046875,26.839540994769184,5080.5498046875,13059100.0,0.0
2010-03-08,27.722644805908203,5124.0,27.797680690300123,5147.10009765625,27.393644192110578,5092.14990234375,27.4455917733324,5092.14990234375,8495800.0,0.0
2010-03-09,27.81499481201172,5101.5,28.149768590419793,5131.7998046875,27.526397638275803,5094.35009765625,27.601433519957215,5121.0498046875,12243200.0,0.0
2010-03-10,27.965057373046875,5116.25,28.074723470323413,5137.39990234375,27.705319561790887,5092.0498046875,27.87270639591374,5101.60009765625,10583500.0,0.0
2010-03-11,28.10359001159668,5133.39990234375,28.10936318768601,5152.60009765625,27.71109770674092,5102.10009765625,27.79190675924073,5116.35009765625,8604100.0,0.0
2010-03-12,28.31138801574707,5137.0,28.455686631731332,5158.10009765625,28.063194220108375,5122.10009765625,28.305617039909446,5131.7998046875,12207300.0,0.0
2010-03-15,28.230566024780273,5128.89990234375,28.421041152749034,5151.0498046875,27.93619797461697,5101.2001953125,28.247881144842538,5134.4501953125,12572400.0,0.0
2010-03-16,28.963607788085938,5198.10009765625,29.00401120964521,5209.25,28.253659121202734,5125.7001953125,28.33446596432128,5128.9501953125,18134600.0,0.0
2010-03-17,29.315711975097656,5231.89990234375,29.413833992566868,5260.5,28.92321950157582,5177.14990234375,29.027114697615275,5198.4501953125,20060300.0,0.0
2010-03-18,29.200254440307617,5245.89990234375,29.47730738994701,5255.64990234375,29.177166144049053,5214.39990234375,29.269517127262183,5232.5498046875,12631000.0,0.0
2010-03-19,28.952070236206055,5262.7998046875,29.361877720732092,5269.9501953125,28.888578501624476,5237.10009765625,28.952070236206055,5246.7998046875,14273200.0,0.0
2010-03-22,29.252208709716797,5205.2001953125,29.350330688570658,5260.9501953125,28.66347023112878,5187.0498046875,28.750050261029404,5260.9501953125,15289000.0,0.0
2010-03-23,29.17139434814453,5225.2998046875,29.286833624360376,5243.60009765625,28.894341406319143,5193.39990234375,29.22334191235061,5205.85009765625,16105700.0,0.0
2010-03-24,29.26375389099121,,29.448455906249826,,29.015560145145876,,29.04441942218847,,11596300.0,
2010-03-25,29.309797286987305,5260.39990234375,29.816846240441684,5267.2998046875,29.309797286987305,5202.9501953125,29.449671787053642,5225.2998046875,18328500.0,0.0
2010-03-26,29.20488929748535,5282.0,29.583718093483355,5293.75,29.0883257359225,5260.5498046875,29.397217284288796,5260.5498046875,13100800.0,0.0
2010-03-29,29.333105087280273,5302.85009765625,29.432182654792726,5329.5498046875,29.146602082480058,5242.14990234375,29.391385747785872,5283.89990234375,12065300.0,0.0
2010-03-30,29.274826049804688,5262.4501953125,29.438013699272634,5325.0,29.18157564678515,5251.35009765625,29.350592697028368,5302.9501953125,8298000.0,0.0
2010-03-31,29.0125675201416,5249.10009765625,29.33894514272874,5293.89990234375,28.98342717709728,5235.14990234375,29.15244427932628,5260.39990234375,8337300.0,0.0
2010-04-01,29.146604537963867,5290.5,29.251511514323678,5298.60009765625,28.93096340800864,5249.2001953125,29.210714603879847,5249.2001953125,11865900.0,0.0
2010-04-05,29.752727508544922,5368.39990234375,29.781867835638554,5377.5498046875,29.20488180008553,5291.39990234375,29.333101907214843,5291.39990234375,14636500.0,0.0
2010-04-06,30.353023529052734,5366.0,30.41713134797037,5388.64990234375,29.56622149763758,5351.7001953125,29.688612183658588,5369.64990234375,16859700.0,0.0
2010-04-07,29.700275421142578,5374.64990234375,30.347200939928992,5399.64990234375,29.566228131623745,5345.0498046875,30.271434307326334,5365.7001953125,15275300.0,0.0
2010-04-08,29.711942672729492,5304.4501953125,29.787709332555238,5383.64990234375,29.51378525544585,5290.25,29.56041157634334,5376.2998046875,8579900.0,0.0
2010-04-09,30.184024810791016,5361.75,30.20733797173691,5377.4501953125,29.69445954725422,5302.25,29.816850307322067,5302.39990234375,11460200.0,0.0
2010-04-12,29.985864639282227,5339.7001953125,30.277272454584747,5382.14990234375,29.94506772300109,5324.89990234375,30.248132117707534,5354.14990234375,7833400.0,0.0
2010-04-13,30.667749404907227,5322.9501953125,30.755172614701717,5356.5,29.94505946722915,5301.7001953125,29.962543219882217,5340.85009765625,13847500.0,0.0
2010-04-14,30.69688606262207,,30.96498283640591,,30.522041887207784,,30.941669686813523,,17132900.0,
2010-04-15,29.933412551879883,5273.60009765625,30.644448366115125,5373.14990234375,29.915928793584033,5265.2998046875,30.53371196820061,5323.2998046875,19222200.0,0.0
2010-04-16,29.309797286987305,5262.60009765625,30.125737799414512,5283.0498046875,29.222374056997026,5237.5498046875,29.88095631266588,5273.39990234375,32486100.0,0.0
2010-04-19,29.420522689819336,5203.64990234375,29.641993176111352,5279.0498046875,28.995067691984957,5160.89990234375,29.094145248087123,5279.0498046875,20990600.0,0.0
2010-04-20,29.880962371826172,5230.10009765625,29.904275534319627,5257.25,29.29814664908316,5208.2998046875,29.61286767294812,5208.2998046875,12239200.0,0.0
2010-04-21,30.440448760986328,5244.89990234375,30.609465764377468,5266.2998046875,29.82849302185274,5230.2998046875,29.86346274701571,5230.2998046875,21471400.0,0.0
2010-04-22,30.883411407470703,5269.35009765625,31.0058021965919,5331.7998046875,30.067468366797524,5221.10009765625,30.248142072118764,5248.60009765625,18688400.0,0.0
2010-04-23,31.285531997680664,5304.10009765625,31.326328899316294,5311.0498046875,30.696887177056148,5269.64990234375,30.976640535792477,5269.64990234375,13173900.0,0.0
2010-04-26,31.483694076538086,5322.4501953125,31.71099176942367,5342.35009765625,31.25056698353174,5299.35009765625,31.384614283867734,5299.35009765625,11956700.0,0.0
2010-04-27,30.487077713012695,5308.35009765625,31.454551294030082,5330.5498046875,30.440451408739783,5301.39990234375,31.238907971664695,5322.10009765625,22098000.0,0.0
2010-04-28,30.592002868652344,5215.4501953125,30.842611621740375,5308.25,30.43464233303948,5202.4501953125,30.790160333135297,5308.2001953125,15187700.0,0.0
2010-04-29,31.856698989868164,5254.14990234375,31.89749590193591,5264.75,30.94167872218026,5214.7998046875,31.005788790648133,5215.25,20216600.0,0.0
2010-04-30,30.865915298461914,5278.0,32.05485971983583,5294.7998046875,30.807634624641018,5254.2001953125,31.80424882052863,5254.2001953125,20171100.0,0.0
2010-05-03,31.82172203063965,5222.75,31.996568440679486,5278.7001953125,31.110688707984508,5210.0498046875,31.116515884129086,5278.39990234375,20332100.0,0.0
2010-05-04,31.075716018676758,5148.5,31.460374082216465,5250.14990234375,30.760995178526752,5134.85009765625,31.390436858826767,5223.89990234375,25009300.0,0.0
2010-05-05,30.63861846923828,5124.89990234375,31.198120958314224,5148.35009765625,30.195679554536138,5056.5,30.55119523264161,5148.35009765625,21721100.0,0.0
2010-05-06,29.40887451171875,5090.85009765625,30.650272356716005,5124.89990234375,25.154321095279663,5037.75,30.417145228446028,5124.39990234375,40853400.0,0.0
2010-05-07,28.913476943969727,5018.0498046875,30.108248259161723,5085.64990234375,28.447224994536832,4984.60009765625,29.490463036622725,5072.2998046875,31771300.0,0.0
2010-05-10,30.81928253173828,5193.60009765625,30.85425003688514,5203.2998046875,30.172357007346534,5026.60009765625,30.45210816484426,5026.60009765625,24930800.0,0.0
2010-05-11,30.854251861572266,5136.14990234375,31.203942496573184,5206.7001953125,30.300578913534043,5126.5,30.382172728054847,5189.75,19801500.0,0.0
2010-05-12,31.35547637939453,5156.64990234375,31.47203993491758,5172.85009765625,30.85425464693087,5098.7998046875,31.1048655131627,5133.75,13551200.0,0.0
2010-05-13,30.941675186157227,5178.89990234375,31.44289687515543,5212.7001953125,30.81928446394084,5147.9501953125,31.39044339088202,5157.5498046875,12836800.0,0.0
2010-05-14,29.985864639282227,5093.5,30.65027410244954,5192.75,29.612862991417437,5070.9501953125,30.65027410244954,5180.5498046875,21810900.0,0.0
2010-05-17,29.93923568725586,5059.89990234375,30.49291093226474,5094.5498046875,29.088325475029368,4966.25,29.985862000768815,5093.89990234375,19768900.0,0.0
2010-05-18,29.175745010375977,5066.2001953125,30.44045359034638,5105.2001953125,29.0533520645202,5024.25,30.353032598466214,5059.5498046875,17861700.0,0.0
2010-05-19,28.930971145629883,4919.64990234375,29.56624035092783,5065.10009765625,28.20828091882783,4908.14990234375,28.977597469044454,5065.10009765625,23569300.0,0.0
2010-05-20,27.532203674316406,4947.60009765625,28.493847862130146,4980.25,27.491404546171136,4924.2998046875,28.196612951818697,4924.2998046875,31029900.0,0.0
2010-05-21,28.423913955688477,4931.14990234375,28.49385119748984,4946.7001953125,26.95521853827091,4842.2998046875,27.10092242226156,4946.7001953125,23970300.0,0.0
2010-05-24,27.852752685546875,4943.9501953125,28.639552704488565,5029.5498046875,27.800299202733118,4923.4501953125,28.511332585773907,4944.2998046875,19137900.0,0.0
2010-05-25,28.1441650390625,4806.75,28.1558216175153,4946.60009765625,26.768719907342373,4786.4501953125,27.054298298008412,4945.2998046875,23967400.0,0.0
2010-05-26,28.033424377441406,4917.39990234375,28.925133595251474,4925.4501953125,27.835267020513022,4807.2998046875,28.540475458068688,4807.2998046875,20304200.0,0.0
2010-05-27,29.554580688476562,5003.10009765625,29.566237268114797,5016.60009765625,28.412262563112517,4897.60009765625,28.703670384272645,4915.14990234375,20292700.0,0.0
2010-05-28,29.111644744873047,5066.5498046875,29.73525736783734,5077.25,29.01256491948497,5005.60009765625,29.53127053828093,5005.60009765625,15463200.0,0.0
2010-05-31,,5086.2998046875,,5097.60009765625,,5038.5498046875,,5076.10009765625,,0.0
2010-06-01,28.54629135131836,4970.2001953125,29.263153858930043,5086.9501953125,28.511321635118843,4961.0498046875,28.732792057854873,5086.25,15112900.0,0.0
2010-06-02,29.175745010375977,5019.85009765625,29.21071251782216,5031.2001953125,28.295692351901852,4967.0498046875,28.791086865614986,4970.75,16033600.0,0.0
2010-06-03,29.0999813079834,5110.5,29.362248756613056,5125.7001953125,28.84937043743339,5020.14990234375,29.286482110727835,5020.14990234375,10995700.0,0.0
2010-06-04,27.520544052124023,5135.5,28.77359583511716,5147.89990234375,27.398151127764127,5091.60009765625,28.49967410741722,5112.60009765625,26058700.0,0.0
2010-06-07,27.380672454833984,5034.0,28.120848420997074,5132.9501953125,27.328218969884954,5004.25,27.60214297164819,5132.9501953125,21973000.0,0.0
2010-06-08,27.858583450317383,4987.10009765625,27.90520976249705,5071.35009765625,26.809515882189057,4967.2998046875,27.462268689849914,5036.7001953125,26149600.0,0.0
2010-06-09,27.99846076965332,5000.2998046875,28.814401241075213,5050.60009765625,27.864413454132542,4980.10009765625,28.15582124176857,4985.0498046875,22432100.0,0.0
2010-06-10,29.169919967651367,5078.60009765625,29.286483530835064,5085.2001953125,28.348150070940626,4997.60009765625,28.58710437499793,4999.60009765625,25055600.0,0.0
2010-06-11,29.472991943359375,5119.35009765625,29.560415194108835,5139.0498046875,28.796925770462515,5078.75,28.85520645545174,5078.75,14358300.0,0.0
2010-06-14,29.822668075561523,5197.7001953125,30.14904555602139,5201.25,29.531260325486002,5120.14990234375,29.863467205975613,5120.14990234375,16673400.0,0.0
2010-06-15,30.469585418701172,5222.35009765625,30.527868286956004,5231.4501953125,29.805176283444734,5171.0498046875,29.97419326648761,5201.2998046875,21950200.0,0.0
2010-06-16,30.24812889099121,5233.35009765625,30.48125378440554,5255.64990234375,30.067455264401524,5214.89990234375,30.236472312830752,5225.0498046875,12538600.0,0.0
2010-06-17,30.294761657714844,5274.85009765625,30.42880901005796,5285.5498046875,29.950900284916216,5206.5498046875,30.294761657714844,5233.64990234375,15515800.0,0.0
2010-06-18,30.20733642578125,5262.60009765625,30.422977595331165,5302.2998046875,30.05580311065353,5245.5,30.38218067739646,5274.9501953125,10951600.0,0.0
2010-06-21,29.991683959960938,5353.2998046875,30.70854673100556,5366.75,29.86346606663941,5266.5,30.62695291981969,5266.5,12016600.0,0.0
2010-06-22,29.146604537963867,5316.5498046875,30.166531745589356,5354.35009765625,29.05335413934013,5311.0498046875,30.044141014257868,5353.9501953125,20543300.0,0.0
2010-06-23,29.164093017578125,5323.14990234375,29.519610887593835,5333.2998046875,28.674527826997736,5288.14990234375,29.06501320995593,5316.14990234375,17497500.0,0.0
2010-06-24,28.563318252563477,5320.60009765625,29.127647523727344,5348.2998046875,28.49865510311748,5284.5498046875,29.057106925443158,5323.25,20028200.0,0.0
2010-06-25,29.2922420501709,5269.0498046875,29.398051814841466,5320.5,28.533923413324697,5259.89990234375,28.722033149875625,5320.5,20899200.0,0.0
2010-06-28,28.957170486450195,5333.5,29.43332453963443,5339.4501953125,28.833723886810038,5270.75,29.42156740027179,5271.10009765625,10955200.0,0.0
2010-06-29,28.028366088867188,5256.14990234375,28.55742590611586,5334.14990234375,27.810864716195628,5235.7998046875,28.475125968198498,5333.5498046875,26764200.0,0.0
2010-06-30,27.75208282470703,5312.5,28.457495262932657,5320.35009765625,27.669785118028837,5210.0,28.04600448709735,5254.25,16863600.0,0.0
2010-07-01,27.699176788330078,5251.39990234375,27.922557879248476,5312.5498046875,27.005521486881623,5232.10009765625,27.734448195036453,5312.0498046875,20930400.0,0.0
2010-07-02,27.170116424560547,5237.10009765625,27.88728368296368,5277.25,27.040790188684728,5225.60009765625,27.822622807469866,5251.25,14099300.0,0.0
2010-07-05,,5235.89990234375,,5252.75,,5225.85009765625,,5237.0,,0.0
2010-07-06,26.64107894897461,5289.0498046875,27.863795042714305,5297.4501953125,26.36479166496793,5231.5,27.62865664239637,5236.10009765625,25757200.0,0.0
2010-07-07,27.910812377929688,5241.10009765625,27.946083799338485,5296.75,26.67046208895271,5233.4501953125,26.717490650831106,5293.10009765625,22771600.0,0.0
2010-07-08,28.210607528686523,5296.85009765625,28.463378143550763,5320.5,27.728573847290843,5242.0,28.22824211421444,5242.0,15471500.0,0.0
2010-07-09,28.58095359802246,5352.4501953125,28.645616749180007,5359.0498046875,28.104801743944623,5297.2001953125,28.151828063230408,5297.2001953125,13585800.0,0.0
2010-07-12,28.686767578125,5383.0,28.786702157404076,5402.7001953125,28.25764201403344,5351.60009765625,28.516292393878306,5352.25,10050700.0,0.0
2010-07-13,29.315750122070312,5400.64990234375,29.462710974035197,5406.2001953125,28.95716528448486,5357.85009765625,29.10412613644974,5370.2001953125,17309700.0,0.0
2010-07-14,29.14528465270996,5386.14990234375,29.403935010689626,5453.4501953125,28.76906289231425,5371.7001953125,29.174676382091366,5402.0,12125900.0,0.0
2010-07-15,29.080623626708984,5378.75,29.192313103494428,5399.2001953125,28.52217175789102,5360.60009765625,29.151164230865824,5387.10009765625,16308800.0,0.0
2010-07-16,28.18709373474121,5393.89990234375,28.93365518159351,5401.35009765625,27.969592287215672,5374.39990234375,28.88662662945567,5376.64990234375,22010900.0,0.0
2010-07-19,28.510406494140625,5386.4501953125,28.675001937761596,5409.10009765625,27.79911647855602,5361.5,28.239999053207676,5392.7001953125,16259600.0,0.0
2010-07-20,28.99832534790039,5368.0,29.09825768174677,5416.4501953125,27.987233656325873,5353.60009765625,28.06953140006885,5387.0,19416900.0,0.0
2010-07-21,28.43986701965332,5399.35009765625,29.251089374101745,5409.10009765625,28.304663293911915,5368.85009765625,29.104128510150893,5368.85009765625,18512300.0,0.0
2010-07-22,29.46271514892578,5441.9501953125,29.68609630345019,5447.14990234375,28.75730251104787,5372.2001953125,28.774939340645165,5399.14990234375,21544600.0,0.0
2010-07-23,29.809547424316406,5449.10009765625,29.86245343625096,5477.5,28.986567757212008,5435.14990234375,29.43332789164636,5441.89990234375,13185300.0,0.0
2010-07-26,30.579612731933594,5418.60009765625,30.650153309269058,5466.25,29.674333393424455,5409.2001953125,29.815416790539906,5446.5498046875,14626000.0,0.0
2010-07-27,30.573741912841797,5430.60009765625,30.938206526781308,5450.9501953125,30.150496083586987,5407.2001953125,30.83827195765429,5420.2001953125,17355900.0,0.0
2010-07-28,30.526704788208008,5397.5498046875,30.855897865484806,5447.85009765625,30.32683796315502,5386.25,30.43852739033825,5436.10009765625,13959800.0,0.0
2010-07-29,30.25630760192871,5408.89990234375,30.803002271365937,5415.85009765625,29.93887155339513,5381.5498046875,30.75597371197794,5397.85009765625,15297300.0,0.0
2010-07-30,30.36211585998535,5367.60009765625,30.561982727755215,5413.25,29.862447569338254,5349.2001953125,29.903596432486914,5408.39990234375,11730300.0,0.0
2010-08-02,31.285022735595703,5431.64990234375,31.420226432382563,5438.85009765625,30.732448570312332,5351.2998046875,30.826503413400772,5369.5498046875,18843400.0,0.0
2010-08-03,31.120431900024414,5439.5498046875,31.26739276471701,5459.2001953125,30.838267308908005,5426.39990234375,31.220366454086694,5432.5,10431400.0,0.0
2010-08-04,31.220369338989258,5467.85009765625,31.255638514609817,5481.89990234375,30.914690443089167,5428.39990234375,31.155706193758174,5441.35009765625,9319200.0,0.0
2010-08-05,30.832382202148438,5447.10009765625,31.208601563516403,5487.14990234375,30.75008449715473,5443.10009765625,31.05576328887727,5470.14990234375,7449400.0,0.0
2010-08-06,30.732452392578125,5439.25,30.81475011021052,5471.89990234375,30.250420981492987,5431.35009765625,30.491436687035556,5448.25,11075000.0,0.0
2010-08-09,31.03813362121582,5486.14990234375,31.15570275936275,5492.2998046875,30.69718558727899,5433.25,30.90880958745451,5439.7998046875,8254900.0,0.0
2010-08-10,30.797130584716797,5460.7001953125,31.07929528704694,5491.4501953125,30.456182410318352,5445.35009765625,30.767738848682647,5486.7998046875,15500900.0,0.0
2010-08-11,30.05644416809082,5420.60009765625,30.420906575506866,5474.60009765625,29.815428379605876,5412.0,30.256311083598728,5460.7001953125,20175400.0,0.0
2010-08-12,29.709609985351562,5416.4501953125,30.003531725034634,5431.10009765625,29.568526563627927,5372.4501953125,29.662581430628713,5418.7001953125,10760300.0,0.0
2010-08-13,29.644947052001953,5452.10009765625,29.92711165498572,5476.5,29.59791849694886,5415.5,29.656704190765225,5420.64990234375,9818100.0,0.0
2010-08-16,29.67433738708496,5418.2998046875,29.932987700421275,5465.25,29.39805024520777,5397.39990234375,29.592039662043625,5452.10009765625,11577500.0,0.0
2010-08-17,30.320968627929688,5414.14990234375,30.50907836742703,5443.5498046875,29.78015144504109,5408.7998046875,29.938869458200404,5422.14990234375,13384800.0,0.0
2010-08-18,30.326839447021484,5479.14990234375,30.53846341830798,5487.9501953125,30.109338028730136,5416.25,30.35035371992987,5416.25,9191000.0,0.0
2010-08-19,29.639068603515625,5540.2001953125,30.256306081007615,5544.7001953125,29.486230278077766,5478.10009765625,30.22691211164512,5478.25,18212900.0,0.0
2010-08-20,29.550893783569336,5530.64990234375,29.59204265024521,5546.60009765625,29.251092334993608,5513.35009765625,29.50386522597116,5540.7998046875,15910500.0,0.0
2010-08-23,29.409801483154297,5543.5,29.780143413986234,5549.7998046875,29.392166900596138,5519.39990234375,29.662574297894974,5531.14990234375,11039300.0,0.0
2010-08-24,29.280479431152344,5505.10009765625,29.468589132496373,5547.25,28.77493376787356,5488.4501953125,29.015949462873383,5541.10009765625,15820700.0,0.0
2010-08-25,29.66257667541504,5462.35009765625,29.803660074521567,5506.14990234375,28.986558127983596,5452.5498046875,29.086490427082115,5505.2998046875,13757000.0,0.0
2010-08-26,29.497982025146484,5477.89990234375,30.04467656716757,5486.5498046875,29.450953476719263,5454.7001953125,29.844809721241102,5462.10009765625,11290600.0,0.0
2010-08-27,29.968250274658203,5408.7001953125,30.009399125040282,5495.2001953125,29.07472821610821,5391.9501953125,29.6860857681336,5489.60009765625,17038300.0,0.0
2010-08-30,29.691970825195312,5415.4501953125,30.162247365725975,5469.0,29.691970825195312,5390.35009765625,29.88008278687442,5408.89990234375,10888000.0,0.0
2010-08-31,29.968250274658203,5402.39990234375,30.050547975422358,5413.89990234375,29.497976097117196,5348.89990234375,29.59790837877534,5413.5498046875,11610200.0,0.0
2010-09-01,30.91469383239746,5471.85009765625,30.991114125362024,5478.60009765625,30.315093114215728,5403.0498046875,30.356241985247735,5403.0498046875,17775000.0,0.0
2010-09-02,31.302661895751953,5486.14990234375,31.343810755468166,5513.9501953125,30.867656781323124,5471.85009765625,30.944077053272377,5471.89990234375,10102100.0,0.0
2010-09-03,31.714157104492188,5479.39990234375,31.76706310890806,5510.39990234375,31.414355665320556,5473.64990234375,31.714157104492188,5486.2998046875,10942500.0,0.0
2010-09-06,,5576.9501953125,,5589.39990234375,,5479.5498046875,,5479.5498046875,,0.0
2010-09-07,31.273292541503906,5604.0,31.578971605491585,5625.5,31.238021104043153,5571.64990234375,31.514308424703344,5575.89990234375,9147200.0,0.0
2010-09-08,31.290904998779297,5607.85009765625,31.537800401418384,5625.2998046875,31.220364416215855,5567.75,31.36144558134274,5604.25,9256500.0,0.0
2010-09-09,31.055763244628906,5640.0498046875,31.72590426141631,5647.4501953125,30.94407158020149,5608.10009765625,31.65536144942712,5608.2998046875,7312700.0,0.0
2010-09-10,31.17922019958496,,31.31442393731889,,30.944081899428987,,31.14394878182806,,9708400.0,
2010-09-13,31.66712760925293,5760.0,31.702399025299172,5770.60009765625,31.384963008217753,5639.2001953125,31.426111872382577,5639.2001953125,8810500.0,0.0
2010-09-14,31.573076248168945,5795.5498046875,31.77882283428442,5838.4501953125,31.396723633245077,5760.2998046875,31.53780707065127,5760.2998046875,9984600.0,0.0
2010-09-15,31.819965362548828,5860.9501953125,31.91402022126313,5869.4501953125,31.355568516577417,5792.2001953125,31.42023165240188,5795.25,9842700.0,0.0
2010-09-16,31.649478912353516,5828.7001953125,31.84934569595363,5901.64990234375,31.53778950833495,5815.7998046875,31.755290870873807,5861.10009765625,9198500.0,0.0
2010-09-17,31.743553161621094,5884.9501953125,31.866999774618304,5898.39990234375,31.47902310345186,5828.7001953125,31.749430610715837,5828.7001953125,7559200.0,0.0
2010-09-20,32.454837799072266,5980.4501953125,32.57240694286014,5989.5,31.79057628519386,5885.0498046875,31.849359735865345,5885.0498046875,14170600.0,0.0
2010-09-21,31.943410873413086,6009.0498046875,32.49598286953185,6032.7998046875,31.914019151508462,5961.85009765625,32.49598286953185,5980.5,14413000.0,0.0
2010-09-22,31.614219665527344,5991.0,32.05510224803631,6037.39990234375,31.531921942250168,5946.4501953125,31.83172335412534,6008.39990234375,11476400.0,0.0
2010-09-23,30.905044555664062,5959.5498046875,31.468356461040898,6006.7998046875,30.798311678352214,5932.39990234375,31.37941164262746,5991.0498046875,14622000.0,0.0
2010-09-24,31.74704360961914,6018.2998046875,31.782619722368032,6029.10009765625,31.254886271629353,5951.2001953125,31.296393244476636,5959.4501953125,11956700.0,0.0
2010-09-27,31.432769775390625,6035.64990234375,31.88934868280778,6073.5,31.29638941529876,6018.2998046875,31.86563203119709,6018.2998046875,7172900.0,0.0
2010-09-28,31.515798568725586,6029.5,31.604741137223325,6049.7998046875,30.970274648369912,5991.2998046875,31.462432122842543,6036.0498046875,9984300.0,0.0
2010-09-29,31.284549713134766,5991.2998046875,31.48615608187053,6071.5498046875,31.1718881954736,5979.64990234375,31.48022748071427,6029.14990234375,8977400.0,0.0
2010-09-30,31.35569953918457,6029.9501953125,31.794488310124795,6048.4501953125,31.142233753554834,5963.60009765625,31.533586939889013,5991.35009765625,10119400.0,0.0
2010-10-01,31.509855270385742,6143.39990234375,31.669954544845435,6153.10009765625,31.154080612893164,6030.2998046875,31.521714727230176,6030.2998046875,8272400.0,0.0
2010-10-04,31.776689529418945,6159.4501953125,31.782618127259425,6222.10009765625,31.420914848023457,6144.7001953125,31.45649095898685,6144.7001953125,11356500.0,0.0
2010-10-05,32.19175338745117,6145.7998046875,32.32813372302012,6188.35009765625,31.776681522438,6118.0498046875,32.007935233270565,6159.4501953125,11265200.0,0.0
2010-10-06,32.09687805175781,6186.4501953125,32.1917514212267,6223.39990234375,31.907131312820045,6148.60009765625,32.11466610167087,6150.9501953125,8326400.0,0.0
2010-10-07,32.168052673339844,6120.2998046875,32.35779953119345,6199.4501953125,32.013884199569155,6107.5,32.227347718183736,6186.85009765625,6120600.0,0.0
2010-10-08,32.209537506103516,6103.4501953125,32.3103417273666,6148.60009765625,31.99014327670892,6067.0,32.1324521912505,6121.39990234375,6750800.0,0.0
2010-10-11,32.16211700439453,6135.85009765625,32.328144903033206,6187.75,32.12653862813176,6105.9501953125,32.23327149495961,6105.9501953125,5457700.0,0.0
2010-10-12,32.44081497192383,6090.89990234375,32.547547867058434,6144.9501953125,32.002026191446966,6057.9501953125,32.09096876275176,6135.9501953125,7765400.0,0.0
2010-10-13,32.76100158691406,6233.89990234375,33.05748123928433,6240.25,32.529747819978894,6089.75,32.61276176072893,6091.4501953125,9291200.0,0.0
2010-10-14,32.66019821166992,6177.35009765625,32.879592511810436,6284.10009765625,32.46452056362774,6157.89990234375,32.67205540673901,6234.2998046875,8283600.0,0.0
2010-10-15,32.64242172241211,6062.64990234375,32.94483234985783,6200.60009765625,32.56533635004893,6050.35009765625,32.80252106718436,6175.89990234375,10031100.0,0.0
2010-10-18,32.476383209228516,6075.9501953125,33.0871306034572,6115.10009765625,32.476383209228516,5985.10009765625,32.553468556506814,6112.75,10987400.0,0.0
2010-10-19,32.6364860534668,6027.2998046875,33.081205605300866,6127.0498046875,32.48824620285544,6008.14990234375,32.58904821553007,6114.4501953125,18057400.0,0.0
2010-10-20,33.28873825073242,5982.10009765625,33.54371095757878,6038.10009765625,32.64834331541539,5966.75,32.66613137246405,6002.9501953125,20963800.0,0.0
2010-10-21,33.22350311279297,6101.5,33.60299663728733,6113.5,33.02782775383299,5984.89990234375,33.44289964448364,6008.89990234375,12328700.0,0.0
2010-10-22,33.22944259643555,6066.0498046875,33.43697746464831,6121.10009765625,33.033764924726015,6041.35009765625,33.353963517363205,6113.39990234375,5044900.0,0.0
2010-10-25,33.2946662902832,6105.7998046875,33.49627254694273,6151.2998046875,33.265016515100115,6094.60009765625,33.44290611835755,6101.25,8215500.0,0.0
2010-10-26,33.0989990234375,6082.0,33.164224930182556,6120.25,32.897392703480484,6074.64990234375,33.015985055565956,6116.2998046875,9226500.0,0.0
2010-10-27,32.766937255859375,6012.64990234375,33.01005053278883,6075.9501953125,32.5534737601336,5987.5498046875,32.927036574124244,6075.4501953125,10602600.0,0.0
2010-10-28,32.5653190612793,5987.7001953125,33.00410987643959,6071.10009765625,32.24512280368654,5968.10009765625,32.8736581250752,6039.9501953125,8119800.0,0.0
2010-10-29,32.589054107666016,6017.7001953125,32.70764646198885,6032.64990234375,32.428954768624344,5937.10009765625,32.48825207676627,6021.14990234375,5958400.0,0.0
2010-11-01,32.826229095458984,6117.5498046875,33.14049681868331,6132.39990234375,32.63648228951671,6084.75,32.69577731813853,6092.2998046875,6971600.0,0.0
2010-11-02,33.01005935668945,6119.0,33.14644205319277,6138.10009765625,32.861819458887986,6094.39990234375,33.02191881994893,6127.5498046875,5907600.0,0.0
2010-11-03,32.97447967529297,6160.5,33.110860095137575,6182.5,32.76101388354973,6146.7998046875,33.099000633156166,6150.60009765625,9241600.0,0.0
2010-11-04,33.82833480834961,6281.7998046875,33.893560707137674,6290.14990234375,33.276882361091445,6199.35009765625,33.31246074096512,6209.60009765625,10704000.0,0.0
2010-11-05,34.166316986083984,,34.37385411498535,,33.71566887702915,,33.84018979719373,,10082800.0,
2010-11-08,34.00029754638672,6273.2001953125,34.17818494256049,6335.89990234375,33.73346532114558,6265.35009765625,34.10109957483284,6335.25,5943100.0,0.0
2010-11-09,32.772865295410156,6301.5498046875,34.148530879888845,6310.89990234375,32.52382117889632,6243.5498046875,34.12481196175219,6281.0,15955700.0,0.0
2010-11-10,33.16422653198242,6275.7001953125,33.176085993959866,6307.64990234375,32.77287333457106,6269.25,32.85588730645209,6303.2001953125,11988200.0,0.0
2010-11-11,32.89738464355469,6194.25,33.18793572188045,6296.5498046875,32.80251123752268,6179.5,32.97446999281833,6286.35009765625,6478700.0,0.0
2010-11-12,32.589054107666016,6071.64990234375,32.99226675518703,6202.5,32.434885630419046,6056.75,32.725434523450915,6182.2998046875,8962200.0,0.0
2010-11-15,32.2332649230957,6121.60009765625,32.84401222167501,6128.75,32.2332649230957,6039.39990234375,32.672053497738695,6079.89990234375,9312700.0,0.0
2010-11-16,31.219318389892578,5988.7001953125,32.10875763448255,6144.0498046875,30.993993147914043,5970.60009765625,32.09689817311937,6143.4501953125,25248100.0,0.0
2010-11-17,31.492069244384766,,31.664027986764108,,31.207449047667367,,31.320110502005424,,8071000.0,
2010-11-18,31.71146583557129,5998.7998046875,32.01980496967751,6076.2001953125,31.640311346765365,5906.75,31.930860162199792,6075.9501953125,9727700.0,0.0
2010-11-19,31.85969352722168,5890.2998046875,31.9189907969205,6013.25,31.36160777154933,5863.9501953125,31.616580376355387,6011.2998046875,8482900.0,0.0
2010-11-22,31.924922943115234,6010.0,32.02572491987356,6020.25,31.729245324288154,5905.14990234375,31.747035638155946,5920.89990234375,18122300.0,0.0
2010-11-23,31.69960594177246,5934.75,31.758903233263403,5973.35009765625,31.515789993051513,5824.9501953125,31.545437507816793,5971.5498046875,7534200.0,0.0
2010-11-24,32.31035614013672,5865.75,32.32814419689933,5976.64990234375,31.907143599141083,5833.60009765625,31.96051003138934,5946.7998046875,8095300.0,0.0
2010-11-25,,5799.75,,5907.10009765625,,5780.35009765625,,5883.9501953125,,0.0
2010-11-26,32.215484619140625,5751.9501953125,32.32814608849663,5838.5,32.043525853838915,5690.35009765625,32.07910196944578,5828.5498046875,2880400.0,0.0
2010-11-29,32.19770050048828,5830.0,32.26885500736657,5843.14990234375,31.752980874067283,5754.7001953125,31.996094179365656,5789.9501953125,7317300.0,0.0
2010-11-30,32.07317352294922,5862.7001953125,32.26884894559671,5892.25,31.853779181810946,5768.35009765625,31.85970778045336,5811.60009765625,9645100.0,0.0
2010-12-01,32.316287994384766,5960.89990234375,32.48824676695021,5971.0,32.03759634656908,5865.5498046875,32.41709000880962,5871.0,10578100.0,0.0
2010-12-02,32.75506591796875,6011.7001953125,32.79657287938325,6029.5,32.3222037284294,5980.60009765625,32.42300796469301,6023.0498046875,9225100.0,0.0
2010-12-03,32.80250930786133,5992.7998046875,32.87959465259029,6025.39990234375,32.5001010507866,5964.25,32.57125553563471,6013.35009765625,6490700.0,0.0
2010-12-06,32.8203125,5992.25,32.93297627009264,6069.4501953125,32.45860904906435,5981.7001953125,32.76101744560697,6033.64990234375,5690600.0,0.0
2010-12-07,32.92704391479492,5976.5498046875,33.19980703373718,6001.0,32.873677463475914,5939.7001953125,33.164228645537435,5995.0498046875,9683100.0,0.0
2010-12-08,32.43488693237305,5903.7001953125,33.010056141690704,5960.0,32.221421138415515,5878.60009765625,32.93890163102523,5954.39990234375,11524900.0,0.0
2010-12-09,32.08503341674805,5766.5,32.63648583834426,5927.2998046875,32.06724535861933,5742.2998046875,32.52382210496746,5924.25,9680300.0,0.0
2010-12-10,32.41707992553711,5857.35009765625,32.56531973261264,5865.5,32.150250082369105,5721.14990234375,32.17396673241163,5761.0,8561300.0,0.0
2010-12-13,32.500099182128906,5907.64990234375,32.66612705788185,5913.7998046875,32.38150687289388,5795.89990234375,32.55939420576634,5882.64990234375,4916500.0,0.0
2010-12-14,32.168052673339844,5944.10009765625,32.80845001506649,5953.9501953125,32.031672260630124,5888.75,32.48825134420317,5928.7001953125,11468300.0,0.0
2010-12-15,31.812273025512695,5892.2998046875,32.357794593100024,5942.75,31.800413565961588,5865.7998046875,32.13246938555018,5931.14990234375,14739600.0,0.0
2010-12-16,31.895282745361328,5948.75,32.031663119149606,5956.14990234375,31.69960508169098,5855.0498046875,31.901211343369372,5910.5498046875,8022100.0,0.0
2010-12-17,32.14431381225586,,32.17396131628816,,31.85376510599598,,31.954567072097696,,9081800.0,
2010-12-20,32.5119514465332,5947.0498046875,32.612753416808154,5985.0,32.13838654677378,5900.25,32.33406189105561,5926.85009765625,8590600.0,0.0
2010-12-21,32.86772537231445,6000.64990234375,32.8973728769777,6007.4501953125,32.56531494365437,5960.0498046875,32.618681356832056,5960.39990234375,7888500.0,0.0
2010-12-22,33.096702575683594,5984.39990234375,33.28250295180018,6023.7998046875,32.74907223031207,5958.0,32.74907223031207,6019.0,8385100.0,0.0
2010-12-23,32.99480056762695,5980.0,33.19259066305843,6006.4501953125,32.952845508543774,5964.60009765625,33.06073059943745,6005.89990234375,5137200.0,0.0
2010-12-24,,6011.60009765625,,6017.35009765625,,5940.25,,5940.25,,0.0
2010-12-27,33.258514404296875,5998.10009765625,33.33642962135477,6045.75,32.83896160644077,5991.10009765625,32.91687682349866,6013.2998046875,3042600.0,0.0
2010-12-28,33.39038848876953,5996.0,33.47429863210778,6010.89990234375,33.1806131304239,5982.25,33.42035607047892,6005.35009765625,4406700.0,0.0
2010-12-29,33.540225982666016,6060.35009765625,33.570193561962085,6067.5498046875,33.31846315221945,6002.85009765625,33.48029082407389,6005.14990234375,4285200.0,0.0
2010-12-30,33.58216857910156,6101.85009765625,33.71402862268933,6106.39990234375,33.474283504598645,6062.35009765625,33.53422092731076,6062.35009765625,2882900.0,0.0
2010-12-31,33.540225982666016,6134.5,33.738016121503584,6147.2998046875,33.48029082407389,6103.5498046875,33.528238493671644,6105.10009765625,3975100.0,0.0
2011-01-03,34.061668395996094,6157.60009765625,34.12160354918761,6178.5498046875,33.714038105622606,6147.2001953125,33.73801308145103,6177.4501953125,8221200.0,0.0
2011-01-04,33.45631790161133,6146.35009765625,34.21151374999727,6181.0498046875,33.30048510786972,6124.39990234375,34.16356379107378,6172.75,11275100.0,0.0
2011-01-05,33.594173431396484,6079.7998046875,33.666096089455216,6141.35009765625,33.324460605701155,6062.35009765625,33.34843558718076,6141.35009765625,9167100.0,0.0
2011-01-06,33.41435241699219,6048.25,33.70204522173263,6116.14990234375,33.33643490121483,6022.2998046875,33.6481026779451,6107.0,6797500.0,0.0
2011-01-07,33.402366638183594,5904.60009765625,33.62412942447583,6051.2001953125,33.102686332131654,5883.60009765625,33.504259131158484,6030.89990234375,10495700.0,0.0
2011-01-10,33.39038848876953,5762.85009765625,33.46231342852797,5907.25,33.05474791541653,5740.9501953125,33.276510763721895,5901.2998046875,5989200.0,0.0
2011-01-11,33.330448150634766,5754.10009765625,33.588173428806236,5842.60009765625,33.08471036056192,5698.2001953125,33.456313346100956,5767.9501953125,8320200.0,0.0
2011-01-12,33.480281829833984,5863.25,33.60015440119507,5874.2001953125,33.330441687227406,5711.2998046875,33.552204458098984,5800.0498046875,7137800.0,0.0
2011-01-13,33.57618713378906,5751.89990234375,33.67807735667853,5857.75,33.384391890155065,5736.7001953125,33.49826960156911,5850.75,6677700.0,0.0
2011-01-14,33.80394744873047,5654.5498046875,33.80994005026486,5833.64990234375,33.48628469429157,5639.64990234375,33.5582096309833,5752.10009765625,6098100.0,0.0
2011-01-17,,5654.75,,5696.14990234375,,5624.14990234375,,5648.7998046875,,0.0
2011-01-18,34.12160873413086,5724.0498046875,34.1276013358088,5730.5,33.672088157749066,5671.25,33.779973278991086,5682.5498046875,7070500.0,0.0
2011-01-19,33.71403503417969,5691.0498046875,34.121600440614344,5747.64990234375,33.534227304606596,5662.5498046875,34.121600440614344,5737.35009765625,8252400.0,0.0
2011-01-20,33.64210510253906,5711.60009765625,33.9477779478739,5729.4501953125,33.54620751514197,5634.5,33.64210510253906,5656.0,7770300.0,0.0
2011-01-21,33.77396774291992,5696.5,33.86986534419227,5717.5498046875,33.666082655691135,5674.5,33.86986534419227,5692.0498046875,5531800.0,0.0
2011-01-24,33.941795349121094,5743.25,34.10362300422851,5756.0,33.71403765455738,5697.75,33.79794778245466,5717.10009765625,6358700.0,0.0
2011-01-25,34.30141067504883,5687.39990234375,34.30141067504883,5801.5498046875,33.76198744693816,5680.64990234375,33.85189017510019,5763.2998046875,8312200.0,0.0
2011-01-26,34.397308349609375,,34.50519345269359,,34.163558055053414,,34.37932826122184,,5947400.0,
2011-01-27,34.876800537109375,5604.2998046875,34.94273058414036,5726.10009765625,34.49321003043432,5594.9501953125,34.67301779464078,5725.2998046875,9976400.0,0.0
2011-01-28,34.33136749267578,5512.14990234375,35.02063295782025,5614.39990234375,34.223482423585715,5459.5498046875,34.86479795296625,5614.0,11241800.0,0.0
2011-01-31,34.73894500732422,5505.89990234375,34.87080509062773,5526.85009765625,34.37333462098599,5416.64990234375,34.40929708544502,5452.5498046875,7034900.0,0.0
2011-02-01,34.9007682800293,5417.2001953125,34.99067328668404,5539.14990234375,34.52317045301039,5402.0,34.99067328668404,5537.2998046875,10015600.0,0.0
2011-02-02,34.906768798828125,5432.0,35.09256915587094,5490.60009765625,34.816863777667,5415.64990234375,34.85881884450762,5469.5498046875,5691800.0,0.0
2011-02-03,34.996681213378906,5526.75,35.05062378371968,5532.64990234375,34.7209757589173,5418.0,34.82286601046082,5430.4501953125,4660700.0,0.0
2011-02-04,34.67900466918945,5395.75,35.044615000876966,5556.2998046875,34.55913209195727,5369.0498046875,35.044615000876966,5519.89990234375,7869000.0,0.0
2011-02-07,35.068580627441406,5396.0,35.09855048050055,5440.35009765625,34.690985171787055,5376.9501953125,34.726945337251976,5430.14990234375,8855600.0,0.0
2011-02-08,35.15849304199219,5312.5498046875,35.260385533887344,5432.35009765625,35.02663297708525,5303.39990234375,35.068588036577594,5432.35009765625,3782600.0,0.0
2011-02-09,35.24240493774414,5253.5498046875,35.254392424829064,5339.4501953125,35.04461711679141,5225.64990234375,35.15250221417631,5293.0498046875,4637000.0,0.0
2011-02-10,35.35628890991211,5225.7998046875,35.41622406571778,5272.60009765625,35.07458864759025,5196.7998046875,35.104556225493084,5246.0498046875,7841500.0,0.0
2011-02-11,35.57804489135742,5310.0,35.6259925495097,5319.4501953125,35.20044708049927,5177.7001953125,35.29634468318302,5219.64990234375,5034600.0,0.0
2011-02-14,35.57206726074219,5456.0,35.70392738578852,5463.7998046875,35.35030437565725,5340.25,35.643992212429445,5340.25,4617700.0,0.0
2011-02-15,35.45217514038086,5481.0,35.57804029896056,5506.5,35.2603799597702,5408.35009765625,35.41621268662427,5467.75,4658100.0,0.0
2011-02-16,35.55406951904297,5481.7001953125,35.811794752051746,5504.7998046875,35.410224259825476,5460.35009765625,35.57804449103894,5467.60009765625,4536500.0,0.0
2011-02-17,35.602020263671875,5546.4501953125,35.7278854399125,5553.0,35.5181078597989,5463.39990234375,35.524102746122296,5501.7001953125,3049000.0,0.0
2011-02-18,35.73987579345703,5458.9501953125,35.82977851810752,5599.25,35.59602823308509,5441.9501953125,35.67993835731064,5557.5498046875,5717600.0,0.0
2011-02-21,,5518.60009765625,,5526.25,,5413.10009765625,,5456.60009765625,,0.0
2011-02-22,35.41620635986328,5469.2001953125,35.805791536971206,5519.4501953125,35.338288867166,5437.2998046875,35.458161405228324,5504.39990234375,11044000.0,0.0
2011-02-23,35.134521484375,5437.35009765625,35.54808180582825,5495.2001953125,34.90676607824252,5427.5498046875,35.37426666453281,5452.4501953125,10140100.0,0.0
2011-02-24,34.942726135253906,5262.7001953125,35.21843149102649,5423.39990234375,34.63105831666683,5242.5,35.086573700132355,5408.75,6473500.0,0.0
2011-02-25,35.56606674194336,5303.5498046875,35.58404683267315,5338.2001953125,35.04462353336117,5232.75,35.12253878411014,5321.0498046875,5754400.0,0.0
2011-02-28,36.309261322021484,5333.25,36.339228890682115,5477.0,35.77582853979501,5308.60009765625,35.87772101689586,5330.14990234375,7632300.0,0.0
2011-03-01,35.332305908203125,5522.2998046875,36.43512944375848,5533.0498046875,35.32631102215636,5373.5498046875,36.43512944375848,5382.0,10545700.0,0.0
2011-03-02,35.05060958862305,,35.41621994104469,,34.930737004592764,,35.272372382932474,,11167400.0,
2011-03-03,35.55406951904297,5536.2001953125,35.57204960485036,5570.75,35.29035168622478,5468.25,35.410224259825476,5478.4501953125,4923100.0,0.0
2011-03-04,35.24840545654297,5538.75,35.60202837972292,5608.2001953125,35.04462271629723,5524.10009765625,35.57205851403228,5586.2001953125,5794200.0,0.0
2011-03-07,35.020652770996094,5463.14990234375,35.45818589367485,5491.25,34.780907529296464,5408.4501953125,35.21844065197523,5490.0498046875,8418300.0,0.0
2011-03-08,35.45817184448242,5520.7998046875,35.61999947555351,5530.5498046875,34.990671323418695,5464.75,35.02063889516241,5466.10009765625,8610100.0,0.0
2011-03-09,35.47615051269531,5531.0,35.64397302323679,5563.2998046875,35.182465120411095,5477.4501953125,35.39823528655081,5542.39990234375,5716000.0,0.0
2011-03-10,34.92475509643555,5494.39990234375,35.212448014357456,5516.2998046875,34.76892000357363,5468.4501953125,35.182480430770184,5516.10009765625,9453000.0,0.0
2011-03-11,35.32032012939453,5445.4501953125,35.404230247071354,5502.7001953125,34.76890719177946,5411.5498046875,34.76890719177946,5456.14990234375,7274400.0,0.0
2011-03-14,35.08058166503906,5531.5,35.21244175303234,5537.2998046875,34.906768796587535,5434.25,35.09256915361842,5436.5,6182800.0,0.0
2011-03-15,34.79887390136719,5449.64990234375,35.068584316239544,5497.85009765625,34.217493443822995,5373.64990234375,34.37332617877989,5420.0,9021200.0,0.0
2011-03-16,34.34336471557617,5511.14990234375,34.888782814475185,5535.10009765625,34.13358940306863,5475.9501953125,34.798880088991716,5475.9501953125,10512300.0,0.0
2011-03-17,34.63105773925781,5446.64990234375,34.86480802770589,5510.0498046875,34.30740472484171,5435.2998046875,34.732950239010236,5455.39990234375,7135300.0,0.0
2011-03-18,34.93672561645508,5373.7001953125,35.092558347240384,5483.0498046875,34.79887296981221,5366.39990234375,34.88278307764883,5475.35009765625,7457600.0,0.0
2011-03-21,35.32032012939453,5364.75,35.47016027849721,5413.2998046875,35.158492493998125,5348.2001953125,35.158492493998125,5408.75,7374800.0,0.0
2011-03-22,35.0026741027832,5413.85009765625,35.36228969358967,5428.14990234375,34.96071902673512,5376.14990234375,35.32033461754159,5390.85009765625,4561200.0,0.0
2011-03-23,34.73894500732422,5480.25,34.9607101085855,5484.9501953125,34.4932072161365,5401.9501953125,34.93673513227949,5411.39990234375,9350000.0,0.0
2011-03-24,34.9007682800293,5522.39990234375,35.00266077332996,5529.0,34.5351579396563,5496.10009765625,34.91275576667522,5501.7998046875,5258300.0,0.0
2011-03-25,35.077911376953125,5654.25,35.26533296628855,5667.10009765625,34.89653691008417,5560.9501953125,35.03559074489375,5588.64990234375,5726100.0,0.0
2011-03-28,35.077911376953125,5687.25,35.26533296628855,5709.10009765625,34.99931492899937,5643.2001953125,35.14441588627542,5645.25,4996500.0,0.0
2011-03-29,35.235103607177734,5736.35009765625,35.3137000587911,5770.35009765625,34.7635295101007,5680.7001953125,35.035592376222674,5686.5,6396500.0,0.0
2011-03-30,35.64621353149414,5787.64990234375,35.68853415747089,5803.14990234375,35.27137271299957,5753.89990234375,35.3862426540363,5755.7998046875,6588600.0,0.0
2011-03-31,35.9122428894043,5833.75,35.92433252382056,5872.0,35.54344676955763,5778.64990234375,35.54344676955763,5803.0498046875,5485100.0,0.0
2011-04-01,35.99688720703125,5826.0498046875,36.214537545728305,5860.2001953125,35.82760232898794,5810.39990234375,36.00293202474969,5835.0,7773600.0,0.0
2011-04-04,35.96665954589844,5908.4501953125,36.13594212253489,5918.7001953125,35.90015501756208,5833.2001953125,36.03316176793266,5842.0,3413200.0,0.0
2011-04-05,36.027099609375,5910.0498046875,36.14801666575896,5928.64990234375,35.9001377380073,5855.85009765625,35.96664223433353,5923.85009765625,4292400.0,0.0
2011-04-06,35.978736877441406,5891.75,36.15406651831286,5944.4501953125,35.89409561806935,5868.7998046875,36.148021702486865,5908.0,4166500.0,0.0
2011-04-07,35.603885650634766,5885.7001953125,36.02709413046767,5906.10009765625,35.440647995286334,5866.25,35.918269026902045,5888.5498046875,5959800.0,0.0
2011-04-08,35.3378791809082,5842.0,35.86991290234904,5926.9501953125,35.22300692717251,5822.0,35.7489958329805,5886.75,6171500.0,0.0
2011-04-11,35.30160903930664,5785.7001953125,35.59785579153568,5830.2998046875,35.19883101292822,5777.89990234375,35.380205492967676,5805.35009765625,5972100.0,0.0
2011-04-12,35.22907257080078,,35.404402298249764,,35.15047608844392,,35.20488868295214,,4973900.0,
2011-04-13,35.18673324584961,5911.5,35.458796074001015,5923.60009765625,35.10209198960278,5735.5498046875,35.34392382083639,5747.9501953125,5453600.0,0.0
2011-04-14,35.66435623168945,,35.761089430413946,,35.02954216461474,,35.059773163086014,,9900800.0,
2011-04-15,36.05732345581055,5824.5498046875,36.08755213927275,5907.35009765625,35.70061945583479,5806.4501953125,35.730848139297,5898.75,10167200.0,0.0
2011-04-18,35.70063018798828,5729.10009765625,35.779226633657885,5897.89990234375,35.49507184983031,5722.25,35.767134695377834,5824.35009765625,6723200.0,0.0
2011-04-19,35.978736877441406,5740.75,36.00292075334809,5762.9501953125,35.70062922341855,5693.25,35.75504179105792,5716.0,5154500.0,0.0
2011-04-20,36.395896911621094,5851.64990234375,36.42612560023659,5857.35009765625,36.02710091412919,5759.64990234375,36.31125566097727,5786.0498046875,6934100.0,0.0
2011-04-21,36.65587615966797,5884.7001953125,36.66796809913698,5912.89990234375,36.226620380573735,5864.35009765625,36.51682231522677,5882.85009765625,6289600.0,0.0
2011-04-25,36.83724594116211,5874.5,36.93397913827597,5906.60009765625,36.51681765815394,5857.0,36.71028405238167,5859.60009765625,3678600.0,0.0
2011-04-26,37.18185806274414,5868.39990234375,37.29068319767579,5893.2001953125,36.776788520955144,5791.5498046875,36.87956653377874,5876.85009765625,7500000.0,0.0
2011-04-27,37.35114288330078,5833.89990234375,37.39951063794131,5892.35009765625,37.04280651952258,5819.9501953125,37.181860354661886,5884.2001953125,5758400.0,0.0
2011-04-28,37.76830291748047,5785.4501953125,37.88921767938509,5856.39990234375,37.33904721003457,5776.9501953125,37.41764365031357,5851.35009765625,6937100.0,0.0
2011-04-29,37.58692932128906,5749.5,37.840855416494584,5804.2998046875,37.15767588406467,5706.0498046875,37.840855416494584,5782.5,8025200.0,0.0
2011-05-02,37.58087921142578,5701.2998046875,37.85294202285742,5775.25,37.30881639999414,5687.7001953125,37.70784108799351,5766.89990234375,6406100.0,0.0
2011-05-03,37.32697296142578,5565.25,37.73808747266507,5710.7998046875,36.90376420145046,5554.85009765625,37.56276007313001,5689.7001953125,8359000.0,0.0
2011-05-04,37.121402740478516,5537.14990234375,37.34509783856825,5578.7998046875,36.94002596798804,5503.0,37.31486914525366,5567.7001953125,7183600.0,0.0
2011-05-05,37.06698989868164,5459.85009765625,37.35718950372026,5560.2998046875,36.81306380283445,5443.64990234375,36.86143155682495,5531.60009765625,7161900.0,0.0
2011-05-06,36.86748123168945,5551.4501953125,37.423698944376824,5564.39990234375,36.71633544000183,5472.4501953125,37.33905536373828,5477.64990234375,9640400.0,0.0
2011-05-09,37.0125846862793,5551.10009765625,37.08513402538558,5586.0498046875,36.68006207724652,5502.39990234375,36.813071120859625,5575.2001953125,4173200.0,0.0
2011-05-10,37.52647018432617,5541.25,37.6050666275442,5592.89990234375,37.12140064293586,5514.5498046875,37.16372127244525,5555.5498046875,9880500.0,0.0
2011-05-11,37.10932159423828,5565.0498046875,37.50834645842139,5574.7001953125,37.01863318161852,5525.0,37.50229933421894,5547.2001953125,6799300.0,0.0
2011-05-12,37.103271484375,5486.14990234375,37.20605183082692,5572.5,36.722385717146594,5476.2998046875,36.96421762083578,5537.7998046875,5726500.0,0.0
2011-05-13,36.76469421386719,5544.75,37.19999241924117,5605.0,36.68609777563668,5472.14990234375,37.12744310272904,5492.35009765625,4520400.0,0.0
2011-05-16,36.849342346191406,5499.0,37.073037459203405,5541.7998046875,36.57727947560838,5487.64990234375,36.61960011033222,5541.7001953125,4892000.0,0.0
2011-05-17,36.79492950439453,5438.9501953125,36.90979946833764,5523.85009765625,36.571234393009895,5421.0498046875,36.74051693067377,5496.10009765625,7169300.0,0.0
2011-05-18,37.20602798461914,5420.60009765625,37.21207279815878,5460.5,36.64376576711332,5401.25,36.837232088588394,5448.2001953125,5997000.0,0.0
2011-05-19,37.27861022949219,5428.10009765625,37.472076721974005,5452.60009765625,37.030731141855945,5411.25,37.25442634135633,5448.14990234375,5112300.0,0.0
2011-05-20,36.89768981933594,5486.35009765625,37.278577652567414,5517.5498046875,36.867461138733546,5432.75,37.15161581025709,5450.64990234375,5737100.0,0.0
2011-05-23,36.510772705078125,5386.5498046875,36.69214717215408,5456.7001953125,36.4503153181533,5373.0,36.510772705078125,5456.7001953125,10880900.0,0.0
2011-05-24,36.619598388671875,5394.85009765625,36.74656028687434,5422.60009765625,36.486589367906525,5367.4501953125,36.56518581711346,5385.10009765625,5952100.0,0.0
2011-05-25,36.77074432373047,5348.9501953125,36.95816591686572,5389.10009765625,36.317306994214256,5328.7001953125,36.5470492202669,5389.10009765625,7244500.0,0.0
2011-05-26,37.24836349487305,5412.35009765625,37.32695994012393,5422.2001953125,36.6075046072532,5356.35009765625,36.75865037549644,5372.75,5439200.0,0.0
2011-05-27,37.314876556396484,5476.10009765625,37.41160977799633,5485.7998046875,37.127454930539685,5413.60009765625,37.314876556396484,5413.7001953125,4434300.0,0.0
2011-05-30,,5473.10009765625,,5509.2998046875,,5458.60009765625,,5493.75,,0.0
2011-05-31,37.96781539916992,,37.96781539916992,,37.50228616998492,,37.59901936654925,,8053800.0,
2011-06-01,36.89768981933594,5592.0,37.883160489817165,5597.35009765625,36.84327727173144,5559.4501953125,37.883160489817165,5561.0498046875,11081400.0,0.0
2011-06-02,36.686100006103516,5550.35009765625,37.19999468095213,5568.2001953125,36.64377937670664,5521.9501953125,36.93397896670011,5529.89990234375,9761900.0,0.0
2011-06-03,36.819114685058594,5516.75,36.9883972287089,5604.9501953125,36.27498892860879,5507.2001953125,36.323356687538414,5565.7001953125,8633900.0,0.0
2011-06-06,36.293121337890625,5532.0498046875,36.8916595982929,5542.64990234375,36.28102939960658,5479.85009765625,36.72237707491914,5504.2998046875,9572100.0,0.0
2011-06-07,36.72844314575195,5556.14990234375,37.03073485888571,5570.10009765625,36.42615143261819,5507.7998046875,36.52288468856889,5509.14990234375,10586800.0,0.0
2011-06-08,36.55308151245117,5526.85009765625,36.90374070082284,5556.60009765625,36.492624145083994,5514.89990234375,36.55308151245117,5535.25,10070500.0,0.0
2011-06-09,36.21451950073242,5521.0498046875,36.704230212485335,5540.10009765625,36.051281828047806,5502.0498046875,36.637725719210025,5523.5498046875,14752700.0,0.0
2011-06-10,35.35601043701172,5485.7998046875,36.135922991562936,5521.4501953125,35.28950594388397,5457.4501953125,36.06941849843518,5518.0498046875,19779400.0,0.0
2011-06-13,35.422523498535156,5482.7998046875,35.72481504492774,5496.7001953125,35.22300997089134,5436.9501953125,35.41647868237995,5469.85009765625,11480900.0,0.0
2011-06-14,35.978736877441406,5500.5,36.06338044311481,5520.14990234375,35.68249246963921,5484.2001953125,35.773178544837265,5485.60009765625,9474700.0,0.0
2011-06-15,35.3862419128418,5447.5,35.85781821660697,5499.35009765625,35.13231816229994,5438.9501953125,35.730854035034945,5494.4501953125,13796400.0,0.0
2011-06-16,35.63412857055664,5396.75,35.79132147464431,5447.5,35.13232577589582,5389.7998046875,35.41648058276859,5419.64990234375,16150300.0,0.0
2011-06-17,35.936424255371094,5366.39990234375,36.045249414899054,5421.14990234375,35.62808784090979,5355.85009765625,35.99083683513508,5412.5,10435600.0,0.0
2011-06-20,36.31731414794922,5257.89990234375,36.414047371715,5377.39990234375,35.803419329125155,5195.89990234375,35.84573997037881,5372.2001953125,9671800.0,0.0
2011-06-21,36.637733459472656,5275.85009765625,36.69214602852965,5322.4501953125,36.31730516741557,5257.0,36.52286350537518,5280.7998046875,10822700.0,0.0
2011-06-22,36.55913543701172,5278.2998046875,36.891655632018185,5310.5,36.50472287373421,5262.5,36.5470435000277,5304.64990234375,7047900.0,0.0
2011-06-23,35.88804626464844,5320.0,36.08755744989954,5330.60009765625,35.5313422121803,5252.25,36.051283946927185,5269.10009765625,16433100.0,0.0
2011-06-24,35.8490104675293,5471.25,36.160158739184176,5477.85009765625,35.64768128644378,5343.39990234375,36.007635715479495,5343.39990234375,6841000.0,0.0
2011-06-27,36.03813171386719,5526.60009765625,36.14794845231267,5552.64990234375,35.818498236976225,5434.25,35.87340660619897,5441.2001953125,6923700.0,0.0
2011-06-28,36.33708190917969,5545.2998046875,36.34318180542095,5558.2998046875,35.91611692172493,5496.35009765625,36.09914406407568,5548.85009765625,9195700.0,0.0
2011-06-29,36.73973846435547,5600.4501953125,36.80074672924372,5608.64990234375,36.33097564219257,5566.5,36.452994499285204,5566.5,9353500.0,0.0
2011-06-30,36.78853988647461,5647.39990234375,36.995971218699225,5657.89990234375,36.66042115027241,5606.10009765625,36.812944120222404,5614.5,7668800.0,0.0
2011-07-01,37.44744873046875,5627.2001953125,37.52675901717058,5705.7998046875,36.825154592598466,5609.75,36.83125448876155,5705.75,8979800.0,0.0
2011-07-04,,5650.5,,5679.64990234375,,5633.10009765625,,5679.5498046875,,0.0
2011-07-05,37.67928695678711,5632.10009765625,37.76470180547197,5659.85009765625,37.25222434994606,5612.2998046875,37.51456413832936,5659.85009765625,7364000.0,0.0
2011-07-06,37.91111373901367,5625.4501953125,37.95381998970957,5655.39990234375,37.49625102312544,5610.75,37.53895727382133,5622.7001953125,6769600.0,0.0
2011-07-07,38.38700485229492,5728.9501953125,38.43581335144082,5737.14990234375,38.11246519020993,5632.9501953125,38.142969338517446,5633.35009765625,8554700.0,0.0
2011-07-08,38.25277328491211,5660.64990234375,38.2771775262875,5740.39990234375,37.825708370108856,5651.0498046875,38.00873552579124,5734.64990234375,6190600.0,0.0
2011-07-11,37.532859802246094,5616.10009765625,37.92941820250668,5652.89990234375,37.50235566796701,5601.7001953125,37.76469541193639,5648.0498046875,9516800.0,0.0
2011-07-12,37.660980224609375,5526.14990234375,38.14295348036393,5580.25,37.37423622963605,5496.9501953125,37.453548844114785,5556.89990234375,13880700.0,0.0
2011-07-13,37.34373092651367,5585.4501953125,37.837906286531926,5596.14990234375,37.319326687849895,5541.39990234375,37.81960427119224,5542.0498046875,11903500.0,0.0
2011-07-14,36.928871154785156,,37.46575281207698,,36.81905439926373,,37.45965291557756,,10699900.0,
2011-07-15,37.33152770996094,5581.10009765625,37.343729828934194,5631.7001953125,36.85565670658512,5562.75,37.0386838365515,5602.9501953125,7770700.0,0.0
2011-07-18,36.99597930908203,5567.0498046875,37.29492541957734,5596.60009765625,36.72753966110062,5550.9501953125,37.29492541957734,5581.75,7655000.0,0.0
2011-07-19,37.63658142089844,5613.5498046875,37.67318778532548,5627.64990234375,37.14850819845473,5557.2001953125,37.209518805833135,5569.85009765625,7002100.0,0.0
2011-07-20,37.9172248840332,5567.0498046875,37.92332478100391,5645.39990234375,37.5572704525281,5555.10009765625,37.7585996349948,5642.0498046875,6354000.0,0.0
2011-07-21,38.161258697509766,5541.60009765625,38.36259019869495,5578.89990234375,38.027040024036204,5532.7001953125,38.027040024036204,5554.60009765625,7590700.0,0.0
2011-07-22,38.35648727416992,5633.9501953125,38.40529575622642,5642.2001953125,38.057543467181645,5567.10009765625,38.210066482633444,5576.9501953125,5746900.0,0.0
2011-07-25,37.923309326171875,5680.2998046875,38.173446891732695,5700.5498046875,37.82569472320462,5616.7001953125,37.97211779131336,5633.7998046875,5592900.0,0.0
2011-07-26,37.923309326171875,5574.85009765625,38.069732394280614,5702.25,37.64876752804031,5560.14990234375,37.98431758028301,5688.4501953125,5486200.0,0.0
2011-07-27,36.90446853637695,5546.7998046875,37.776898012747424,5591.7001953125,36.86786217613038,5521.5,37.75859599628236,5588.5498046875,11892500.0,0.0
2011-07-28,36.84954833984375,5487.75,37.20950262120229,5512.10009765625,36.52009818524799,5475.64990234375,36.91055659336932,5492.39990234375,9457100.0,0.0
2011-07-29,36.86784744262695,5482.0,36.928855691340736,5520.2998046875,36.025920111946846,5453.9501953125,36.54449953527601,5479.0,10842500.0,0.0
2011-08-01,36.37978744506836,5516.7998046875,37.27662112303873,5551.89990234375,36.129649812430635,5486.4501953125,37.27662112303873,5527.5,10917400.0,0.0
2011-08-02,35.312137603759766,5456.5498046875,36.37979896634087,5496.2998046875,35.27553123349427,5433.64990234375,36.11135690569469,5493.2001953125,13317000.0,0.0
2011-08-03,35.09249496459961,5404.7998046875,35.373136748798316,5422.60009765625,34.21396325120157,5378.85009765625,35.29992635451093,5402.0,18340600.0,0.0
2011-08-04,33.39644241333008,5331.7998046875,34.81185589216486,5434.5,33.11579827995336,5323.14990234375,34.69593690425383,5412.39990234375,19706200.0,0.0
2011-08-05,32.707035064697266,5211.25,33.86010866301302,5229.64990234375,32.188455427522506,5116.4501953125,33.79910038914139,5204.35009765625,26113300.0,0.0
2011-08-08,29.925006866455078,5118.5,32.06032849054711,5204.2001953125,29.925006866455078,5054.0498046875,31.645465817395383,5083.85009765625,33376700.0,0.0
2011-08-09,32.694828033447266,5072.85009765625,32.694828033447266,5167.0,30.108037114539137,4946.4501953125,30.425285211114783,4947.89990234375,38397600.0,0.0
2011-08-10,31.926103591918945,5161.0,33.408624458887026,5197.9501953125,31.66986383710535,5123.35009765625,31.913901477183497,5196.5498046875,40944700.0,0.0
2011-08-11,33.41474151611328,5138.2998046875,34.04923780018153,5184.9501953125,31.926117767168346,5121.0,32.1091449148336,5128.0,26720500.0,0.0
2011-08-12,33.36592483520508,5072.9501953125,34.165146053943545,5194.4501953125,33.21340186174998,5053.35009765625,33.86010010703334,5194.39990234375,14799300.0,0.0
2011-08-15,34.55561447143555,,34.56781659211318,,33.55506384903497,,33.62827424578423,,13562900.0,
2011-08-16,34.427490234375,5035.7998046875,34.64102149407171,5132.2001953125,33.87840652756033,5015.39990234375,34.152948380967665,5125.75,10901200.0,0.0
2011-08-17,34.47019958496094,5056.60009765625,34.89116224648319,5112.14990234375,34.19565770687407,5017.25,34.61052047213502,5030.2998046875,10481300.0,0.0
2011-08-18,32.98768615722656,4944.14990234375,33.64048464659974,5078.60009765625,32.62773165424645,4932.14990234375,33.353740558388616,5077.9501953125,23216900.0,0.0
2011-08-19,32.32877731323242,4845.64990234375,33.2439153474619,4893.60009765625,32.255564594826275,4796.10009765625,32.47519809541197,4859.2998046875,16993800.0,0.0
2011-08-22,32.38977813720703,4898.7998046875,33.09748462786224,4910.0498046875,31.95661345915855,4808.75,33.012072136677,4843.7001953125,13008800.0,0.0
2011-08-23,33.189002990722656,4948.89990234375,33.21950712274087,4965.7998046875,32.225056593197735,4863.7998046875,32.48129642224612,4925.14990234375,15574300.0,0.0
2011-08-24,33.5611572265625,4888.89990234375,33.65877184570569,4962.39990234375,32.80464451003182,4875.2998046875,33.17069874998975,4934.35009765625,11725700.0,0.0
2011-08-25,32.85344314575195,4839.60009765625,34.08582888528776,4915.85009765625,32.55449946116432,4825.0498046875,33.76248096966403,4914.64990234375,12918200.0,0.0
2011-08-26,33.34152603149414,4747.7998046875,33.426938532208275,4872.0,32.02982740676678,4720.0,32.65822137114886,4839.25,16861300.0,0.0
2011-08-29,34.40309524536133,4919.60009765625,34.4213972647365,4934.39990234375,33.719792703325695,4806.0498046875,33.81130512751834,4806.2001953125,8022200.0,0.0
2011-08-30,34.53730010986328,5001.0,34.756933548926916,5016.25,33.82959365472253,4927.5498046875,34.287162543666525,4973.25,10478200.0,0.0
2011-08-31,34.90946578979492,,35.05588656987444,,34.45189677924284,,34.80574893719862,,11908400.0,
2011-09-01,34.32376480102539,,35.00706931572656,,34.183443961573076,,34.81184011933068,,12358900.0,
2011-09-02,33.49404525756836,5040.0,34.11023703445847,5113.7001953125,33.426934778168125,4993.35009765625,33.53675150312927,5109.7998046875,9481000.0,0.0
2011-09-05,,5017.2001953125,,5030.2998046875,,4964.4501953125,,4998.89990234375,,0.0
2011-09-06,33.42084503173828,5064.2998046875,33.54896614356324,5072.89990234375,32.42639656838364,4942.89990234375,32.444698586937186,4993.35009765625,11734100.0,0.0
2011-09-07,34.54341506958008,5124.64990234375,34.62882759372957,5154.5,33.445249722641236,5076.2998046875,33.957727194854925,5080.14990234375,10823500.0,0.0
2011-09-08,34.29326629638672,5153.25,34.787441589877886,5169.25,34.159047656437345,5098.25,34.31767053176514,5139.2001953125,10736300.0,0.0
2011-09-09,33.32933044433594,5059.4501953125,34.177358049483786,5163.75,33.06699066798302,5046.7998046875,33.951624635174255,5161.2998046875,13274200.0,0.0
2011-09-12,33.43304443359375,4946.7998046875,33.4696507950398,4985.60009765625,32.71313561637034,4911.25,32.79244823584519,4981.7001953125,12596300.0,0.0
2011-09-13,33.46354293823242,4940.9501953125,33.65267228289283,5030.14990234375,33.1279928270678,4911.0498046875,33.55505766278465,4977.7998046875,11288700.0,0.0
2011-09-14,33.652679443359375,5012.5498046875,34.006533971115694,5026.14990234375,33.15240411794407,4917.39990234375,33.68318358226194,4965.0498046875,12922800.0,0.0
2011-09-15,34.30546951293945,5075.7001953125,34.34207586717966,5091.4501953125,33.8479005578592,4967.4501953125,34.07973614674835,5062.35009765625,10275200.0,0.0
2011-09-16,34.586116790771484,5084.25,34.62272315087945,5143.60009765625,33.90281435997101,5068.10009765625,34.3786854047925,5123.35009765625,11013800.0,0.0
2011-09-19,33.90281295776367,5031.9501953125,34.21396118752139,5068.39990234375,33.786896313190674,5019.25,33.91501507729499,5068.39990234375,10208500.0,0.0
2011-09-20,33.80519485473633,5140.2001953125,34.305470067526315,5149.89990234375,33.76248860442373,5035.25,33.90280947363886,5042.5498046875,9032000.0,0.0
2011-09-21,32.18844985961914,5133.25,33.90280905573616,5168.39990234375,32.139643714427535,5109.85009765625,33.792992319909956,5153.75,14467800.0,0.0
2011-09-22,31.377038955688477,4923.64990234375,31.95052472962446,5059.85009765625,30.91946985055281,4907.75,31.2428179401073,5054.4501953125,15332300.0,0.0
2011-09-23,31.629257202148438,4867.75,31.752592656598058,4930.25,31.098916394714774,4829.60009765625,31.37025251256143,4873.75,14364200.0,0.0
2011-09-26,32.03010177612305,4835.39990234375,32.09793640912561,4879.7998046875,31.40109293250205,4758.85009765625,31.826600229544038,4878.60009765625,8212400.0,0.0
2011-09-27,32.369266510009766,4971.25,32.905773013898,4982.9501953125,32.15342888372669,4905.14990234375,32.69610345396967,4905.14990234375,9619700.0,0.0
2011-09-28,31.561426162719727,4945.89990234375,32.58510655157906,5006.0498046875,31.499759604717802,4918.4501953125,32.36927124614394,5005.5,7815100.0,0.0
2011-09-29,32.03010177612305,5015.4501953125,32.215106176104086,5034.25,31.54293026646849,4906.0,32.17810482562214,4924.2001953125,7147200.0,0.0
2011-09-30,31.18524742126465,4943.25,32.02392560561958,5025.5498046875,31.154414148810286,4924.2998046875,31.512084343651125,4990.14990234375,8890400.0,0.0
2011-10-03,29.717552185058594,4849.5,31.40107379065227,4879.14990234375,29.711386473284506,4823.89990234375,30.944735841698385,4874.39990234375,14392400.0,0.0
2011-10-04,30.839914321899414,4772.14990234375,30.883083734183625,4869.75,28.798721669653833,4728.2998046875,29.35372773312727,4823.5,22400000.0,0.0
2011-10-05,30.605575561523438,4751.2998046875,30.92624678778979,4827.7998046875,29.403059051131628,4741.0,30.92624678778979,4791.2998046875,17783800.0,0.0
2011-10-06,31.450410842895508,,31.48741217311395,,30.266396505033995,,30.556232024915946,,14341600.0,
2011-10-07,30.56240463256836,4888.0498046875,31.697086384568568,4922.60009765625,30.494570026631365,4861.2001953125,31.629251778631577,4883.64990234375,12756200.0,0.0
2011-10-10,32.036251068115234,4979.60009765625,32.036251068115234,4991.14990234375,31.098905243795137,4882.0498046875,31.22224065402123,4886.85009765625,10483300.0,0.0
2011-10-11,31.444244384765625,4974.35009765625,31.93141561606699,5045.10009765625,31.308575196277303,4964.0,31.78341500355911,5019.89990234375,11825600.0,0.0
2011-10-12,31.95608901977539,5099.39990234375,32.38159379917502,5109.7998046875,31.45658156814541,4997.64990234375,31.734085707939844,5011.2001953125,10793700.0,0.0
2011-10-13,31.734088897705078,5077.85009765625,31.993093571689766,5136.9501953125,31.135915861164523,5067.64990234375,31.789589731242657,5130.7998046875,8153400.0,0.0
2011-10-14,32.467918395996094,5132.2998046875,32.58508572227445,5141.39990234375,31.974576837624944,5056.60009765625,32.07324467881379,5057.35009765625,8252800.0,0.0
2011-10-17,31.72176170349121,5118.25,32.33227099915192,5160.2001953125,31.61076001337108,5084.5,32.33227099915192,5156.2001953125,9316500.0,0.0
2011-10-18,32.77010726928711,5037.5,32.91194222896985,5057.5,31.61692574322083,5011.0498046875,31.709425576529586,5049.4501953125,14139700.0,0.0
2011-10-19,32.36309051513672,5139.14990234375,32.96126577388731,5148.0498046875,32.26442264948556,5075.2998046875,32.71459493354568,5080.4501953125,8868300.0,0.0
2011-10-20,32.56041717529297,5091.89990234375,32.60975227058781,5099.0,31.826575275983366,5033.9501953125,32.443249852607956,5086.5498046875,8817000.0,0.0
2011-10-21,33.52244567871094,5049.9501953125,33.54094517168584,5120.75,32.87493754788234,5037.9501953125,32.9427698062663,5106.60009765625,10177900.0,0.0
2011-10-24,34.410457611083984,5098.35009765625,34.44745895051888,5145.64990234375,33.44844631005636,5084.75,33.639614016066744,5114.7001953125,12133900.0,0.0
2011-10-25,33.880126953125,5191.60009765625,34.219300118103966,5211.0,33.73829197160137,5085.5498046875,34.20079826665051,5137.89990234375,7113500.0,0.0
2011-10-26,34.194618225097656,,34.299451812222436,,33.63344424964207,,34.18845015972109,,8169400.0,
2011-10-27,35.65615463256836,,35.878158048311434,,34.74347575306929,,35.193648300579916,,13735800.0,
2011-10-28,35.76713943481445,5360.7001953125,35.8164745494071,5399.7001953125,35.18129788737936,5322.7998046875,35.18129788737936,5341.89990234375,9622000.0,0.0
2011-10-31,35.29845428466797,5326.60009765625,35.81646103022668,5360.25,35.107284316421556,5314.60009765625,35.24295347791429,5358.89990234375,9761100.0,0.0
2011-11-01,34.108280181884766,5257.9501953125,34.96545768066661,5310.85009765625,34.08361262808866,5238.2998046875,34.36111672722637,5278.60009765625,19179600.0,0.0
2011-11-02,34.79895782470703,5258.4501953125,35.07646194460653,5300.10009765625,34.243949584908044,5204.9501953125,34.65712290840898,5216.75,8193000.0,0.0
2011-11-03,35.193626403808594,5265.75,35.3477950852174,5281.60009765625,34.305615645767716,5201.85009765625,35.1812926270046,5241.5498046875,10310200.0,0.0
2011-11-04,34.928462982177734,5284.2001953125,35.02096515026373,5326.4501953125,34.4166240820714,5256.7998046875,34.916129202937746,5325.39990234375,8657800.0,0.0
2011-11-07,35.01478576660156,,35.36012441641388,,34.52144651860331,,34.84211761790895,,5380500.0,
2011-11-08,35.43413162231445,5289.35009765625,35.477298667901714,5304.25,34.45361864660986,5252.0,35.14429608086109,5292.25,10558200.0,0.0
2011-11-09,33.84311294555664,5221.0498046875,34.835959728320276,5317.5,33.78761212066838,5211.75,34.63862163238496,5309.7001953125,11109400.0,0.0
2011-11-10,33.87395095825195,,34.37345845219951,,33.65811569369755,,34.287121993949796,,11025500.0,
2011-11-11,34.74962615966797,5168.85009765625,34.817460768196085,5198.60009765625,34.06511906593432,5142.25,34.34262086092707,5159.75,7448200.0,0.0
2011-11-14,34.052791595458984,5148.35009765625,34.55846486780437,5228.89990234375,33.89862285748958,5140.5498046875,34.465962684051426,5217.35009765625,6435000.0,0.0
2011-11-15,34.34878921508789,5068.5,34.583126314036065,5158.75,33.81844847388152,5052.85009765625,33.923282067994116,5131.2001953125,6904900.0,0.0
2011-11-16,34.02195358276367,5030.4501953125,34.55846244706434,5065.2001953125,33.95412131884836,4989.5,33.96645509931335,5059.10009765625,8387500.0,0.0
2011-11-17,33.41145324707031,4934.75,34.01579449297561,5036.7998046875,33.232616924143535,4919.4501953125,33.95412793106981,5027.10009765625,9973300.0,0.0
2011-11-18,33.651954650878906,4905.7998046875,33.670454148150775,4915.89990234375,33.25111495884655,4837.9501953125,33.57178624198675,4899.14990234375,6609100.0,0.0
2011-11-21,32.76393508911133,4778.35009765625,33.121605275027285,4873.7998046875,32.59126453330529,4764.7998046875,33.03527117333819,4873.7998046875,6026800.0,0.0
2011-11-22,32.67143630981445,4812.35009765625,32.94277242218018,4854.0,32.44326725276991,4782.5498046875,32.73310521200763,4794.85009765625,5615100.0,0.0
2011-11-23,31.709421157836914,4706.4501953125,32.412432496132006,4779.5,31.709421157836914,4640.9501953125,32.32609603700849,4779.5,5859800.0,0.0
2011-11-25,31.820419311523438,4710.0498046875,32.430928409575536,4767.2998046875,31.5922502900981,4693.10009765625,31.5922502900981,4731.2998046875,2807900.0,0.0
2011-11-28,32.597434997558594,4851.2998046875,32.94277142972421,4859.10009765625,32.319930827119784,4766.39990234375,32.856437321682805,4769.2998046875,6585800.0,0.0
2011-11-29,32.50494384765625,4805.10009765625,32.73928104355223,4866.10009765625,32.31994178876103,4787.10009765625,32.73928104355223,4864.2001953125,5156100.0,0.0
2011-11-30,34.003440856933594,4832.0498046875,34.04660789554995,4851.5498046875,33.251097008316265,4754.7998046875,33.343599149595406,4766.14990234375,10623200.0,0.0
2011-12-01,33.658119201660156,4936.85009765625,33.97262238456486,5011.89990234375,33.42378206684344,4916.7001953125,33.91095583181592,4970.85009765625,5156600.0,0.0
2011-12-02,33.713623046875,5050.14990234375,34.262465804269965,5062.5498046875,33.66429026731943,4918.39990234375,33.929460720662746,4940.85009765625,4369400.0,0.0
2011-12-05,34.02811813354492,5039.14990234375,34.34878933521978,5055.39990234375,33.750613982823616,5002.5498046875,34.194620623977706,5036.5,4134400.0,0.0
2011-12-06,34.003440856933594,,34.139110036829095,,33.701271586619114,,33.947940042651545,,5008000.0,
2011-12-07,34.324119567871094,5062.60009765625,34.40428795123744,5099.25,33.62727637922325,5032.25,33.76294558916204,5050.10009765625,6718000.0,0.0
2011-12-08,33.50394058227539,4943.64990234375,34.21928320427636,5049.0498046875,33.44227169529319,4921.4501953125,34.10828156013591,5037.39990234375,8026800.0,0.0
2011-12-09,34.16995620727539,4866.7001953125,34.32412493269216,4918.35009765625,33.621115921180184,4841.75,33.69511625070037,4870.75,5869400.0,0.0
2011-12-12,33.559444427490234,4764.60009765625,33.91095125852458,4910.25,33.337443456076585,4755.5498046875,33.91095125852458,4906.85009765625,7176900.0,0.0
2011-12-13,33.2634391784668,4800.60009765625,34.05895026645861,4824.7001953125,33.078437201647894,4728.5,33.756780919887554,4733.60009765625,7736900.0,0.0
2011-12-14,33.45461654663086,4763.25,33.719786967360626,4839.5498046875,32.998276041617586,4750.39990234375,33.09077822649663,4788.7001953125,8105400.0,0.0
2011-12-15,33.910953521728516,4746.35009765625,34.04045468513631,4768.64990234375,33.602616074132044,4673.85009765625,33.80611756628314,4712.7998046875,5899600.0,0.0
2011-12-16,34.194618225097656,4651.60009765625,34.50295562595079,4818.85009765625,33.99111441136931,4628.2001953125,34.12061790757266,4752.5,7465500.0,0.0
2011-12-19,33.86161422729492,4613.10009765625,34.39195494818158,4623.14990234375,33.76911206344623,4555.89990234375,34.3857868826302,4623.14990234375,5410800.0,0.0
2011-12-20,34.88531494140625,4544.2001953125,34.94698151878284,4637.25,34.28713926065098,4531.14990234375,34.293307329846115,4635.7998046875,7494700.0,0.0
2011-12-21,34.93463134765625,4693.14990234375,35.04563300934039,4707.35009765625,34.65712719344591,4601.9501953125,34.82979539943106,4636.4501953125,4767600.0,0.0
2011-12-22,35.41257095336914,4733.85009765625,35.574584127967,4740.60009765625,35.026227639147706,4632.9501953125,35.057383744602085,4636.89990234375,6089000.0,0.0
2011-12-23,35.58705139160156,4714.0,35.611977229832505,4763.4501953125,35.31910457326584,4693.2001953125,35.59951431071703,4763.2001953125,2507300.0,0.0
2011-12-27,35.66805648803711,4750.5,35.929770638553094,4800.5,35.35649066481793,4723.64990234375,35.55589260151352,4780.2001953125,3620200.0,0.0
2011-12-28,35.281707763671875,4705.7998046875,35.78021252922453,4756.2001953125,35.25678430818791,4685.64990234375,35.724132971591935,4756.2001953125,3900300.0,0.0
2011-12-29,35.574588775634766,4646.25,35.655596562046256,4701.7998046875,35.29417903579406,4639.0498046875,35.38141709328699,4681.14990234375,2951900.0,0.0
2011-12-30,35.40010070800781,4624.2998046875,35.81136739522608,4690.4501953125,35.38140514695836,4608.89990234375,35.549650934055556,4659.9501953125,4270000.0,0.0
2012-01-03,35.61821365356445,4765.2998046875,36.334816175608275,4773.10009765625,35.381422903584706,4675.7998046875,35.97963123916824,4675.7998046875,9054000.0,0.0
2012-01-04,35.21940231323242,4749.64990234375,35.54343106724366,4782.85009765625,35.076082314218375,4728.85009765625,35.50604231126051,4774.9501953125,12839200.0,0.0
2012-01-05,35.47488021850586,4749.9501953125,35.54342507104874,4779.7998046875,34.932756422029534,4730.14990234375,35.10723249973266,4749.0,6432700.0,0.0
2012-01-06,35.41257095336914,4754.10009765625,35.6742850916561,4794.89990234375,35.2505554017128,4686.85009765625,35.58081439823449,4724.14990234375,4222200.0,0.0
2012-01-09,35.312870025634766,4742.7998046875,35.54343045128057,4758.7001953125,35.225631973577926,4695.4501953125,35.474885588362014,4747.5498046875,4740100.0,0.0
2012-01-10,35.705440521240234,4849.5498046875,35.88614925733686,4855.89990234375,35.649358581660536,4768.25,35.68051468652516,4771.85009765625,4974000.0,0.0
2012-01-11,36.02324676513672,4860.9501953125,36.07309606829374,4877.2001953125,35.5683608799313,4841.60009765625,35.611979911590794,4863.14990234375,3815400.0,0.0
2012-01-12,35.78644561767578,4831.25,36.06685529459152,4869.2001953125,35.593273978676436,4803.89990234375,36.01077335920837,4840.9501953125,5969400.0,0.0
2012-01-13,35.94845962524414,4866.0,35.95469227213279,4898.85009765625,35.48734359193278,4834.2001953125,35.61820065189479,4861.9501953125,5269500.0,0.0
2012-01-16,,4873.89990234375,,4880.7998046875,,4827.0498046875,,4844.0,,0.0
2012-01-17,36.13541030883789,4967.2998046875,36.40335476762502,4975.5498046875,36.03570932645742,4904.0,36.27873032244363,4904.5,3982100.0,0.0
2012-01-18,36.36595916748047,4955.7998046875,36.49058595813254,4980.64990234375,36.079319212921526,4931.0498046875,36.17278752311684,4977.75,4770600.0,0.0
2012-01-19,36.596527099609375,5018.39990234375,36.70869100387717,5023.7998046875,36.365969019529544,4991.39990234375,36.465670003649926,4995.0,4669000.0,0.0
2012-01-20,36.770992279052734,5048.60009765625,36.79591811192594,5064.14990234375,36.4095772106242,5004.2998046875,36.55912745374695,5044.85009765625,4834900.0,0.0
2012-01-23,36.883155822753906,5046.25,37.04517135793437,5059.5498046875,36.67129099932746,5021.35009765625,36.83953680414184,5025.35009765625,4906000.0,0.0
2012-01-24,37.08879089355469,5127.35009765625,37.126179643054044,5141.0498046875,36.63390513807479,5049.7998046875,36.67129151051587,5064.7998046875,3989900.0,0.0
2012-01-25,37.5623664855957,5158.2998046875,37.618448416314436,5174.14990234375,36.933004709359295,5130.25,37.04516857079676,5151.5,6738800.0,0.0
2012-01-26,37.78046798706055,,38.02348892052602,,37.66207146671499,,37.730616320165936,,10459000.0,
2012-01-27,37.873931884765625,5204.7001953125,37.961169914610075,5217.0,37.53744268065962,5162.39990234375,37.67452999453317,5216.75,4896000.0,0.0
2012-01-30,37.543678283691406,5087.2998046875,37.61845340888756,5166.14990234375,37.36920219921426,5076.7001953125,37.54990855368343,5163.5498046875,4588300.0,0.0
2012-01-31,37.73685073852539,5199.25,37.780469760576615,5215.39990234375,37.46267131185091,5120.14990234375,37.724387821216695,5125.25,4973500.0,0.0
2012-02-01,38.01726531982422,5235.7001953125,38.085810189585374,5244.60009765625,37.84278919829318,5159.0,38.01726531982422,5198.14990234375,4513700.0,0.0
2012-02-02,38.098270416259766,5269.89990234375,38.129426524751025,5289.9501953125,37.917561659128275,5225.75,38.054651388960266,5272.10009765625,3502700.0,0.0
2012-02-03,38.64662551879883,5325.85009765625,38.659088437142785,5334.85009765625,38.29144066570127,5255.5498046875,38.50953579407394,5276.10009765625,7577900.0,0.0
2012-02-06,38.45969772338867,5361.64990234375,38.63417387701297,5390.0498046875,38.32260795864997,5327.25,38.55939872218246,5379.4501953125,3969300.0,0.0
2012-02-07,38.428531646728516,5335.14990234375,38.52200235461639,5413.35009765625,38.278981366578535,5322.9501953125,38.397375536452174,5412.9501953125,3224800.0,0.0
2012-02-08,38.453453063964844,5368.14990234375,38.534460843015225,5396.89990234375,38.13565697239574,5325.2001953125,38.42852722778648,5343.7998046875,4331100.0,0.0
2012-02-09,38.17304229736328,5412.35009765625,38.52199686306567,5423.39990234375,37.95494717946086,5338.89990234375,38.40360271006985,5343.0498046875,4309900.0,0.0
2012-02-10,37.85525131225586,5381.60009765625,38.067116188345075,5427.75,37.743087414499286,5341.0498046875,37.79293909219501,5399.7998046875,3688700.0,0.0
2012-02-13,38.28520584106445,5390.2001953125,38.34128778189407,5421.0498046875,38.023491701898585,5351.39990234375,38.18550487704053,5382.10009765625,4356200.0,0.0
2012-02-14,37.905094146728516,5416.0498046875,38.26650921746948,5428.0498046875,37.68076640355082,5377.9501953125,38.254046300953135,5380.7998046875,4864400.0,0.0
2012-02-15,37.718162536621094,5531.9501953125,38.029728398980915,5542.10009765625,37.58107517358281,5460.60009765625,37.99857228815671,5460.60009765625,5679400.0,0.0
2012-02-16,38.029720306396484,5521.9501953125,38.11072807894837,5531.39990234375,37.67453548905302,5483.75,37.67453548905302,5513.75,5054600.0,0.0
2012-02-17,38.092044830322266,5564.2998046875,38.21667165667385,5606.7001953125,37.849023826319126,5545.2001953125,38.154357054968564,5574.2001953125,6292400.0,0.0
2012-02-21,37.61846923828125,5607.14990234375,38.16059566098408,5621.5,37.48138184724666,5561.75,38.16059566098408,5561.89990234375,6632600.0,0.0
2012-02-22,37.3131217956543,5505.35009765625,37.71192564918015,5629.9501953125,37.26950277274106,5491.35009765625,37.51252372241722,5609.75,7764200.0,0.0
2012-02-23,37.74931716918945,5483.2998046875,38.07334354113923,5537.39990234375,37.281968423379766,5460.7998046875,37.350510909369255,5490.0498046875,5679800.0,0.0
2012-02-24,37.85525131225586,5429.2998046875,37.94872201940595,5521.39990234375,37.60599767789484,5405.89990234375,37.85525131225586,5479.14990234375,3372900.0,0.0
2012-02-27,37.81161880493164,5281.2001953125,37.87393100278143,5449.7998046875,37.325577005940914,5268.14990234375,37.58106082041783,5448.10009765625,6416000.0,0.0
2012-02-28,37.52497863769531,5375.5,37.89262630746132,5391.10009765625,37.437740610472524,5306.4501953125,37.824081464055425,5310.5,4905500.0,0.0
2012-02-29,37.47512435913086,5385.2001953125,37.81161590666677,5458.7998046875,37.37542342397849,5352.25,37.581057939825264,5424.9501953125,7484900.0,0.0
2012-03-01,37.674530029296875,5339.75,37.730611959542635,5372.4501953125,37.46266522359714,5297.5,37.581061730259314,5366.0,6113100.0,0.0
2012-03-02,37.662071228027344,5359.35009765625,37.82408676734974,5392.5498046875,37.53121416884577,5315.0498046875,37.53121416884577,5369.4501953125,4189600.0,0.0
2012-03-05,37.9674072265625,5280.35009765625,37.98610041323835,5344.5,37.50005854319965,5265.7001953125,37.6122224173714,5342.5498046875,4755100.0,0.0
2012-03-06,37.456443786621094,5222.39990234375,37.81785890682494,5382.0498046875,37.39412919551105,5206.39990234375,37.59976378058629,5266.0,6241600.0,0.0
2012-03-07,37.61846923828125,5220.4501953125,37.6620882777549,5243.85009765625,37.244591077918734,5171.4501953125,37.56861992619395,5207.0498046875,4925400.0,0.0
2012-03-08,37.53120422363281,,37.77422509116118,,37.412810112468584,,37.6932197200235,,6407200.0,
2012-03-09,37.70570373535156,5333.5498046875,37.81786764821711,5342.2998046875,37.45021979539318,5291.60009765625,37.5125344009069,5294.10009765625,5175500.0,0.0
2012-03-12,37.9674072265625,5359.5498046875,38.042182350324225,5421.89990234375,37.73061656141566,5327.2998046875,37.73061656141566,5420.10009765625,8116200.0,0.0
2012-03-13,38.64662551879883,5429.5,38.72763329950523,5438.64990234375,38.10450164465919,5390.7998046875,38.19173969600825,5391.0498046875,9652900.0,0.0
2012-03-14,38.55316162109375,5463.89990234375,38.84603431119721,5499.39990234375,38.347529374788486,5437.7998046875,38.69025137000329,5490.5498046875,8735500.0,0.0
2012-03-15,38.52823257446289,5380.5,38.659089655610885,5462.5,38.397373116256205,5362.2998046875,38.62793354729832,5462.5,5472900.0,0.0
2012-03-16,38.75878143310547,5317.89990234375,38.77124434888547,5445.64990234375,38.5344537031818,5305.0,38.62792438300271,5380.35009765625,7662000.0,0.0
2012-03-19,38.989341735839844,5257.0498046875,39.13889435697708,5340.7001953125,38.60923110179688,5238.5498046875,38.72139497338524,5337.35009765625,7038400.0,0.0
2012-03-20,38.8958854675293,5274.85009765625,39.014282029789456,5297.35009765625,38.733872246882704,5233.25,38.789954203464056,5257.14990234375,7067600.0,0.0
2012-03-21,38.808624267578125,5364.9501953125,39.01425877817595,5372.35009765625,38.808624267578125,5256.0,38.96440712334336,5267.2001953125,3499100.0,0.0
2012-03-22,38.34751892089844,5228.4501953125,38.58430721547999,5385.9501953125,38.092035062070046,5205.64990234375,38.578076945436635,5361.10009765625,7378200.0,0.0
2012-03-23,38.503292083740234,5278.2001953125,38.671537857069005,5312.0,38.154337623088956,5220.0,38.27273174044278,5255.64990234375,4911300.0,0.0
2012-03-26,38.90116882324219,5184.25,38.982881435099124,5274.9501953125,38.662317864290074,5174.89990234375,38.813171732507435,5274.35009765625,4056200.0,0.0
2012-03-27,38.88232421875,5243.14990234375,39.12745972737926,5277.9501953125,38.819467423113274,5184.64990234375,38.876037340315534,5242.9501953125,4415300.0,0.0
2012-03-28,38.7943229675293,5194.75,38.90117591210994,5236.5498046875,38.46118798051734,5169.60009765625,38.876033196535204,5231.7001953125,3666300.0,0.0
2012-03-29,38.832035064697266,5178.85009765625,38.869749138468784,5194.2998046875,38.37319129031322,5135.9501953125,38.61204229538347,5145.9501953125,4231900.0,0.0
2012-03-30,39.15889358520508,5295.5498046875,39.228034873292,5307.10009765625,38.93890075742124,5203.64990234375,38.97032796171293,5206.60009765625,5252900.0,0.0
2012-04-02,39.41030502319336,5317.89990234375,39.4543035764786,5331.5498046875,39.05202971916135,5278.7998046875,39.127455467973,5296.35009765625,5360000.0,0.0
2012-04-03,39.228023529052734,5358.5,39.44173181327334,5378.75,39.07716963523882,5344.4501953125,39.34744782992199,5353.2001953125,4991500.0,0.0
2012-04-04,38.832035064697266,5322.89990234375,38.98917344213323,5338.39990234375,38.668612207170064,5305.2998046875,38.970317604118144,5328.64990234375,5838800.0,0.0
2012-04-05,38.662322998046875,,38.85717543750499,,38.54918557903708,,38.72517978387589,,5302600.0,
2012-04-09,38.29147720336914,5234.39990234375,38.44861557481647,5287.89990234375,38.05891308499465,5228.0,38.15319706695956,5282.5,3511800.0,0.0
2012-04-10,37.54978942871094,5243.60009765625,38.398335746221335,5255.7998046875,37.48693263624332,5211.85009765625,38.23491288128846,5254.10009765625,9535200.0,0.0
2012-04-11,37.99605178833008,5226.85009765625,38.02747897735824,5263.64990234375,37.71320229159495,5190.7998046875,37.8703406344766,5209.4501953125,5351500.0,0.0
2012-04-12,38.53662109375,5276.85009765625,38.555476933990484,5290.60009765625,37.926923350063504,5246.75,38.08406174604525,5246.75,6803200.0,0.0
2012-04-13,38.33548355102539,5207.4501953125,38.56804770214548,5306.75,38.23491507504847,5185.39990234375,38.47376370690516,5255.7001953125,5199100.0,0.0
2012-04-16,38.7817497253418,5226.2001953125,39.00802935903688,5233.5,38.44861475451682,5183.5,38.54918561192905,5190.60009765625,7840500.0,0.0
2012-04-17,39.11488723754883,5289.7001953125,39.278312503738555,5298.2001953125,38.71261334806876,5208.35009765625,39.058317321981846,5266.60009765625,7614800.0,0.0
2012-04-18,38.90746307373047,5300.0,39.11488448438202,5342.0,38.8823203579723,5293.4501953125,38.970317465384554,5320.7001953125,3587900.0,0.0
2012-04-19,38.888607025146484,5332.39990234375,39.11488668421336,5342.4501953125,38.70004144183792,5291.2998046875,38.9326055813271,5320.60009765625,5951100.0,0.0
2012-04-20,39.297157287597656,5290.85009765625,39.4668669865544,5336.14990234375,38.9828806001387,5245.4501953125,39.08344904421593,5313.9501953125,6339100.0,0.0
2012-04-23,38.93259811401367,5200.60009765625,39.02688208645493,5310.5498046875,38.64975099217194,5187.14990234375,39.01431073028003,5277.39990234375,5196400.0,0.0
2012-04-24,39.429168701171875,5222.64990234375,39.448024542688806,5232.35009765625,38.888612198762985,5180.35009765625,38.888612198762985,5215.89990234375,6723600.0,0.0
2012-04-25,39.862857818603516,5202.0,39.89428740864242,5236.10009765625,39.617722361842965,5160.64990234375,39.64915195188187,5222.2001953125,6836800.0,0.0
2012-04-26,40.03255844116211,5189.0,40.076556979933294,5215.60009765625,39.69314148460446,5179.0498046875,39.74971137698749,5214.75,5822400.0,0.0
2012-04-27,40.22742462158203,5190.60009765625,40.30285276912127,5223.0498046875,39.89429202871179,5154.2998046875,40.17085470979828,5189.0,5728200.0,0.0
2012-04-30,40.17086410522461,5248.14990234375,40.26514571508783,5262.14990234375,39.8943013594538,5201.4501953125,40.15829274436113,5201.4501953125,5658600.0,0.0
2012-05-01,40.52284622192383,,40.774268589146004,,40.10800099442621,,40.13314131295532,,7777000.0,
2012-05-02,40.459999084472656,5239.14990234375,40.554278293040134,5279.60009765625,40.12057954717878,5226.4501953125,40.32171651792882,5254.2998046875,5012900.0,0.0
2012-05-03,40.321712493896484,5188.39990234375,40.71769951681208,5217.2998046875,40.321712493896484,5180.64990234375,40.56056112423687,5211.2001953125,5842200.0,0.0
2012-05-04,40.01372528076172,5086.85009765625,40.240002580758464,5177.2001953125,39.9005854318924,5070.60009765625,40.227433617765776,5166.64990234375,4720700.0,0.0
2012-05-07,40.239990234375,5114.14990234375,40.3531300485309,5124.75,39.83771880300235,4988.0,39.92571590340335,5017.7998046875,5858900.0,0.0
2012-05-08,40.20228576660156,4999.9501953125,40.23999744625151,5119.9501953125,39.8125832245221,4983.60009765625,40.01372017512709,5114.7001953125,4987900.0,0.0
2012-05-09,40.10799789428711,4974.7998046875,40.340562007459724,5016.25,39.74972260722023,4956.4501953125,39.844004189335024,4967.89990234375,7069200.0,0.0
2012-05-10,40.07028579711914,4965.7001953125,40.371993588427465,5039.2998046875,39.888004705878245,4950.2998046875,40.36570671066532,4984.14990234375,8529100.0,0.0
2012-05-11,40.239990234375,4928.89990234375,40.35941692584021,4976.25,39.806291609679306,4906.14990234375,39.900573189648455,4938.85009765625,5601700.0,0.0
2012-05-14,39.749725341796875,4907.7998046875,40.07657105956959,4957.2001953125,39.70572438982681,4874.5,39.85657828842615,4934.35009765625,7658300.0,0.0
2012-05-15,39.55487060546875,4942.7998046875,39.78743472121467,4955.2001953125,39.43544630770544,4868.5498046875,39.78743472121467,4869.85009765625,6046400.0,0.0
2012-05-16,39.070884704589844,4858.25,39.72458090734053,4882.25,39.06460022471819,4837.0498046875,39.70572267224303,4875.2998046875,6404100.0,0.0
2012-05-17,37.989776611328125,4870.2001953125,39.121174946697536,4922.25,37.989776611328125,4850.2001953125,39.03317543348092,4878.60009765625,14643400.0,0.0
2012-05-18,37.60007858276367,4891.4501953125,38.2914866282146,4908.5,37.49322561479512,4788.9501953125,38.11549237615258,4796.39990234375,11240700.0,0.0
2012-05-21,38.37318420410156,,38.467468172248665,,37.62520652881911,,37.63149100774983,,9739600.0,
2012-05-22,38.45491027832031,4860.5,38.70633268289921,4956.35009765625,38.29777187489395,4849.89990234375,38.43605443718651,4954.7001953125,6858000.0,0.0
2012-05-23,38.61832046508789,4835.64990234375,38.656034532696786,4853.75,37.8891986088361,4803.9501953125,38.2977592825057,4843.0,6889400.0,0.0
2012-05-24,38.737762451171875,4921.39990234375,38.94518391061471,4931.89990234375,38.32920161609145,4830.14990234375,38.70633524795228,4863.39990234375,5218200.0,0.0
2012-05-25,38.62461471557617,4920.39990234375,38.88232156574904,4935.7998046875,38.48633217235219,4889.35009765625,38.762894861058726,4905.9501953125,4495800.0,0.0
2012-05-28,,4985.64990234375,,4994.9501953125,,4931.2998046875,,4931.7001953125,,0.0
2012-05-29,39.15260696411133,4990.10009765625,39.158891445529484,5020.14990234375,38.737761655999314,4982.14990234375,38.92004039002806,5005.35009765625,5856900.0,0.0
2012-05-30,38.241214752197266,4950.75,38.88862442370952,4982.25,38.23493026896331,4944.89990234375,38.83205448363372,4964.25,11691800.0,0.0
2012-05-31,38.480037689208984,4924.25,38.76917166102478,4924.25,37.90805422420784,4894.4501953125,38.28518528329445,4896.10009765625,7653300.0,0.0
2012-06-01,37.505794525146484,4841.60009765625,38.040066557467696,4925.0,37.45551148080273,4831.75,37.876641268431335,4910.85009765625,9818600.0,0.0
2012-06-04,37.2418098449707,4848.14990234375,37.61265665494846,4858.2998046875,37.00924562785518,4770.35009765625,37.51837263295288,4797.2998046875,8006900.0,0.0
2012-06-05,37.97719192504883,4863.2998046875,38.065191407383985,4898.9501953125,37.10979003598304,4847.7001953125,37.11607451442233,4869.4501953125,9489500.0,0.0
2012-06-06,38.78803634643555,4997.10009765625,38.8006077043061,5010.4501953125,38.12805564355004,4886.14990234375,38.20976827083799,4886.64990234375,9097400.0,0.0
2012-06-07,38.599464416503906,5049.64990234375,39.25944501069019,5059.64990234375,38.50518044687403,5007.75,39.19030375266041,5035.35009765625,8512900.0,0.0
2012-06-08,39.083457946777344,5068.35009765625,39.083457946777344,5084.4501953125,38.4737602669509,4994.7998046875,38.55547289567044,5044.25,6424900.0,0.0
2012-06-11,38.31662368774414,5054.10009765625,39.47316231128326,5124.4501953125,38.266340650759744,5040.7001953125,39.41659239608738,5096.7001953125,10317900.0,0.0
2012-06-12,38.674896240234375,5115.89990234375,38.75032438690557,5128.89990234375,38.14691120224265,5015.14990234375,38.44861659570344,5015.5,9346100.0,0.0
2012-06-13,38.49263381958008,5121.4501953125,38.95147778263706,5144.89990234375,38.33549537753006,5095.4501953125,38.54920375462778,5117.5498046875,6322900.0,0.0
2012-06-14,39.01432800292969,5054.75,39.17146642807368,5130.0,38.48634279853621,5047.60009765625,38.59319817446001,5105.10009765625,8259900.0,0.0
2012-06-15,39.25944900512695,5139.0498046875,39.30973443344341,5146.2001953125,38.94517227137267,5069.14990234375,39.190307740062416,5069.5498046875,6536800.0,0.0
2012-06-18,39.56744384765625,5064.25,39.73715358271467,5190.2001953125,39.03317192667797,5041.7001953125,39.03317192667797,5174.0,7202500.0,0.0
2012-06-19,39.75196075439453,5103.85009765625,39.99292084176498,5113.60009765625,39.46661601970029,5048.10009765625,39.77732548336272,5050.7998046875,7039700.0,0.0
2012-06-20,39.70124816894531,5120.5498046875,39.878796498533234,5141.7001953125,39.47931033804583,5100.7001953125,39.79002233373927,5114.5498046875,8410800.0,0.0
2012-06-21,39.07981491088867,5165.0,39.82805753172029,5170.39990234375,39.02908544965284,5093.4501953125,39.751963339866535,5097.35009765625,8898000.0,0.0
2012-06-22,39.11152267456055,5146.0498046875,39.346140403846775,5159.7998046875,38.86422257897317,5094.0,39.2700486249539,5101.75,6191400.0,0.0
2012-06-25,38.895938873291016,5114.64990234375,38.99105543943012,5194.60009765625,38.62961393945038,5105.64990234375,38.680343419768505,5158.5,7217500.0,0.0
2012-06-26,39.06714630126953,5120.7998046875,39.22567229507834,5134.5498046875,38.77545905320085,5095.5,39.01007684674177,5107.4501953125,6527600.0,0.0
2012-06-27,39.3144416809082,5141.89990234375,39.34614639202928,5160.10009765625,38.99738973186862,5129.25,39.15591570638841,5149.4501953125,7841300.0,0.0
2012-06-28,39.644161224365234,5149.14990234375,39.68854828717632,5159.0498046875,38.9276234092651,5125.2998046875,39.12419641522383,5148.9501953125,7067700.0,0.0
2012-06-29,40.54458999633789,5278.89990234375,40.601659426501435,5286.25,40.17046871391327,5189.0,40.27826760151714,5191.25,10343000.0,0.0
2012-07-02,40.97578811645508,5278.60009765625,41.00115284826329,5302.14990234375,40.519232619563205,5263.35009765625,40.760190314999285,5283.85009765625,6104100.0,0.0
2012-07-03,41.20406723022461,5287.9501953125,41.33722844825913,5317.0,40.95676229635696,5265.9501953125,41.11528824704017,5298.85009765625,4649400.0,0.0
2012-07-04,,5302.5498046875,,5317.64990234375,,5273.2998046875,,5310.39990234375,,0.0
2012-07-05,41.01383590698242,5327.2998046875,41.27381596154242,5333.64990234375,40.89969702409971,5288.85009765625,41.16601947154994,5297.0498046875,4715600.0,0.0
2012-07-06,41.07090759277344,5316.9501953125,41.14065940900086,5327.2001953125,40.614356847233296,5287.75,40.72215334946519,5324.7001953125,3931500.0,0.0
2012-07-09,41.15334701538086,5275.14990234375,41.1850493099467,5300.60009765625,40.89970446970831,5257.75,41.10261753868052,5283.7001953125,5400600.0,0.0
2012-07-10,40.66507339477539,5345.35009765625,41.33088429440386,5348.5498046875,40.45582040662577,5284.5498046875,41.280154831268234,5286.60009765625,10502100.0,0.0
2012-07-11,40.728492736816406,5306.2998046875,40.8362892310916,5336.4501953125,40.44314309935866,5300.25,40.66507848105125,5315.25,8812100.0,0.0
2012-07-12,40.906028747558594,5235.25,41.07723460831326,5261.75,40.373379153759686,5217.7001953125,40.449473335110106,5240.0,11274800.0,0.0
2012-07-13,41.34990310668945,5227.25,41.419654903094504,5267.14990234375,40.931397166086604,5216.85009765625,40.95675705766347,5242.75,5033100.0,0.0
2012-07-16,41.50844192504883,5197.25,41.57819374311112,5246.85009765625,41.280164127359335,5190.4501953125,41.28650652113653,5232.35009765625,5701500.0,0.0
2012-07-17,41.857181549072266,5192.85009765625,41.984000338663535,5236.7001953125,41.330874380397745,5181.7001953125,41.61621907589146,5228.0498046875,7504000.0,0.0
2012-07-18,41.53380584716797,5216.2998046875,41.787448377159194,5222.85009765625,41.38795982012863,5169.0498046875,41.71769656046589,5199.10009765625,6567000.0,0.0
2012-07-19,41.18503189086914,5242.7001953125,41.647929703777585,5257.75,40.906029562678725,5233.14990234375,41.64158731241524,5249.85009765625,7554200.0,0.0
2012-07-20,41.04554748535156,5205.10009765625,41.14700159345739,5238.7001953125,40.82994964415485,5197.5,40.94408853941692,5233.5498046875,6163700.0,0.0
2012-07-23,40.798240661621094,5117.9501953125,40.887019654197246,5164.2001953125,40.487531120004654,5108.10009765625,40.57630769366651,5163.25,5483500.0,0.0
2012-07-24,40.633392333984375,5128.2001953125,40.93142203830043,5144.0,40.38608970038785,5103.25,40.84898540818639,5128.7998046875,6932100.0,0.0
2012-07-25,40.62702560424805,5109.60009765625,40.86164572490718,5121.60009765625,40.411430240264416,5076.60009765625,40.798231481931325,5118.39990234375,3505700.0,0.0
2012-07-26,40.95676040649414,5043.0,41.29917702470916,5126.2998046875,40.76018978482228,5032.39990234375,41.032854600928985,5126.2998046875,5363200.0,0.0
2012-07-27,41.4196662902832,5099.85009765625,41.68598876550549,5149.9501953125,41.08993439303115,5077.5,41.08993439303115,5124.2998046875,5330500.0,0.0
2012-07-30,41.53380584716797,5199.7998046875,41.698674217336595,5206.60009765625,41.362599921175494,5129.75,41.40698700108679,5129.75,4587500.0,0.0
2012-07-31,41.48940658569336,5229.0,41.6289101781208,5234.5498046875,41.35624538505646,5154.0498046875,41.559158381907075,5214.85009765625,6167500.0,0.0
2012-08-01,41.368927001953125,5240.5,41.91425661011098,5246.35009765625,41.349904663640494,5212.64990234375,41.67329892843821,5220.7001953125,5236200.0,0.0
2012-08-02,41.41331481933594,5227.75,41.419657211497366,5236.89990234375,41.032853532721965,5209.9501953125,41.18503707980201,5233.10009765625,5980800.0,0.0
2012-08-03,41.71769332885742,5215.7001953125,41.90792158324339,5220.2001953125,41.64794151756735,5164.64990234375,41.76208040533033,5195.60009765625,5105400.0,0.0
2012-08-06,41.597198486328125,5282.5498046875,41.933272646888064,5293.2001953125,41.57817615087408,5260.85009765625,41.825476187430525,5260.85009765625,4039300.0,0.0
2012-08-07,41.16602325439453,5336.7001953125,41.6923306425967,5350.10009765625,41.10895622662329,5281.64990234375,41.68598824912365,5295.39990234375,5956000.0,0.0
2012-08-08,40.9187126159668,5338.0,41.07089615543374,5377.60009765625,40.76652907649984,5331.0498046875,41.00748675047481,5345.25,5617900.0,0.0
2012-08-09,40.798240661621094,5322.9501953125,41.05822557040222,5368.2001953125,40.747516028785775,5312.10009765625,40.88067726090711,5348.2998046875,4924800.0,0.0
2012-08-10,40.88701248168945,5320.39990234375,40.912372374744116,5330.10009765625,40.709459365512586,5294.10009765625,40.79823350468715,5308.2001953125,2794500.0,0.0
2012-08-13,40.87434005737305,5347.89990234375,40.96945661748755,5352.4501953125,40.690449331239456,5309.0498046875,40.87434005737305,5316.35009765625,3482100.0,0.0
2012-08-14,40.85531234741211,5380.35009765625,41.05188299809183,5387.0498046875,40.79190292827303,5328.7998046875,41.02018070743657,5343.25,3634100.0,0.0
2012-08-15,40.96944046020508,,41.09625926512424,,40.80457214354833,,40.84262165528592,,2981300.0,
2012-08-16,41.267478942871094,5362.9501953125,41.28015889098808,5390.64990234375,40.82360335352297,5356.64990234375,41.01383644007622,5385.9501953125,7335500.0,0.0
2012-08-17,41.24845504760742,5366.2998046875,41.33722919456651,5399.9501953125,41.13431616754171,5341.7001953125,41.26747738798035,5368.60009765625,6843700.0,0.0
2012-08-20,41.216732025146484,,41.33087086119071,,40.95674723944663,,41.273799024255446,,5358700.0,
2012-08-21,41.216732025146484,5421.0,41.394280250587215,5425.14990234375,41.146980245462444,5368.7001953125,41.292826195118074,5368.7001953125,3672300.0,0.0
2012-08-22,41.17869567871094,5412.85009765625,41.216740352470026,5433.35009765625,40.791892036069264,5394.7998046875,41.140646167124565,5395.75,4938100.0,0.0
2012-08-23,41.07090759277344,5415.35009765625,41.23577596184087,5448.60009765625,40.95676869693119,5393.85009765625,41.153344196221575,5426.14990234375,4522700.0,0.0
2012-08-24,41.229427337646484,5386.7001953125,41.31186392863682,5399.64990234375,40.91871782729707,5371.0,40.994812025635504,5392.60009765625,4141300.0,0.0
2012-08-27,41.318206787109375,5350.25,41.41331848881957,5399.14990234375,41.13431610075606,5346.64990234375,41.337229127451415,5387.85009765625,2892800.0,0.0
2012-08-28,41.48307418823242,,41.50843892367819,,41.14065751645746,,41.31186827125925,,4204600.0,
2012-08-29,41.495758056640625,5287.7998046875,41.58453220982209,5345.5,41.381619168574666,5282.7001953125,41.527460346874854,5343.85009765625,3326800.0,0.0
2012-08-30,41.45137405395508,5315.0498046875,41.476738790720546,5342.7998046875,41.254798553479965,5255.0498046875,41.337235157424935,5268.60009765625,4427700.0,0.0
2012-08-31,41.616233825683594,5258.5,41.62891861183454,5303.25,41.21675014284045,5238.89990234375,41.59086909121012,5298.2001953125,4483800.0,0.0
2012-09-03,,5253.75,,5295.7998046875,,5243.14990234375,,5276.5,,0.0
2012-09-04,41.82548522949219,5274.0,41.86352990862499,5278.35009765625,41.267475638289945,5233.2001953125,41.54014046034026,5249.14990234375,10329200.0,0.0
2012-09-05,41.80012893676758,5225.7001953125,41.882565541969605,5259.5,41.578193533971614,5215.7001953125,41.84451601732677,5243.89990234375,7340300.0,0.0
2012-09-06,42.12986373901367,5238.39990234375,42.13620129463775,5260.60009765625,41.93963063805929,5217.64990234375,41.996702503477096,5217.64990234375,6484900.0,0.0
2012-09-07,42.2059326171875,5342.10009765625,42.28202678818953,5347.14990234375,42.06009150338323,5309.2001953125,42.18056789352015,5309.4501953125,5809300.0,0.0
2012-09-10,41.93327713012695,5363.4501953125,42.1678972474071,5375.4501953125,41.85718778017578,5349.10009765625,42.1678972474071,5361.89990234375,5922100.0,0.0
2012-09-11,42.09815216064453,5390.0,42.11717450116394,5393.35009765625,41.85085205823576,5332.10009765625,41.92694625814161,5336.10009765625,5950900.0,0.0
2012-09-12,42.256675720214844,5431.0,42.256675720214844,5435.5498046875,42.00303323940051,5393.9501953125,42.16790157760401,5404.4501953125,6643000.0,0.0
2012-09-13,42.77031326293945,5435.35009765625,42.83372753379333,5447.4501953125,42.19328113324029,5421.85009765625,42.28839770169148,5435.2001953125,9459100.0,0.0
2012-09-14,42.992244720458984,5577.64990234375,43.28393192282885,5586.64990234375,42.833718751486536,5526.9501953125,42.833718751486536,5528.35009765625,8619400.0,0.0
2012-09-17,42.789337158203125,5610.0,43.13809143194684,5652.2001953125,42.73226528638697,5585.14990234375,42.9859078368192,5631.75,4141900.0,0.0
2012-09-18,42.42152404785156,5600.0498046875,42.71321106995721,5620.5498046875,42.30104283778541,5586.4501953125,42.675166409020804,5602.39990234375,8756800.0,0.0
2012-09-19,42.22496795654297,,42.497632772669704,,42.21228800971683,,42.43422336288327,,6769100.0,
2012-09-20,41.730377197265625,5554.25,42.01572686239146,5581.35009765625,41.571851218138704,5534.89990234375,42.00938446863427,5536.9501953125,14539200.0,0.0
2012-09-21,41.71769332885742,5691.14990234375,41.8698768999319,5720.0,41.692328594040255,5575.4501953125,41.863534506770485,5577.0,11144100.0,0.0
2012-09-24,41.673301696777344,5669.60009765625,41.87621471530427,5709.85009765625,41.502090964934894,5662.75,41.514775749871056,5691.9501953125,10626600.0,0.0
2012-09-25,41.06159973144531,5673.89990234375,41.79666984222473,5702.7001953125,41.0424247951302,5652.4501953125,41.77749490590963,5674.89990234375,8619000.0,0.0
2012-09-26,41.023231506347656,5663.4501953125,41.25334039245945,5672.7998046875,40.940138527276346,5638.64990234375,40.99127004236307,5653.39990234375,10239100.0,0.0
2012-09-27,41.246971130371094,5649.5,41.43233700076958,5693.7001953125,41.04882359292059,5639.7001953125,41.12552334850785,5673.75,6640100.0,0.0
2012-09-28,41.151092529296875,5703.2998046875,41.310890192720635,5735.14990234375,40.901811002805665,5683.4501953125,41.08717443925491,5684.7998046875,9810800.0,0.0
2012-10-01,40.8570556640625,5718.7998046875,41.29809867038991,5722.9501953125,40.524678749176864,5694.0,41.22778732513086,5704.75,9355000.0,0.0
2012-10-02,41.20222091674805,,41.20222091674805,,40.869841549048836,,40.93376206494389,,9009600.0,
2012-10-03,41.323665618896484,5731.25,41.60490611474308,5743.25,41.144693064275096,5715.7998046875,41.20221786684496,5727.7001953125,8690000.0,0.0
2012-10-04,41.17027282714844,5787.60009765625,41.547392976456315,5807.25,41.074393252644455,5751.35009765625,41.445120129882,5751.5498046875,8887000.0,0.0
2012-10-05,41.34922790527344,5746.9501953125,41.509025502833914,5815.35009765625,41.163862106907,4888.2001953125,41.34283463591303,5815.0,7700000.0,0.0
2012-10-08,41.17665481567383,5676.0,41.215009565490234,5751.85009765625,41.03603211183329,5666.2001953125,41.1383049424944,5751.85009765625,4928500.0,0.0
2012-10-09,40.9976921081543,5704.60009765625,41.368423893592755,5728.64990234375,40.95294895312815,5677.89990234375,41.202232942079284,5708.14990234375,6859200.0,0.0
2012-10-10,41.04881286621094,5652.14990234375,41.15747407598969,5686.5,40.87623114628161,5647.0498046875,40.97850152420438,5671.14990234375,7026600.0,0.0
2012-10-11,41.05521011352539,5708.0498046875,41.285314219085734,5721.10009765625,41.01685536540136,5636.9501953125,41.15108479224355,5663.5,8131800.0,0.0
2012-10-12,40.87622833251953,5676.0498046875,41.22778258003453,5725.0,40.812307826769,5659.35009765625,41.036023501100914,5681.7001953125,5995300.0,0.0
2012-10-15,41.151092529296875,5687.25,41.16387907328788,5693.7001953125,40.57582240396265,5651.0498046875,40.882633625138006,5674.25,5998000.0,0.0
2012-10-16,41.34283447265625,5648.0,41.4067525361009,5714.0,41.23417327713677,5635.60009765625,41.272523139876434,5705.60009765625,6872500.0,0.0
2012-10-17,41.406768798828125,5660.25,41.45151194847606,5684.35009765625,41.0807802076003,5633.89990234375,41.20222798948936,5681.10009765625,9204700.0,0.0
2012-10-18,41.796661376953125,5718.7001953125,41.81583630938464,5722.5,41.33005509899982,5650.5498046875,41.34923003143134,5675.2998046875,8149100.0,0.0
2012-10-19,41.406768798828125,5684.25,41.905336716801536,5711.7001953125,41.36841892102635,5660.0,41.81585041750567,5703.2998046875,8886800.0,0.0
2012-10-22,41.25975799560547,5717.14990234375,41.40676911271845,5721.5498046875,41.00408076283442,5658.0498046875,41.36841923462595,5667.60009765625,6018800.0,0.0
2012-10-23,40.844268798828125,5691.39990234375,41.02324133610285,5720.7998046875,40.55663262226664,5681.4501953125,40.93375506746549,5715.64990234375,6985600.0,0.0
2012-10-24,40.86983108520508,,41.07437424538201,,40.71003349385772,,40.94014485384649,,4587900.0,
2012-10-25,40.69086837768555,5705.2998046875,41.18943864099916,5718.75,40.320139144266015,5685.7001953125,41.03602940512626,5688.7998046875,7451700.0,0.0
2012-10-26,40.454368591308594,,40.703652503948774,,40.179516472674976,,40.671693465616144,,9137000.0,
2012-10-29,,5665.60009765625,,5698.2998046875,,5645.10009765625,,5665.2001953125,,0.0
2012-10-30,,5597.89990234375,,5689.89990234375,,5589.89990234375,,5656.35009765625,,0.0
2012-10-31,40.90818786621094,5619.7001953125,40.92736279901146,5624.39990234375,40.473538175067006,5583.0498046875,40.62055168261304,5596.75,9157200.0,0.0
2012-11-01,40.952945709228516,5645.0498046875,41.14470485937306,5649.75,40.748404891505295,5601.9501953125,40.92098422532517,5609.85009765625,12937500.0,0.0
2012-11-02,41.2277946472168,5697.7001953125,41.48986514002381,5711.2998046875,41.17026983268104,5682.5498046875,41.183051499254304,5696.35009765625,8886300.0,0.0
2012-11-05,40.920963287353516,5704.2001953125,41.23417006410738,5709.2001953125,40.66528861517963,5679.5,41.2086018653947,5693.0498046875,10212600.0,0.0
2012-11-06,41.010459899902344,5724.39990234375,41.0935528993428,5730.7998046875,40.76117358662711,5693.64990234375,41.08076635996063,5694.10009765625,5427400.0,0.0
2012-11-07,40.80592346191406,5760.10009765625,40.997680132917594,5777.2998046875,40.56942364895365,5711.39990234375,40.72282801042913,5718.60009765625,10656200.0,0.0
2012-11-08,40.390445709228516,5738.75,40.83148870265366,5744.5,40.358486672768855,5693.9501953125,40.786745563946496,5709.0,9477400.0,0.0
2012-11-09,40.2562141418457,5686.25,40.55663443281229,5751.7001953125,40.070848326640025,5677.75,40.21786183715272,5731.10009765625,9952000.0,0.0
2012-11-12,40.19230270385742,5683.7001953125,40.39045021500266,5718.89990234375,40.08363904179073,5665.75,40.36488444597384,5688.4501953125,5451600.0,0.0
2012-11-13,40.0644645690918,,40.300964393994875,,39.930235136442896,,39.98136911341074,,6953000.0,
2012-11-14,39.28464889526367,,40.19230070439085,,39.13763536780809,,40.19230070439085,,15786400.0,
2012-11-15,39.11206817626953,5631.0,39.51475889828714,5651.64990234375,38.88835246310331,5603.5498046875,39.24630004248767,5650.35009765625,15085700.0,0.0
2012-11-16,39.559505462646484,5574.0498046875,39.597857776071606,5650.14990234375,39.016194433209655,5559.7998046875,39.20795112369803,5624.7998046875,13806600.0,0.0
2012-11-19,39.930233001708984,5571.39990234375,40.11559640141591,5592.75,39.75125799609359,5549.25,39.95579876966688,5577.2998046875,12087200.0,0.0
2012-11-20,40.17951965332031,5571.5498046875,40.17951965332031,5613.7001953125,39.73847659913434,5548.35009765625,39.98776296982657,5604.7998046875,12749700.0,0.0
2012-11-21,40.1539421081543,5614.7998046875,40.307348882268144,5620.2001953125,39.93022643581948,5561.39990234375,40.12837390608233,5582.5,5904800.0,0.0
2012-11-22,,5627.75,,5643.35009765625,,5608.0,,5628.60009765625,,0.0
2012-11-23,40.47993850708008,5626.60009765625,40.492720172298334,5637.75,40.17312489883641,5593.5498046875,40.307356766812426,5635.4501953125,3249100.0,0.0
2012-11-26,40.5374641418457,5635.89990234375,40.76118230082045,5649.2001953125,40.22426213292693,5623.4501953125,40.34570746152341,5648.64990234375,16980400.0,0.0
2012-11-27,40.32014465332031,5727.4501953125,40.646130789976475,5733.2001953125,39.97498114040061,5658.0,40.23065592016736,5658.5,22289900.0,0.0
2012-11-28,40.24982452392578,,40.3265266973066,,39.88548615246926,,40.20508138626047,,12290700.0,
2012-11-29,40.51189041137695,5825.0,40.543849445430496,5833.5,40.185901924404035,5736.10009765625,40.486322208806925,5736.7001953125,15870300.0,0.0
2012-11-30,40.67168426513672,5879.85009765625,40.78034545855071,5885.25,40.499102571198804,5827.85009765625,40.499102571198804,5836.0,10611900.0,0.0
2012-12-03,40.7867546081543,5870.9501953125,40.9849045794518,5899.14990234375,40.652522723949545,5854.60009765625,40.863456800329345,5878.25,9577100.0,0.0
2012-12-04,40.73561096191406,5889.25,41.00407224438367,5894.9501953125,40.65890878334487,5859.0,40.74839506472864,5866.7998046875,12665900.0,0.0
2012-12-05,40.626953125,5900.5,40.889021158703166,5917.7998046875,40.422412339588675,5891.35009765625,40.85705967984887,5906.60009765625,10757800.0,0.0
2012-12-06,40.984901428222656,5930.89990234375,40.99128982279453,5942.5498046875,40.58860151609818,5838.89990234375,40.71004684756427,5926.2998046875,8008000.0,0.0
2012-12-07,41.151092529296875,5907.39990234375,41.157485801292374,5949.85009765625,40.97851319851979,5888.64990234375,41.048824560557264,5934.0,13072600.0,0.0
2012-12-10,41.151092529296875,5908.89990234375,41.34285167606046,5919.9501953125,41.08078116725941,5888.10009765625,41.19583567999002,5916.0498046875,8719000.0,0.0
2012-12-11,41.20222091674805,5898.7998046875,41.39398002611486,5965.14990234375,41.15747777478069,5865.4501953125,41.31727540704079,5923.7998046875,6063400.0,0.0
2012-12-12,41.17665481567383,5888.0,41.3939821425102,5924.60009765625,40.991288967578306,5874.25,41.3108842484388,5917.7998046875,6419000.0,0.0
2012-12-13,40.90180206298828,5851.5,41.20221994650646,5907.4501953125,40.754786099050804,5841.35009765625,41.20221994650646,5900.35009765625,9581700.0,0.0
2012-12-14,40.85067367553711,5879.60009765625,40.90181009709342,5886.10009765625,40.742012437208146,5839.14990234375,40.89541682523949,5846.89990234375,7085200.0,0.0
2012-12-17,41.106353759765625,5857.89990234375,41.12552870115813,5886.0498046875,40.8570697683866,5850.14990234375,41.03604239023429,5860.5,12634700.0,0.0
2012-12-18,41.52820587158203,5896.7998046875,41.70078515382352,5905.7998046875,41.09994942444073,5823.14990234375,41.138299292353,5873.60009765625,26053500.0,0.0
2012-12-19,41.469974517822266,5929.60009765625,41.74174282410618,5939.39990234375,41.43115258978069,5910.7998046875,41.68350499537952,5917.2998046875,8134800.0,0.0
2012-12-20,41.94232940673828,5916.39990234375,41.955268403876026,5937.60009765625,41.42468066127089,5881.4501953125,41.51527338789234,5934.4501953125,11100800.0,0.0
2012-12-21,41.81291961669922,5847.7001953125,41.929390337395596,5888.0,41.48939038550532,5841.64990234375,41.48939038550532,5888.0,10635700.0,0.0
2012-12-24,41.871150970458984,5855.75,41.974682690236364,5871.89990234375,41.61879857433177,5844.7001953125,41.78056318398584,5869.0,6645400.0,0.0
2012-12-26,41.66408920288086,5905.60009765625,41.916441579234416,5917.2998046875,41.554090461734695,5859.5498046875,41.916441579234416,5864.9501953125,5901700.0,0.0
2012-12-27,41.715858459472656,5870.10009765625,41.87762306963865,5930.7998046875,41.28879998736772,5864.7001953125,41.702914526127465,5930.2001953125,8055400.0,0.0
2012-12-28,41.463497161865234,5908.35009765625,41.83232019640445,5915.75,41.431142272111785,5879.5,41.5929068475529,5887.14990234375,3957300.0,0.0
2012-12-31,41.84526443481445,5905.10009765625,41.884091294717415,5919.0,41.33409018828655,5897.14990234375,41.444091396905456,5901.2001953125,7477900.0,0.0
2013-01-02,42.524681091308594,5993.25,42.634679840338265,6006.0498046875,42.24644576709796,5982.0,42.4664432651573,5982.60009765625,12173500.0,0.0
2013-01-03,42.524681091308594,6009.5,42.692917666489556,6017.0,42.427621338832495,5986.5498046875,42.50527012814619,6015.7998046875,13888200.0,0.0
2013-01-04,42.783512115478516,6016.14990234375,42.796451114047215,6020.75,42.47292184651637,5981.5498046875,42.62821451266502,6011.9501953125,14123400.0,0.0
2013-01-07,42.848201751708984,5988.39990234375,42.861140745678654,6042.14990234375,42.63467132623621,5977.14990234375,42.73173105932957,6042.14990234375,6133600.0,0.0
2013-01-08,42.76408386230469,6001.7001953125,42.88702652819316,6007.0498046875,42.641146133079644,5964.39990234375,42.77055582805235,5983.4501953125,5438600.0,0.0
2013-01-09,42.92585754394531,5971.5,42.98409537468613,6020.10009765625,42.78997585443603,5958.4501953125,42.85468565229571,6006.2001953125,5562300.0,0.0
2013-01-10,43.02938461303711,5968.64990234375,43.15879432141826,6005.14990234375,42.88055900540124,5947.2998046875,43.15879432141826,5998.7998046875,6132700.0,0.0
2013-01-11,43.02290344238281,5951.2998046875,43.13937412967391,6018.85009765625,42.87408280324927,5940.60009765625,43.02937540741645,6012.39990234375,3889100.0,0.0
2013-01-14,43.087608337402344,6024.0498046875,43.14584614945323,6036.89990234375,42.96467062158449,5962.14990234375,43.09408030244419,5967.2001953125,5420400.0,0.0
2013-01-15,43.2882080078125,6056.60009765625,43.333501898409224,6068.5,42.945267845199574,6018.60009765625,43.022911693843206,6037.85009765625,6783800.0,0.0
2013-01-16,43.24291229248047,6001.85009765625,43.25585128782048,6055.9501953125,43.087614728418686,5992.0498046875,43.204085433133216,6049.0,5176000.0,0.0
2013-01-17,43.33997344970703,6039.2001953125,43.469383153983216,6053.2001953125,42.91938450581375,5988.10009765625,43.39173436941924,6001.25,5652400.0,0.0
2013-01-18,43.59880065917969,6064.39990234375,43.63115555936973,6083.39990234375,43.30762630412797,6048.2998046875,43.59233362847341,6059.85009765625,17259600.0,0.0
2013-01-21,,6082.2998046875,,6094.35009765625,,6065.10009765625,,6085.75,,130900.0
2013-01-22,43.818782806396484,6048.5,43.818782806396484,6101.2998046875,43.579369491305,6040.5,43.61819634086672,6080.14990234375,7006800.0,129000.0
2013-01-23,43.825279235839844,6054.2998046875,43.90939507296613,6069.7998046875,43.68939259150988,6021.14990234375,43.81880726785624,6052.85009765625,4036600.0,137000.0
2013-01-24,43.87702941894531,6019.35009765625,44.02585502611203,6065.2998046875,43.754091677369935,6007.85009765625,43.87702941894531,6046.2001953125,6017000.0,185200.0
2013-01-25,44.05820083618164,6074.64990234375,44.090555728460316,6080.5498046875,43.84467533179814,6014.4501953125,44.03878987547982,6024.5,6291100.0,147600.0
2013-01-28,44.1035041809082,6074.7998046875,44.19409196457813,6088.39990234375,43.92232367690439,6061.39990234375,44.19409196457813,6082.10009765625,7967100.0,113100.0
2013-01-29,44.1876220703125,6049.89990234375,44.200561067159,6111.7998046875,44.03879645492473,6042.4501953125,44.03879645492473,6064.7001953125,4723200.0,157600.0
2013-01-30,43.779964447021484,6055.75,44.200548368668585,6071.9501953125,43.70878764315384,6044.14990234375,44.08407768385451,6065.0,7716600.0,124200.0
2013-01-31,43.52762222290039,6034.75,43.77997957441413,6058.0498046875,43.46291736157113,6025.14990234375,43.77350760728186,6045.64990234375,8189600.0,168500.0
2013-02-01,43.818782806396484,5998.89990234375,43.902898596565855,6052.9501953125,43.611724376496035,5983.2001953125,43.7605450003851,6040.9501953125,11330400.0,159300.0
2013-02-04,43.72819519042969,5987.25,43.86407682267037,6038.5,43.55995867289544,5981.25,43.663490356504944,6025.2001953125,14185200.0,141700.0
2013-02-05,43.66996765136719,5956.89990234375,43.89643709167963,5970.35009765625,43.61820673405545,5946.89990234375,43.838204208455096,5948.2001953125,6245900.0,136200.0
2013-02-06,43.74763107299805,5959.2001953125,43.80586397571092,5990.89990234375,43.47586765367423,5953.14990234375,43.559983492036785,5988.0498046875,4489500.0,157800.0
2013-02-07,43.540557861328125,5938.7998046875,43.8964369991652,5978.5,43.449970085394064,5927.60009765625,43.87702603813126,5936.4501953125,8388300.0,157600.0
2013-02-08,43.97409439086914,5903.5,43.98703832520211,5953.7001953125,43.624682213846604,5883.64990234375,43.624682213846604,5929.10009765625,8139600.0,192600.0
2013-02-11,44.01939392089844,5897.85009765625,44.03880488821742,5924.14990234375,43.909395148314125,5879.10009765625,43.909395148314125,5920.0498046875,6097100.0,122000.0
2013-02-12,44.27821731567383,5922.5,44.27821731567383,5927.64990234375,43.980570971432165,5886.4501953125,44.077630742452605,5894.35009765625,7218400.0,142800.0
2013-02-13,44.25880813598633,5932.9501953125,44.414100813890784,5969.5,44.135865425284976,5922.9501953125,44.35586791092607,5943.14990234375,4418400.0,142600.0
2013-02-14,44.084075927734375,5896.9501953125,44.25231245168906,5940.2001953125,44.04525401323044,5884.5498046875,44.25231245168906,5933.2001953125,4100400.0,143800.0
2013-02-15,44.135868072509766,5887.39990234375,44.16175100982381,5899.9501953125,43.96763144830123,5853.89990234375,44.12939610401487,5869.9501953125,6449800.0,125100.0
2013-02-18,,5898.2001953125,,5911.0,,5878.4501953125,,5888.64990234375,,114300.0
2013-02-19,44.439964294433594,5939.7001953125,44.446436259706964,5947.5498046875,44.181139986792495,5883.14990234375,44.278199719240796,5900.2001953125,12187000.0,101000.0
2013-02-20,44.0646858215332,5943.0498046875,44.56939069555691,5971.0,44.0646858215332,5937.5498046875,44.42056999509603,5966.2998046875,9973600.0,135400.0
2013-02-21,43.72174072265625,5852.25,44.05174192539382,5921.14990234375,43.611741967298514,5844.39990234375,43.97409313161311,5909.64990234375,13125300.0,159400.0
2013-02-22,44.09702682495117,5850.2998046875,44.09702682495117,5873.7998046875,43.86408542779444,5835.7998046875,43.896435382771934,5837.9501953125,6630600.0,157000.0
2013-02-25,43.3529167175293,5854.75,44.297621474496644,5878.39990234375,43.3464447506786,5825.0,44.2070336852439,5870.5498046875,9204800.0,125100.0
2013-02-26,43.73466491699219,5761.35009765625,43.78643076199137,5838.85009765625,43.35290291761427,5748.60009765625,43.566433325738885,5838.2998046875,7439200.0,157400.0
2013-02-27,44.071136474609375,5796.89990234375,44.27172294633383,5818.2001953125,43.64407567287825,5749.7001953125,43.73466343021591,5784.89990234375,7675200.0,175200.0
2013-02-28,44.07761764526367,5693.0498046875,44.28467612480507,5849.89990234375,43.98055790308349,5671.89990234375,44.06467371341908,5834.35009765625,7917800.0,334900.0
2013-03-01,44.16172790527344,5719.7001953125,44.21349375281865,5739.4501953125,43.73466706801984,5679.89990234375,43.90290360421031,5702.4501953125,11331300.0,174500.0
2013-03-04,44.49172592163086,5698.5,44.588785644869496,5712.0,44.07760904336442,5663.60009765625,44.07760904336442,5704.7001953125,9589700.0,144900.0
2013-03-05,44.83466720581055,5784.25,44.91878300199548,5790.10009765625,44.49819414774538,5722.39990234375,44.72466848695424,5722.4501953125,6177000.0,154400.0
2013-03-06,44.66643524169922,5818.60009765625,45.002908334152025,5828.7001953125,44.5305535862844,5795.0498046875,44.92525955820217,5816.39990234375,11622400.0,156900.0
2013-03-07,44.50468063354492,5863.2998046875,44.79585990610669,5878.0,44.446447741031164,5801.2998046875,44.7376220769286,5801.2998046875,6954600.0,134700.0
2013-03-08,44.53055191040039,5945.7001953125,44.731138403226176,5952.85009765625,44.28467153414094,5883.0,44.692316485043904,5883.64990234375,6934300.0,150800.0
2013-03-11,44.70526885986328,5942.35009765625,44.70526885986328,5971.2001953125,44.414094513017176,5930.35009765625,44.62762500025873,5946.10009765625,11877900.0,125400.0
2013-03-12,44.54349899291992,5914.10009765625,44.705263596938366,5952.0,44.43997221341336,5893.64990234375,44.69879656717566,5944.60009765625,6247300.0,115900.0
2013-03-13,44.55644226074219,5851.2001953125,44.64703004270732,5893.85009765625,44.36232276415183,5842.25,44.53055933208588,5884.7998046875,6189700.0,116700.0
2013-03-14,44.79585266113281,5908.9501953125,44.854085544228376,5920.14990234375,44.556439289525,5791.75,44.61467217262057,5845.9501953125,10380200.0,149000.0
2013-03-15,44.815269470214844,5872.60009765625,44.83468043377968,5945.64990234375,44.556445103800584,5861.0,44.73762067929131,5914.89990234375,7085100.0,152200.0
2013-03-18,44.69231414794922,5835.25,44.705253141112344,5850.2001953125,44.42055086155856,5814.35009765625,44.42055086155856,5816.75,17335600.0,102700.0
2013-03-19,44.375267028808594,5745.9501953125,44.7376181593801,5863.60009765625,44.1487975722014,5724.2998046875,44.69232426805866,5859.5,8311400.0,182300.0
2013-03-20,44.63409423828125,5694.39990234375,44.640561268409854,5745.2998046875,44.414091797303264,5682.2998046875,44.63409423828125,5740.5498046875,9476900.0,187600.0
2013-03-21,44.485260009765625,5658.75,44.78937821351669,5757.75,44.44643808985298,5647.9501953125,44.44643808985298,5705.89990234375,4807000.0,179200.0
2013-03-22,44.757022857666016,5651.35009765625,44.81526067359343,5691.4501953125,44.549964392510184,5631.7998046875,44.64055216247441,5659.7998046875,5176600.0,165300.0
2013-03-25,44.72700881958008,5633.85009765625,45.02718948537208,5718.39990234375,44.64217677664922,5624.39990234375,44.98150992707109,5707.2998046875,10970400.0,150400.0
2013-03-26,45.0598258972168,5641.60009765625,45.09897838707934,5655.2998046875,44.78574353208165,5612.0498046875,44.78574353208165,5613.75,8879000.0,126500.0
2013-03-27,45.131587982177734,,45.164213382461384,,44.818353271534455,,44.909712358243574,,5747800.0,
2013-03-28,45.340431213378906,5682.5498046875,45.38611077864649,5692.9501953125,45.04677259777369,5604.85009765625,45.19686544290958,5647.75,10163700.0,209700.0
2013-04-01,45.483985900878906,5704.39990234375,45.483985900878906,5720.9501953125,45.13160357536356,5675.89990234375,45.360001371048895,5697.35009765625,10676100.0,97800.0
2013-04-02,45.6014518737793,5748.10009765625,45.75807178471423,5754.60009765625,45.497043578521605,5687.14990234375,45.65365851075761,5701.7001953125,7683800.0,106400.0
2013-04-03,45.36000061035156,5672.89990234375,45.75154039334572,5744.9501953125,45.20990778787627,5650.10009765625,45.75154039334572,5740.2001953125,5906600.0,140700.0
2013-04-04,46.025630950927734,5574.75,46.077837597960915,5644.4501953125,45.3404373787418,5565.64990234375,45.41221529503756,5640.64990234375,15045800.0,134600.0
2013-04-05,46.14960861206055,5553.25,46.14960861206055,5577.2998046875,45.51661687116723,5534.7001953125,45.60797599060559,5568.10009765625,9219300.0,137500.0
2013-04-08,46.580291748046875,5542.9501953125,46.62597129879847,5569.2001953125,45.98645758827611,5537.0498046875,46.15612662479531,5550.5,9494700.0,97000.0
2013-04-09,46.59989547729492,5495.10009765625,46.756510444286846,5603.0498046875,46.338867213175035,5487.0,46.6455750501134,5568.75,6504500.0,138200.0
2013-04-10,46.87396240234375,5558.7001953125,46.945745283346334,5569.25,46.619461271043285,5477.2001953125,46.70429332191047,5536.25,5585900.0,128600.0
2013-04-11,47.102352142333984,5594.0,47.330749916061194,5610.64990234375,46.880476463071794,5542.85009765625,46.91963392335222,5601.64990234375,11137100.0,146800.0
2013-04-12,47.37643051147461,5528.5498046875,47.37643051147461,5544.5,46.97184158304154,5494.89990234375,47.037097380011566,5520.7001953125,6908300.0,127300.0
2013-04-15,46.19529342651367,5568.39990234375,47.1480421938168,5592.85009765625,46.19529342651367,5500.2998046875,47.050155989370076,5508.5,10229500.0,142900.0
2013-04-16,46.926170349121094,5688.9501953125,46.952268689578815,5699.25,46.20181942329251,5555.85009765625,46.462842657462154,5562.4501953125,6787100.0,142700.0
2013-04-17,46.35844421386719,5688.7001953125,46.763038278752475,5732.14990234375,46.05173637195255,5669.0,46.743457051198256,5708.64990234375,8952700.0,154600.0
2013-04-18,46.35844421386719,5783.10009765625,46.44980336098643,5794.35009765625,46.090888869660766,5681.85009765625,46.384547538572704,5682.7001953125,16557900.0,149900.0
2013-04-19,46.89353942871094,,46.97184938530155,,46.35190676436528,,46.61946204869229,,16957600.0,
2013-04-22,46.95879364013672,5834.39990234375,47.07625608167996,5844.85009765625,46.64556378182065,5789.7998046875,46.96532071430546,5789.85009765625,5361900.0,135100.0
2013-04-23,47.23287582397461,5836.89990234375,47.311185785883005,5844.2998046875,46.88701553826971,5791.5498046875,47.12846752012942,5843.10009765625,6056000.0,132200.0
2013-04-24,47.382957458496094,,47.38948453178515,,47.1219292926135,,47.363381217327074,,5241100.0,
2013-04-25,47.32423782348633,5916.2998046875,47.50043400377835,5924.60009765625,46.97837751683116,5853.2998046875,47.30466157649825,5856.10009765625,8899900.0,199600.0
2013-04-26,47.10890197753906,5871.4501953125,47.441708189190294,5907.0498046875,47.07627157465539,5860.5,47.252467784306475,5899.75,4196100.0,141300.0
2013-04-29,47.47431564331055,5904.10009765625,47.48736481093586,5918.64990234375,47.115401299888774,5868.7998046875,47.26549411041917,5877.60009765625,4371600.0,118900.0
2013-04-30,47.93764114379883,5930.2001953125,47.957217385761915,5962.2998046875,47.35685606496829,5867.7998046875,47.47431849544516,5932.60009765625,7901100.0,153200.0
2013-05-01,47.61134338378906,,47.96373057319906,,47.4808318226877,,47.92457810060803,,19735200.0,
2013-05-02,47.7940559387207,5999.35009765625,47.97025200204795,6019.4501953125,47.59176154920072,5910.9501953125,47.59828862009707,5911.39990234375,4746700.0,162400.0
2013-05-03,47.83322525024414,5944.0,48.13992795670052,6000.2998046875,47.73533907730388,5930.14990234375,48.028992617427086,5993.5,6804300.0,145800.0
2013-05-06,48.022483825683594,5971.0498046875,48.07469046828497,5976.5,47.83324345897767,5928.4501953125,47.86586887657893,5944.89990234375,4539300.0,110200.0
2013-05-07,48.303077697753906,6043.5498046875,48.322658918453506,6050.5,47.95721747920322,5982.9501953125,48.21171858261593,5983.4501953125,7326500.0,136400.0
2013-05-08,48.4205436706543,6069.2998046875,48.49232654904231,6083.5498046875,48.15299337923432,6024.9501953125,48.224776257622324,6064.14990234375,5550500.0,122300.0
2013-05-09,48.172584533691406,6050.14990234375,48.453189060055905,6084.7001953125,48.02901873247697,6040.4501953125,48.42055865843434,6078.35009765625,12540900.0,110000.0
2013-05-10,48.185630798339844,6094.75,48.290044094265596,6105.2998046875,48.06164623280298,6045.60009765625,48.290044094265596,6046.25,4807500.0,111400.0
2013-05-13,48.25739669799805,5980.4501953125,48.309603327573356,6104.9501953125,48.06162930513796,5972.89990234375,48.18561382700655,6098.2001953125,5141500.0,107900.0
2013-05-14,48.51190185546875,5995.39990234375,48.60978804944344,6026.2001953125,48.30960737230008,5970.0498046875,48.30960737230008,5989.7001953125,6114500.0,119300.0
2013-05-15,48.942604064941406,6146.75,48.94913113951915,6157.10009765625,48.27045976570807,6018.85009765625,48.51190675939433,6018.85009765625,12938900.0,153900.0
2013-05-16,48.785980224609375,6169.89990234375,49.05353048909099,6187.2998046875,48.5967349259769,6128.25,48.90344265208132,6128.25,11084100.0,158600.0
2013-05-17,49.092689514160156,6187.2998046875,49.09921160905647,6199.9501953125,48.740302220521905,6146.14990234375,48.87734089382038,6172.9501953125,11377800.0,147300.0
2013-05-20,49.066585540771484,6156.89990234375,49.170993823395285,6229.4501953125,48.89691648047218,6146.0498046875,49.092688856102015,6198.0,6560000.0,122300.0
2013-05-21,49.29496765136719,6114.10009765625,49.392853808055555,6180.25,49.15792902348218,6102.35009765625,49.20360856611052,6152.35009765625,5619400.0,130600.0
2013-05-22,48.074684143066406,6094.5,49.73220748733263,6147.60009765625,47.85281340925144,6074.4501953125,49.360243920461386,6127.0498046875,26250400.0,133800.0
2013-05-23,47.402530670166016,5967.0498046875,47.68966213215609,6081.4501953125,47.004463862842634,5955.7001953125,47.68966213215609,6050.39990234375,17882300.0,198900.0
2013-05-24,47.219825744628906,5983.5498046875,47.28508155561423,6015.2998046875,46.73039969419013,5936.7998046875,47.24592906476288,6010.7001953125,11804000.0,161600.0
2013-05-27,,6083.14990234375,,6099.89990234375,,5975.5498046875,,5989.39990234375,,115100.0
2013-05-28,46.74998474121094,6111.25,47.78104367647337,6127.64990234375,46.462853144378315,6055.39990234375,47.67663037627962,6086.35009765625,15416700.0,139700.0
2013-05-29,45.81680679321289,6104.2998046875,46.43022241498553,6125.0498046875,45.19034199975767,6069.7998046875,46.40411909292078,6120.4501953125,23698500.0,120200.0
2013-05-30,45.37957763671875,6124.0498046875,46.13655389975925,6133.75,45.32737100376463,6072.14990234375,45.816796985637744,6072.14990234375,13778600.0,194100.0
2013-05-31,44.82490158081055,5985.9501953125,45.70586746501388,6106.25,44.8053253356259,5975.5498046875,45.19033810078842,6098.7001953125,20832400.0,175300.0
2013-06-03,44.93583297729492,5939.2998046875,45.24906282991371,6011.0,44.41377658466527,5916.35009765625,44.83794678133952,5997.35009765625,25223500.0,112100.0
2013-06-04,44.413761138916016,5919.4501953125,45.0989592936141,5981.60009765625,44.407239045832924,5910.25,44.94234442177057,5941.10009765625,17821400.0,114500.0
2013-06-05,43.93739700317383,5923.85009765625,44.576910744022086,5935.2001953125,43.859087064444346,5883.7001953125,44.44639915817081,5908.2998046875,19959500.0,110200.0
2013-06-06,44.7596321105957,5921.39990234375,44.79878957206941,5956.5498046875,43.735100655485255,5869.5,43.904769712009404,5895.0,21649800.0,114200.0
2013-06-07,44.733516693115234,5881.0,44.91623484789448,5972.7001953125,44.139677711386376,5871.2998046875,44.877077401372986,5900.0498046875,16045900.0,118300.0
2013-06-10,44.34199523925781,5878.0,44.890154968340475,5931.64990234375,44.23105987006571,5857.39990234375,44.78574169472515,5907.89990234375,17666100.0,100100.0
2013-06-11,43.66331100463867,5788.7998046875,44.15273682232135,5868.0498046875,43.63720769691864,5780.35009765625,43.93738826765372,5848.75,17765800.0,180900.0
2013-06-12,43.023807525634766,5760.2001953125,44.00265950485106,5792.89990234375,42.91939425807635,5738.60009765625,43.98961033575557,5771.75,16537000.0,140400.0
2013-06-13,44.335472106933594,5699.10009765625,44.45293454765463,5729.85009765625,42.93244989240428,5683.10009765625,42.965075305621966,5709.35009765625,21085000.0,142000.0
2013-06-14,44.44639205932617,5808.39990234375,45.01412782236768,5819.39990234375,44.204940187497634,5739.39990234375,44.309353422460376,5748.9501953125,13991400.0,124400.0
2013-06-17,44.505126953125,5850.0498046875,44.92276999360553,5854.89990234375,44.20494632894824,5770.25,44.65521975456227,5820.39990234375,10786100.0,107200.0
2013-06-18,44.57691192626953,5813.60009765625,44.94887543237835,5863.39990234375,44.289785434042116,5804.2998046875,44.537759445215336,5841.89990234375,14319100.0,117500.0
2013-06-19,43.23916244506836,5822.25,44.81184893149919,5828.39990234375,43.15432540816298,5777.89990234375,44.68133730676694,5805.75,34471300.0,115500.0
2013-06-20,41.54900360107422,5655.89990234375,42.9193954131171,5755.0,41.35976077190501,5645.64990234375,42.736677168671214,5754.14990234375,31601500.0,198400.0
2013-06-21,42.03843307495117,5667.64990234375,42.47565247864754,5686.14990234375,41.3140846220818,5616.85009765625,41.90792145491318,5639.89990234375,24105500.0,182400.0
2013-06-24,41.770896911621094,5590.25,42.697542672442474,5640.0,40.92255615787141,5566.25,41.43156110799131,5638.0498046875,30133200.0,193500.0
2013-06-25,42.54090118408203,5609.10009765625,42.76277187086649,5666.25,41.86875707227322,5570.25,42.2080901752076,5606.9501953125,18040500.0,196600.0
2013-06-26,43.177207946777344,5588.7001953125,43.32211578196676,5635.25,42.874205588015066,5579.35009765625,42.986186905564075,5627.9501953125,16898500.0,160100.0
2013-06-27,43.947872161865234,5682.35009765625,44.026911879696776,5699.35009765625,43.37480908051454,5630.9501953125,43.48020207150913,5647.9501953125,13893800.0,239000.0
2013-06-28,43.7568473815918,5842.2001953125,44.05984466659066,5852.9501953125,43.42091353337859,5749.5,43.770018991629144,5749.5,12025100.0,214400.0
2013-07-01,43.526302337646484,5898.85009765625,44.15864509244017,5904.35009765625,43.4406692916739,5822.2001953125,43.84905951942989,5834.10009765625,14941100.0,144800.0
2013-07-02,44.033504486083984,5857.5498046875,44.1981772814885,5898.7998046875,43.4209214861626,5852.2998046875,43.460446374341814,5885.5,12520400.0,145700.0
2013-07-03,43.84247589111328,5770.89990234375,44.13230156925281,5815.0,43.256241242450365,5760.39990234375,43.96762880220336,5811.9501953125,8076200.0,160500.0
2013-07-04,,5836.9501953125,,5848.2001953125,,5786.0498046875,,5794.75,,151900.0
2013-07-05,43.38139343261719,5867.89990234375,43.770018744196875,5900.4501953125,42.56461792874123,5858.4501953125,43.74367552427109,5889.9501953125,16119500.0,123600.0
2013-07-08,43.55265426635742,5811.5498046875,44.19816868455249,5833.85009765625,43.486781140676605,5775.5498046875,43.486781140676605,5833.14990234375,6958000.0,127600.0
2013-07-09,44.1059684753418,5859.0,44.290401233729725,5864.9501953125,43.60536168442046,5834.60009765625,43.849079272527796,5834.60009765625,9422400.0,110400.0
2013-07-10,44.1059684753418,5816.7001953125,44.283817939084265,5879.35009765625,43.82931933775991,5802.85009765625,44.00716377608662,5869.89990234375,10060200.0,117500.0
2013-07-11,45.32453155517578,5935.10009765625,45.357468119304016,5948.85009765625,44.698777040052335,5887.9501953125,44.75147353249186,5894.5,16742100.0,120200.0
2013-07-12,45.02813720703125,6009.0,45.410179363202694,6019.0,44.870052703773176,5951.14990234375,45.38383110842372,6000.5,10555600.0,127700.0
2013-07-15,45.192787170410156,6030.7998046875,45.271831894763764,6038.2001953125,44.90954985657622,5980.9501953125,44.94906970604642,5991.2001953125,6986300.0,116300.0
2013-07-16,45.120338439941406,5955.25,45.344290992262074,5966.0498046875,45.00177384594397,5910.9501953125,45.074230265909854,5930.7998046875,6891000.0,151200.0
2013-07-17,45.357479095458984,5973.2998046875,45.39699896164507,5989.7998046875,45.02813347613408,5926.75,45.30478259026732,5972.25,14463800.0,191500.0
2013-07-18,45.64070510864258,6038.0498046875,45.68681328279403,6051.10009765625,45.29818293601976,5974.5498046875,45.3245311820226,5984.7001953125,7176600.0,171700.0
2013-07-19,45.594600677490234,6029.2001953125,45.72633689290498,6066.85009765625,45.416751258724396,6020.25,45.60118899588532,6057.2001953125,7701100.0,163300.0
2013-07-22,45.726341247558594,6031.7998046875,45.76586613627868,6064.14990234375,45.476040404267906,6004.25,45.614364951250785,6009.75,4684700.0,115200.0
2013-07-23,45.70657730102539,6077.7998046875,45.8449018358578,6093.35009765625,45.495796339554886,6061.2998046875,45.8449018358578,6064.2998046875,4930000.0,126500.0
2013-07-24,44.81734848022461,5990.5,45.7987969310889,6047.25,44.48141457138358,5962.60009765625,45.75927706843051,6032.2001953125,13685200.0,151900.0
2013-07-25,44.764644622802734,5907.5,44.84368936054365,5990.64990234375,44.4814072609987,5896.39990234375,44.74488469472102,5970.39990234375,10019400.0,237100.0
2013-07-26,44.883216857910156,5886.2001953125,44.90956510830949,5944.5,44.48141483379646,5869.5,44.64608762973109,5937.9501953125,5577000.0,174500.0
2013-07-29,44.52751159667969,5831.64990234375,44.92931351775235,5886.0,44.45505518301651,5825.7998046875,44.81074893406839,5869.9501953125,6999900.0,173400.0
2013-07-30,44.47480773925781,5755.0498046875,44.98859086702255,5861.2998046875,44.35624317522176,5747.60009765625,44.626308858742185,5836.0498046875,6200400.0,181500.0
2013-07-31,43.86222457885742,5742.0,44.5802002724182,5752.10009765625,43.47359936040945,5675.75,44.349659462710704,5738.35009765625,17578300.0,235500.0
2013-08-01,43.618526458740234,5727.85009765625,44.09936815867175,5808.5,43.5921782110788,5676.85009765625,44.040088370494324,5776.89990234375,12801700.0,216800.0
2013-08-02,43.4275016784668,5677.89990234375,44.013736318371045,5761.85009765625,43.42091336076732,5649.0,43.84247523608242,5750.0498046875,16858500.0,222500.0
2013-08-05,43.401161193847656,5685.39990234375,43.59877055685567,5721.0,43.276008262248254,5661.5,43.40774951272522,5682.39990234375,5471400.0,197200.0
2013-08-06,43.249664306640625,5542.25,43.56583325161231,5664.89990234375,43.14427130804022,5521.7998046875,43.33529234894238,5664.89990234375,5899900.0,216200.0
2013-08-07,43.07181930541992,5519.10009765625,43.249668752486436,5561.4501953125,42.867626631410126,5486.85009765625,43.249668752486436,5549.2998046875,6218300.0,245000.0
2013-08-08,43.111328125,5565.64990234375,43.27600089098612,5577.60009765625,42.89396389321297,5510.0498046875,43.17720125172565,5510.0498046875,6905300.0,204900.0
2013-08-09,43.519710540771484,,43.743668075315306,,42.94664760939853,,43.00593240767102,,6247000.0,
2013-08-12,43.164031982421875,5612.39990234375,43.434097776926215,5644.10009765625,43.03229575731699,5557.10009765625,43.427509458046515,5606.7001953125,8185500.0,195700.0
2013-08-13,42.571197509765625,5699.2998046875,43.24306514382224,5704.75,42.446049637079405,5578.89990234375,43.21012858366541,5600.25,10889000.0,223000.0
2013-08-14,42.47899627685547,5742.2998046875,42.716125523147184,5754.5498046875,42.3999565450351,5690.2001953125,42.485584596312265,5715.39990234375,13474200.0,223700.0
2013-08-15,41.67539596557617,,42.05743558650332,,41.51072315198343,,42.04426397259869,,17106100.0,
2013-08-16,40.71369171142578,5507.85009765625,41.65562004468302,5716.60009765625,40.700517589869634,5496.0498046875,41.50411890314068,5705.4501953125,22158900.0,248100.0
2013-08-19,40.160404205322266,5414.75,40.75981311080285,5499.64990234375,40.127467634387585,5360.64990234375,40.6149002393545,5497.5498046875,15340000.0,219700.0
2013-08-20,41.102317810058594,5401.4501953125,41.30651040400233,5417.7998046875,40.33823638021795,5306.35009765625,40.36458210953844,5353.4501953125,20078000.0,261100.0
2013-08-21,41.016700744628906,5302.5498046875,41.63586955928527,5504.10009765625,40.56220472764038,5268.4501953125,40.819093889969004,5494.4501953125,19768900.0,255000.0
2013-08-22,41.24723434448242,5408.4501953125,41.26699678534041,5418.9501953125,40.79932421320927,5254.0498046875,41.14843219102063,5282.7998046875,15039600.0,284500.0
2013-08-23,41.728084564208984,5471.75,41.734672883017204,5478.7998046875,41.12208989463769,5377.7998046875,41.31969674285844,5428.75,9662400.0,251500.0
2013-08-26,41.56999969482422,5476.5,41.81371472155188,5528.7001953125,41.504129070906345,5454.4501953125,41.80054059676831,5499.39990234375,5527400.0,242000.0
2013-08-27,41.444854736328125,5287.4501953125,41.66222406800007,5427.39990234375,41.187965535412445,5274.25,41.28018191392496,5426.5,7907000.0,306000.0
2013-08-28,41.24723434448242,5285.0,41.45142948196805,5317.7001953125,41.13525806801765,5118.85009765625,41.35262481579922,5233.4501953125,5761700.0,336000.0
2013-08-29,41.3130989074707,5409.0498046875,41.34603295380006,5428.89990234375,40.91129700921511,5303.0,41.122077920971044,5316.5,4663600.0,326500.0
2013-08-30,40.99694061279297,5471.7998046875,41.570001242320764,5493.2998046875,40.91131005486572,5360.2001953125,41.33287201280375,5407.4501953125,6533700.0,336400.0
2013-09-02,,5550.75,,5564.89990234375,,5478.85009765625,,5480.25,,214200.0
2013-09-03,40.6544189453125,5341.4501953125,41.40532646098866,5580.9501953125,40.34483329798001,5323.75,41.306521782522914,5574.7001953125,12854500.0,250300.0
2013-09-04,40.944236755371094,5448.10009765625,41.15501769646974,5460.25,40.5226748731738,5318.89990234375,40.64782527173018,5358.64990234375,11140200.0,237200.0
2013-09-05,40.59513473510742,5592.9501953125,40.990348405003104,5625.75,40.562200681400654,5552.7001953125,40.89813204954126,5553.75,7406700.0,274900.0
2013-09-06,41.339447021484375,5680.39990234375,41.63585848095984,5688.60009765625,41.09573204934092,5566.14990234375,41.14184021940301,5617.4501953125,12815100.0,253000.0
2013-09-09,42.15622329711914,,42.15622329711914,,41.34603368215244,,41.53705467201712,,11123300.0,
2013-09-10,42.103538513183594,5896.75,42.30773619381013,5904.85009765625,41.84006355197648,5738.2001953125,42.235279762848265,5738.5,8889000.0,275200.0
2013-09-11,42.39334487915039,5913.14990234375,42.39334487915039,5924.35009765625,42.050825324547624,5832.7001953125,42.050825324547624,5887.25,9867700.0,265000.0
2013-09-12,42.123291015625,5850.7001953125,42.64365500910051,5932.0,42.064008723620596,5815.7998046875,42.525090425091705,5931.14990234375,9121300.0,273000.0
2013-09-13,42.215518951416016,5850.60009765625,42.33408357504849,5884.2998046875,42.064022781194986,5822.89990234375,42.215518951416016,5828.0,8046000.0,190800.0
2013-09-16,42.6304817199707,5840.5498046875,43.22988790826179,5957.25,42.52508874926569,5798.14990234375,42.95323889828129,5930.2998046875,13644600.0,219500.0
2013-09-17,42.59756088256836,5850.2001953125,42.953254751860364,5857.7998046875,42.53828108372734,5804.89990234375,42.716125505665694,5824.2001953125,8761600.0,157900.0
2013-09-18,44.08619689941406,5899.4501953125,44.112545147285786,5916.89990234375,42.14305759125074,5840.2001953125,42.58438194862685,5872.75,37540300.0,153600.0
2013-09-19,43.91492462158203,6115.5498046875,44.461639318561275,6142.5,43.881993089186544,6040.14990234375,44.112533917607564,6044.14990234375,20322800.0,287200.0
2013-09-20,43.15743637084961,6012.10009765625,43.99397683769409,6130.9501953125,43.07180834154224,5932.85009765625,43.98080020216126,6104.5498046875,17910100.0,318600.0
2013-09-23,42.88078689575195,5889.75,43.35504526185507,5989.39990234375,42.82809040498184,5871.39990234375,43.15085264188833,5945.7998046875,12152500.0,188300.0
2013-09-24,42.59756851196289,5892.4501953125,42.95659342386026,5938.39990234375,42.5643234919347,5854.5498046875,42.85686343625357,5855.0,13075000.0,187600.0
2013-09-25,42.743831634521484,5873.85009765625,43.009776534696314,5910.5498046875,42.46458923571406,5811.10009765625,42.65740169776741,5901.5498046875,9013600.0,200200.0
2013-09-26,43.00312805175781,5882.25,43.023073032299145,5917.64990234375,42.683993145664786,5864.10009765625,42.803668101390016,5872.7998046875,4380700.0,220600.0
2013-09-27,42.84355926513672,5833.2001953125,43.069609120823664,5909.2001953125,42.590909341160966,5819.2998046875,42.890099239688546,5905.5498046875,5971100.0,163100.0
2013-09-30,42.41139221191406,5735.2998046875,42.89673685322672,5810.2001953125,42.26512229618392,5718.5,42.59755207830664,5801.0498046875,9374800.0,155700.0
2013-10-01,43.056312561035156,5780.0498046875,43.375442353980624,5786.4501953125,42.31831794019343,5700.9501953125,42.40474786901687,5756.10009765625,16465300.0,159200.0
2013-10-02,43.08289337158203,,43.10283834301502,,42.63743369552058,,42.81029856873137,,11800100.0,
2013-10-03,42.41804504394531,5909.7001953125,42.98317726660543,5917.60009765625,42.152102706433155,5802.7001953125,42.90339228273733,5819.10009765625,23591100.0,199800.0
2013-10-04,42.26513671875,5907.2998046875,42.5842716503789,5950.4501953125,42.045734306523805,5885.0,42.451296648667835,5891.2998046875,13296400.0,191500.0
2013-10-07,42.451290130615234,5906.14990234375,42.59756007380001,5912.0,42.01248283729934,5825.85009765625,42.0390778335581,5889.0498046875,7675500.0,156400.0
2013-10-08,41.9659423828125,5928.39990234375,42.52442461667784,5981.7001953125,41.906104910032695,5913.0,42.33826471746887,5975.0,9526700.0,158500.0
2013-10-09,41.9526481628418,6007.4501953125,42.29172804716778,6015.5,41.87951572260858,5877.10009765625,42.00583815890808,5893.25,9436400.0,192000.0
2013-10-10,42.95658493041992,6020.9501953125,42.98982994387486,6033.9501953125,42.22523775046476,5979.7998046875,42.22523775046476,6001.0498046875,23726100.0,159600.0
2013-10-11,43.368797302246094,6096.2001953125,43.402037241337446,6107.60009765625,42.797017596118266,6046.39990234375,42.94328245857808,6104.85009765625,11282500.0,180800.0
2013-10-14,43.35550308227539,6112.7001953125,43.435288077251066,6124.10009765625,42.9698832152755,6082.89990234375,43.15604820355209,6093.0,15004400.0,142200.0
2013-10-15,43.21589279174805,6089.0498046875,43.50843276614682,6156.2998046875,43.09621780881022,6056.5498046875,43.282377766162746,6147.5498046875,8338500.0,218300.0
2013-10-16,44.00041961669922,,44.04695959752581,,43.36215484858709,,43.408694829413676,,16177500.0,
2013-10-17,44.67858123779297,6045.85009765625,44.82485122079861,6110.75,43.79432146572134,6032.5498046875,43.83421143473078,6098.5,19146900.0,230600.0
2013-10-18,44.59213638305664,6189.35009765625,44.95116120163032,6201.4501953125,44.41262651000809,6070.89990234375,44.86473127349236,6070.89990234375,11933200.0,250300.0
2013-10-21,44.359439849853516,6204.9501953125,44.59878974686529,6218.9501953125,44.186574908127916,6163.2998046875,44.545599753645575,6202.0,9373400.0,197000.0
2013-10-22,44.83149719238281,6202.7998046875,45.02430714598524,6220.10009765625,44.41928228407993,6181.7998046875,44.58549723658432,6192.2998046875,10465300.0,161900.0
2013-10-23,44.92458724975586,6178.35009765625,44.95118225682697,6217.9501953125,44.55891224312687,6116.60009765625,44.765022279808186,6209.5498046875,13218500.0,188300.0
2013-10-24,44.89132308959961,6164.35009765625,45.03094808533285,6252.4501953125,44.67192325161188,6142.9501953125,45.03094808533285,6162.7998046875,6881800.0,148900.0
2013-10-25,45.33014678955078,6144.89990234375,45.37668677821905,6174.75,44.878041868568296,6125.9501953125,45.03760681936261,6154.0,7983500.0,144500.0
2013-10-28,45.01766586303711,6101.10009765625,45.32350082629355,6168.75,44.66529090694771,6094.10009765625,45.32350082629355,6155.10009765625,8219400.0,146300.0
2013-10-29,44.63867950439453,6220.89990234375,44.87137938308604,6228.0498046875,44.45916961868307,6079.2001953125,44.84478438659602,6107.5498046875,8522000.0,197300.0
2013-10-30,44.31290054321289,6251.7001953125,44.57219542347924,6269.2001953125,44.11344060186477,6222.60009765625,44.35944051986385,6230.7998046875,7474200.0,177600.0
2013-10-31,43.99376678466797,6299.14990234375,44.452521618098274,6309.0498046875,43.78766189311622,6235.89990234375,44.35944166239896,6237.14990234375,9070700.0,239600.0
2013-11-01,44.27299880981445,6307.2001953125,44.38602879812335,6332.60009765625,43.78765413713249,6286.9501953125,44.06024393840395,6289.75,16618700.0,191600.0
2013-11-04,44.33284378051758,,44.53230371402668,,43.98046896079806,,44.445868709016885,,4092900.0,
2013-11-05,43.661338806152344,6253.14990234375,44.06025364385921,6304.75,43.57490886426702,6244.2998046875,44.02036368183174,6282.14990234375,9774500.0,181100.0
2013-11-06,43.654701232910156,6215.14990234375,44.007076150265874,6269.7001953125,43.58156624185766,6208.7001953125,43.88740117149618,6260.5498046875,4892000.0,157100.0
2013-11-07,43.12279510498047,6187.25,43.774354688155654,6288.9501953125,43.02971516452687,6180.7998046875,43.74111475083727,6228.89990234375,9769500.0,168800.0
2013-11-08,42.54438018798828,6140.75,42.81697260755041,6185.14990234375,41.97924783000121,6120.9501953125,42.703947657696325,6170.14990234375,17449800.0,150100.0
2013-11-11,42.5111198425293,6078.7998046875,42.79701219575604,6141.64990234375,42.457932395961,6067.75,42.62414728787363,6110.39990234375,6158600.0,146100.0
2013-11-12,42.36486053466797,6018.0498046875,42.48453548254747,6108.7001953125,42.05902314773231,6011.75,42.48453548254747,6087.25,10349700.0,153800.0
2013-11-13,42.6640625,5989.60009765625,42.67071251990723,6042.25,42.158770045348206,5972.4501953125,42.19866255607314,5998.85009765625,6905000.0,162500.0
2013-11-14,43.00312805175781,6056.14990234375,43.282367924290924,6101.64990234375,42.75048317743889,6036.64990234375,42.97653305354362,6037.0,7918300.0,154900.0
2013-11-15,43.10951232910156,,43.21589234504821,,42.91670742703537,,43.09621736334741,,11699600.0,
2013-11-18,42.8103141784668,6189.0,43.255768944477516,6196.7998046875,42.79036919976136,6110.39990234375,43.255768944477516,6111.0498046875,6279000.0,164000.0
2013-11-19,42.48454284667969,6203.35009765625,42.830267715771235,6212.39990234375,42.378165378596385,6180.2001953125,42.82362276985945,6197.25,8551800.0,161500.0
2013-11-20,42.112213134765625,6122.89990234375,42.94993523356617,6204.35009765625,41.945998211205016,6106.9501953125,42.53107545228513,6186.85009765625,10075700.0,155800.0
2013-11-21,42.33827209472656,5999.0498046875,42.43135206054983,6097.35009765625,41.97924719548924,5985.39990234375,42.15875964510791,6096.5,7412500.0,137200.0
2013-11-22,42.211944580078125,5995.4501953125,42.451291947938074,6049.60009765625,42.005837154606965,5972.7998046875,42.451291947938074,6027.35009765625,5750500.0,134800.0
2013-11-25,42.032432556152344,6115.35009765625,42.33161740291362,6123.5,42.00583755849934,6035.9501953125,42.21859246724622,6035.9501953125,5823800.0,127200.0
2013-11-26,41.912750244140625,6059.10009765625,42.15210010851676,6112.7001953125,41.89945274764882,6047.75,42.15210010851676,6099.25,6277300.0,150700.0
2013-11-27,42.34490966796875,6057.10009765625,42.40474713717289,6074.0,41.89945492541211,6030.2998046875,42.09891231067983,6062.7001953125,5205300.0,124900.0
2013-11-28,,6091.85009765625,,6112.9501953125,,6068.2998046875,,6092.0,,195300.0
2013-11-29,41.9526481628418,6176.10009765625,42.45129296288939,6182.5,41.91940568341968,6103.7998046875,42.34491550699545,6103.89990234375,4961700.0,190700.0
2013-12-02,41.73324203491211,6217.85009765625,42.08561685048165,6228.7001953125,41.593622112090785,6171.14990234375,41.879511974765904,6171.14990234375,9128400.0,145900.0
2013-12-03,41.686702728271484,6201.85009765625,41.81967517242833,6225.39990234375,41.533785305174554,6191.39990234375,41.64016275325235,6204.25,7106800.0,156900.0
2013-12-04,41.77977752685547,6160.9501953125,42.039072366059095,6209.14990234375,41.18140287004856,6149.89990234375,41.22129535924839,6187.9501953125,15225500.0,186200.0
2013-12-05,41.826324462890625,6241.10009765625,41.92605443438255,6300.5498046875,41.447354629202934,6232.0,41.67340703317792,6262.4501953125,11587100.0,186100.0
2013-12-06,42.152103424072266,6259.89990234375,42.24518337059812,6275.35009765625,41.93269851905705,6230.75,42.198643397335196,6234.39990234375,9929900.0,158500.0
2013-12-09,42.42469787597656,6363.89990234375,42.47123785153549,6415.25,42.01913305790153,6345.0,42.21859045833099,6415.0,9697700.0,198300.0
2013-12-10,42.42469787597656,6332.85009765625,42.63080529362213,6362.25,42.391452862372944,6307.5498046875,42.45794035334173,6354.7001953125,6791800.0,242400.0
2013-12-11,41.5071907043457,6307.89990234375,42.42469778790263,6326.60009765625,41.44735323071724,6280.25,42.42469778790263,6307.2001953125,13703100.0,148200.0
2013-12-12,41.22795104980469,6237.0498046875,41.55373343588703,6286.85009765625,41.15481860939796,6230.5498046875,41.48059845924169,6276.75,8008900.0,148500.0
2013-12-13,41.394161224365234,6168.39990234375,41.872860990105785,6208.60009765625,41.29443379732817,6161.39990234375,41.414108738763304,6201.2998046875,5952900.0,169700.0
2013-12-16,41.44071578979492,6154.7001953125,41.65347073952163,6183.25,41.30774331215597,6146.0498046875,41.65347073952163,6168.35009765625,6769100.0,146500.0
2013-12-17,41.66011047363281,6139.0498046875,41.77313794628735,6190.5498046875,41.31438311056981,6133.0,41.440708082138904,6178.2001953125,7415100.0,154200.0
2013-12-18,42.391448974609375,6217.14990234375,42.491178933796995,6236.0,41.23459463647172,6129.9501953125,41.68669938864269,6129.9501953125,20907600.0,243300.0
2013-12-19,41.872859954833984,6166.64990234375,42.351559708739074,6263.75,41.666752552738565,6150.7001953125,42.25182974792943,6253.89990234375,12584500.0,437000.0
2013-12-20,42.19864273071289,6274.25,42.21194022804057,6284.5,41.81967293370812,6170.35009765625,41.98588784594664,6179.9501953125,14497800.0,172000.0
2013-12-23,42.25837326049805,6284.5,42.520096929858745,6317.5,42.218107095982866,6266.9501953125,42.46640871050517,6267.2001953125,8197500.0,131200.0
2013-12-24,42.33218765258789,6268.39990234375,42.41271741091386,6301.5,42.20467942857736,6262.0,42.31205329301026,6296.4501953125,3641500.0,107600.0
2013-12-26,42.379173278808594,6278.89990234375,42.640896973395805,6302.75,42.21811116521892,6259.4501953125,42.499969224001994,6270.10009765625,4603100.0,182300.0
2013-12-27,42.4328498840332,6313.7998046875,42.4328498840332,6324.89990234375,42.09059648571914,6289.39990234375,42.419427830766686,6292.7998046875,11549200.0,96900.0
2013-12-30,42.466400146484375,6291.10009765625,42.56706425747423,6344.0498046875,42.35231654335758,6273.14990234375,42.41942424402103,6336.39990234375,3941800.0,101300.0
2013-12-31,42.33218765258789,6304.0,42.62746513977966,6317.2998046875,42.27178969384471,6287.2998046875,42.47311536965704,6307.35009765625,6767300.0,103400.0
2014-01-02,42.265079498291016,6221.14990234375,42.4261415829822,6358.2998046875,42.010065597527884,6211.2998046875,42.36574362122238,6301.25,10310500.0,158100.0
2014-01-03,42.51338577270508,6211.14990234375,42.67444787512839,6221.7001953125,42.22481798585996,6171.25,42.244952348659915,6194.5498046875,6368400.0,139000.0
2014-01-06,42.687870025634766,6191.4501953125,42.86235162365391,6224.7001953125,42.45970020668957,6170.25,42.600627946627554,6220.85009765625,7108000.0,118300.0
2014-01-07,42.83550262451172,6162.25,43.02340624508777,6221.5,42.560354380104165,6144.75,42.87576622320954,6203.89990234375,9676100.0,138600.0
2014-01-08,42.768402099609375,6174.60009765625,42.90262009915532,6192.10009765625,42.45970249265048,6160.35009765625,42.70800412781347,6178.0498046875,9098800.0,146900.0
2014-01-09,42.74827194213867,6168.35009765625,42.89590944332964,6188.0498046875,42.412728210347936,6148.25,42.89590944332964,6181.7001953125,8012900.0,150100.0
2014-01-10,43.25828552246094,6171.4501953125,43.41934503631724,6239.10009765625,42.96300548039968,6139.60009765625,43.15091421988661,6178.85009765625,13050800.0,159900.0
2014-01-13,42.97643280029297,6272.75,43.29184466145529,6288.2001953125,42.84892457046395,6189.5498046875,43.29184466145529,6189.5498046875,8248200.0,135000.0
2014-01-14,43.244873046875,6241.85009765625,43.365668981865895,6280.35009765625,42.949592956899366,6234.14990234375,42.98314937439313,6260.25,5319500.0,110200.0
2014-01-15,43.446197509765625,6320.89990234375,43.58712525153151,6325.2001953125,43.23144974326658,6265.2998046875,43.238162050967034,6265.9501953125,7612600.0,145900.0
2014-01-16,43.546852111816406,6318.89990234375,43.593828015454164,6346.5,43.40592440090312,6299.85009765625,43.40592440090312,6341.35009765625,11237800.0,153400.0
2014-01-17,43.40592956542969,6261.64990234375,43.62738961749584,6327.10009765625,43.291845945876865,6246.35009765625,43.607257816397116,6306.25,8539200.0,167700.0
2014-01-20,,6303.9501953125,,6307.4501953125,,6243.35009765625,,6261.75,,122100.0
2014-01-21,43.707923889160156,6313.7998046875,43.86227625585824,6330.2998046875,43.4529125006926,6297.89990234375,43.553576642453,6320.14990234375,10145000.0,141700.0
2014-01-22,43.821998596191406,6338.9501953125,44.03674630709509,6349.9501953125,43.71462218074492,6287.4501953125,43.78172988040433,6309.0498046875,8165500.0,137500.0
2014-01-23,43.801856994628906,6345.64990234375,43.88238929760256,6355.60009765625,43.298541621018245,6316.39990234375,43.70790520115401,6325.9501953125,10437200.0,120100.0
2014-01-24,43.157630920410156,6266.75,43.660946492158025,6331.4501953125,43.10394781728336,6263.89990234375,43.660946492158025,6301.64990234375,13019600.0,160300.0
2014-01-27,42.89590835571289,6135.85009765625,43.439492669025306,6188.5498046875,42.72813649407134,6130.25,43.21132027479754,6186.2998046875,11158300.0,190400.0
2014-01-28,43.33209991455078,6126.25,43.405919915494614,6163.60009765625,42.962999909831595,6085.9501953125,42.98313682644361,6131.85009765625,7727800.0,184100.0
2014-01-29,43.13078308105469,6120.25,43.32539903304209,6170.4501953125,42.895903525204496,6109.7998046875,43.07038767526049,6161.0,9226100.0,146700.0
2014-01-30,43.65423583984375,6073.7001953125,43.80187076171452,6082.85009765625,43.27842342783625,6027.25,43.27842342783625,6067.0,9384200.0,208100.0
2014-01-31,43.7884635925293,6089.5,44.023343216153705,6097.85009765625,43.11737602789283,6067.35009765625,43.3388361530209,6082.75,12207500.0,146700.0
2014-02-03,43.150909423828125,6001.7998046875,43.855547918625106,6074.85009765625,42.989844807883905,5994.4501953125,43.81528432463359,6058.7998046875,16058300.0,134900.0
2014-02-04,43.60055160522461,6000.89990234375,43.67437163290088,6017.7998046875,43.036835495695904,5933.2998046875,43.23816377481133,5947.60009765625,16129900.0,183300.0
2014-02-05,43.587120056152344,6022.39990234375,43.64752057827576,6028.0498046875,43.338821020728325,5962.0498046875,43.41934822357287,6004.25,12270400.0,166600.0
2014-02-06,43.909244537353516,6036.2998046875,43.94280095210221,6048.35009765625,43.660940380187284,5965.39990234375,43.67436499408278,6028.35009765625,10567500.0,185500.0
2014-02-07,44.204524993896484,6063.2001953125,44.264920396989915,6079.9501953125,43.882400817427914,6030.89990234375,44.11057317575775,6077.64990234375,10915400.0,181900.0
2014-02-10,44.60716247558594,6053.4501953125,44.70782656936637,6083.0498046875,44.08371533191389,6046.39990234375,44.26490660472788,6072.7998046875,12611400.0,133100.0
2014-02-11,44.76153564453125,6062.7001953125,44.95615164020209,6081.85009765625,44.486392423059705,6053.25,44.694427916366834,6072.4501953125,13250700.0,150500.0
2014-02-12,44.78835678100586,6084.0,44.90244549234245,6106.60009765625,44.60045319055335,6077.39990234375,44.90244549234245,6085.35009765625,6358300.0,138500.0
2014-02-13,44.96284866333008,6001.10009765625,45.21115280511492,6094.39990234375,44.55348500470655,5991.10009765625,44.74138862768331,6087.5498046875,10486100.0,153700.0
2014-02-14,45.1440544128418,6048.35009765625,45.23801137435901,6056.39990234375,44.942731232425565,5984.60009765625,44.96286303846805,6023.75,6953700.0,140200.0
2014-02-18,45.4124755859375,6127.10009765625,45.43260738539501,6141.7001953125,44.96284833142082,6066.7998046875,45.24470376380533,6071.2998046875,12370800.0,126600.0
2014-02-19,45.399070739746094,6152.75,45.79500991012204,6160.35009765625,45.264850166743905,6125.75,45.29840658999229,6132.0498046875,13736700.0,95200.0
2014-02-20,45.31852722167969,6091.4501953125,45.694334493439705,6129.10009765625,45.130623585799675,6086.4501953125,45.33865902266825,6127.14990234375,7509200.0,132100.0
2014-02-21,45.39235305786133,6155.4501953125,45.553412606407484,6159.64990234375,45.097072952201096,6108.0,45.412484861430755,6108.2998046875,8399400.0,112600.0
2014-02-24,45.4661750793457,6186.10009765625,45.868826528374925,6191.85009765625,45.43933096674496,6130.7998046875,45.44604327489289,6140.9501953125,11196700.0,144900.0
2014-02-25,45.48630905151367,6200.0498046875,45.7279009564428,6216.85009765625,45.3655130990491,6176.60009765625,45.47959674304586,6205.7001953125,6091200.0,146300.0
2014-02-26,45.61381530761719,6238.7998046875,45.80843128470025,6245.9501953125,45.48630705228908,6202.10009765625,45.53328296951665,6202.4501953125,10265300.0,181700.0
2014-02-27,45.566837310791016,,45.80842919407577,,45.37222134258992,,45.566837310791016,,5632900.0,
2014-02-28,45.86881637573242,6276.9501953125,46.09027641567718,6282.7001953125,45.53327272247909,6228.10009765625,45.7815768690829,6228.4501953125,14613500.0,180600.0
2014-03-03,45.902381896972656,6221.4501953125,45.94264550495539,6277.75,45.51986226116417,6212.25,45.6071017851237,6264.35009765625,11517800.0,144600.0
2014-03-04,46.46609115600586,6297.9501953125,46.51977937797473,6302.14990234375,46.13725975643013,6215.7001953125,46.13725975643013,6216.75,15107900.0,166800.0
2014-03-05,46.40568923950195,6328.64990234375,46.526485161999176,6336.25,46.03658916520769,6287.7998046875,46.466084640755604,6328.4501953125,12690500.0,160300.0
2014-03-06,46.184242248535156,6401.14990234375,46.38557054959768,6406.60009765625,46.01647037098017,6339.7001953125,46.35201412609013,6344.75,8717000.0,180700.0
2014-03-07,45.66079330444336,6526.64990234375,46.07015708178115,6537.7998046875,45.45946501001811,6413.5498046875,45.942648820645736,6413.9501953125,14545300.0,284900.0
2014-03-10,45.49300765991211,6537.25,45.727887185640235,6562.2001953125,45.291679426436765,6487.35009765625,45.58024716375694,6491.7001953125,11747500.0,242100.0
2014-03-11,45.74131774902344,6511.89990234375,45.84868906618581,6562.85009765625,45.493013578100566,6494.25,45.52656487471804,6537.35009765625,10502200.0,239000.0
2014-03-12,45.84197235107422,6516.89990234375,45.86881645778128,6546.14990234375,45.55340460396057,6487.2998046875,45.55340460396057,6497.5,6888400.0,175000.0
2014-03-13,45.6943359375,6493.10009765625,45.962771905807614,6561.4501953125,45.57354512775133,6476.64990234375,45.90237650093328,6491.75,9383600.0,167900.0
2014-03-14,45.7077751159668,6504.2001953125,45.94936705242405,6518.4501953125,45.54000322231547,6432.7001953125,45.57355964904248,6447.25,8557400.0,177300.0
2014-03-17,45.78157424926758,,46.096986084474885,,45.70104193389884,,45.96276555886032,,9020200.0,
2014-03-18,45.98291778564453,6516.64990234375,46.03660601974139,6574.9501953125,45.68764273809544,6497.64990234375,45.80843870481746,6532.4501953125,10663100.0,179300.0
2014-03-19,45.1708869934082,6524.0498046875,46.204362106291335,6541.2001953125,44.98298335833674,6506.0,46.003038977281925,6530.0,16403800.0,172500.0
2014-03-20,45.231285095214844,6483.10009765625,45.25141689503927,6523.64990234375,44.72796961964492,6473.25,45.0702255766296,6508.35009765625,15716900.0,142000.0
2014-03-21,45.600379943847656,6493.2001953125,45.734600475714494,6522.89990234375,45.311812200321164,6485.7001953125,45.3520809198761,6515.2001953125,18908000.0,189900.0
2014-03-24,45.33195495605469,6583.5,45.962773617075186,6591.5,45.076938472672175,6510.5,45.962773617075186,6510.5,10919300.0,158400.0
2014-03-25,45.66389083862305,6589.75,45.71140768985987,6595.5498046875,45.33806248127009,6544.85009765625,45.62316358869102,6550.10009765625,10306800.0,168100.0
2014-03-26,45.15477752685547,6601.39990234375,45.72498489574581,6627.4501953125,45.1344139027787,6580.60009765625,45.555281123175185,6615.64990234375,10498200.0,186600.0
2014-03-27,45.37200164794922,6641.75,45.412734078192436,6673.9501953125,44.9715031996888,6599.5,45.141206985348006,6613.10009765625,8288600.0,312400.0
2014-03-28,45.67068099975586,6695.89990234375,45.82681075798973,6702.60009765625,45.453460365875095,6643.7998046875,45.51455642047041,6673.0498046875,8326600.0,184800.0
2014-03-31,45.93540954589844,6704.2001953125,46.09153927374768,6730.0498046875,45.53491118407015,6662.39990234375,45.9150459246458,6723.14990234375,8762400.0,220600.0
2014-04-01,46.22731018066406,6721.0498046875,46.234099782196445,6732.25,45.69783519800605,6675.4501953125,46.08475962217525,6729.5,15963700.0,177800.0
2014-04-02,46.23410415649414,6752.5498046875,46.281621013819404,6763.5,45.9829406655183,6723.60009765625,46.07797438016883,6757.60009765625,10488700.0,173300.0
2014-04-03,46.071197509765625,6736.10009765625,46.29520262876539,6776.75,45.962584572959784,6696.89990234375,46.227322132736674,6772.0498046875,10216600.0,197500.0
2014-04-04,46.254451751708984,6694.35009765625,46.52597877614548,6741.85009765625,46.084748008804574,6685.14990234375,46.308758192385724,6741.85009765625,12050300.0,155100.0
2014-04-07,46.301979064941406,6695.0498046875,46.63459702615888,6725.14990234375,46.09833763476574,6650.39990234375,46.10512205717438,6694.25,15098800.0,133900.0
2014-04-08,46.55992126464844,,46.61422771097895,,46.18657609875862,,46.2680357682544,,8741500.0,
2014-04-09,46.525978088378906,6796.2001953125,46.68889222905364,6808.7001953125,46.2476614682352,6705.10009765625,46.67531820855873,6722.0,7283500.0,169800.0
2014-04-10,46.111907958984375,6796.39990234375,46.76356980537096,6819.0498046875,45.99651063991495,6777.2998046875,46.56671281339772,6803.0498046875,8403900.0,191100.0
2014-04-11,45.83360290527344,6776.2998046875,46.24089619402539,6789.35009765625,45.75893799321483,6743.14990234375,46.01688592100167,6758.35009765625,9716100.0,140700.0
2014-04-14,46.0032844543457,,46.13226094530037,,45.738547052136404,,45.9557676175119,,10463400.0,
2014-04-15,46.49204635620117,6733.10009765625,46.53277878529414,6813.39990234375,46.03045186508516,6711.75,46.07796871656997,6792.7001953125,10085800.0,123200.0
2014-04-16,46.77036666870117,6675.2998046875,46.838247150520864,6748.64990234375,46.492049960607005,6665.14990234375,46.62102650132857,6727.25,9370800.0,119800.0
2014-04-17,46.641387939453125,6779.39990234375,46.75678527102676,6783.0498046875,46.417377698905334,6684.39990234375,46.6345983379051,6695.4501953125,16927900.0,131500.0
2014-04-21,46.838233947753906,6817.64990234375,46.838233947753906,6825.4501953125,46.559917318111665,6786.89990234375,46.71604704334101,6789.25,8530200.0,111800.0
2014-04-22,46.99436569213867,6815.35009765625,47.04866695725181,6838.0,46.587072540631056,6806.25,46.80429313792626,6822.89990234375,6935500.0,114700.0
2014-04-23,46.851806640625,6840.7998046875,47.04187918128287,6861.60009765625,46.70925611934199,6820.75,46.97399354157433,6823.25,4599600.0,183000.0
2014-04-24,47.00795364379883,,47.048680899439496,,46.804307007697325,,46.90613032574808,,6275800.0,
2014-04-25,46.84503936767578,6782.75,47.01474317117372,6869.85009765625,46.716062819753645,6772.85009765625,46.83824976543013,6855.7998046875,5370400.0,154300.0
2014-04-28,47.089412689208984,6761.25,47.15729317399693,6786.25,46.69569862691025,6750.2998046875,46.9129192856011,6778.5498046875,10062200.0,118200.0
2014-04-29,47.11656188964844,6715.25,47.286265676580264,6779.7001953125,46.9875853543167,6708.64990234375,46.9875853543167,6769.0,4539100.0,115500.0
2014-04-30,47.326988220214844,6696.39990234375,47.34735184398917,6780.14990234375,47.01473390479635,6656.7998046875,47.03509752857068,6724.9501953125,6472600.0,161100.0
2014-05-01,47.69355392456055,,47.720707152054565,,47.06904005009536,,47.32699312181422,,16973700.0,
2014-05-02,47.67319107055664,6694.7998046875,47.870042909915455,6737.64990234375,47.43560162087432,6689.5,47.483118475021044,6709.9501953125,9439500.0,114300.0
2014-05-05,47.8428840637207,6699.35009765625,47.84966848496149,6741.0498046875,47.320193607119094,6680.4501953125,47.489897359194096,6681.64990234375,12375000.0,105000.0
2014-05-06,47.66640090942383,6715.2998046875,47.79537744585786,6743.4501953125,47.48990751940073,6701.89990234375,47.79537744585786,6719.25,7561800.0,88300.0
2014-05-07,48.2230224609375,6652.5498046875,48.250175684798336,6718.75,47.707121565477465,6642.89990234375,47.76821761390132,6708.60009765625,16037200.0,114100.0
2014-05-08,48.250186920166016,6659.85009765625,48.44704395478556,6688.39990234375,48.06011948782965,6638.5498046875,48.20267006208192,6669.89990234375,8538700.0,101600.0
2014-05-09,48.24338912963867,6858.7998046875,48.379150078565345,6871.35009765625,47.99222567728126,6652.14990234375,48.16871905404452,6654.14990234375,5697000.0,166400.0
2014-05-12,48.345218658447266,7014.25,48.44025237072746,7020.0498046875,48.22303171709433,6862.89990234375,48.28412259829635,6863.39990234375,5852900.0,157700.0
2014-05-13,48.06011199951172,7108.75,48.69141026080774,7172.35009765625,48.026169172333574,7067.14990234375,48.20944697382996,7080.0,9089000.0,232200.0
2014-05-14,48.18229675292969,7108.75,48.318057697620375,7142.25,47.937922909327995,7080.89990234375,48.16192795017282,7112.0,8881100.0,177200.0
2014-05-15,48.1008415222168,7123.14990234375,48.18230120392515,7152.5498046875,47.71391709726207,7082.5498046875,48.17551160237898,7111.2998046875,19027700.0,186800.0
2014-05-16,48.453819274902344,7203.0,48.46739847691754,7563.5,47.93792353518398,7130.64990234375,48.1144117297964,7270.2001953125,12725700.0,393200.0
2014-05-19,48.27733612060547,7263.5498046875,48.399523056758255,7291.10009765625,48.06689989898481,7193.5498046875,48.38594385332535,7276.85009765625,7203000.0,316200.0
2014-05-20,48.12797164916992,7275.5,48.45379986171644,7353.64990234375,47.99220557815382,7247.7001953125,48.297675353730504,7309.9501953125,4401400.0,255300.0
2014-05-21,47.937923431396484,7252.89990234375,48.297694599798156,7287.14990234375,47.84288973328842,7206.7001953125,48.16192847468084,7274.85009765625,6551900.0,203100.0
2014-05-22,47.897193908691406,7276.39990234375,48.10084051924168,7319.5498046875,47.815739407630055,7258.14990234375,47.95828996343587,7289.9501953125,6768400.0,240900.0
2014-05-23,48.25694274902344,7367.10009765625,48.26373234728347,7381.0,47.937904136046356,7293.89990234375,47.951478153620386,7306.5,5231400.0,259600.0
2014-05-26,,7359.0498046875,,7504.0,,7269.0498046875,,7428.75,,273200.0
2014-05-27,48.548851013183594,7318.0,48.5827938379031,7372.9501953125,48.223022683247315,7274.75,48.229812283980806,7363.10009765625,7870600.0,168600.0
2014-05-28,48.35199737548828,7329.64990234375,48.44703106637456,7344.75,48.066891123881724,7302.60009765625,48.44703106637456,7324.9501953125,7279400.0,175600.0
2014-05-29,48.41310119628906,7235.64990234375,48.46061805444575,7325.39990234375,48.24339739159386,7224.39990234375,48.46061805444575,7316.60009765625,4650500.0,241100.0
2014-05-30,48.65068054199219,7229.9501953125,48.70498699692248,7272.5,48.33842619456589,7118.4501953125,48.34521579616932,7254.85009765625,11869100.0,312200.0
2014-06-02,48.738929748535156,7362.5,48.833963455037846,7368.60009765625,48.54207273393713,7239.5,48.65068046467653,7264.0498046875,8329500.0,169900.0
2014-06-03,48.677825927734375,7415.85009765625,48.711768751334965,7424.9501953125,48.52170136864631,7342.14990234375,48.6642519056628,7375.35009765625,4321300.0,234700.0
2014-06-04,48.725345611572266,7402.25,48.847532533124685,7433.2998046875,48.50133539223483,7391.35009765625,48.691407964942634,7417.5498046875,14897800.0,204600.0
2014-06-05,49.48560333251953,7474.10009765625,49.53990976317224,7484.7001953125,48.657448391377685,7360.5,48.70496522346224,7399.75,19628800.0,250700.0
2014-06-06,49.38380432128906,7583.39990234375,49.66212103085087,7592.7001953125,49.26840698369219,7497.64990234375,49.641752225143634,7521.5,7067900.0,248400.0
2014-06-09,48.854331970214844,7654.60009765625,49.51278355898753,7673.7001953125,48.80002550993586,7580.25,49.30913692241588,7621.64990234375,8543900.0,231900.0
2014-06-10,48.603145599365234,7656.39990234375,48.89503621229289,7683.2001953125,48.38592503943862,7579.2998046875,48.73891168616104,7679.0498046875,14633400.0,188700.0
2014-06-11,48.40630340576172,7626.85009765625,48.59637080623738,7700.0498046875,48.18908277965408,7589.0498046875,48.48776308265768,7672.39990234375,11071200.0,186200.0
2014-06-12,48.26375198364258,7649.89990234375,48.41309213244693,7658.0,47.93113403881808,7593.7998046875,48.33842205804475,7641.2998046875,11311100.0,148200.0
2014-06-13,48.38594436645508,7542.10009765625,48.44025082286527,7678.5,47.93113944665434,7525.35009765625,48.35879113824998,7668.2001953125,5871800.0,174500.0
2014-06-16,48.141571044921875,7533.5498046875,48.48776823483033,7548.60009765625,48.060116538319036,7487.5498046875,48.30449041602514,7534.7998046875,11354100.0,155400.0
2014-06-17,48.19587326049805,7631.7001953125,48.27733293888085,7637.60009765625,47.931135779439344,7509.25,48.06011230880837,7525.0498046875,5946000.0,158000.0
2014-06-18,48.49455261230469,7558.2001953125,48.60316033572426,7663.0,47.99901530841097,7515.5,48.155145060827635,7636.0498046875,12276900.0,165100.0
2014-06-19,48.867889404296875,7540.7001953125,48.86788940429687,7606.4501953125,48.45381184841718,7502.5498046875,48.52169749019209,7580.0498046875,8030000.0,148900.0
2014-06-20,49.037601470947266,7511.4501953125,49.07154429759373,7560.5498046875,48.58958619711365,7497.2998046875,48.671040694748,7543.2998046875,9347500.0,124100.0
2014-06-23,48.92220687866211,7493.35009765625,49.20730799419989,7534.7998046875,48.89505365161825,7441.60009765625,49.03760420938714,7514.0,7420400.0,127400.0
2014-06-24,48.944801330566406,7580.2001953125,49.1159369995544,7593.35009765625,48.80789488443447,7515.2001953125,48.91057210771035,7515.2001953125,6881800.0,137000.0
2014-06-25,48.944801330566406,7569.25,49.04063688738799,7589.25,48.79420110623359,7557.0498046875,48.93795444146596,7588.5498046875,7041800.0,115000.0
2014-06-26,48.8900260925293,7493.2001953125,48.9790199636552,7570.2001953125,48.75311967599793,7481.2998046875,48.89687298014937,7554.10009765625,5258500.0,171700.0
2014-06-27,49.184391021728516,7508.7998046875,49.2186202451407,7538.75,48.78051334322512,7482.2998046875,48.78051334322512,7514.2001953125,6817900.0,126700.0
2014-06-30,49.143306732177734,7611.35009765625,49.33497779667337,7623.64990234375,48.821570921355146,7531.60009765625,49.23229537708077,7534.0498046875,8877300.0,152300.0
2014-07-01,49.26654052734375,7634.7001953125,49.410293872215185,7649.5,49.00641095054606,7618.14990234375,49.10225173644018,7629.0,7629500.0,139400.0
2014-07-02,49.211753845214844,7725.14990234375,49.28705392875086,7732.39990234375,48.944782720912315,7677.2998046875,49.27336537840075,7683.0498046875,8719400.0,136300.0
2014-07-03,48.979026794433594,7714.7998046875,49.0748623439001,7754.64990234375,48.75312647527152,7706.7998046875,48.94479757420453,7734.35009765625,5647500.0,133800.0
2014-07-04,,7751.60009765625,,7758.0,,7661.2998046875,,7718.10009765625,,113100.0
2014-07-07,49.02692794799805,7787.14990234375,49.14329890109147,7792.0,48.910551772260646,7755.10009765625,48.93109243102182,7780.39990234375,9888700.0,173900.0
2014-07-08,49.177547454833984,7623.2001953125,49.307612245411676,7808.85009765625,48.937958542701324,7595.89990234375,48.95849398907747,7804.0498046875,9211300.0,180600.0
2014-07-09,49.28707504272461,7585.0,49.362375158518255,7650.10009765625,48.95849224447536,7551.64990234375,49.14332170056756,7637.9501953125,6034300.0,168300.0
2014-07-10,49.444488525390625,7567.75,49.58824176974866,7731.0498046875,48.999535022772235,7479.0498046875,49.06114131779303,7589.5,9408700.0,258400.0
2014-07-11,49.4787483215332,7459.60009765625,49.52666610434014,7625.85009765625,49.26654174376631,7447.2001953125,49.42398364899768,7584.10009765625,4181600.0,187600.0
2014-07-14,49.704627990722656,7454.14990234375,49.72516342871458,7478.4501953125,49.3897390886762,7422.14990234375,49.533492377264075,7469.0,11197000.0,135200.0
2014-07-15,49.69093322753906,7526.64990234375,49.807309411583454,7534.89990234375,49.46503819148145,7459.14990234375,49.64301546563056,7491.2998046875,5842900.0,122100.0
2014-07-16,49.87576675415039,7624.39990234375,49.89630219343925,7640.10009765625,49.574566384194355,7532.4501953125,49.807313548972594,7564.14990234375,14368800.0,168000.0
2014-07-17,49.5814208984375,7640.4501953125,49.848392095549464,7655.64990234375,49.51980934844865,7612.7001953125,49.82100976473726,7612.7001953125,7140300.0,141600.0
2014-07-18,50.01952362060547,7663.89990234375,50.06744138991324,7685.0,49.58826369683557,7595.5,49.71832322915942,7630.25,9755300.0,134600.0
2014-07-21,49.87576675415039,7684.2001953125,49.971602285928256,7722.10009765625,49.75939578308366,7674.0,49.94421995932818,7701.64990234375,4800800.0,105400.0
2014-07-22,50.087982177734375,7767.85009765625,50.17697606069575,7773.85009765625,49.97161118594181,7704.7998046875,50.03321751478057,7708.2001953125,7678700.0,120100.0
2014-07-23,50.197505950927734,7795.75,50.245423720050354,7809.2001953125,50.019523427338655,7752.89990234375,50.13589440625857,7794.89990234375,5012100.0,122100.0
2014-07-24,50.06743240356445,7830.60009765625,50.32071498024234,7835.64990234375,49.930526008013516,7771.64990234375,50.300179543174124,7796.25,7350400.0,117600.0
2014-07-25,49.78678512573242,7790.4501953125,50.12220953422361,7840.9501953125,49.73886735309082,7748.60009765625,50.06744487330592,7828.2001953125,7043100.0,153900.0
2014-07-28,50.087982177734375,7748.7001953125,50.21804694658825,7799.89990234375,49.80047553119544,7722.64990234375,49.80732241972609,7792.89990234375,7385900.0,116500.0
2014-07-29,49.85523223876953,,50.13589195199306,,49.82100302422391,,50.11535651232364,,5042400.0,
2014-07-30,49.80732345581055,7791.39990234375,50.163283327123516,7798.7001953125,49.54035224666436,7707.60009765625,49.69094723895142,7746.2001953125,10712100.0,178100.0
2014-07-31,49.08854675292969,7721.2998046875,49.71148299450142,7791.85009765625,49.08854675292969,7711.14990234375,49.465047253071425,7784.64990234375,15782800.0,208900.0
2014-08-01,48.99271774291992,7602.60009765625,49.465053847403475,7716.7001953125,48.958488521018275,7593.89990234375,49.01325318700251,7662.5,14631500.0,181100.0
2014-08-04,49.28707504272461,7683.64990234375,49.39660438302315,7694.7998046875,48.807897235534455,7622.0498046875,48.98587457955,7639.5498046875,8981900.0,137000.0
2014-08-05,48.848976135253906,7746.5498046875,49.27339456452147,7752.4501953125,48.739446776998825,7638.0498046875,49.1159474176916,7706.64990234375,15723600.0,128200.0
2014-08-06,48.9379768371582,7672.0498046875,49.13649493075049,7740.9501953125,48.49302284963402,7658.9501953125,48.527252088154555,7726.14990234375,9586500.0,116400.0
2014-08-07,49.01324462890625,7649.25,49.2528334724457,7708.9501953125,48.924255979204474,7630.39990234375,49.068009285328145,7651.14990234375,6944400.0,116800.0
2014-08-08,49.38290786743164,7568.5498046875,49.40344331193798,7592.4501953125,48.95848953126503,7540.10009765625,49.211772199684056,7588.7001953125,6750200.0,118400.0
2014-08-11,49.65671920776367,7625.9501953125,49.793625634230864,7635.5498046875,49.40343657388942,7598.60009765625,49.45820123353446,7619.85009765625,9721300.0,107000.0
2014-08-12,49.512962341308594,7727.0498046875,49.7388626291551,7735.75,49.43766224535975,7654.7998046875,49.608797877489835,7688.7998046875,3882900.0,120600.0
2014-08-13,50.129058837890625,7739.5498046875,50.129058837890625,7757.10009765625,49.59511120218399,7695.7001953125,49.59511120218399,7717.2998046875,5739400.0,154100.0
2014-08-14,50.11536407470703,7791.7001953125,50.31388205920915,7796.7001953125,50.01952852669162,7739.10009765625,50.108517186235744,7756.14990234375,6522600.0,127300.0
2014-08-15,50.163272857666016,,50.39602002016232,,49.99213723507701,,50.286490714835885,,9707600.0,
2014-08-18,50.6287727355957,7874.25,50.6287727355957,7880.5,50.300195194973014,7779.2001953125,50.36864841404892,7785.25,15038000.0,126700.0
2014-08-19,50.669830322265625,7897.5,50.81358883402967,7918.5498046875,50.57399479618591,7881.14990234375,50.73828874601783,7901.0,7827000.0,140600.0
2014-08-20,50.916259765625,7875.2998046875,50.97102440883718,7922.7001953125,50.43708219412804,7864.0498046875,50.710900187545086,7915.7998046875,15038100.0,117300.0
2014-08-21,50.86835479736328,7891.10009765625,51.12848430669875,7919.64990234375,50.86835479736329,7855.9501953125,50.98473099910843,7875.35009765625,4645100.0,115200.0
2014-08-22,50.52608871459961,7913.2001953125,50.92997157300711,7929.0498046875,50.38918228073186,7900.0498046875,50.92997157300711,7904.5498046875,8299600.0,104100.0
2014-08-25,50.505558013916016,7906.2998046875,50.786223019136834,7968.25,50.293351454702545,7897.9501953125,50.738305240519395,7931.75,7306100.0,118500.0
2014-08-26,50.505558013916016,7904.75,50.67669368364203,7915.4501953125,50.450793346168616,7862.4501953125,50.505558013916016,7874.5,3133800.0,142800.0
2014-08-27,50.58769226074219,7936.0498046875,50.710910120783545,7946.85009765625,50.47132128810447,7916.5498046875,50.615074587711916,7933.89990234375,2845500.0,120000.0
2014-08-28,50.53977584838867,7954.35009765625,50.66299371173158,7967.7998046875,50.40971109745866,7939.2001953125,50.58084672862131,7942.25,4091100.0,189700.0
2014-08-29,50.793060302734375,,50.793060302734375,,50.51924743291676,,50.64246531339297,,6178900.0,
2014-09-01,,8027.7001953125,,8035.0,,7984.0,,7990.35009765625,,139300.0
2014-09-02,50.82044219970703,8083.0498046875,50.88205375074119,8101.9501953125,50.656153434692065,8036.5498046875,50.69038265444945,8038.60009765625,5386100.0,134900.0
2014-09-03,50.83414077758789,8114.60009765625,50.97789411338317,8141.89990234375,50.7109228865282,8092.25,50.813605332852305,8110.85009765625,8656900.0,150700.0
2014-09-04,50.738311767578125,8095.9501953125,51.02581847626807,8114.7998046875,50.55348229581542,8060.89990234375,50.827300447130675,8114.2001953125,10887000.0,141300.0
2014-09-05,51.21747970581055,8086.85009765625,51.258550592635025,8122.7001953125,50.73145506201951,8049.85009765625,50.82729061304052,8099.89990234375,13249500.0,126000.0
2014-09-08,51.12849426269531,8173.89990234375,51.306471598571314,8180.2001953125,51.012118038288804,8126.14990234375,51.22432981975044,8132.9501953125,8470200.0,120700.0
2014-09-09,50.854671478271484,8152.9501953125,51.121642680221655,8174.5498046875,50.75883593001479,8126.5,50.991577912168,8161.89990234375,7008100.0,104700.0
2014-09-10,50.14961624145508,8094.10009765625,50.70409434049274,8135.75,50.10169844552155,8082.10009765625,50.66986510511963,8135.5498046875,14574000.0,107100.0
2014-09-11,50.211204528808594,8085.7001953125,50.293351530553586,8127.9501953125,49.964768746219775,8057.2998046875,50.115368971429184,8115.14990234375,6952900.0,122800.0
2014-09-12,48.766807556152344,8105.5,49.94422152360888,8114.2998046875,48.50668327927158,8071.60009765625,49.88261520381276,8087.0498046875,26111300.0,111400.0
2014-09-15,48.568294525146484,8042.0,48.98586592160033,8077.2998046875,48.369781770572466,8030.0,48.79419483260095,8070.35009765625,10270100.0,96500.0
2014-09-16,48.931121826171875,7932.89990234375,49.08171685571525,8044.89990234375,48.547774305328694,7925.14990234375,48.57515664414943,8036.60009765625,12545200.0,128000.0
2014-09-17,48.89686584472656,7975.5,49.355508018087406,7990.64990234375,48.85579497028955,7936.9501953125,49.109072326176815,7971.5,18717900.0,123700.0
2014-09-18,48.54090881347656,8114.75,49.047468776420104,8120.85009765625,48.45191495032605,7939.7001953125,48.99955101266388,7950.64990234375,14133700.0,116900.0
2014-09-19,48.568294525146484,8121.4501953125,48.79419483260095,8160.89990234375,48.43138809661706,8105.35009765625,48.66413006964617,8129.39990234375,12906500.0,161300.0
2014-09-22,48.13703155517578,8146.2998046875,48.53406748470799,8159.89990234375,48.13703155517578,8064.7998046875,48.5203737091268,8084.4501953125,16170500.0,105500.0
2014-09-23,47.863216400146484,8017.5498046875,48.35608789810641,8159.75,47.842680958172394,8008.10009765625,48.116499037332964,8144.39990234375,8117200.0,140800.0
2014-09-24,47.81487274169922,8002.39990234375,48.291503460356786,8042.0498046875,47.662903221539885,7950.0498046875,47.84250404264925,8015.5498046875,14179000.0,182200.0
2014-09-25,47.58000564575195,7911.85009765625,47.84940422155389,8019.2998046875,47.393500966401135,7877.35009765625,47.82177819286823,8003.2998046875,13587200.0,231900.0
2014-09-26,48.1049690246582,7968.85009765625,48.16714073770093,7993.2998046875,47.379662236558,7841.7998046875,47.510909531770004,7885.85009765625,11235300.0,147800.0
2014-09-29,48.091163635253906,7958.89990234375,48.091163635253906,7991.75,47.58690179228376,7934.7001953125,47.70433082758847,7978.4501953125,10652300.0,97300.0
2014-09-30,47.801055908203125,7964.7998046875,48.16716670431361,8030.89990234375,47.73198028879562,7923.85009765625,48.05664149715604,7948.7998046875,13406000.0,141100.0
2014-10-01,47.82867431640625,7945.5498046875,48.11189113079937,7977.5,47.62144751404764,7936.7001953125,47.78723000996064,7960.5,15034400.0,113000.0
2014-10-02,47.75270462036133,,48.04973454044727,,47.42804866736095,,47.75961376365603,,11962700.0,
2014-10-03,48.07735061645508,,48.16715364044726,,47.683613895476185,,47.842492520141235,,6240600.0,
2014-10-06,48.139530181884766,,48.402019615219594,,48.03591412894449,,48.070449299837,,11312400.0,
2014-10-07,47.85629653930664,7852.39990234375,48.31910877398903,7943.0498046875,47.82176138052514,7842.7001953125,48.07734158200043,7897.39990234375,9329100.0,148200.0
2014-10-08,48.768104553222656,7842.7001953125,48.781922831862474,7869.89990234375,47.84938401845341,7815.75,47.84938401845341,7828.75,13191700.0,135900.0
2014-10-09,48.705963134765625,7960.5498046875,49.27239163705758,7972.35009765625,48.63688751646307,7886.5,48.63688751646307,7886.5,18339100.0,123800.0
2014-10-10,48.636878967285156,7859.9501953125,49.279286847697975,7924.0498046875,48.616151542319095,7848.4501953125,48.83029277258763,7911.0,11216900.0,142900.0
2014-10-13,48.553993225097656,7884.25,49.106603437241716,7901.14990234375,48.5125489084731,7796.0,48.72668490454239,7831.0,10469700.0,118800.0
2014-10-14,49.28620147705078,7864.0,49.6384939588663,7928.0,48.76812646796448,7825.4501953125,48.871742523808045,7923.25,15145100.0,225500.0
2014-10-15,48.94083023071289,,49.46581451194503,,48.512558156928336,,49.15497153773799,,16837100.0,
2014-10-16,49.07205581665039,7748.2001953125,49.2723787464116,7893.89990234375,48.42964272125426,7729.64990234375,48.7059503923087,7837.2998046875,19074200.0,213500.0
2014-10-17,49.32072830200195,7779.7001953125,49.59012681073764,7819.2001953125,48.899360322670745,7723.85009765625,49.59012681073764,7733.75,10453600.0,177600.0
2014-10-20,50.02531433105469,7879.39990234375,50.03222347247366,7905.9501953125,49.23784085347556,7856.9501953125,49.306916457273054,7896.9501953125,12469500.0,176200.0
2014-10-21,50.501953125,7927.75,50.571028739970245,7936.60009765625,49.97005982245274,7874.35009765625,50.184201080031585,7906.14990234375,8566600.0,163400.0
2014-10-22,50.48121643066406,7995.89990234375,50.86113483866275,8005.0,50.43976685751268,7974.5498046875,50.550292025742905,7997.7998046875,20312600.0,151100.0
2014-10-23,50.86113739013672,,50.98547557556816,,50.52957240907312,,50.61246101927384,,7534300.0,
2014-10-24,50.88185119628906,,51.05454278150026,,50.57100318083154,,50.84731077119525,,6597300.0,
2014-10-27,51.185787200927734,7991.7001953125,51.19960547966431,8064.39990234375,50.77823757039511,7985.64990234375,50.82659100571473,8064.35009765625,9239800.0,132800.0
2014-10-28,51.3515739440918,8027.60009765625,51.358483084037175,8037.7998046875,50.80587310138798,7995.0498046875,50.999286858821684,8002.39990234375,5225400.0,124100.0
2014-10-29,50.97166061401367,8090.4501953125,51.330856874780075,8097.9501953125,50.59864607198885,8052.25,51.24105912712101,8077.0498046875,17115000.0,148300.0
2014-10-30,51.406864166259766,8169.2001953125,51.46212677527978,8181.5498046875,50.812804294625806,8085.2001953125,50.812804294625806,8085.2001953125,9237500.0,205700.0
2014-10-31,51.79367446899414,8322.2001953125,51.9249165202553,8330.75,51.482826382035256,8198.0498046875,51.55190197798274,8200.7998046875,11739400.0,176200.0
2014-11-03,52.1943244934082,8324.150390625,52.22195579082121,8350.599609375,51.752234275062314,8297.650390625,51.79368385624738,8348.150390625,12949400.0,141100.0
2014-11-04,52.25647735595703,,52.291012512651434,,51.76603386181112,,52.18740177243901,,9954600.0,
2014-11-05,52.25647735595703,8338.2998046875,52.48443152468278,8365.5498046875,51.93872545567077,8323.5,52.31864380008449,8351.25,15315300.0,161600.0
2014-11-06,52.03544235229492,,52.49825464817787,,51.90419502923281,,52.22885613146211,,9263600.0,
2014-11-07,51.99399948120117,8337.0,52.18741855543432,8360.349609375,51.745328354591784,8290.25,52.10452466647725,8331.849609375,11903100.0,153400.0
2014-11-10,52.22884750366211,8344.25,52.277200940466294,8383.0498046875,51.634787982851066,8304.4501953125,51.634787982851066,8337.7998046875,5578800.0,130700.0
2014-11-11,52.09761428833008,8362.650390625,52.40846241194292,8378.7001953125,51.869660051706816,8321.849609375,52.249583779412255,8354.099609375,4006400.0,122000.0
2014-11-12,51.82821273803711,8383.2998046875,52.132151702577666,8415.0498046875,51.6831523968147,8370.5,52.09761126746879,8378.900390625,6982900.0,125200.0
2014-11-13,52.03544235229492,8357.849609375,52.19431569798359,8408.0,51.86275072516276,8320.349609375,51.94563933330286,8405.25,4929900.0,127400.0
2014-11-14,51.717689514160156,8389.900390625,52.139057498830766,8400.650390625,51.61407348561113,8346.7998046875,52.04234534075625,8360.7001953125,10126800.0,146800.0
2014-11-17,51.911109924316406,8430.75,51.98709467028791,8438.099609375,51.67624654491427,8349.099609375,51.67624654491427,8378.400390625,5108100.0,113900.0
2014-11-18,52.159786224365234,8425.900390625,52.24958398302246,8454.5,51.84893809954105,8407.25,51.966372424099944,8441.25,8649400.0,134700.0
2014-11-19,51.83512878417969,8382.2998046875,52.18051210075594,8455.650390625,51.807497486437846,8360.5,52.12524950527226,8440.650390625,6087700.0,125400.0
2014-11-20,51.98020935058594,8401.900390625,51.98020935058594,8410.849609375,51.53811895512849,8353.150390625,51.696992391237735,8406.5,5225700.0,122800.0
2014-11-21,52.360107421875,8477.349609375,52.42227388269046,8489.7998046875,52.1597844868075,8398.599609375,52.42227388269046,8408.2001953125,11642100.0,137000.0
2014-11-24,52.512062072753906,8530.150390625,52.65021852183936,8534.650390625,52.41535519345892,8490.7998046875,52.539693362571,8490.9501953125,6410800.0,140700.0
2014-11-25,52.65714645385742,8463.099609375,52.76075723998556,8535.349609375,52.436101326564824,8429.4501953125,52.608792996953774,8530.7998046875,5977200.0,271900.0
2014-11-26,53.05086898803711,8475.75,53.08540415075069,8500.2998046875,52.677854447871596,8438.650390625,52.760743054488294,8450.2998046875,24093400.0,151900.0
2014-11-27,,8494.2001953125,,8506.75,,8456.349609375,,8477.7998046875,,194300.0
2014-11-28,53.202842712402344,8588.25,53.68638250810708,8617.0,52.92654028072086,8516.25,52.95417157791522,8516.7998046875,6364800.0,197200.0
2014-12-01,53.009429931640625,8555.900390625,53.42388885734291,8623.0,52.70549619686224,8545.150390625,53.11995512256453,8605.099609375,6441100.0,152000.0
2014-12-02,53.19594955444336,8524.7001953125,53.258116033052794,8560.2001953125,52.615702736761335,8504.650390625,52.898919637445545,8535.4501953125,8923600.0,137400.0
2014-12-03,53.14756774902344,8537.650390625,53.285718919013256,8546.9501953125,53.016320448442585,8508.349609375,53.209734194480056,8528.7001953125,6650400.0,153200.0
2014-12-04,53.230472564697266,8564.400390625,53.278826015942116,8626.9501953125,52.864367109538975,8526.400390625,53.24429084798489,8582.400390625,11707200.0,143500.0
2014-12-05,52.95418167114258,8538.2998046875,53.07851462701884,8588.349609375,52.59498000928201,8523.900390625,52.93345424169779,8584.25,18115200.0,143300.0
2014-12-08,53.18904113769531,8438.25,53.47916191543283,8546.349609375,52.80221343404529,8432.25,52.933455536279574,8538.650390625,13087400.0,163800.0
2014-12-09,53.368629455566406,8340.7001953125,53.47914937205907,8444.5,52.80910492101347,8330.5,52.940352262596285,8439.2998046875,8587200.0,146300.0
2014-12-10,53.2442741394043,8355.650390625,53.451500892510595,8376.7998046875,53.02322910734668,8317.0,53.17519855503553,8318.0498046875,8776700.0,136700.0
2014-12-11,53.29265213012695,8292.900390625,53.51369726403137,8348.2998046875,53.22357651393152,8272.400390625,53.22357651393152,8338.849609375,11043400.0,133900.0
2014-12-12,52.80908966064453,8224.099609375,53.43768962012372,8321.900390625,52.79527665137364,8216.2998046875,53.202826301483,8302.0,12861800.0,138100.0
2014-12-15,52.187400817871094,8219.599609375,53.09230306670262,8242.400390625,52.10450695708817,8152.5,52.926520615265886,8160.75,10420800.0,137100.0
2014-12-16,51.94563674926758,8067.60009765625,52.47752988564854,8189.35009765625,51.75222297972176,8052.60009765625,52.25648482472047,8172.60009765625,14201200.0,197300.0
2014-12-17,53.10615539550781,8029.7998046875,53.11997368426741,8082.0,52.04928292111832,7961.35009765625,52.125267698897055,8041.2001953125,18752800.0,216200.0
2014-12-18,53.582759857177734,8159.2998046875,53.582759857177734,8174.2998046875,53.11994754400789,8084.89990234375,53.334083483208474,8138.89990234375,14002900.0,162100.0
2014-12-19,53.69329833984375,8225.2001953125,53.8659900162267,8263.4501953125,53.410081460912494,8208.599609375,53.499879235384206,8230.4501953125,9311400.0,174800.0
2014-12-22,54.57746887207031,8324.0,54.57746887207031,8330.9501953125,53.63802590319812,8228.2001953125,53.67256107006311,8255.0,15917300.0,139200.0
2014-12-23,54.30117416381836,8267.0,54.66037055181624,8364.75,54.190648955122384,8252.849609375,54.58438578837077,8324.599609375,9392600.0,132200.0
2014-12-24,54.07782745361328,8174.10009765625,54.62223423695489,8286.400390625,54.042927398270535,8155.25,54.41982563096876,8272.0498046875,4057500.0,221900.0
2014-12-26,54.287200927734375,8200.7001953125,54.41981472145079,8234.5498046875,54.18250610769508,8147.9501953125,54.196468257033516,8204.7998046875,2903000.0,75500.0
2014-12-29,54.52452087402344,8246.2998046875,54.7478673848617,8279.150390625,54.07782785234692,8214.7001953125,54.23137425198503,8214.7001953125,3913300.0,82100.0
2014-12-30,54.468658447265625,8248.25,54.72690489769739,8268.25,54.32208786458763,8220.5498046875,54.36396365249607,8260.2998046875,7674500.0,77700.0
2014-12-31,53.63113021850586,8282.7001953125,54.873500859370004,8291.0,53.57529758380484,8243.75,54.62223536571217,8243.900390625,9269300.0,84500.0
2015-01-02,54.29418182373047,8395.4501953125,54.398876643425226,8410.599609375,53.79863202384165,8288.7001953125,54.070835360048186,8288.7001953125,12872400.0,101900.0
2015-01-05,54.475650787353516,8378.400390625,54.59430242763357,8445.599609375,54.04989577223137,8363.900390625,54.15458526365521,8407.9501953125,17764500.0,118200.0
2015-01-06,54.87348556518555,8127.35009765625,55.08985094247468,8327.849609375,54.54544429961852,8111.35009765625,54.60128224375747,8325.2998046875,12123800.0,172800.0
2015-01-07,55.58541488647461,8102.10009765625,55.7040665542695,8151.2001953125,54.78276154109592,8065.4501953125,54.894437457844624,8118.64990234375,10974600.0,164100.0
2015-01-08,55.899478912353516,8234.599609375,56.02511162209844,8243.5,55.46674816489825,8167.2998046875,55.724989333541075,8191.39990234375,10114600.0,143800.0
2015-01-09,55.920440673828125,8284.5,56.136806119286284,8303.2998046875,55.56448032404121,8190.7998046875,55.94137857822716,8285.4501953125,7466600.0,148000.0
2015-01-12,56.22753143310547,8323.0,56.27638831195746,8332.599609375,55.836676402289584,8245.599609375,56.00418494049633,8291.349609375,7158000.0,103200.0
2015-01-13,56.08095932006836,8299.400390625,56.555571269992406,8356.650390625,55.75989907820801,8267.900390625,56.31128688216391,8346.150390625,12015700.0,129600.0
2015-01-14,56.450870513916016,8277.5498046875,56.46483266318364,8326.4501953125,55.711036352723404,8236.650390625,55.822712246865535,8307.25,10170100.0,146100.0
2015-01-15,56.52765655517578,8494.150390625,56.69517042660166,8527.099609375,56.24149634357443,8380.5498046875,56.65328929624485,8424.5,12157200.0,232100.0
2015-01-16,57.009239196777344,8513.7998046875,57.08601504256448,8530.75,56.34618088316081,8452.25,56.464832526650135,8504.0498046875,12006100.0,176000.0
2015-01-19,,8550.7001953125,,8570.9501953125,,8531.5,,8550.0498046875,,125400.0
2015-01-20,56.56254196166992,8695.599609375,57.27445709336327,8707.900390625,56.40200920771004,8574.5,57.16278653299929,8575.099609375,14678600.0,158700.0
2015-01-21,56.47880935668945,8729.5,56.56954738385149,8741.849609375,56.283381798189055,8689.599609375,56.52069049422639,8719.650390625,6809800.0,185900.0
2015-01-22,57.58155822753906,8761.400390625,57.6234340204321,8774.150390625,56.639315612451874,8727.0,56.71609144942185,8745.849609375,10640200.0,175500.0
2015-01-23,57.462921142578125,8835.599609375,57.76304349260922,8866.400390625,57.33728840709998,8795.400390625,57.54667274956326,8827.9501953125,5036800.0,191200.0
2015-01-26,58.028263092041016,,58.04222524255641,,57.323323591019054,,57.490837447202615,,8672500.0,
2015-01-27,57.95148849487305,8910.5,58.160878157139365,8925.0498046875,57.72116093138016,8825.4501953125,57.81887468710436,8871.349609375,4193200.0,192000.0
2015-01-28,57.539695739746094,8914.2998046875,58.307448961976995,8985.0498046875,57.525733588887164,8874.0498046875,58.07712139780762,8902.75,12341600.0,185100.0
2015-01-29,57.63739776611328,8952.349609375,57.74209257624775,8966.650390625,57.09996689242264,8861.25,57.74209257624775,8901.5,6878100.0,256300.0
2015-01-30,56.695167541503906,8808.900390625,57.63042931353516,8996.599609375,56.65328641327834,8775.099609375,57.63042931353516,8996.599609375,10085200.0,267300.0
2015-02-02,56.51369857788086,8797.400390625,56.723082925399524,8840.7998046875,55.52957457204124,8751.099609375,56.7161071746493,8802.5,24404900.0,210100.0
2015-02-03,57.03718566894531,8756.5498046875,57.093023642801896,8837.2998046875,56.213594192068626,8726.650390625,56.33922697074481,8823.150390625,9988800.0,208700.0
2015-02-04,56.86965560913086,8723.7001953125,57.09300209526146,8792.849609375,56.57650901952174,8704.400390625,56.8766313594785,8789.150390625,7781900.0,195300.0
2015-02-05,57.462921142578125,8711.7001953125,57.518759097235176,8838.4501953125,56.83475746518741,8683.650390625,56.925490147754786,8733.099609375,10348300.0,173600.0
2015-02-06,55.94835662841797,8661.0498046875,57.32333041792553,8726.2001953125,55.731985869662296,8645.5498046875,57.30239251465905,8696.849609375,16536500.0,171300.0
2015-02-09,55.6831169128418,8526.349609375,56.22054783015032,8605.5498046875,55.66217901411544,8516.349609375,55.878544400954105,8584.400390625,8727900.0,146800.0
2015-02-10,55.87852478027344,8565.5498046875,55.983219562143354,8646.25,55.278280377550225,8470.5,55.72497314353059,8478.099609375,9174000.0,196200.0
2015-02-11,55.75989532470703,8627.400390625,56.13679349412862,8651.9501953125,55.37601608038876,8593.650390625,55.88552804784756,8603.2998046875,7335800.0,161600.0
2015-02-12,56.36013412475586,8711.5498046875,56.40200991979613,8732.5498046875,55.69707585328789,8599.25,56.18564454542225,8676.9501953125,9485200.0,158800.0
2015-02-13,56.05305099487305,8805.5,56.53464411167663,8822.099609375,55.76689075046893,8729.650390625,56.388073451127994,8741.5,8445900.0,221900.0
2015-02-16,,8809.349609375,,8870.099609375,,8793.400390625,,8831.400390625,,136400.0
2015-02-17,55.89250946044922,,56.520673079947265,,55.80875253618283,,55.89250946044922,,12515100.0,
2015-02-18,56.36711120605469,8869.099609375,56.443887041522856,8894.2998046875,55.54352023694075,8808.900390625,56.025107820787746,8811.5498046875,14340800.0,147600.0
2015-02-19,55.29225158691406,8895.2998046875,56.29033206437914,8913.4501953125,55.21547575595532,8794.4501953125,55.89249608804683,8883.0498046875,12481500.0,213300.0
2015-02-20,55.80177688598633,8833.599609375,55.941371773334296,8899.9501953125,55.229451160360846,8816.2998046875,55.62031151993468,8895.5,11002900.0,197600.0
2015-02-23,56.241485595703125,8754.9501953125,56.26940456893873,8869.0,55.76687370069721,8736.099609375,56.01813913481797,8856.849609375,13375200.0,139600.0
2015-02-24,55.180599212646484,8762.099609375,55.92741462045105,8800.5,54.98517167789403,8726.75,55.8925198892458,8772.900390625,20628500.0,149800.0
2015-02-25,55.29926300048828,8767.25,55.81575088076817,8840.650390625,55.096854364634986,8751.400390625,55.11779227092988,8801.900390625,10763300.0,135200.0
2015-02-26,54.83160400390625,8683.849609375,55.32715377290802,8786.0498046875,54.69899554389131,8669.4501953125,55.110788397357794,8779.0,9507800.0,217500.0
2015-02-27,55.22247314453125,8844.599609375,55.29924899817319,8856.9501953125,54.65014744238243,8717.4501953125,54.85953177731478,8729.5,8342300.0,249500.0
2015-03-02,55.43883514404297,8956.75,55.990222911275666,8972.349609375,55.236426571894256,8885.4501953125,55.236426571894256,8953.849609375,14633600.0,218100.0
2015-03-03,55.29225158691406,8996.25,55.431841102294335,9008.400390625,54.908372432120316,8925.5498046875,55.21547575595532,8962.849609375,9993100.0,177800.0
2015-03-04,54.83160400390625,8922.650390625,55.36903489317536,9119.2001953125,54.74785241337037,8893.9501953125,55.30621587527405,9109.150390625,8349000.0,248400.0
2015-03-05,55.01308822631836,8937.75,55.480719138807196,8957.5498046875,54.96423134478969,8849.349609375,54.99215032352046,8929.400390625,10928000.0,160100.0
2015-03-06,53.337982177734375,,54.329081874703476,,53.27516847475758,,54.23834919540357,,20520000.0,
2015-03-09,53.812591552734375,8756.75,53.87541057770839,8891.2998046875,53.53340712784989,8740.4501953125,53.700920977780584,8891.150390625,9657400.0,155500.0
2015-03-10,53.54737091064453,8712.0498046875,53.86843114530166,8778.0,53.50549510938495,8677.349609375,53.61716568774388,8769.75,12492000.0,163800.0
2015-03-11,53.62415313720703,8699.9501953125,53.81958066631556,8755.599609375,53.442682435177346,8682.349609375,53.666028943444346,8728.75,8404700.0,172800.0
2015-03-12,54.51055908203125,8776.0,54.545459137861975,8787.2001953125,53.861457448586414,8732.900390625,53.91729540791521,8740.650390625,8212300.0,173900.0
2015-03-13,54.30813980102539,8647.75,54.55242949383286,8849.75,54.0219796344507,8631.75,54.46169149650442,8844.0498046875,6949400.0,179200.0
2015-03-16,54.90140914916992,8633.150390625,55.17361249346406,8663.5498046875,54.54544888163147,8612.0,54.54544888163147,8656.75,7447800.0,163300.0
2015-03-17,54.85255432128906,8723.2998046875,55.09684404899601,8742.5498046875,54.59431309199976,8630.7998046875,54.87349754866441,8689.099609375,9367700.0,177000.0
2015-03-18,55.93437194824219,8685.900390625,56.14376154657549,8747.25,54.58731235562798,8664.0,54.83857774362846,8742.900390625,18583800.0,156400.0
2015-03-19,55.850624084472656,8634.650390625,56.220546478074134,8788.2001953125,55.71103454632083,8614.650390625,55.88552413151039,8749.4501953125,11850700.0,163500.0
2015-03-20,57.20466995239258,8570.900390625,57.26050790251692,8627.900390625,56.0460617748124,8553.0,56.21357030018543,8627.900390625,17722200.0,174600.0
2015-03-23,57.12092590332031,8550.900390625,57.518767393887124,8608.349609375,57.002274226309794,8540.5498046875,57.162807037854364,8591.5498046875,7329000.0,150700.0
2015-03-24,56.66025161743164,8542.9501953125,57.09996340312718,8627.75,56.63233264810192,8535.849609375,56.91849808998237,8537.0498046875,12777500.0,156700.0
2015-03-25,55.724361419677734,8530.7998046875,56.962833031901006,8573.75,55.611770162941106,8516.5498046875,56.80802810685806,8568.900390625,15304100.0,161000.0
2015-03-26,55.40770721435547,8342.150390625,55.724366124176036,8499.4501953125,55.25993520389803,8325.349609375,55.5625175211148,8474.9501953125,10719700.0,280100.0
2015-03-27,55.59770584106445,8341.400390625,55.80880642067792,8413.2001953125,55.36549037170709,8269.150390625,55.583629247901854,8396.0,7485200.0,193000.0
2015-03-30,56.223968505859375,8492.2998046875,56.31544486809264,8492.2998046875,55.66102300488771,8380.75,56.06211992952001,8390.9501953125,11187600.0,134700.0
2015-03-31,55.81583023071289,8491.0,56.43506595296765,8550.4501953125,55.7173155787325,8454.150390625,55.851016335839844,8527.599609375,7088100.0,167200.0
2015-04-01,55.808807373046875,8586.25,56.09731848268348,8603.400390625,55.38660083796777,8464.75,55.724369287219474,8483.7001953125,11385800.0,125500.0
2015-04-02,56.181766510009766,,56.350653448844255,,55.63993567836533,,55.63993567836533,,9028100.0,
2015-04-06,56.744693756103516,8659.900390625,56.87135623465651,8667.5498046875,56.26619165586404,8573.75,56.44211146670728,8615.7998046875,10547300.0,146900.0
2015-04-07,55.8228874206543,8660.2998046875,56.92062555351521,8693.599609375,55.8228874206543,8586.849609375,56.92062555351521,8684.4501953125,9165700.0,148700.0
2015-04-08,55.97769546508789,8714.400390625,56.07621014640022,8730.5,55.74547998685992,8679.7998046875,55.872142486925405,8698.9501953125,5823400.0,148200.0
2015-04-09,54.99252700805664,8778.2998046875,55.91434498265514,8785.5,54.879935766365826,8682.4501953125,55.91434498265514,8756.2001953125,10568000.0,152700.0
2015-04-10,54.957366943359375,8780.349609375,55.54142220692058,8787.400390625,54.788485369447756,8733.599609375,55.33735451114684,8774.349609375,8593000.0,139000.0
2015-04-13,54.80253982543945,8834.0,55.16845605368751,8841.650390625,54.7743920102937,8762.099609375,55.041793569854995,8801.75,7430900.0,121600.0
2015-04-14,54.91512680053711,,55.189561265983336,,54.79550262198801,,55.006603166137054,,5267000.0,
2015-04-15,54.59144973754883,,55.11920929332099,,54.58441144025047,,55.11920929332099,,9424600.0,
2015-04-16,54.816627502441406,8706.7001953125,54.985509058820654,8760.0,54.2959062385608,8645.650390625,54.44367827147362,8757.0498046875,7173900.0,142900.0
2015-04-17,54.52812576293945,8606.0,54.87293260114268,8699.849609375,54.204433820489555,8596.7001953125,54.5351640615239,8698.0498046875,10724100.0,150400.0
2015-04-20,54.59847640991211,8448.099609375,54.88698751095884,8619.9501953125,54.44367146762178,8422.75,54.809582355490065,8618.7998046875,10799100.0,148900.0
2015-04-21,54.64070510864258,8377.75,55.00661602522905,8469.349609375,54.53515212756937,8352.7001953125,54.74625808971578,8416.099609375,8797900.0,407800.0
2015-04-22,54.80253982543945,8429.7001953125,54.978459643615345,8449.9501953125,54.61254878401409,8284.7001953125,54.746249563794734,8400.400390625,5737300.0,171800.0
2015-04-23,54.901039123535156,8398.2998046875,55.02066864657376,8504.9501953125,54.64771959543855,8361.849609375,54.704009841323746,8478.2001953125,5199300.0,156000.0
2015-04-24,54.99252700805664,8305.25,55.302142185414596,8413.2998046875,54.80253062986486,8273.349609375,54.98548871328949,8405.7001953125,4576400.0,173600.0
2015-04-27,54.84477233886719,8213.7998046875,55.40067969070704,8334.4501953125,54.7814384032664,8202.349609375,55.10513027231601,8330.5498046875,9280800.0,171500.0
2015-04-28,54.83068084716797,8285.599609375,55.02771016012992,8308.0,54.51402736114286,8185.14990234375,55.013638938623835,8215.5498046875,5714900.0,174600.0
2015-04-29,53.75407028198242,8239.75,54.577373912114396,8308.2001953125,53.66962681915559,8219.2001953125,54.19035345361586,8274.7998046875,11455400.0,160400.0
2015-04-30,53.1277961730957,8181.5,53.72592260595064,8229.400390625,52.790027689525246,8144.75,53.718884308534115,8224.5,17918700.0,267700.0
2015-05-01,53.40925216674805,,53.74701517512367,,53.0081552388981,,53.078522084922504,,21746800.0,
2015-05-04,53.549991607666016,8331.9501953125,53.929979059366886,8346.0,53.437405715669534,8220.4501953125,53.66258286830929,8230.0498046875,14824500.0,131700.0
2015-05-05,52.374855041503906,8324.7998046875,53.409264560911176,8355.650390625,52.311521107332304,8280.599609375,53.409264560911176,8338.400390625,11862900.0,155500.0
2015-05-06,52.23411560058594,8097.0,52.55780742690813,8331.9501953125,51.99486185238882,8083.0,52.38892053336421,8316.599609375,12904800.0,209600.0
2015-05-07,52.92372131347656,8057.2998046875,53.18408459606795,8122.60009765625,52.31151836888734,7997.14990234375,52.43114793413847,8077.0,16791000.0,161600.0
2015-05-08,53.73295974731445,8191.5,54.33108616730083,8224.9501953125,53.61333553704674,8123.4501953125,53.71888315278425,8131.5,13075500.0,183100.0
2015-05-11,52.95188903808594,8325.25,53.83148852376843,8332.75,52.81818819829446,8224.650390625,53.578163442399934,8243.2001953125,13330800.0,192000.0
2015-05-12,53.106689453125,8126.9501953125,53.24742319699775,8326.650390625,52.262270883943906,8115.2998046875,52.663367959494266,8326.150390625,11913400.0,173400.0
2015-05-13,52.66335678100586,8235.4501953125,53.634437661007055,8254.9501953125,52.55780917982926,8089.7998046875,53.47962735441863,8181.5498046875,12145200.0,169800.0
2015-05-14,53.62036895751953,8224.2001953125,53.64148384950852,8236.25,52.930766141352365,8137.2998046875,52.97298518803464,8232.4501953125,7909700.0,134800.0
2015-05-15,54.063690185546875,8262.349609375,54.225533442885514,8279.2001953125,53.66259313787797,8212.2001953125,53.859622513063,8240.2998046875,13163300.0,129800.0
2015-05-18,53.90182876586914,8373.650390625,54.06367735344056,8384.599609375,53.70479943744935,8271.9501953125,53.93701487536405,8284.9501953125,7063100.0,148700.0
2015-05-19,53.831478118896484,8365.650390625,54.14813172507778,8427.7998046875,53.52889573956068,8335.0,53.52889573956068,8356.2001953125,8381900.0,140300.0
2015-05-20,53.7188835144043,8423.25,54.11294763418567,8440.349609375,53.711850585739654,8391.4501953125,53.86666091472721,8392.650390625,8277000.0,123600.0
2015-05-21,53.47257995605469,8421.0,53.8384961400044,8446.349609375,53.27555064253383,8382.5,53.75405270478998,8434.5,5536800.0,143800.0
2015-05-22,53.486656188964844,8458.9501953125,53.76109064077088,8489.5498046875,53.16296440910763,8420.599609375,53.45147008236567,8432.5,4251100.0,187300.0
2015-05-25,,8370.25,,8441.9501953125,,8364.150390625,,8438.150390625,,121300.0
2015-05-26,53.1629524230957,8339.349609375,53.74700193298223,8378.900390625,52.95888486185058,8320.0498046875,53.74700193298223,8377.099609375,6393800.0,116800.0
2015-05-27,53.56407928466797,8334.599609375,53.66962690255565,8342.849609375,53.08557706520149,8277.9501953125,53.3177871932023,8302.75,5962500.0,165500.0
2015-05-28,53.52888870239258,8319.0,53.690737317403325,8364.5,53.24038295647881,8270.150390625,53.62740338330435,8345.7001953125,7022300.0,232300.0
2015-05-29,52.95188903808594,8433.650390625,53.58520174150718,8443.900390625,52.88152215296118,8305.7001953125,53.458539200822926,8327.099609375,15271600.0,363900.0
2015-06-01,53.465579986572266,8433.400390625,53.599275463932614,8467.150390625,52.874486313004745,8405.400390625,53.092625277631726,8417.25,8459900.0,122200.0
2015-06-02,53.0292854309082,8236.4501953125,53.324829520625215,8445.349609375,52.8815133860497,8226.0498046875,53.28261047027945,8442.7998046875,9112700.0,146800.0
2015-06-03,52.388919830322266,8135.10009765625,53.05741836217377,8236.7001953125,52.29744345736538,8094.14990234375,52.98001321249995,8232.4501953125,11585400.0,171400.0
2015-06-04,52.33965301513672,8130.64990234375,52.585945011475104,8160.0498046875,52.184848112477,8056.75,52.318543499712476,8155.14990234375,8710300.0,154700.0
2015-06-05,51.70635986328125,8114.7001953125,52.10745686921601,8191.0,51.488215618897605,8100.14990234375,51.509325139949866,8119.14990234375,17844800.0,162100.0
2015-06-08,51.60079574584961,8044.14990234375,51.86819190251111,8131.0,51.53746182772293,8030.5498046875,51.81893457447751,8124.35009765625,7176200.0,135900.0
2015-06-09,51.22786331176758,8022.39990234375,51.71339845508941,8057.14990234375,51.185638896391175,8005.14990234375,51.5797030175664,8026.5,7886200.0,136000.0
2015-06-10,51.59375762939453,8124.4501953125,52.03707358323141,8152.25,51.13636508541583,8023.7998046875,51.15747460198243,8024.14990234375,12669800.0,136800.0
2015-06-11,52.00190353393555,7965.35009765625,52.128566028016174,8163.0498046875,51.84709322243175,7958.25,52.00190353393555,8157.2998046875,8347600.0,166200.0
2015-06-12,51.90339660644531,7982.89990234375,52.121535513233894,7995.60009765625,51.81191484400001,7940.2998046875,51.92450613050252,7959.85009765625,4892600.0,136600.0
2015-06-15,51.63599395751953,8013.89990234375,51.92450509695344,8057.7001953125,51.52340804190605,7944.85009765625,51.8470999311857,7986.60009765625,5062100.0,133000.0
2015-06-16,52.0722770690918,8047.2998046875,52.128572711155506,8061.85009765625,51.60784607503809,7952.35009765625,51.77673300122921,8004.2001953125,5015000.0,124000.0
2015-06-17,52.39596176147461,8091.5498046875,52.50855303013777,8136.85009765625,51.72043025543717,8048.9501953125,52.03708380341975,8084.2001953125,15038300.0,152500.0
2015-06-18,53.12077713012695,8174.60009765625,53.34595441124361,8186.89990234375,52.41709745555617,8101.7998046875,52.424135755523835,8113.7001953125,13450000.0,144800.0
2015-06-19,52.77595901489258,8224.9501953125,53.12779874165853,8250.7998046875,52.62818697388866,8195.650390625,53.07854139465723,8201.150390625,11366700.0,147100.0
2015-06-22,52.255226135253906,8353.099609375,52.994086176436234,8369.4501953125,52.2481878390578,8257.400390625,52.63521360013924,8259.2998046875,9208800.0,122700.0
2015-06-23,52.00190353393555,8381.5498046875,52.23411900119123,8398.4501953125,51.83302199804378,8334.9501953125,52.107456507110605,8377.4501953125,10518500.0,131700.0
2015-06-24,51.709373474121094,8360.849609375,52.16377367500684,8421.349609375,51.66676973118465,8338.900390625,52.02887175331718,8399.400390625,7574800.0,130100.0
2015-06-25,51.21949005126953,8398.0,51.72359029179124,8423.150390625,51.19819088034152,8329.5,51.659692779007216,8336.25,10651800.0,201200.0
2015-06-26,51.46797561645508,8381.099609375,51.60287755202613,8408.5498046875,51.0135753688116,8339.7001953125,51.15557883174908,8393.9501953125,9671100.0,110600.0
2015-06-29,50.644386291503906,8318.400390625,51.75908794552243,8329.4501953125,50.61598559381742,8195.650390625,51.482187914178155,8247.0498046875,7226300.0,132000.0
2015-06-30,50.62308120727539,8368.5,51.12007981651789,8378.0,50.580477457284196,8298.9501953125,51.01357856685776,8316.349609375,13702600.0,158500.0
2015-07-01,51.39698028564453,8453.0498046875,51.41118334139771,8481.599609375,50.459779030444096,8370.150390625,50.60887861458069,8376.25,10856300.0,131800.0
2015-07-02,51.510597229003906,8444.900390625,52.106995729553304,8479.25,51.4537958241287,8433.2001953125,51.68099602674943,8471.9501953125,7691800.0,112000.0
2015-07-03,,8484.900390625,,8497.75,,8424.150390625,,8440.099609375,,88400.0
2015-07-06,51.74488067626953,8522.150390625,51.858483457768365,8533.150390625,51.21948135403433,8386.150390625,51.35438330284451,8386.150390625,11054900.0,101500.0
2015-07-07,52.540096282958984,8510.7998046875,52.64659756150316,8561.349609375,51.96499696245254,8483.849609375,52.14959340059038,8525.5,12555400.0,122200.0
2015-07-08,52.26319122314453,8363.0498046875,52.52589362957524,8457.5,52.135390784459254,8341.400390625,52.305789563746444,8439.2001953125,7358500.0,188100.0
2015-07-09,52.01470184326172,8328.5498046875,52.58269968870024,8400.2998046875,51.886901380083955,8323.0,52.44070158156075,8364.849609375,8497100.0,131300.0
2015-07-10,52.37678909301758,8360.5498046875,52.738891242155226,8377.099609375,52.09279293051232,8315.400390625,52.12828974238569,8365.7001953125,12232300.0,154100.0
2015-07-13,52.454872131347656,8459.650390625,53.02997662703289,8471.650390625,52.24897119053168,8355.400390625,52.47617671160677,8397.25,9096300.0,117800.0
2015-07-14,52.596885681152344,8454.099609375,52.788583605270176,8480.25,52.34838636585929,8424.099609375,52.51168359438952,8470.599609375,5039200.0,101700.0
2015-07-15,52.646575927734375,8523.7998046875,52.80987312643657,8531.400390625,52.376772077374156,8462.9501953125,52.398076657832455,8463.400390625,5691900.0,105500.0
2015-07-16,53.02288818359375,8608.0498046875,53.11518638664662,8616.099609375,52.781484966324484,8542.900390625,52.98738595794621,8546.150390625,6128500.0,116000.0
2015-07-17,52.81698226928711,8609.849609375,53.179084353002565,8642.9501953125,52.667882685846294,8593.150390625,53.179084353002565,8623.650390625,11760900.0,105000.0
2015-07-20,52.909263610839844,8603.4501953125,53.022866352635354,8624.099609375,52.57556774478849,8559.0,52.85246765681896,8623.900390625,4780500.0,90600.0
2015-07-21,52.717594146728516,8529.4501953125,53.13649229472817,8646.75,52.717594146728516,8517.900390625,52.85959223357048,8601.5,5816200.0,164100.0
2015-07-22,52.866676330566406,8633.5,53.11517560903888,8643.900390625,52.738875927798,8498.650390625,52.83117952900063,8512.25,6674800.0,136800.0
2015-07-23,52.490394592285156,8589.7998046875,52.97319567701682,8654.75,52.17799229720001,8573.7998046875,52.94479497592909,8643.9501953125,8558000.0,132900.0
2015-07-24,52.50459289550781,8521.5498046875,52.73889461977192,8589.150390625,52.32709257413438,8513.5,52.511694425089125,8588.150390625,5632000.0,127400.0
2015-07-27,52.61818313598633,8361.0,52.89508313785433,8492.2001953125,52.469083551663445,8351.5498046875,52.575584802430825,8492.099609375,6326100.0,136600.0
2015-07-28,52.717594146728516,8337.0,52.88089682178859,8397.400390625,52.49749548705954,8321.75,52.49749548705954,8371.099609375,6276000.0,174600.0
2015-07-29,52.98737716674805,8375.0498046875,53.09387840914183,8381.5,52.398080403675124,8338.4501953125,52.74597940640847,8365.599609375,7111000.0,141000.0
2015-07-30,52.7885856628418,8421.7998046875,52.99448665121837,8458.900390625,52.625288427946636,8408.2998046875,52.7601849661472,8417.0,6573800.0,215200.0
2015-07-31,53.12938690185547,8532.849609375,53.519884280900854,8548.9501953125,53.03708328633947,8448.0,53.242984268110526,8456.099609375,10817000.0,203300.0
2015-08-03,53.3920783996582,8543.0498046875,53.43468214741715,8563.9501953125,53.079681611736234,8508.099609375,53.13647758061768,8510.650390625,6576300.0,156700.0
2015-08-04,53.11516571044922,8516.900390625,53.661869438082455,8565.150390625,52.99446685723871,8448.25,53.299767461573936,8564.099609375,11675200.0,187400.0
2015-08-05,52.887996673583984,8567.9501953125,53.31399638110855,8591.849609375,52.69629870110599,8545.849609375,53.250098862575946,8547.4501953125,19488200.0,132800.0
2015-08-06,52.887996673583984,8588.650390625,52.987396424777046,8606.2998046875,52.14249853963602,8551.5,52.88090056055603,8585.7998046875,12177900.0,134900.0
2015-08-07,53.07257843017578,8564.599609375,53.16487661649996,8595.9501953125,52.50457542403803,8552.7001953125,52.831180673538015,8580.7998046875,8922300.0,143700.0
2015-08-10,53.07969284057617,8525.599609375,53.36369441257619,8621.5498046875,52.85249266635204,8497.7998046875,53.257193145966255,8577.0,6650700.0,123400.0
2015-08-11,53.43470001220703,8462.349609375,53.590901166829795,8556.25,52.87379832827988,8441.2998046875,53.029999482902646,8548.4501953125,15118000.0,154400.0
2015-08-12,53.512786865234375,8349.4501953125,53.54828367143935,8446.9501953125,52.902185462970245,8337.9501953125,53.24298297030728,8445.7001953125,9449200.0,190000.0
2015-08-13,53.619293212890625,8355.849609375,53.846493401284576,8429.5,53.05839697973038,8339.75,53.49149276836404,8384.4501953125,6766300.0,189200.0
2015-08-14,53.924583435058594,8518.5498046875,53.96008565816414,8530.099609375,53.321083560415396,8381.2001953125,53.519883009297516,8402.349609375,6172000.0,155900.0
2015-08-17,54.32929992675781,8477.2998046875,54.35060451704843,8530.599609375,53.70450070024086,8428.0498046875,53.92459938132109,8530.5,13312500.0,174700.0
2015-08-18,54.371891021728516,8466.5498046875,54.44999158395563,8525.75,54.1091886381574,8433.599609375,54.14469086348938,8505.849609375,7646100.0,153300.0
2015-08-19,54.073699951171875,8495.150390625,54.329295427810266,8520.4501953125,53.768399184851724,8425.9501953125,54.180195809404594,8468.0498046875,12455500.0,130500.0
2015-08-20,53.654781341552734,8372.75,53.9955842430148,8501.349609375,53.55538162380929,8359.75,53.77548022497287,8471.0498046875,10035600.0,184100.0
2015-08-21,52.6039924621582,8299.9501953125,53.555396998242394,8322.2001953125,52.54719647634175,8225.0498046875,53.349495976128054,8305.400390625,15775300.0,201300.0
2015-08-24,50.147377014160156,7809.0,51.76618411337488,8060.0498046875,49.976978262566526,7769.39990234375,50.95677785532819,8055.9501953125,30430400.0,312400.0
2015-08-25,48.883567810058594,7880.7001953125,51.297572295579045,7925.39990234375,48.833867956689545,7667.25,51.290470768846966,7895.39990234375,19250300.0,299100.0
2015-08-26,50.10477066040039,7791.85009765625,50.24676869451955,7930.0498046875,49.096570534272125,7777.10009765625,49.366368965849645,7865.25,15152900.0,216600.0
2015-08-27,51.112979888916016,7948.9501953125,51.510584205636505,7963.60009765625,50.2254784754273,7862.2998046875,50.68698029381718,7921.60009765625,12395800.0,305000.0
2015-08-28,51.056190490722656,8001.9501953125,51.16978786950228,8091.7998046875,50.75088974848821,7961.64990234375,50.978089922926905,8053.7001953125,8457300.0,195600.0
2015-08-31,50.0408821105957,7971.2998046875,51.07748311212625,8043.60009765625,50.0408821105957,7947.9501953125,51.02778324961721,8009.25,10548700.0,198200.0
2015-09-01,49.089481353759766,7785.85009765625,49.77108183933776,7929.10009765625,48.769982988197285,7746.5,49.54388167747843,7907.9501953125,12235700.0,184900.0
2015-09-02,49.61488723754883,7717.0,49.728490041858656,7862.5498046875,49.14628921197041,7699.25,49.550989722784436,7856.64990234375,8836800.0,215300.0
2015-09-03,49.71429443359375,7823.0,50.08349818605365,7845.60009765625,49.536794087917436,7754.0498046875,49.56519479325133,7774.4501953125,8479800.0,155800.0
2015-09-04,48.76997756958008,7655.0498046875,49.44447645166212,7804.89990234375,48.47887451682394,7626.85009765625,49.366375896867964,7803.39990234375,11283100.0,193600.0
2015-09-07,,7558.7998046875,,7705.0498046875,,7545.89990234375,,7685.85009765625,,141400.0
2015-09-08,49.508392333984375,7688.25,49.65749195485534,7720.89990234375,48.954586777618,7539.5,48.954586777618,7587.7001953125,11894600.0,172200.0
2015-09-09,48.904884338378906,7818.60009765625,50.10478818890424,7846.0498046875,48.83388529648124,7764.5498046875,49.90598870483891,7805.85009765625,9367600.0,208400.0
2015-09-10,48.96168518066406,7788.10009765625,49.4515877728703,7819.85009765625,48.777083340330186,7678.5,48.777083340330186,7729.0498046875,8826100.0,160300.0
2015-09-11,49.763980865478516,7789.2998046875,49.78528545138207,7864.85009765625,48.86938326518024,7759.89990234375,49.13208023898627,7833.7998046875,8895200.0,136400.0
2015-09-14,49.735599517822266,7872.25,49.920195978999736,7879.9501953125,49.62199669536162,7761.85009765625,49.91309986525649,7811.10009765625,6123800.0,122800.0
2015-09-15,50.15447235107422,7829.10009765625,50.30357191742385,7880.0,49.472872011956774,7799.75,49.7497719804458,7867.35009765625,7419200.0,136500.0
2015-09-16,50.800575256347656,7899.14990234375,50.907071076072995,7913.89990234375,50.118969508838035,7853.2998046875,50.12607103577903,7886.85009765625,6440100.0,140000.0
2015-09-17,51.297576904296875,,52.17088059695908,,50.55207361990528,,50.8076744364465,,23255500.0,
2015-09-18,51.127193450927734,7981.89990234375,51.75199262433519,8055.0,50.60889013551939,7955.85009765625,50.75798975359799,7967.4501953125,15598900.0,241800.0
2015-09-21,51.57448196411133,7977.10009765625,51.79458058235127,7987.89990234375,51.14848236689131,7908.35009765625,51.14848236689131,7911.5,12965300.0,121800.0
2015-09-22,50.89288330078125,7812.0,51.404085002032055,8021.60009765625,50.75088523571334,7787.75,51.29048221647456,8014.7998046875,7487300.0,168400.0
2015-09-23,51.127193450927734,7845.9501953125,51.39699198599189,7882.89990234375,50.793491984184264,7723.25,51.1342895635411,7737.35009765625,6846100.0,146700.0
2015-09-24,50.65858840942383,7868.5,51.24789075052644,7894.5,50.388789882874526,7804.10009765625,51.063288907687614,7838.39990234375,9862500.0,202500.0
2015-09-25,50.91371536254883,,51.28639217467394,,50.619869508365056,,50.87787863518894,,8098200.0,
2015-09-28,49.99634552001953,7795.7001953125,50.79903561670689,7893.9501953125,49.66666844917777,7787.9501953125,50.73453607733002,7892.7998046875,11976500.0,136300.0
2015-09-29,50.347537994384766,7843.2998046875,50.62704702055006,7926.5498046875,49.9031876479056,7691.2001953125,50.010692381334835,7725.7001953125,10142100.0,240700.0
2015-09-30,50.849212646484375,7948.89990234375,50.92088610444551,7957.7001953125,50.39769938808183,7874.5,50.72020807723834,7924.25,9887100.0,210700.0
2015-10-01,51.08573532104492,7950.89990234375,51.15024035652914,8008.25,50.55538549424822,7930.64990234375,50.92806242088192,7992.0498046875,8296500.0,156900.0
2015-10-02,51.53007507324219,,51.53007507324219,,50.5625434843147,,51.272065920472535,,12667900.0,
2015-10-05,52.454612731933594,8119.2998046875,52.52628073383051,8128.89990234375,51.58741733276935,8005.10009765625,51.61608015919367,8005.10009765625,6663000.0,183100.0
2015-10-06,52.32559585571289,8152.89990234375,52.68394124897886,8180.9501953125,52.21809114414975,8096.5,52.46893182585257,8180.4501953125,4900900.0,178500.0
2015-10-07,52.8344612121582,8177.39990234375,52.863129508209276,8188.89990234375,52.34711111512679,8132.89990234375,52.64812002178545,8146.2001953125,6780200.0,193900.0
2015-10-08,53.2716178894043,8129.35009765625,53.357617268846475,8196.75,52.61942676641692,8105.85009765625,52.76993114835652,8196.75,8343400.0,171700.0
2015-10-09,53.21430969238281,8189.7001953125,53.53681847304796,8232.2001953125,52.95630048068322,8139.64990234375,53.47231890408241,8186.35009765625,5761900.0,199700.0
2015-10-12,53.50099182128906,8143.60009765625,53.694496012812266,8244.5,53.113977970323475,8128.2001953125,53.24298258731201,8231.5,5143600.0,199100.0
2015-10-13,53.10679626464844,8131.7001953125,53.52964675224852,8150.25,52.984960120121464,8088.60009765625,53.285968995276754,8121.9501953125,8391100.0,145900.0
2015-10-14,52.76279830932617,8107.89990234375,53.28597972608592,8139.2998046875,52.63379369857793,8096.35009765625,53.19998029753303,8102.39990234375,8572800.0,138900.0
2015-10-15,53.36479949951172,8179.5,53.3934677893742,8190.5498046875,52.79861307754145,8129.7998046875,52.87744950768397,8134.35009765625,5692000.0,167200.0
2015-10-16,53.794803619384766,8238.150390625,53.8736400359095,8246.400390625,53.422126851381144,8147.64990234375,53.443626698084934,8193.650390625,5913700.0,156400.0
2015-10-19,54.43267059326172,8275.0498046875,54.46133888484588,8283.0498046875,53.665811564117206,8239.2001953125,53.77331629057846,8262.5498046875,7806700.0,124500.0
2015-10-20,54.49720001220703,8261.650390625,54.59036790062443,8294.0498046875,54.15318582711515,8229.2001953125,54.15318582711515,8280.2998046875,10961400.0,155100.0
2015-10-21,54.303646087646484,8251.7001953125,54.712159523955755,8294.400390625,54.217646712370126,8217.150390625,54.5043240550942,8258.349609375,5887900.0,144800.0
2015-10-22,54.89851379394531,,55.02034991677425,,54.303659121897894,,54.389663985733115,,8893900.0,
2015-10-23,54.3968391418457,8295.4501953125,55.18519801997615,8328.099609375,54.0671619916427,8280.75,55.17086660819232,8308.25,8063000.0,152000.0
2015-10-26,54.38967514038086,8260.5498046875,54.54017958202147,8336.2998046875,53.98116152223694,8252.0498046875,54.4398432875944,8333.650390625,6239000.0,133900.0
2015-10-27,54.25350570678711,8232.900390625,54.411178599311505,8241.9501953125,53.96683368538092,8217.0498046875,54.23917429288413,8230.349609375,9751800.0,156700.0
2015-10-28,54.46131896972656,8171.2001953125,54.72649646897329,8209.099609375,53.50095615846609,8131.7998046875,54.28214631378254,8188.89990234375,16084400.0,188900.0
2015-10-29,54.403995513916016,8111.75,54.5114947482432,8179.60009765625,54.05281312205956,8098.0,54.23198580315993,8175.4501953125,7657800.0,217500.0
2015-10-30,54.00984191894531,8065.7998046875,54.56169166195636,8146.10009765625,53.94533687640579,8044.39990234375,54.411187186589714,8123.5498046875,9418500.0,199500.0
2015-11-02,55.20671844482422,8050.7998046875,55.21388688734626,8060.7001953125,54.002677093339926,7995.60009765625,54.05284525515513,8054.5498046875,20538100.0,136100.0
2015-11-03,54.66200637817383,8060.7001953125,55.020351787797914,8100.35009765625,54.47567070206956,8031.75,55.00602037729644,8086.35009765625,7607300.0,132500.0
2015-11-04,54.42550277709961,8040.2001953125,54.81251647716297,8116.10009765625,54.28216133193704,8027.2998046875,54.611838453935384,8104.89990234375,7163700.0,122100.0
2015-11-05,54.583194732666016,7955.4501953125,54.626194447302794,8031.2001953125,54.0815077009214,7944.10009765625,54.432684795599364,8030.35009765625,8065900.0,132100.0
2015-11-06,53.02079772949219,7954.2998046875,54.002660810091555,8002.64990234375,52.68395211547831,7926.14990234375,53.73748866384753,7956.5498046875,23851000.0,219500.0
2015-11-09,52.304107666015625,7915.2001953125,52.827288994772125,7937.75,51.9457621928714,7771.7001953125,52.59794811067654,7788.25,13643800.0,211800.0
2015-11-10,52.78427505493164,7783.35009765625,52.89177976147084,7885.10009765625,52.304093562695236,7772.85009765625,52.33992481959729,7877.60009765625,9734500.0,165200.0
2015-11-11,52.84878921508789,,53.092466981834555,,52.66961647727224,,52.79862106721623,,4765400.0,
2015-11-12,52.46894073486328,,52.94195935889102,,52.4044411777237,,52.78428648421511,,6101900.0,
2015-11-13,51.9171028137207,7762.25,52.755630052564065,7775.10009765625,51.90993437200987,7730.89990234375,52.59795714243921,7762.4501953125,11693000.0,160900.0
2015-11-16,52.52627944946289,7806.60009765625,52.54061086232462,7838.85009765625,51.81675695257187,7714.14990234375,51.81675695257187,7732.9501953125,7639900.0,149500.0
2015-11-17,52.554954528808594,7837.5498046875,53.006467909142835,7860.4501953125,52.28977687932546,7793.0,52.45461822206765,7848.75,9096300.0,145000.0
2015-11-18,53.11396026611328,7731.7998046875,53.15695996813686,7843.39990234375,52.404437843137515,7725.0498046875,52.74127795551779,7823.14990234375,8297800.0,143600.0
2015-11-19,53.264469146728516,7842.75,53.47947861066682,7854.89990234375,53.04945968279022,7765.4501953125,53.23580085367556,7788.5,6543000.0,132600.0
2015-11-20,53.80915069580078,7856.5498046875,53.87365024813862,7906.9501953125,53.30746381664271,7817.7998046875,53.31463225620823,7841.89990234375,7804800.0,151900.0
2015-11-23,53.90232467651367,7849.25,54.11733414462484,7877.5,53.723151942393656,7825.2001953125,53.80915682322171,7869.5,5148700.0,127000.0
2015-11-24,53.637142181396484,7831.60009765625,53.97398776576111,7870.35009765625,53.21429719194636,7812.64990234375,53.97398776576111,7837.0,9755400.0,130600.0
2015-11-25,53.816314697265625,,53.952487712029885,,53.637141980119985,,53.68731559012146,,4324400.0,
2015-11-26,,7883.7998046875,,7897.10009765625,,7832.0,,7837.14990234375,,219800.0
2015-11-27,54.24635696411133,7942.7001953125,54.40402989799769,7959.2998046875,53.687338720637705,7879.4501953125,53.687338720637705,7910.60009765625,3255300.0,150300.0
2015-11-30,53.90232467651367,7935.25,54.525847759701755,7966.0,53.744651795621195,7922.7998046875,54.32517517235421,7936.25,12528300.0,216300.0
2015-12-01,54.56884002685547,7954.89990234375,54.61900816685299,7972.14990234375,53.87364903837748,7934.14990234375,54.11015832747317,7958.14990234375,9098100.0,138600.0
2015-12-02,53.53681182861328,7931.35009765625,54.49718054584157,7979.2998046875,53.479480708176595,7910.7998046875,54.3323392213013,7976.7001953125,8035600.0,126300.0
2015-12-03,52.74844741821289,7864.14990234375,53.50814346550687,7912.2998046875,52.60511143007608,7853.2998046875,53.41497015209223,7902.2998046875,14229900.0,125700.0
2015-12-04,53.629981994628906,7781.89990234375,53.79481784154777,7821.39990234375,52.74844977130206,7775.7001953125,52.88462279364888,7817.60009765625,9648400.0,152500.0
2015-12-07,53.48663330078125,7765.39990234375,53.751810869520995,7825.39990234375,53.285960748401756,7746.0498046875,53.55113831714149,7816.5498046875,9785600.0,137600.0
2015-12-08,53.357635498046875,7701.7001953125,53.57981339598126,7771.25,53.10679477578319,7685.4501953125,53.250136237017905,7738.5,9961000.0,135100.0
2015-12-09,53.0279541015625,7612.5,53.64430866582407,7702.85009765625,52.791450278280394,7606.89990234375,53.06379083098684,7695.5,13820000.0,140000.0
2015-12-10,52.72695541381836,7683.2998046875,53.27880506498274,7691.9501953125,52.66961882286359,7610.0,52.97063319141698,7643.2998046875,6709400.0,140800.0
2015-12-11,52.483280181884766,7610.4501953125,52.769952184860244,7703.0498046875,52.175102857559956,7575.2998046875,52.51911144829772,7699.60009765625,10311100.0,167800.0
2015-12-14,52.64810562133789,7650.0498046875,52.83444676074213,7663.9501953125,52.038919533654386,7551.0498046875,52.268260371414655,7558.2001953125,13501300.0,148900.0
2015-12-15,53.2286376953125,7700.89990234375,53.479483917437925,7705.0,52.870292198468576,7625.10009765625,52.970633968069755,7659.14990234375,10914100.0,134300.0
2015-12-16,54.27500915527344,7750.89990234375,54.37534545288441,7776.60009765625,53.3934768629277,7715.75,53.44364501173319,7725.25,15076200.0,154300.0
2015-12-17,54.00984191894531,7844.35009765625,54.39685577042492,7852.89990234375,53.823500701287905,7737.5498046875,54.39685577042492,7783.0498046875,9570800.0,175900.0
2015-12-18,53.32179260253906,7761.9501953125,54.03848334862718,7836.14990234375,53.30029275502306,7753.35009765625,53.85931066210515,7828.89990234375,14399200.0,191400.0
2015-12-21,53.594139099121094,7834.4501953125,53.83064838402638,7840.75,53.293130264469134,7733.4501953125,53.68731240597794,7745.64990234375,9353700.0,126300.0
2015-12-22,53.816314697265625,7786.10009765625,54.110160577984836,7846.2998046875,53.66581027101337,7776.85009765625,53.85215142786171,7829.39990234375,8286600.0,125700.0
2015-12-23,54.42550277709961,7865.9501953125,54.44700262689473,7871.4501953125,53.85214793228342,7826.10009765625,53.88081622131594,7830.4501953125,7034200.0,117900.0
2015-12-24,54.44001770019531,7861.0498046875,54.61422420621694,7888.75,54.15693005118829,7835.5,54.41824257918323,7888.75,3726600.0,93500.0
2015-12-28,54.599708557128906,7925.14990234375,54.6722941388168,7937.2001953125,54.1278939692702,7863.0,54.25855023147838,7863.2001953125,6272800.0,122900.0
2015-12-29,55.15863037109375,7928.9501953125,55.23121596165538,7942.14990234375,54.73763173066605,7902.75,54.79569688036001,7929.2001953125,5219300.0,113000.0
2015-12-30,54.911827087402344,7896.25,55.260240066406716,7944.75,54.853756411593466,7889.85009765625,55.20217492852229,7938.60009765625,4516300.0,106800.0
2015-12-31,54.49809265136719,7946.35009765625,55.057007773525825,7955.5498046875,54.425507062998264,7891.14990234375,54.99168240537142,7897.7998046875,7588400.0,150900.0
2016-01-04,53.96821594238281,7791.2998046875,54.22952853253175,7937.5498046875,53.40204050970219,7781.10009765625,54.22952853253175,7924.5498046875,14761900.0,134700.0
2016-01-05,54.85376739501953,7784.64990234375,55.006198796095994,7831.2001953125,53.88836298360968,7763.25,53.953693891457064,7828.39990234375,11206900.0,145200.0
2016-01-06,54.67229080200195,7741.0,54.75939681746603,7800.9501953125,54.316617596891625,7721.2001953125,54.40371807443114,7788.0498046875,11334600.0,147100.0
2016-01-07,53.452850341796875,7568.2998046875,54.178717408402406,7674.9501953125,53.43833543715231,7556.60009765625,53.88111479081578,7673.35009765625,11830900.0,188900.0
2016-01-08,52.82133865356445,7601.35009765625,53.94643470809009,7634.10009765625,52.726977938110466,7581.0498046875,53.87384911636197,7611.64990234375,10708700.0,157400.0
2016-01-11,53.03184127807617,7563.85009765625,53.31492896520339,7605.10009765625,52.8285994040285,7494.35009765625,53.03184127807617,7527.4501953125,9585300.0,189000.0
2016-01-12,52.66166687011719,7510.2998046875,53.4455992267969,7588.2998046875,52.378579108941445,7487.7998046875,53.36575339283173,7587.2001953125,10253000.0,163900.0
2016-01-13,51.86320495605469,7562.39990234375,53.21331827996328,7590.9501953125,51.76158399945312,7425.7998046875,52.908455410158574,7557.89990234375,11502400.0,215200.0
2016-01-14,51.790618896484375,7536.7998046875,52.2624336411075,7604.7998046875,51.39864997962486,7443.7998046875,51.834174690308814,7467.39990234375,10981100.0,200800.0
2016-01-15,51.202674865722656,7437.7998046875,51.39865658035746,7566.5,50.716345152653645,7427.2998046875,51.16637928919558,7561.64990234375,14280200.0,197500.0
2016-01-18,,7351.0,,7463.64990234375,,7336.39990234375,,7420.35009765625,,233600.0
2016-01-19,51.35509490966797,7435.10009765625,51.877720083156106,7462.75,51.195403269110344,7364.14990234375,51.28976953194506,7381.7998046875,15626800.0,188300.0
2016-01-20,49.99047088623047,7309.2998046875,50.9776506191427,7470.89990234375,48.87263484931731,7241.5,50.81069874372558,7357.0,21693100.0,225600.0
2016-01-21,50.32434844970703,7276.7998046875,51.042955057885244,7398.7001953125,49.859794123417636,7250.0,50.157396642794716,7376.64990234375,13935300.0,240700.0
2016-01-22,51.71803665161133,7422.4501953125,51.93579902110474,7433.39990234375,50.759892194109085,7327.60009765625,50.91958386001398,7355.7001953125,12986400.0,229200.0
2016-01-25,51.20992660522461,7436.14990234375,52.06645001285455,7487.14990234375,51.17363103471023,7421.2001953125,51.5873750641121,7468.75,10029600.0,163200.0
2016-01-26,52.30596923828125,,52.32774436012763,,51.47122669856895,,51.48574160049147,,9312900.0,
2016-01-27,51.49300003051758,7437.75,52.21886693576682,7477.89990234375,51.115546138549966,7419.7001953125,52.21886693576682,7469.60009765625,11347200.0,187600.0
2016-01-28,51.151832580566406,7424.64990234375,51.92850980921425,7468.85009765625,50.94859076939486,7409.60009765625,51.73978289687324,7426.5,13330300.0,274500.0
2016-01-29,52.2624397277832,7563.5498046875,52.26969995058729,7575.64990234375,51.10831350866647,7402.7998046875,51.34059079705064,7413.35009765625,16413000.0,298700.0
2016-02-01,52.26969909667969,7555.9501953125,52.69795809035871,7600.4501953125,51.76884895200051,7541.25,52.04467649684832,7589.5,17044700.0,200400.0
2016-02-02,51.71803665161133,7455.5498046875,52.20436633382924,7576.2998046875,51.47849915275399,7428.0498046875,51.98660950226293,7566.64990234375,10321700.0,230200.0
2016-02-03,51.97207260131836,7361.7998046875,52.17531446159797,7419.39990234375,51.24620565007669,7350.2998046875,52.05917862912049,7392.4501953125,9725600.0,192000.0
2016-02-04,52.03015899658203,7404.0,52.32050697233186,7457.0498046875,51.507533747817746,7365.9501953125,51.69626076274419,7411.4501953125,6837700.0,222700.0
2016-02-05,50.86149978637695,7489.10009765625,51.87045445981176,7503.14990234375,50.83246444221526,7406.64990234375,51.76157330368682,7418.25,11681100.0,249800.0
2016-02-08,49.366214752197266,7387.25,50.63648196441255,7512.5498046875,48.669383117475945,7363.2001953125,50.3025838188956,7489.7001953125,14662000.0,171500.0
2016-02-09,48.56776809692383,7298.2001953125,49.068612607217034,7323.4501953125,48.15401855244605,7275.14990234375,48.74197464233337,7303.9501953125,13482200.0,212100.0
2016-02-10,48.82181930541992,7215.7001953125,49.51139078735119,7271.85009765625,48.70567791928248,7177.75,48.75648839123609,7264.2998046875,9704500.0,246900.0
2016-02-11,48.10320281982422,6976.35009765625,48.42258606642647,7208.64990234375,47.82011513776336,6959.9501953125,48.10320281982422,7203.60009765625,12573300.0,292300.0
2016-02-12,48.727455139160156,6980.9501953125,48.836336308862535,7034.7998046875,48.299196219704136,6869.0,48.545988368964956,7023.64990234375,9710500.0,333900.0
2016-02-15,,7162.9501953125,,7182.7998046875,,7056.7998046875,,7057.35009765625,,354200.0
2016-02-16,49.66381072998047,7048.25,49.700106289245014,7204.64990234375,48.94520406752587,7037.7001953125,49.04682498795683,7201.25,7284800.0,253800.0
2016-02-17,50.11386489868164,7108.4501953125,50.629229871532445,7123.7001953125,49.77270647799519,6960.64990234375,49.903362776600076,7058.85009765625,8160800.0,260000.0
2016-02-18,50.592926025390625,7191.75,50.73084252300322,7215.10009765625,49.9759402032128,7127.85009765625,50.12837160366199,7177.39990234375,7608200.0,246700.0
2016-02-19,50.70180892944336,7210.75,50.955861272294285,7226.85009765625,50.18644402310983,7145.9501953125,50.4042063386539,7170.5498046875,7120900.0,192300.0
2016-02-22,51.289772033691406,7234.5498046875,51.594634887120954,7252.39990234375,51.02845943420137,7200.7001953125,51.03571411790696,7208.85009765625,9057300.0,154400.0
2016-02-23,51.16635513305664,7109.5498046875,51.674465274914574,7241.7001953125,51.050219311268286,7090.7001953125,51.050219311268286,7240.2998046875,4253300.0,194400.0
2016-02-24,51.18814468383789,7018.7001953125,51.318800981385785,7090.7998046875,50.62196924043916,7009.75,50.96312765836568,7075.0,5452000.0,199700.0
2016-02-25,52.117271423339844,6970.60009765625,52.14630124033014,7034.2001953125,51.333333454337165,6961.39990234375,51.45672955929286,7029.85009765625,6773800.0,283100.0
2016-02-26,51.95756530761719,7029.75,52.364049087701666,7052.89990234375,51.89949461391193,6985.10009765625,51.89949461391193,7039.2998046875,6575400.0,206700.0
2016-02-29,51.87044906616211,6987.0498046875,52.52373039705585,7094.60009765625,51.76156792135897,6825.7998046875,51.877709285929,7050.4501953125,8193700.0,473400.0
2016-03-01,53.220558166503906,7222.2998046875,53.278628844638035,7235.5,52.08094741326376,7035.10009765625,52.0882076325117,7038.25,15292900.0,275100.0
2016-03-02,53.62704086303711,7368.85009765625,53.62704086303711,7380.35009765625,52.81407353563189,7308.14990234375,52.82132821682331,7321.7001953125,6681000.0,338500.0
2016-03-03,53.89563751220703,7475.60009765625,53.93193308597192,7483.9501953125,53.402047613810474,7406.0498046875,53.64884533197227,7429.5498046875,6396600.0,278600.0
2016-03-04,54.040794372558594,7485.35009765625,54.13516062410301,7505.89990234375,53.64157085685522,7444.10009765625,53.72867135006476,7505.39990234375,5268100.0,281700.0
2016-03-07,54.14240646362305,,54.27306272002311,,53.68511233518515,,53.77947303339227,,8084200.0,
2016-03-08,53.583499908447266,7485.2998046875,54.461798284227505,7527.14990234375,53.503654098110374,7442.14990234375,54.461798284227505,7486.39990234375,7102900.0,257000.0
2016-03-09,53.8012809753418,7531.7998046875,54.07710852854491,7539.0,53.598033499482824,7424.2998046875,53.6706246526819,7436.10009765625,3474800.0,245100.0
2016-03-10,53.66334915161133,7486.14990234375,54.30937035808063,7547.10009765625,53.06813841515897,7447.39990234375,54.13516382344054,7545.35009765625,8688600.0,224700.0
2016-03-11,54.933616638183594,7510.2001953125,54.948131541986854,7543.9501953125,54.07709332771748,7460.60009765625,54.236784959182906,7484.85009765625,9317600.0,198700.0
2016-03-14,54.86102294921875,7538.75,54.926348313584306,7583.7001953125,54.548899953202536,7515.0498046875,54.752141804017725,7542.60009765625,5224000.0,166900.0
2016-03-15,54.84650421142578,7460.60009765625,54.962645580023896,7545.2001953125,54.48357074144456,7452.7998046875,54.57793698791185,7535.85009765625,7123500.0,193700.0
2016-03-16,55.54335403442383,7498.75,55.61594518257928,7508.0,54.52714441537244,7405.14990234375,54.752161468458524,7457.0498046875,8958600.0,195400.0
2016-03-17,56.32001495361328,7512.5498046875,56.45067122836045,7585.2998046875,55.4344619113552,7479.39990234375,55.66673911780289,7557.39990234375,9731000.0,239600.0
2016-03-18,56.10224914550781,7604.35009765625,56.566803483529775,7613.60009765625,56.08047402621374,7517.89990234375,56.48695768750183,7534.64990234375,7792700.0,237400.0
2016-03-21,55.73933029174805,7704.25,56.218399655208586,7713.5498046875,55.644969570835244,7617.7001953125,55.891761704573035,7619.2001953125,7313800.0,196800.0
2016-03-22,55.75383758544922,7714.89990234375,55.88449385545426,7728.2001953125,55.40542455738595,7643.7998046875,55.557855949404285,7695.5498046875,9185800.0,208900.0
2016-03-23,55.36088562011719,7716.5,55.83832009597938,7726.85009765625,55.353538836255794,7670.60009765625,55.77221585308921,7717.4501953125,5198900.0,199600.0
2016-03-24,55.404937744140625,,55.441666047977954,,54.88342833257424,,55.15519760674197,,5752000.0,
2016-03-28,55.83097457885742,7615.10009765625,55.97787662094849,7749.39990234375,55.36088131942158,7587.7001953125,55.51513014480331,7741.0,6314800.0,242400.0
2016-03-29,56.94009780883789,7597.0,56.96213815868011,7652.89990234375,55.69141364088916,7582.25,56.102743841351575,7606.5498046875,9814900.0,216800.0
2016-03-30,56.851959228515625,7735.2001953125,57.21921993980584,7741.9501953125,56.80788413247227,7643.4501953125,57.14576891833855,7651.10009765625,5648100.0,232600.0
2016-03-31,57.189842224121094,7738.39990234375,57.26329325048646,7777.60009765625,56.749130461974815,7702.0,56.80054674082598,7727.64990234375,5861100.0,380100.0
2016-04-01,57.22655487060547,7713.0498046875,57.32204061834096,7740.14990234375,56.78583762517381,7666.10009765625,56.93274524163522,7718.0498046875,11121200.0,183900.0
2016-04-04,57.1457633972168,7758.7998046875,57.366116440329336,7764.4501953125,56.95478627669004,7704.39990234375,57.24859593812662,7733.14990234375,6863400.0,155500.0
2016-04-05,56.82258605957031,7603.2001953125,57.0209044071064,7736.2998046875,56.653643641780306,7588.64990234375,56.83727402444335,7736.2998046875,10308600.0,203800.0
2016-04-06,56.96211624145508,7614.35009765625,57.02087367323193,7638.64990234375,56.4920231635311,7591.75,56.771139177313614,7636.0498046875,5611900.0,165600.0
2016-04-07,56.653656005859375,7546.4501953125,56.96215937506645,7630.75,56.37453978072092,7535.85009765625,56.76383538029363,7630.39990234375,7933200.0,234400.0
2016-04-08,56.9768180847168,7555.2001953125,57.19717672042793,7569.35009765625,56.85195080632517,7526.7001953125,56.88133233135018,7542.35009765625,6670700.0,143400.0
2016-04-11,56.90338134765625,7671.39990234375,57.277988880749795,7678.7998046875,56.88134659934856,7516.85009765625,57.050283405677014,7577.7998046875,7993500.0,179800.0
2016-04-12,57.292686462402344,7708.9501953125,57.402865826390325,7717.39990234375,56.881356147732824,7663.35009765625,57.0356050157339,7669.25,8600300.0,163400.0
2016-04-13,57.160465240478516,7850.4501953125,57.49834447180419,7864.7998046875,56.95480010871111,7772.2001953125,57.43958140445506,7777.14990234375,7197600.0,220400.0
2016-04-14,56.793209075927734,,57.13108833462282,,56.69037650171423,,57.02090897540692,,5550200.0,
2016-04-15,57.16779708862305,,57.30735233217237,,56.749120150068926,,56.92540370210406,,6525900.0,
2016-04-18,57.41020584106445,7914.7001953125,57.43958177097192,7920.60009765625,57.00621675540456,7842.75,57.10170253749027,7908.14990234375,6580800.0,184600.0
2016-04-19,57.46894073486328,,57.5570853018321,,57.23389416023213,,57.51301582032388,,5342000.0,
2016-04-20,56.66097640991211,7914.75,57.48364233816252,7950.39990234375,56.61690692223994,7877.5498046875,57.263283691895374,7950.0498046875,11451500.0,205300.0
2016-04-21,55.698768615722656,7912.0498046875,56.719753087706636,7978.4501953125,55.544519767864045,7884.10009765625,56.455324890247745,7953.64990234375,12773600.0,223700.0
2016-04-22,56.293724060058594,7899.2998046875,56.4039033994853,7923.35009765625,55.82363077552836,7873.35009765625,55.96319164573246,7891.7998046875,6374100.0,183300.0
2016-04-25,56.64629364013672,7855.0498046875,56.660981602722494,7911.0,56.06602104880927,7827.0,56.06602104880927,7894.7998046875,5130500.0,146300.0
2016-04-26,56.851959228515625,7962.64990234375,57.14576891833855,7974.5,56.668328872870525,7822.5498046875,56.77850820704833,7828.14990234375,6329600.0,202400.0
2016-04-27,56.83725357055664,7979.89990234375,56.969467622652665,7991.0,56.27902144299791,7940.5498046875,56.82256561096932,7942.0,7181800.0,206800.0
2016-04-28,56.70503616333008,7847.25,57.05760881604258,7992.0,56.447954856118976,7834.4501953125,56.447954856118976,7967.39990234375,6160000.0,292500.0
2016-04-29,56.23495101928711,7849.7998046875,56.56548897891137,7889.0498046875,55.69140680624545,7788.7001953125,56.24964458404534,7844.25,11074600.0,243700.0
2016-05-02,56.98418045043945,7805.89990234375,57.123735727531354,7829.7998046875,55.97053717371041,7777.2998046875,56.01461227527761,7822.7001953125,10588200.0,146300.0
2016-05-03,56.859310150146484,7747.0,56.918067609224536,7890.25,56.455321096742885,7735.14990234375,56.84461658241137,7824.7998046875,5919500.0,186500.0
2016-05-04,57.62321853637695,7706.5498046875,57.740744684841076,7749.0,56.477366608627754,7697.25,56.477366608627754,7724.14990234375,10523700.0,199700.0
2016-05-05,57.84355926513672,7735.5,57.91701028309541,7777.5498046875,57.47629857138982,7706.85009765625,57.483645354371724,7731.0,6963000.0,185100.0
2016-05-06,58.40913009643555,7733.4501953125,58.43117044229786,7738.89990234375,57.5203600143798,7678.35009765625,57.77010016524529,7717.64990234375,9213600.0,163600.0
2016-05-09,58.879234313964844,7866.0498046875,58.98206685501198,7873.64990234375,58.46055176319026,7753.5498046875,58.51931481634668,7755.25,8998700.0,160600.0
2016-05-10,58.98942565917969,7887.7998046875,59.15102130166651,7896.89990234375,58.747037799404325,7837.7001953125,59.12898655113737,7873.5498046875,7216700.0,162000.0
2016-05-11,57.93905258178711,7848.85009765625,58.93800224733121,7893.10009765625,57.75542221097318,7780.89990234375,58.915967499466205,7804.64990234375,11123200.0,214100.0
2016-05-12,58.225521087646484,7900.39990234375,58.416498260688215,7916.0498046875,57.61587245716916,7849.64990234375,57.990474414654635,7871.4501953125,6421300.0,152700.0
2016-05-13,57.75541687011719,7814.89990234375,58.06392012356134,7881.0,57.43223125805969,7784.2001953125,58.01984502795294,7881.0,7285200.0,179500.0
2016-05-16,58.210819244384766,7860.75,58.409137550834345,7873.89990234375,57.62319990002098,7772.14990234375,57.70399769996983,7831.2001953125,6116200.0,205200.0
2016-05-17,57.329410552978516,7890.75,58.049238550512285,7940.10009765625,56.99887248541499,7879.7001953125,58.00516904975242,7896.85009765625,12037900.0,183400.0
2016-05-18,56.52875518798828,7870.14990234375,57.18247865749708,7882.0498046875,55.87503171847948,7810.75,57.035576647881435,7846.75,13805000.0,156400.0
2016-05-19,55.91910934448242,7783.39990234375,56.234953754712,7876.2001953125,55.62530528246229,7766.7998046875,56.19088426619964,7875.5,9722400.0,170400.0
2016-05-20,56.36716842651367,7749.7001953125,56.44061944280356,7812.39990234375,55.89707519751436,7735.75,55.89707519751436,7792.2001953125,8651100.0,157000.0
2016-05-23,56.418582916259766,7731.0498046875,56.61690681832683,7820.60009765625,56.27168088832007,7722.2001953125,56.4626580078042,7813.9501953125,7270900.0,172000.0
2016-05-24,57.0943603515625,7748.85009765625,57.11639510058236,7761.5498046875,56.69771805734161,7715.7998046875,56.69771805734161,7738.0498046875,8501300.0,147000.0
2016-05-25,57.1824951171875,7934.89990234375,57.28532767430877,7941.2001953125,56.646297584191444,7809.2998046875,57.27063971070033,7811.7998046875,6782800.0,176200.0
2016-05-26,57.21920394897461,8069.64990234375,57.395487472021586,8083.0,56.93274112254121,7948.5,56.991498560922096,7974.4501953125,7101200.0,264300.0
2016-05-27,57.46894073486328,8156.64990234375,57.71868087263209,8164.2001953125,57.21920620104685,8077.0498046875,57.248587723369795,8081.9501953125,5950900.0,260900.0
2016-05-30,,8178.5,,8200.0,,8150.7998046875,,8166.5,,247400.0
2016-05-31,57.476287841796875,8160.10009765625,57.659918154390475,8213.599609375,57.13840873909894,8134.2998046875,57.4836346234073,8209.849609375,9922800.0,471000.0
2016-06-01,57.51304626464844,8179.9501953125,57.6158788452366,8215.349609375,57.1164039092561,8171.0498046875,57.27065278013834,8179.2001953125,13566800.0,194400.0
2016-06-02,57.821533203125,8218.9501953125,57.828879987210165,8229.5,57.24126054739173,8154.75,57.49099516674428,8156.89990234375,6953900.0,181700.0
2016-06-03,57.99781799316406,8220.7998046875,58.57809066090017,8262.0,57.292678013168825,8209.849609375,58.46791131316089,8246.2001953125,10328700.0,379000.0
2016-06-06,57.63787841796875,8201.0498046875,58.18876930800319,8234.7001953125,57.402831862378804,8186.0498046875,58.08593679017958,8228.75,11093200.0,171600.0
2016-06-07,57.9904670715332,8266.4501953125,58.18144422039219,8294.9501953125,57.7260388974066,8216.400390625,57.7260388974066,8235.5498046875,5535500.0,241900.0
2016-06-08,58.29896926879883,8273.0498046875,58.3283507991548,8288.900390625,57.79949446065509,8252.0498046875,57.85091073778957,8285.5,5825100.0,174300.0
2016-06-09,58.387107849121094,8203.599609375,58.44587090942363,8273.349609375,58.078610188463585,8184.60009765625,58.188789525542376,8273.349609375,5074600.0,174900.0
2016-06-10,58.10063171386719,8170.0498046875,58.32099033788056,8265.599609375,57.97576444210416,8162.85009765625,58.247539331193636,8180.25,7315500.0,182200.0
2016-06-13,58.05658721923828,8110.60009765625,58.51199262303599,8125.25,57.95375464482509,8063.89990234375,58.05658721923828,8102.25,6856200.0,169700.0
2016-06-14,57.740726470947266,8108.85009765625,58.14471547391329,8134.9501953125,57.593824435661496,8069.5,57.99046105172376,8134.39990234375,5850100.0,145500.0
2016-06-15,58.26959991455078,8206.599609375,58.48995303233506,8213.2001953125,57.784812968306234,8123.14990234375,57.81419450480182,8139.39990234375,6816000.0,169800.0
2016-06-16,58.56339645385742,8140.75,58.60011916321981,8180.64990234375,57.894979258388446,8074.4501953125,58.122679109878234,8180.64990234375,6448500.0,189200.0
2016-06-17,58.475250244140625,8170.2001953125,58.57808279383231,8195.25,58.06392004537387,8135.7998046875,58.511978556439225,8176.64990234375,9294500.0,166600.0
2016-06-20,58.585426330566406,8238.5,59.23180312194566,8244.150390625,58.5340100585698,8107.35009765625,58.68091209171629,8115.75,10090800.0,168600.0
2016-06-21,58.82631301879883,8219.900390625,58.996777932406026,8257.25,58.61137432606602,8202.150390625,58.77443165535605,8255.400390625,6669500.0,137000.0
2016-06-22,58.79667663574219,8203.7001953125,58.967141581003574,8238.349609375,58.62620603583523,8153.25,58.893026141557506,8213.650390625,6439100.0,136100.0
2016-06-23,59.189483642578125,8270.4501953125,59.29324637135643,8285.599609375,58.93748440508466,8188.2998046875,58.93748440508466,8201.150390625,4847800.0,154100.0
2016-06-24,58.47054672241211,8088.60009765625,59.10794951437438,8100.7001953125,57.69232067384484,7927.0498046875,58.32972346580711,8029.10009765625,14430400.0,297600.0
2016-06-27,58.35934829711914,8094.7001953125,58.440876924329785,8120.64990234375,57.566301731686224,8039.35009765625,58.27781966990849,8039.35009765625,10629600.0,162500.0
2016-06-28,59.626773834228516,8127.85009765625,59.63418707397366,8146.35009765625,58.55949915137769,8086.85009765625,58.774437866825906,8096.0498046875,10328500.0,170400.0
2016-06-29,60.390174865722656,8204.0,60.479111117703916,8212.400390625,59.9010028612469,8157.64990234375,59.9010028612469,8173.10009765625,11383600.0,147000.0
2016-06-30,61.06463623046875,8287.75,61.06463623046875,8308.150390625,60.0566505142464,8242.099609375,60.47911470011569,8260.25,10251600.0,279400.0
2016-07-01,61.02017593383789,8328.349609375,61.47969506765906,8356.75,60.84970532782161,8308.650390625,61.309230116288546,8313.0498046875,12802500.0,165500.0
2016-07-04,,8370.7001953125,,8398.4501953125,,8364.7001953125,,8376.75,,154200.0
2016-07-05,61.48709487915039,8335.9501953125,61.664973032275306,8381.4501953125,60.95345476513111,8319.9501953125,60.99792854439574,8379.2998046875,9271300.0,139000.0
2016-07-06,61.264747619628906,,61.49450713267685,,60.923806487523365,,61.368510345176006,,9176100.0,
2016-07-07,60.723690032958984,8337.900390625,61.16838820489925,8361.9501953125,60.47169082091826,8317.7001953125,61.146154144498844,8342.0,8439900.0,155500.0
2016-07-08,61.620487213134766,8323.2001953125,61.69460261776729,8353.2998046875,60.98308455493779,8287.5498046875,61.06461319642644,8350.0,6783200.0,137900.0
2016-07-11,62.065216064453125,8467.900390625,62.15415798689093,8475.25,61.368524129950295,8407.0498046875,61.798395951785416,8413.349609375,7621300.0,149800.0
2016-07-12,62.13932418823242,8521.0498046875,62.17638473187864,8526.599609375,61.65757104870179,8479.2001953125,61.74650730602065,8502.599609375,10153600.0,183600.0
2016-07-13,62.398719787597656,8519.5,62.40612737060497,8550.25,61.9984897741054,8493.5498046875,62.257896545449405,8540.4501953125,8052000.0,195500.0
2016-07-14,61.939212799072266,8565.0,62.3246164468802,8571.400390625,61.813215996389395,8500.7001953125,62.19861964419733,8515.75,8967100.0,153900.0
2016-07-15,61.99109649658203,8541.400390625,62.03556462751801,8594.7998046875,61.56863228875417,8510.0498046875,61.63534013980349,8565.4501953125,8375800.0,221700.0
2016-07-18,62.146728515625,8508.7001953125,62.15414175422015,8587.099609375,61.90955577237848,8494.349609375,61.983671194397225,8564.0498046875,4564400.0,164300.0
2016-07-19,62.428401947021484,8528.5498046875,62.428401947021484,8540.0498046875,61.857701076710306,8476.7001953125,62.183815859745266,8514.2998046875,6164200.0,167900.0
2016-07-20,62.41353988647461,8565.849609375,62.46542124014343,8569.900390625,62.20601447179933,8512.5498046875,62.42095312403971,8515.4501953125,5427200.0,160300.0
2016-07-21,62.50249481201172,8510.099609375,62.56178941561513,8585.25,62.05038335516384,8503.4501953125,62.2430879895526,8582.7001953125,6274800.0,150000.0
2016-07-22,63.021324157714844,8541.2001953125,63.199202358196025,8548.9501953125,62.324626528414974,8489.7998046875,62.324626528414974,8519.650390625,6486700.0,143200.0
2016-07-25,62.96200180053711,8635.650390625,63.43634722927136,8641.150390625,62.69518179004364,8517.2001953125,63.07317774734997,8519.9501953125,3462900.0,150000.0
2016-07-26,62.672950744628906,8590.650390625,62.999065363053084,8644.900390625,62.50248585201177,8577.150390625,62.873068589441495,8633.75,3788700.0,154800.0
2016-07-27,62.228275299072266,8615.7998046875,62.598858171735614,8665.0,61.716869125310154,8572.0498046875,62.51732948737801,8599.400390625,6644900.0,184100.0
2016-07-28,62.68777847290039,8666.2998046875,62.88789066706636,8674.7001953125,61.96143380498629,8625.25,62.18378571374308,8636.9501953125,5188800.0,233500.0
2016-07-29,63.29554748535156,8638.5,63.59201487555189,8670.349609375,62.56179507695573,8631.150390625,62.828609508026375,8668.2998046875,8250700.0,157000.0
2016-08-01,63.51789474487305,8636.5498046875,63.584602594630525,8711.2998046875,63.236253829990396,8590.5,63.36966387486012,8654.2998046875,6392100.0,188400.0
2016-08-02,62.554351806640625,8622.900390625,63.547510584183044,8687.2001953125,62.48023640833249,8611.400390625,63.325164389258624,8647.4501953125,9270700.0,169400.0
2016-08-03,62.28755187988281,8544.849609375,62.67295546781137,8635.4501953125,61.983671298060244,8529.599609375,62.55437192331191,8635.2001953125,6842100.0,163000.0
2016-08-04,62.13932418823242,8551.099609375,62.413557509137355,8601.400390625,61.954032779291396,8518.150390625,62.20603203586661,8599.9501953125,6382100.0,164700.0
2016-08-05,62.22084426879883,8683.150390625,62.33943346837537,8689.400390625,61.90955610187682,8590.150390625,62.109673962501155,8600.2001953125,8833000.0,157900.0
2016-08-08,62.28013610839844,8711.349609375,62.5469561409762,8723.5,62.06519743467501,8697.599609375,62.16155256872165,8712.849609375,6819900.0,172600.0
2016-08-09,62.50990676879883,8678.25,62.51732000842894,8728.349609375,61.92439089485572,8638.2001953125,62.22826586394993,8727.7998046875,5204300.0,200100.0
2016-08-10,62.428401947021484,8575.2998046875,62.79898487150787,8690.099609375,62.27275214264812,8564.599609375,62.420988705230684,8686.7001953125,6626300.0,173600.0
2016-08-11,61.83542251586914,8592.150390625,62.495059194479616,8601.150390625,61.57601578629917,8540.0498046875,62.45799866683707,8572.7998046875,7592300.0,189200.0
2016-08-12,62.00590515136719,,62.539539533127225,,61.924376498325294,,62.22825139677294,,6637800.0,
2016-08-15,61.961421966552734,,62.31718382166247,,61.89471979945626,,61.89471979945626,,5101600.0,
2016-08-16,61.2350959777832,8642.5498046875,61.8799063473082,8682.349609375,61.15356731996951,8600.4501953125,61.805790927835034,8670.25,6807700.0,224800.0
2016-08-17,61.41297149658203,8624.0498046875,61.50191338894346,8667.099609375,60.738508202456416,8603.599609375,61.36109013969881,8639.7998046875,10686600.0,174100.0
2016-08-18,61.2350959777832,8673.25,61.62049955183009,8690.7001953125,60.93121540690597,8645.0498046875,61.464855474543235,8648.849609375,5918300.0,164300.0
2016-08-19,60.790401458740234,8666.900390625,61.168397506962286,8696.599609375,60.62734977279347,8647.099609375,60.88675660798708,8694.2998046875,6538000.0,191900.0
2016-08-22,61.1016731262207,8629.150390625,61.153554474418435,8684.849609375,60.79037938239144,8614.0,60.916381789136956,8667.0,6701200.0,152300.0
2016-08-23,61.2350959777832,8632.599609375,61.509323595298326,8642.150390625,61.1980354407246,8580.0,61.48708953492078,8628.349609375,4882500.0,187500.0
2016-08-24,60.938655853271484,8650.2998046875,61.30923877074003,8661.0498046875,60.71630384093173,8620.900390625,61.24994414682989,8648.5,4554400.0,149600.0
2016-08-25,61.160972595214844,8592.2001953125,61.56120263083657,8683.0498046875,60.85709769045106,8583.650390625,60.85709769045106,8668.849609375,5365800.0,213100.0
2016-08-26,60.59027862548828,8572.5498046875,61.66496632090237,8622.9501953125,60.21228264342347,8547.5498046875,61.21285492098899,8614.349609375,11479500.0,147500.0
2016-08-29,61.160972595214844,8607.4501953125,61.353677202286896,8622.0,60.71627444051643,8543.75,61.24991448801206,8583.75,4256900.0,129700.0
2016-08-30,61.05721664428711,8744.349609375,61.301802635589524,8750.599609375,60.62734491809298,8642.25,61.22027397182205,8646.75,5068800.0,150200.0
2016-08-31,61.17580795288086,8786.2001953125,61.32403880775264,8819.2001953125,60.83487246296004,8754.0498046875,61.05721874526772,8754.0498046875,6967000.0,362200.0
2016-09-01,61.07202911376953,8774.650390625,61.24990722362335,8813.25,60.73850129632007,8759.9501953125,61.131323701935194,8793.599609375,9000400.0,238900.0
2016-09-02,61.56119918823242,8809.650390625,62.183781093709456,8824.099609375,61.24991106281566,8768.2001953125,61.27214512111064,8796.349609375,7591700.0,191500.0
2016-09-06,61.99851608276367,8943.0,62.04298421825139,8950.849609375,61.35369984496208,8848.4501953125,61.63534644877345,8852.7001953125,9714000.0,195600.0
2016-09-07,62.35426330566406,8917.9501953125,62.42838439343735,8968.7001953125,61.79098149017368,8913.349609375,62.087443222686474,8968.7001953125,7966300.0,290100.0
2016-09-08,61.64274597167969,8952.5,62.250501580646116,8960.349609375,61.62051190684417,8896.0,62.131918016641656,8915.5,6694900.0,217200.0
2016-09-09,59.189483642578125,8866.7001953125,60.85710619677253,8939.150390625,59.189483642578125,8858.7001953125,60.67181480186204,8934.2998046875,17349400.0,175900.0
2016-09-12,59.90841293334961,8715.599609375,60.17523298447713,8746.9501953125,58.93007463076352,8699.400390625,58.93007463076352,8732.9501953125,13320200.0,184500.0
2016-09-13,58.44830322265625,,59.64899319248784,,58.30747998879363,,59.54522483541216,,14340900.0,
2016-09-14,58.62617874145508,8726.599609375,58.996761420800105,8739.849609375,58.41865334576473,8688.900390625,58.574297392532486,8710.650390625,7384300.0,184300.0
2016-09-15,58.893001556396484,8742.5498046875,59.01159073372102,8751.9501953125,58.31489345354735,8704.349609375,58.59653426772833,8743.849609375,7345700.0,145400.0
2016-09-16,58.833717346191406,8779.849609375,58.922659244874446,8847.650390625,58.47796106074763,8750.5,58.715133802591545,8780.849609375,10133700.0,265800.0
2016-09-19,59.38957214355469,8808.400390625,59.448866723361206,8824.2998046875,58.99675544796064,8774.2001953125,59.033815974000305,8788.4501953125,6199200.0,131700.0
2016-09-20,59.29323959350586,8775.900390625,59.84911371469497,8816.4501953125,59.27100553340133,8759.2998046875,59.84911371469497,8816.099609375,7847700.0,136500.0
2016-09-21,59.97511672973633,8777.150390625,60.12335323692457,8826.849609375,58.64842967728546,8757.2998046875,59.389595249293016,8790.2998046875,12499400.0,148800.0
2016-09-22,61.13874053955078,8867.4501953125,61.18321431472897,8893.349609375,60.523577471799996,8837.7998046875,60.560632354030474,8873.349609375,10324100.0,172800.0
2016-09-23,61.29438781738281,8831.5498046875,62.52472532643118,8885.2001953125,60.508754155478485,8820.2998046875,61.034981009645,8880.75,9020800.0,185900.0
2016-09-26,61.366146087646484,8723.0498046875,61.523111187957454,8809.5498046875,60.93262017099469,8715.099609375,61.14191267404693,8807.900390625,5762100.0,164000.0
2016-09-27,60.88777160644531,8706.400390625,61.575429831570034,8768.5,60.753229283908965,8690.5,61.52310813406353,8748.900390625,6379700.0,151400.0
2016-09-28,61.22410583496094,8745.150390625,61.31379687910582,8767.0498046875,60.738258436180935,8703.150390625,60.99986681932861,8711.2001953125,4672900.0,165500.0
2016-09-29,60.56635665893555,8591.25,61.19422264244723,8800.650390625,60.33464713184636,8558.25,61.04472802606992,8792.7001953125,7136000.0,372900.0
2016-09-30,60.274845123291016,8611.150390625,61.1194682626143,8637.150390625,60.222523436830926,8555.2001953125,60.92513382869745,8581.5,9896500.0,181700.0
2016-10-03,59.18358612060547,8738.099609375,60.050632405489765,8745.2001953125,59.108841636111094,8635.0,59.968417464392985,8666.150390625,15512600.0,137300.0
2016-10-04,58.331451416015625,8769.150390625,59.235872251245226,8783.650390625,58.0399441097282,8736.099609375,59.235872251245226,8770.0,11730800.0,184300.0
2016-10-05,57.20283126831055,8743.9501953125,58.74258946296568,8806.9501953125,57.180408491128446,8731.400390625,58.48845705138302,8806.349609375,15890000.0,157200.0
2016-10-06,57.30000686645508,8709.5498046875,57.68868166158773,8781.150390625,56.50769925298405,8684.650390625,57.0682915187927,8768.7001953125,13203300.0,163600.0
2016-10-07,57.2177619934082,8697.599609375,58.1595524954464,8723.7001953125,56.91130228054394,8663.7998046875,57.66623447570787,8721.7001953125,10976900.0,150400.0
2016-10-10,57.55412292480469,8708.7998046875,57.7634097321092,8745.7998046875,57.26261548568229,8703.9501953125,57.26261548568229,8735.349609375,5210400.0,108400.0
2016-10-11,56.97858810424805,,57.569073478424386,,56.851516217427005,,57.42706067954163,,8292700.0,
2016-10-12,57.74846649169922,,57.80078819658162,,56.85899180606026,,57.15797542080461,,4880700.0,
2016-10-13,58.069862365722656,8573.349609375,58.21935129470998,8681.5498046875,57.35230524183672,8541.349609375,57.5840147925582,8671.5,9980300.0,212300.0
2016-10-14,57.875526428222656,8583.400390625,58.518339134622224,8604.4501953125,57.7858296426887,8549.7998046875,57.94279474039499,8594.0,9223800.0,162800.0
2016-10-17,57.950260162353516,8520.400390625,58.323988145552114,8615.400390625,57.927837395783435,8506.150390625,58.00258185189586,8612.9501953125,5460800.0,197400.0
2016-10-18,58.34641647338867,8677.900390625,58.67529895479442,8685.099609375,58.144605852385965,8555.900390625,58.28662432438154,8556.0498046875,4949300.0,216600.0
2016-10-19,58.59307861328125,8659.099609375,58.59307861328125,8698.75,58.06238550834729,8636.7001953125,58.37631567701746,8697.5,4842900.0,172100.0
2016-10-20,58.36885070800781,8699.400390625,58.75005495882626,8727.0,58.0549204791635,8678.2998046875,58.49592259337271,8693.349609375,3795600.0,161000.0
2016-10-21,58.294090270996094,8693.0498046875,58.368834728452796,8709.099609375,57.875516747129296,8652.0498046875,58.01753520814263,8708.599609375,4456500.0,157300.0
2016-10-24,58.45105743408203,8708.9501953125,58.989226671246854,8736.9501953125,58.21934789688369,8684.150390625,58.480956358661935,8709.849609375,5336500.0,157100.0
2016-10-25,58.33894729614258,8691.2998046875,58.42863837293541,8722.650390625,58.09976158696647,8663.4501953125,58.33147113886413,8721.7001953125,3609000.0,189800.0
2016-10-26,57.658756256103516,8615.25,58.15955041504717,8657.2998046875,57.30745101836677,8596.599609375,58.04743657546039,8657.2998046875,8385500.0,219300.0
2016-10-27,56.33577346801758,8615.25,57.554124969619586,8624.849609375,56.18627881274745,8550.25,57.546648811196576,8607.099609375,12575200.0,242800.0
2016-10-28,56.4478874206543,8638.0,56.8963656845376,8653.75,56.25355292245208,8581.75,56.33577355732148,8625.0,7028400.0,175500.0
2016-10-31,57.2850341796875,,57.337355877789115,,56.45535746504949,,56.76928765365917,,9920800.0,
2016-11-01,56.0218391418457,8626.25,57.03838001613741,8669.599609375,55.86487402631159,8614.5,56.98605831095937,8653.150390625,13173300.0,165000.0
2016-11-02,55.304264068603516,8514.0,56.06667233004375,8549.5,55.22951961423236,8504.849609375,55.969499406988554,8542.7998046875,11959300.0,155300.0
2016-11-03,54.98286056518555,8484.9501953125,55.42386256277678,8537.650390625,54.89316949645532,8476.150390625,55.33416579140994,8499.849609375,8040500.0,170500.0
2016-11-04,55.27437210083008,8433.75,55.4836645830929,8504.0,54.83337577270963,8400.25,54.97539424572871,8503.599609375,9855600.0,224800.0
2016-11-07,56.17879104614258,8497.0498046875,56.25353549942703,8535.849609375,55.7826346087261,8481.4501953125,55.79758692096473,8535.75,12150900.0,172800.0
2016-11-08,56.52263259887695,8543.5498046875,56.67959769629339,8559.400390625,56.00688606262473,8480.099609375,56.16385116004117,8540.0,6871400.0,195700.0
2016-11-09,55.4761848449707,8432.0,55.9470800687327,8476.2001953125,54.60166269971126,8002.25,55.23699915474667,8067.5,18535400.0,314300.0
2016-11-10,54.46712875366211,8525.75,55.43881827445541,8598.4501953125,53.8990605136885,8510.7001953125,55.33417487533363,8555.599609375,26429700.0,263100.0
2016-11-11,54.75862503051758,8296.2998046875,55.326687452187926,8460.599609375,54.34004581662168,8284.9501953125,54.40731981815204,8456.650390625,10174200.0,266900.0
2016-11-14,55.68546676635742,,55.88727735822994,,54.20550151629297,,54.56428287173278,,19173600.0,
2016-11-15,55.48366165161133,8108.4501953125,56.33576103943103,8288.5498046875,55.117404103980405,8093.2001953125,55.976979648573746,8284.849609375,10743900.0,359200.0
2016-11-16,55.364078521728516,8111.60009765625,55.67053829001181,8210.0498046875,55.02024936636743,8089.39990234375,55.3865012945028,8205.650390625,7474500.0,269500.0
2016-11-17,54.908119201660156,8079.9501953125,55.73779584999518,8151.25,54.88569643321385,8060.2998046875,55.29679953018596,8105.10009765625,10301400.0,191300.0
2016-11-18,55.072566986083984,8074.10009765625,55.266907173445134,8128.9501953125,54.78105955636107,8048.2998046875,55.0426680570563,8097.5498046875,6874900.0,161200.0
2016-11-21,55.08003234863281,7929.10009765625,55.692946016978794,8102.4501953125,54.99781173558084,7916.39990234375,55.31921803133767,8102.10009765625,8475000.0,218800.0
2016-11-22,56.0218391418457,8002.2998046875,56.05173807375289,8019.0498046875,55.20711463226797,7938.14990234375,55.25196017880966,7989.14990234375,7707100.0,210200.0
2016-11-23,55.715370178222656,8033.2998046875,55.81253740397226,8055.2001953125,55.296796648671595,7973.10009765625,55.34911833986548,8051.2001953125,8504000.0,181000.0
2016-11-24,,7965.5,,8024.85009765625,,7952.5498046875,,8011.7998046875,,260500.0
2016-11-25,55.9994010925293,8114.2998046875,56.283438016846226,8122.25,55.73031648140622,7976.75,55.73031648140622,8007.9501953125,3487600.0,177900.0
2016-11-28,56.193748474121094,8126.89990234375,56.57495267268806,8146.5,55.969509368461146,8066.5,55.97698552601977,8080.64990234375,7222300.0,189700.0
2016-11-29,56.657161712646484,8142.14990234375,56.89634738187757,8197.349609375,56.20868359303153,8128.7001953125,56.26100527996845,8131.5498046875,7662400.0,189700.0
2016-11-30,55.947086334228516,8224.5,56.41051115583993,8234.25,55.76769847213007,8139.25,56.18627205123888,8172.14990234375,10068900.0,248000.0
2016-12-01,55.06507110595703,8192.900390625,55.820003111264775,8250.7998046875,54.85578438035938,8185.0498046875,55.52849578594868,8244.0,12051600.0,157700.0
2016-12-02,55.64809799194336,8086.7998046875,56.16384446673165,8159.2998046875,55.38648952742641,8070.0498046875,55.38648952742641,8153.5498046875,7779600.0,171500.0
2016-12-05,56.089107513427734,8128.75,56.171328142229385,8141.89990234375,55.55841435647733,8056.85009765625,55.76022499822111,8088.75,9684400.0,126500.0
2016-12-06,56.4478874206543,8143.14990234375,56.67212655259595,8178.7001953125,56.05921272161185,8130.85009765625,56.22365399135066,8153.14990234375,7492700.0,115300.0
2016-12-07,57.5466423034668,8102.0498046875,57.59149354629478,8190.4501953125,56.425458177602295,8077.5,56.470309420430276,8168.39990234375,10029900.0,169800.0
2016-12-08,57.83814239501953,8246.849609375,58.0250063923314,8256.25,57.098162562402806,8151.75,57.098162562402806,8152.10009765625,8365300.0,142500.0
2016-12-09,57.79331588745117,8261.75,58.29411019648765,8274.9501953125,57.71109524535402,8241.9501953125,57.83816143672652,8271.7001953125,7254700.0,149700.0
2016-12-12,58.15208435058594,8170.7998046875,58.19692988980592,8230.650390625,57.56159337276137,8154.4501953125,57.6811833782271,8230.650390625,11162600.0,108100.0
2016-12-13,58.15208435058594,8221.7998046875,58.46601453040034,8228.849609375,57.78582677149856,8155.7998046875,58.39127006415461,8196.150390625,10695500.0,184000.0
2016-12-14,57.075748443603516,8182.4501953125,58.35389769457304,8229.400390625,56.9113071886301,8165.10009765625,58.21935536801638,8229.349609375,15504300.0,144600.0
2016-12-15,56.649688720703125,8153.60009765625,57.30744792216777,8225.900390625,56.48524749467784,8121.9501953125,57.06826223957731,8128.39990234375,10382200.0,181800.0
2016-12-16,57.404632568359375,8139.4501953125,57.74098554289399,8178.7001953125,56.83656431773605,8127.4501953125,56.83656431773605,8178.2001953125,9811600.0,203000.0
2016-12-19,58.039947509765625,8104.35009765625,58.189436397724265,8132.5,57.65126727685632,8094.85009765625,57.703588957905396,8126.0,10510500.0,107400.0
2016-12-20,58.14461135864258,8082.39990234375,58.600560040992406,8124.10009765625,57.778359462253185,8062.75,58.01754518884346,8110.60009765625,6843800.0,128000.0
2016-12-21,57.42909622192383,8061.2998046875,58.49779411782052,8112.5498046875,57.39120270141753,8053.25,58.18703602351123,8105.85009765625,8885800.0,123700.0
2016-12-22,57.323001861572266,7979.10009765625,57.3988004899761,8046.4501953125,56.822764453323074,7964.9501953125,57.23205275968521,8043.85009765625,4245100.0,122600.0
2016-12-23,57.47457504272461,7985.75,57.50489332791173,8022.60009765625,57.22445352689706,7942.0498046875,57.46699402577242,7972.5,2930900.0,124100.0
2016-12-26,,7908.25,,7970.0498046875,,7893.7998046875,,7965.10009765625,,106900.0
2016-12-27,57.54281234741211,8032.85009765625,57.7019790782127,8044.64990234375,57.31543378167876,7903.7001953125,57.633767243279955,7915.0498046875,2740000.0,118800.0
2016-12-28,57.20173645019531,8034.85009765625,57.67923659954573,8100.5498046875,56.966776885334205,8028.39990234375,57.67923659954573,8047.5498046875,5386600.0,126700.0
2016-12-29,57.77018737792969,8103.60009765625,57.921773063969106,8111.10009765625,57.10319648106045,8020.7998046875,57.338161811831775,8030.60009765625,5736200.0,178500.0
2016-12-30,58.31591796875,8185.7998046875,58.42960436705571,8197.0,57.57313406494701,8114.75,57.85357400689167,8119.64990234375,5978900.0,127600.0
2017-01-02,,8179.5,,8212.0,,8133.7998046875,,8210.099609375,,118300.0
2017-01-03,58.55086898803711,8192.25,58.60392456034592,8219.099609375,58.11884338991576,8148.60009765625,58.467495119748456,8196.0498046875,6305100.0,127300.0
2017-01-04,59.35428237915039,8190.5,59.46039352159915,8218.5,58.53571153492046,8180.89990234375,58.53571153492046,8202.650390625,10804600.0,132400.0
2017-01-05,59.558929443359375,8273.7998046875,59.59682297560219,8282.650390625,58.679716225546656,8223.7001953125,58.975312377109034,8226.650390625,9419600.0,159100.0
2017-01-06,59.43008041381836,8243.7998046875,59.748413837977324,8306.849609375,59.18753405336561,8233.25,59.18753405336561,8281.849609375,6768300.0,139400.0
2017-01-09,59.03594207763672,8236.0498046875,59.665033622205264,8263.0,58.97530549397696,8227.75,59.581659765328816,8259.349609375,6589400.0,99100.0
2017-01-10,58.4826545715332,8288.599609375,59.09658413574713,8293.7998046875,58.4599115135868,8261.0,59.01321027114728,8262.7001953125,7720800.0,142900.0
2017-01-11,58.2325325012207,8380.650390625,58.64939603818534,8389.0,58.1870521683235,8322.25,58.47507307372008,8327.7998046875,8190600.0,186500.0
2017-01-12,58.49782180786133,8407.2001953125,58.51297806671373,8417.2001953125,57.76261892709256,8382.2998046875,58.24770016711276,8391.0498046875,9531700.0,172600.0
2017-01-13,58.43716049194336,8400.349609375,58.71760031441276,8461.0498046875,58.2249382620193,8373.150390625,58.45989776191779,8457.650390625,5200100.0,185300.0
2017-01-16,,8412.7998046875,,8426.7001953125,,8374.400390625,,8390.9501953125,,124100.0
2017-01-17,58.83131790161133,8398.0,58.88437348204805,8440.900390625,58.52055965717873,8378.2998046875,58.63425183886442,8415.0498046875,6829200.0,122000.0
2017-01-18,58.929840087890625,8417.0,59.12690612403946,8460.2998046875,58.7327740517418,8397.400390625,58.831309961128106,8403.849609375,5592200.0,163800.0
2017-01-19,58.31591796875,8435.099609375,58.755518868322646,8445.150390625,58.202225787819756,8404.0498046875,58.6115141695939,8418.400390625,9277900.0,165900.0
2017-01-20,58.68729019165039,8349.349609375,58.73276473792579,8423.650390625,58.24768363557861,8340.9501953125,58.32347647357857,8404.349609375,7716600.0,202600.0
2017-01-23,59.13448715209961,8391.5,59.24060409166675,8404.150390625,58.626668646355704,8327.2001953125,58.70246150379706,8329.599609375,5135900.0,195000.0
2017-01-24,59.27090072631836,8475.7998046875,59.407330146204934,8480.9501953125,58.914673813536055,8398.150390625,59.111734033554484,8407.0498046875,6270200.0,179200.0
2017-01-25,58.95256805419922,8602.75,59.44523017545281,8612.599609375,58.78582034091744,8493.9501953125,59.15721507781701,8499.4501953125,7830000.0,292500.0
2017-01-26,58.891929626464844,,59.27089958746558,,58.79339951834883,,59.01320278964398,,5819700.0,
2017-01-27,58.338623046875,8641.25,59.10414380778983,8672.7001953125,58.133976077635936,8606.900390625,58.99802692357095,8610.5,5415400.0,275400.0
2017-01-30,57.93693542480469,8632.75,58.24768781770308,8662.599609375,57.77776871878991,8617.75,58.20979428729382,8635.5498046875,5317900.0,304700.0
2017-01-31,58.39168930053711,8561.2998046875,58.66454812112177,8631.75,57.66406770651881,8552.400390625,57.70196123110854,8629.4501953125,7263300.0,521000.0
2017-02-01,57.70193862915039,8716.400390625,58.687262404488756,8722.400390625,57.68678238177571,8537.5,58.27797433393067,8570.349609375,9419400.0,327700.0
2017-02-02,58.34619903564453,8734.25,58.421991847022795,8757.599609375,57.76258224452814,8685.7998046875,57.78531950967954,8724.75,7063000.0,283500.0
2017-02-03,58.740352630615234,8740.9501953125,59.00563048597072,8748.25,58.53571136580487,8707.75,58.67214080321963,8735.150390625,7572100.0,191000.0
2017-02-06,58.54328155517578,8801.0498046875,58.89193324681491,8814.099609375,58.45233245982308,8770.2001953125,58.88435801061755,8785.4501953125,6787300.0,194400.0
2017-02-07,58.459930419921875,8768.2998046875,58.82374429061955,8809.2998046875,58.368981289216435,8741.0498046875,58.717633116379666,8805.7001953125,4041100.0,226300.0
2017-02-08,58.884334564208984,8769.0498046875,58.97528362334783,8791.25,58.44472816963542,8715.0,58.702424880689804,8774.5498046875,7792200.0,218700.0
2017-02-09,59.06626892089844,8778.400390625,59.14206177013475,8821.400390625,58.823728333767995,8724.099609375,58.92225845951283,8795.5498046875,3932800.0,187500.0
2017-02-10,59.521034240722656,8793.5498046875,59.551352538185704,8822.099609375,58.92226087673145,8771.2001953125,58.96016019421625,8812.349609375,6092000.0,225900.0
2017-02-13,59.71809005737305,8805.0498046875,59.81662017028862,8826.900390625,59.339120077912085,8754.2001953125,59.611978925733816,8819.7998046875,6678900.0,204900.0
2017-02-14,59.38459014892578,8792.2998046875,59.604393414360345,8820.4501953125,58.952564636208905,8772.5,59.5664941062217,8819.900390625,8255300.0,188300.0
2017-02-15,59.33156204223633,8724.7001953125,59.377036606947605,8807.900390625,58.74036957048886,8712.849609375,59.06628411037852,8778.9501953125,10263200.0,216100.0
2017-02-16,59.61199951171875,8778.0,59.96823234065065,8783.9501953125,59.217867358703685,8719.599609375,59.384615132469676,8739.0,8259900.0,184600.0
2017-02-17,59.71052169799805,8821.7001953125,59.82421387246504,8896.4501953125,59.323970617859956,8804.25,59.740839996697524,8883.7001953125,6812900.0,298300.0
2017-02-20,,8879.2001953125,,8886.25,,8809.7998046875,,8818.5498046875,,167800.0
2017-02-21,60.46087646484375,8907.849609375,60.506356800946094,8920.7998046875,59.392183979731286,8860.9501953125,59.61956831237161,8890.75,8555800.0,175700.0
2017-02-22,60.30925750732422,8926.900390625,60.68064631538573,8960.75,59.99850525887864,8905.25,60.4911614035514,8931.599609375,8049000.0,247100.0
2017-02-23,60.56698226928711,8939.5,60.65035034114379,8982.150390625,60.09705743336887,8927.5498046875,60.521501941538425,8956.400390625,7428300.0,377200.0
2017-02-24,60.870155334472656,,60.923210899493775,,60.27896310063079,,60.54424092573639,,6302100.0,
2017-02-27,61.18849182128906,8896.7001953125,61.40828930771196,8951.7998046875,60.87015266251329,8888.650390625,60.99142582445123,8943.7001953125,5330300.0,189900.0
2017-02-28,60.94595718383789,8879.599609375,61.1884977485859,8914.75,60.78678469771973,8867.599609375,61.180916729574754,8898.9501953125,6795400.0,293600.0
2017-03-01,60.7564697265625,8945.7998046875,61.052065847171875,8960.7998046875,60.460867823330155,8898.599609375,60.6351965577879,8904.400390625,10800600.0,205900.0
2017-03-02,60.506351470947266,8899.75,60.72615476443746,8992.5,60.339603746049654,8879.7998046875,60.6276188637489,8982.849609375,5007200.0,218800.0
2017-03-03,60.362342834472656,8897.5498046875,60.49877226961329,8907.099609375,59.78630679914293,8860.099609375,60.40024214858751,8883.5,7677600.0,202600.0
2017-03-06,60.081912994384766,8963.4501953125,60.32445361046716,8967.7998046875,59.801478840472754,8914.0,60.180448914515516,8915.099609375,9243900.0,174800.0
2017-03-07,59.824195861816406,8946.900390625,60.05158014229417,8977.849609375,59.57407430981536,8932.7998046875,59.99852458119902,8977.75,4543200.0,173400.0
2017-03-08,58.9071044921875,8924.2998046875,59.61198900446621,8957.0498046875,58.82373062000005,8891.9501953125,59.589251727073986,8950.7001953125,9504200.0,177800.0
2017-03-09,58.15671920776367,8927.0,59.11171912346171,8945.7998046875,57.97480950538384,8899.5,58.869178636243284,8914.5,8785000.0,171500.0
2017-03-10,58.012718200683594,8934.5498046875,58.838869881288005,8975.7001953125,57.7474404033621,8903.9501953125,58.41442540557361,8953.7001953125,11824100.0,152700.0
2017-03-13,58.10369110107422,,58.44476183454737,,57.95968063099156,,58.118847358787306,,8000700.0,
2017-03-14,58.05061721801758,9087.0,58.194627657029784,9122.75,57.75502110408303,9060.5,58.08093550952661,9091.650390625,6565300.0,270300.0
2017-03-15,59.11933517456055,9084.7998046875,59.40735036674297,9106.5498046875,58.12643537014567,9075.5,58.19464721199489,9086.849609375,11876100.0,240600.0
2017-03-16,59.020774841308594,9153.7001953125,59.392163727531965,9158.4501953125,58.92223896553987,9128.5498046875,59.020774841308594,9129.650390625,6476300.0,208600.0
2017-03-17,59.27090072631836,9160.0498046875,59.445229456082295,9218.400390625,58.96772937779068,9147.599609375,59.172370616309145,9207.7998046875,10065200.0,286700.0
2017-03-20,59.2481803894043,9126.849609375,59.47556474842019,9167.599609375,59.134488209896354,9116.2998046875,59.308816989491795,9166.9501953125,5866600.0,332100.0
2017-03-21,59.05866622924805,9121.5,59.574065510599276,9147.75,58.998029659060464,9087.2001953125,59.354262280635496,9133.9501953125,6592500.0,247700.0
2017-03-22,59.08900833129883,9030.4501953125,59.24059981786963,9072.900390625,58.581189862190485,9019.2998046875,59.24059981786963,9047.2001953125,7913100.0,232300.0
2017-03-23,59.52859115600586,9086.2998046875,59.915142063854795,9099.0498046875,59.013191873081155,9048.599609375,59.11172196297058,9048.75,8322000.0,191800.0
2017-03-24,59.48651885986328,9108.0,59.830861624594526,9133.5498046875,59.379391556524716,9089.400390625,59.68547206806354,9104.0,7584800.0,203700.0
2017-03-27,59.080955505371094,9045.2001953125,59.57068191272301,9094.849609375,58.85904731485236,9024.650390625,59.32581870904705,9093.4501953125,6831700.0,202700.0
2017-03-28,59.34113311767578,9100.7998046875,59.394696767518425,9110.400390625,58.72131849749658,9079.7998046875,58.958533950799726,9081.5,4988300.0,183300.0
2017-03-29,59.6013069152832,9143.7998046875,59.62426193474613,9153.150390625,59.15749041233031,9109.099609375,59.44061594104182,9128.7001953125,3844800.0,243400.0
2017-03-30,59.77729797363281,9173.75,59.82320800706411,9183.150390625,59.18809196726357,9136.349609375,59.601299782145844,9142.599609375,4305100.0,323400.0
2017-03-31,60.06041717529297,9173.75,60.22876174726552,9191.7001953125,59.69312523462569,9152.099609375,59.80025253715365,9158.900390625,9809800.0,190900.0
2017-04-03,60.11397933959961,9237.849609375,60.213458859486416,9245.349609375,59.892071121852105,9192.400390625,60.14458797356478,9220.599609375,7249000.0,139100.0
2017-04-04,60.06041717529297,,60.42006133577977,,59.93033485622331,,60.09102581001526,,6348600.0,
2017-04-05,60.075740814208984,9265.150390625,60.481295118508164,9273.900390625,60.068087193938695,9215.400390625,60.159913123176935,9264.400390625,7306100.0,184800.0
2017-04-06,60.488922119140625,9261.9501953125,60.53483214455504,9267.9501953125,59.80789616483068,9218.849609375,60.1216244018278,9245.7998046875,6964800.0,186100.0
2017-04-07,60.55780792236328,9198.2998046875,60.77971618462328,9250.5,60.38181553926129,9188.099609375,60.55015430283675,9223.7001953125,5327800.0,190000.0
2017-04-10,60.978668212890625,9181.4501953125,61.00162323301226,9225.650390625,60.34355207885375,9174.849609375,60.649632635811365,9225.599609375,6903600.0,135800.0
2017-04-11,61.31533432006836,9237.0,61.38420519905727,9242.7001953125,60.91743379457483,9172.849609375,61.03986248011153,9184.5498046875,9852500.0,200100.0
2017-04-12,61.17759704589844,9203.4501953125,61.45306887975759,9246.400390625,61.085776993278245,9161.7998046875,61.27707655356936,9242.5,4267900.0,161800.0
2017-04-13,61.0551872253418,9150.7998046875,61.3306591443047,9202.650390625,61.02457858567913,9144.9501953125,61.18526956540731,9202.5,3295200.0,166500.0
2017-04-17,61.82036209106445,9139.2998046875,61.83566348605099,9160.0,61.12402894020068,9120.25,61.284719858554126,9144.75,8190100.0,0.0
2017-04-18,61.96575927734375,9105.150390625,61.996362071101274,9217.900390625,61.713242443847385,9095.4501953125,61.82036973599744,9163.0,4977700.0,174200.0
2017-04-19,61.86627197265625,9103.5,62.12644239082365,9120.5,61.77445192694915,9075.150390625,61.942790623411774,9112.2001953125,5894400.0,173700.0
2017-04-20,61.90454864501953,9136.400390625,61.95811229683227,9143.900390625,61.52194946407132,9102.650390625,61.69794181802739,9108.099609375,10398600.0,170300.0
2017-04-21,61.65968322753906,9119.400390625,61.912200079176785,9183.650390625,61.57551094365982,9088.75,61.78211192536342,9179.099609375,6489400.0,155200.0
2017-04-24,61.124053955078125,9217.9501953125,62.026988416777634,9225.400390625,60.672589643228996,9130.5498046875,61.95046973453216,9135.349609375,10788500.0,167700.0
2017-04-25,61.30002975463867,9306.599609375,61.39950342136978,9309.2001953125,61.03985932457402,9250.349609375,61.15464022495551,9273.0498046875,5210600.0,168700.0
2017-04-26,60.89448547363281,9351.849609375,61.36125692941663,9367.0,60.77205093664032,9301.349609375,61.21586737623805,9336.2001953125,6893200.0,185700.0
2017-04-27,60.96335983276367,9342.150390625,61.315350423374475,9367.150390625,60.84857889630341,9322.650390625,60.96335983276368,9359.150390625,5482100.0,209400.0
2017-04-28,60.397117614746094,9304.0498046875,60.99397150845452,9342.650390625,60.221119391677625,9282.25,60.85623554544479,9340.9501953125,10135500.0,162200.0
2017-05-01,60.764408111572266,,60.871535421176304,,60.251720743609475,,60.47362898150371,,8783500.0,
2017-05-02,60.61134719848633,9313.7998046875,60.94038264973876,9352.5498046875,60.45830989753121,9269.900390625,60.840908987917814,9339.849609375,9063300.0,161600.0
2017-05-03,59.88441848754883,9311.9501953125,60.71082818561861,9346.2998046875,59.74668256487061,9298.400390625,60.48892582385881,9344.7001953125,8193000.0,151600.0
2017-05-04,59.624267578125,9359.900390625,59.71609350266883,9365.650390625,59.06567592498731,9323.25,59.524793871703594,9360.9501953125,8797100.0,269600.0
2017-05-05,60.19812774658203,9285.2998046875,60.22873636840663,9377.099609375,59.69310008147031,9272.0,59.74666371016394,9374.5498046875,5709500.0,231900.0
2017-05-08,59.853824615478516,9314.0498046875,60.38946120353278,9338.7001953125,59.5630454636768,9297.9501953125,60.221116607858306,9311.4501953125,8098200.0,174300.0
2017-05-09,59.53243637084961,9316.849609375,59.90738194286078,9338.9501953125,59.31817592027146,9307.7001953125,59.838511052817715,9337.349609375,6412800.0,132300.0
2017-05-10,59.853824615478516,9407.2998046875,60.06807925070022,9414.75,59.36409806697148,9336.0,59.501834023614144,9339.650390625,5800600.0,152700.0
2017-05-11,59.53243637084961,9422.400390625,59.654865076036785,9450.650390625,59.157484960838104,9411.2998046875,59.63956367713852,9448.599609375,7453500.0,171100.0
2017-05-12,59.37173843383789,9400.900390625,59.654863931024465,9437.75,59.28757198451239,9372.5498046875,59.639562532419895,9436.650390625,4250500.0,154300.0
2017-05-15,59.58597946166992,9445.400390625,59.99918714533483,9449.25,59.38702631664645,9423.099609375,59.38702631664645,9433.5498046875,7994300.0,140800.0
2017-05-16,59.249332427978516,9512.25,59.670194025829026,9517.2001953125,59.165160108408415,9456.349609375,59.54010581685548,9461.0,5961400.0,166500.0
2017-05-17,59.56303787231445,9525.75,59.82320835192539,9532.599609375,59.21104732531159,9486.099609375,59.22635456187705,9517.599609375,8283700.0,205500.0
2017-05-18,59.723731994628906,9429.4501953125,59.86146792755566,9489.099609375,59.09626959751813,9418.099609375,59.532432412119526,9453.2001953125,5276500.0,193300.0
2017-05-19,60.075740814208984,9427.900390625,60.35886054619051,9505.75,59.494188271703614,9390.75,59.75435298087602,9469.900390625,4662200.0,252100.0
2017-05-22,60.25172424316406,9438.25,60.4583310936867,9498.650390625,59.999213191859866,9427.900390625,60.22876922377285,9480.25,5983300.0,196800.0
2017-05-23,60.389442443847656,9386.150390625,60.64195925891625,9448.0498046875,60.23640513422986,9370.0,60.41239745649041,9445.0498046875,3021600.0,224400.0
2017-05-24,60.795021057128906,9360.5498046875,60.87154558076148,9431.900390625,60.44303043282475,9341.650390625,60.46598545471392,9410.900390625,4737100.0,211800.0
2017-05-25,60.925086975097656,9509.75,61.19290519591396,9523.2998046875,60.71082656044524,9379.2001953125,60.871523330934394,9384.0498046875,4379300.0,289200.0
2017-05-26,60.55013656616211,9595.099609375,61.070471619524525,9604.900390625,60.412400645036776,9495.400390625,61.03986298838563,9507.75,4014200.0,218800.0
2017-05-29,,9604.900390625,,9637.75,,9547.7001953125,,9560.0498046875,,235000.0
2017-05-30,60.31293487548828,9624.5498046875,60.680232659284805,9635.2998046875,60.31293487548828,9581.2001953125,60.58840675383562,9590.650390625,3242600.0,193900.0
2017-05-31,60.32823181152344,9621.25,60.63431230237942,9649.599609375,60.13693223448842,9609.25,60.4430127253444,9636.5498046875,8699800.0,414300.0
2017-06-01,60.57310485839844,9616.099609375,60.75675082979019,9634.650390625,60.06041752134617,9589.900390625,60.198153459390035,9603.5498046875,12433200.0,176100.0
2017-06-02,61.169944763183594,9653.5,61.345937076414316,9673.5,60.88681933311823,9637.4501953125,61.10107389078981,9657.150390625,7188000.0,162200.0
2017-06-05,60.978668212890625,9675.099609375,61.14701281111737,9687.2001953125,60.733804934924734,9640.7001953125,61.0245782531339,9656.2998046875,5909300.0,127700.0
2017-06-06,60.672576904296875,9637.150390625,60.94039515492499,9709.2998046875,60.596058238117415,9630.2001953125,60.94039515492499,9704.25,4544800.0,145900.0
2017-06-07,60.925086975097656,9663.900390625,61.01690702909218,9678.5498046875,60.64196151994935,9630.5498046875,60.65726291628198,9663.9501953125,4284600.0,160700.0
2017-06-08,60.82562255859375,9647.25,61.0245757882804,9688.7001953125,60.28233236498859,9641.5,60.932749873501756,9682.400390625,6993900.0,155400.0
2017-06-09,61.21586990356445,9668.25,61.34595222598946,9676.25,60.61136248770672,9608.150390625,60.940398021958394,9638.5498046875,5393800.0,159000.0
2017-06-12,61.621429443359375,9616.400390625,61.621429443359375,9647.0498046875,60.986313336995494,9598.5,61.07048563244135,9646.7001953125,9685800.0,141400.0
2017-06-13,61.751495361328125,9606.900390625,61.78975760835962,9654.150390625,61.376549860016254,9595.400390625,61.57550303618141,9615.5498046875,6308300.0,129700.0
2017-06-14,61.95045471191406,9618.150390625,62.302445235288594,9627.400390625,61.7055914853057,9580.4501953125,62.11879927483228,9621.5498046875,6634600.0,181800.0
2017-06-15,62.16471862792969,9578.0498046875,62.3177618162608,9621.400390625,61.52960836985781,9560.7998046875,61.91220758368456,9617.900390625,5414600.0,171100.0
2017-06-16,62.12646484375,9588.0498046875,62.27184858132852,9615.849609375,61.84333931183234,9565.5,62.19532990291862,9595.4501953125,13816600.0,213200.0
2017-06-19,62.233604431152344,9657.5498046875,62.24890583465078,9673.2998046875,61.912222415666264,9614.900390625,62.172387141154395,9626.400390625,8272500.0,141700.0
2017-06-20,62.026973724365234,9653.5,62.386617867530916,9676.5,61.652028183575425,9643.75,62.2718369523504,9670.5,6433800.0,159500.0
2017-06-21,61.78211975097656,9633.599609375,62.111155310181694,9650.4501953125,61.49900006752147,9608.599609375,61.988726596849936,9648.099609375,3503500.0,144000.0
2017-06-22,61.90454864501953,9630.0,62.04228458368089,9698.849609375,61.575513115884064,9617.75,61.759159088099146,9642.650390625,5736800.0,198800.0
2017-06-23,62.14940643310547,9574.9501953125,62.417224668665575,9647.650390625,61.896889594720356,9565.2998046875,61.96576047700706,9643.25,8753700.0,175200.0
2017-06-26,62.54730224609375,,62.7003453962648,,62.14940173164751,,62.317746277836044,,12060500.0,
2017-06-27,62.17750549316406,9511.400390625,62.779670601595825,9615.400390625,62.12346518573946,9473.4501953125,62.44770703028706,9594.0498046875,8252200.0,203300.0
2017-06-28,62.26243591308594,9491.25,62.47087544647239,9522.5,62.061712217636035,9474.349609375,62.10031496712923,9520.2001953125,4818500.0,172400.0
2017-06-29,61.583065032958984,9504.099609375,62.216111249061036,9575.7998046875,61.42866581535462,9493.7998046875,61.89959108598631,9522.9501953125,9719800.0,259300.0
2017-06-30,61.583065032958984,9520.900390625,62.01539344416589,9535.7998046875,61.436387543220626,9448.75,61.845550770829526,9478.5,7245400.0,179600.0
2017-07-03,62.239295959472656,9615.0,62.331933163118016,9624.0,61.6680057172055,9543.5498046875,61.822410873205186,9587.9501953125,7238300.0,183000.0
2017-07-04,,9613.2998046875,,9650.650390625,,9595.5,,9645.900390625,,144800.0
2017-07-05,61.536746978759766,9637.599609375,62.32419830924045,9643.650390625,61.37462603188495,9607.349609375,62.32419830924045,9619.75,9013000.0,130800.0
2017-07-06,60.46365737915039,9674.5498046875,61.336024169705425,9700.7001953125,60.37873604051773,9639.9501953125,61.21250597075512,9653.599609375,9553800.0,147400.0
2017-07-07,60.757015228271484,9665.7998046875,60.91142033170738,9684.25,60.37873303227032,9642.650390625,60.45593263901204,9670.349609375,4878600.0,141800.0
2017-07-10,60.30925750732422,9771.0498046875,60.980900591142095,9782.150390625,60.24749546353901,9646.4501953125,60.84193893760173,9719.2998046875,5061300.0,37500.0
2017-07-11,60.239776611328125,9786.0498046875,60.38645999983224,9830.0498046875,59.84605092584247,9778.849609375,60.3787382715023,9797.4501953125,6884600.0,179700.0
2017-07-12,60.99635696411133,9816.099609375,61.24339930161501,9824.9501953125,60.62579051287885,9787.7001953125,60.73387116741459,9807.2998046875,7192300.0,145500.0
2017-07-13,61.01950454711914,9891.7001953125,61.19706306407041,9897.25,60.903702185221086,9853.4501953125,61.0272262752331,9855.7998046875,4048600.0,181300.0
2017-07-14,61.63710403442383,9886.349609375,61.72974709698348,9913.2998046875,61.32830560579663,9845.4501953125,61.45954552695844,9913.2998046875,4688300.0,159600.0
2017-07-17,61.88416290283203,9915.9501953125,61.99995938861559,9928.2001953125,61.49815891034417,9894.7001953125,61.7529170690215,9908.150390625,4195200.0,163500.0
2017-07-18,61.72974395751953,9827.150390625,61.98450794913737,9885.349609375,61.65254435428897,9792.0498046875,61.92274591057204,9832.7001953125,6258400.0,293900.0
2017-07-19,62.22383117675781,9899.599609375,62.22383117675781,9905.0498046875,61.59850670661274,9851.650390625,61.71430906144209,9855.9501953125,4149900.0,200200.0
2017-07-20,61.976802825927734,9873.2998046875,62.463171647491684,9922.5498046875,61.945921798371785,9863.4501953125,62.35508510606899,9920.2001953125,6707500.0,161100.0
2017-07-21,62.108036041259766,9915.25,62.108036041259766,9924.7001953125,61.77607239347005,9838.0,61.961358538715324,9899.599609375,4459100.0,187500.0
2017-07-24,61.945919036865234,9966.400390625,62.13892103302068,9982.0498046875,61.714320175450794,9919.599609375,62.0462838444363,9936.7998046875,3506900.0,174500.0
2017-07-25,62.02309799194336,9964.5498046875,62.05397900783344,10011.2998046875,61.63709412824458,9949.099609375,61.7760557547742,10010.5498046875,5185100.0,185500.0
2017-07-26,62.35508728027344,10020.650390625,62.540373452069694,10025.9501953125,61.89188363069073,9965.9501953125,61.922764659323434,9983.650390625,6179000.0,197600.0
2017-07-27,62.40913009643555,10020.5498046875,62.60985384557497,10114.849609375,61.83012403888099,10005.5,62.277890136978854,10063.25,6891400.0,287900.0
2017-07-28,62.27787399291992,10014.5,62.54807557174453,10026.0498046875,62.14663406748406,9944.5,62.31647674273172,9996.5498046875,4834500.0,191600.0
2017-07-31,62.27014923095703,10077.099609375,62.40138913758484,10085.900390625,61.845542603688436,10016.9501953125,62.3782298469978,10034.7001953125,7783700.0,237700.0
2017-08-01,62.5480842590332,10114.650390625,62.779689010166216,10128.599609375,62.13892096999124,10065.75,62.5480842590332,10101.0498046875,8396400.0,184300.0
2017-08-02,62.154380798339844,10081.5,62.43230421691787,10137.849609375,61.945935289428796,10054.2001953125,62.339661114073515,10136.2998046875,6072200.0,161500.0
2017-08-03,61.93818664550781,10013.650390625,62.32419053466354,10081.150390625,61.83782186475809,9998.25,62.084864118219684,10081.150390625,5425800.0,192700.0
2017-08-04,62.14664077758789,10066.400390625,62.32420519996045,10075.25,61.922757762402185,9988.349609375,61.95363878759538,10008.599609375,6411600.0,178600.0
2017-08-07,62.192955017089844,10057.400390625,62.24699533490696,10088.099609375,61.884156566679394,10046.349609375,62.12347713273336,10074.7998046875,5017500.0,137400.0
2017-08-08,61.85327911376953,9978.5498046875,62.10032142232871,10083.7998046875,61.66799296488522,9947.0,61.7683577680192,10068.349609375,7241500.0,203300.0
2017-08-09,61.745201110839844,9908.0498046875,61.99224342995742,9969.7998046875,61.58307425114858,9893.0498046875,61.99224342995742,9961.150390625,4726500.0,169200.0
2017-08-10,61.27425003051758,9820.25,61.760612735426704,9892.650390625,61.258806578961156,9776.2001953125,61.567610820628495,9872.849609375,4871500.0,235500.0
2017-08-11,60.980899810791016,9710.7998046875,61.39778476607739,9771.650390625,60.7338575287642,9685.5498046875,61.27426657004028,9712.150390625,7364500.0,285900.0
2017-08-14,61.915035247802734,9794.150390625,61.999956593517894,9818.2998046875,61.15074902631948,9752.099609375,61.18163005112075,9755.75,9812500.0,195600.0
2017-08-15,61.73748016357422,,61.78379875838481,,61.38235719346801,,61.590796760069246,,5192600.0,
2017-08-16,62.00767135620117,9897.2998046875,62.169792300730045,9903.9501953125,61.77606664118703,9773.849609375,61.783788369008185,9825.849609375,6831800.0,219500.0
2017-08-17,61.583065032958984,9904.150390625,62.138911640258854,9947.7998046875,61.55990573931359,9883.75,61.86098833660892,9945.5498046875,5811800.0,197600.0
2017-08-18,61.12758255004883,9837.400390625,61.42094341627227,9865.9501953125,60.96546160635015,9783.650390625,61.35918726387697,9865.9501953125,8746000.0,246300.0
2017-08-21,61.67573547363281,9754.349609375,61.81469718713901,9884.349609375,61.04268897653907,9740.099609375,61.212531725263894,9864.25,4791300.0,205300.0
2017-08-22,61.621681213378906,9765.5498046875,61.915042146749094,9828.4501953125,61.46728196212173,9752.599609375,61.78380219418511,9815.75,4997900.0,183600.0
2017-08-23,62.131202697753906,9852.5,62.254720907555104,9857.900390625,61.5058722501652,9786.75,61.59079359625807,9803.0498046875,3743500.0,168600.0
2017-08-24,62.06945037841797,9857.0498046875,62.59441610476602,9881.5,62.04629107857167,9848.849609375,62.316492726702094,9881.2001953125,3041100.0,184700.0
2017-08-25,62.36280822753906,,62.578969535302186,,62.077169023689464,,62.30104617104849,,5378100.0,
2017-08-28,62.04628372192383,9912.7998046875,62.486328036691226,9925.75,61.87644102324984,9882.0,62.486328036691226,9907.150390625,3669800.0,159600.0
2017-08-29,61.95365905761719,9796.0498046875,62.23930421664678,9887.349609375,61.89961871833648,9783.75,61.99226182422708,9886.400390625,3815000.0,173300.0
2017-08-30,62.28559875488281,9884.400390625,62.301036321587915,9909.4501953125,61.66799006752548,9850.7998046875,61.83011102271737,9859.5,3266200.0,157800.0
2017-08-31,62.687034606933594,9917.900390625,62.87232073034835,9925.099609375,62.37823618114719,9856.9501953125,62.39367374645553,9905.7001953125,7960500.0,327700.0
2017-09-01,62.69477462768555,9974.400390625,62.98813557376065,9983.4501953125,62.602131538946715,9909.849609375,62.725655657265165,9937.650390625,7941800.0,157800.0
2017-09-04,,9912.849609375,,9988.400390625,,9861.0,,9984.150390625,,148800.0
2017-09-05,62.56351852416992,9952.2001953125,62.964960025199794,9963.099609375,62.262435925909365,9901.0498046875,62.8028390792097,9933.25,7662200.0,139200.0
2017-09-06,62.687034606933594,9916.2001953125,63.042163398502325,9931.5498046875,62.63299429342573,9882.5498046875,62.710199789824756,9899.25,3944000.0,149200.0
2017-09-07,63.096214294433594,9929.900390625,63.17341391382803,9964.849609375,62.717926146480075,9917.2001953125,62.826006791622966,9945.849609375,7309300.0,188800.0
2017-09-08,63.057613372802734,9934.7998046875,63.28149639852211,9963.599609375,62.88004894207579,9913.2998046875,62.980413751164164,9958.650390625,3636100.0,163600.0
2017-09-11,63.59029769897461,10006.0498046875,63.63661629172647,10028.650390625,63.0884913476674,9968.7998046875,63.289215066180944,9971.75,5891200.0,173000.0
2017-09-12,62.949554443359375,10093.0498046875,63.590322714949075,10097.5498046875,62.733393072209985,10028.0498046875,63.52856064034764,10056.849609375,8297900.0,182600.0
2017-09-13,62.71792984008789,10079.2998046875,62.96497217067103,10131.9501953125,62.524927835258765,10063.150390625,62.94181287248414,10099.25,3795600.0,215000.0
2017-09-14,63.10392379760742,10086.599609375,63.12708309210515,10126.5,62.432280697361826,10070.349609375,62.68703882678973,10107.400390625,4584100.0,225600.0
2017-09-15,63.366432189941406,10085.400390625,63.37414803089612,10115.150390625,62.802863632635884,10043.650390625,63.134827382291476,10062.349609375,11301500.0,266600.0
2017-09-18,63.02674102783203,10153.099609375,63.405023348935394,10171.7001953125,62.841460732387134,10131.2998046875,63.25062408439038,10133.099609375,4952300.0,156100.0
2017-09-19,62.54034423828125,10147.5498046875,63.06530969990799,10178.9501953125,62.43226363353026,10129.9501953125,63.042150411740096,10175.599609375,6087200.0,187500.0
2017-09-20,62.38596725463867,10141.150390625,62.75653370201498,10171.0498046875,62.07716875343793,10134.2001953125,62.62529375000928,10160.9501953125,6771600.0,199400.0
2017-09-21,62.185237884521484,10121.900390625,62.671600734752765,10158.900390625,62.185237884521484,10058.599609375,62.33963710651316,10139.599609375,7964000.0,191800.0
2017-09-22,61.81467056274414,9964.400390625,62.44771678717651,10095.0498046875,61.76835197484384,9952.7998046875,62.16207175190174,10094.349609375,6471900.0,226600.0
2017-09-25,62.14664077758789,9872.599609375,62.34736449636703,9960.5,61.88416089837567,9816.0498046875,61.91503603361556,9960.099609375,4983700.0,221400.0
2017-09-26,62.16375732421875,9871.5,62.34283890638298,9891.349609375,62.07811632610744,9813.0,62.2182653216294,9875.25,6180500.0,190900.0
2017-09-27,61.66543960571289,9735.75,62.11703138932722,9921.0498046875,61.486363997220124,9714.400390625,61.88345373386566,9920.599609375,7488300.0,200100.0
2017-09-28,62.124839782714844,9768.9501953125,62.17934184783447,9789.2001953125,61.5408865391704,9687.5498046875,61.556456011941904,9736.400390625,7166100.0,385000.0
2017-09-29,62.19490051269531,9788.599609375,62.272765683860555,9854.0,61.930177939624826,9775.349609375,62.11704128180861,9814.2998046875,5569400.0,196300.0
2017-10-02,62.07033920288086,,62.38178212827968,,62.015837136457044,,62.296135175288015,,10777100.0,
2017-10-03,62.117061614990234,9859.5,62.19492087136311,9895.400390625,61.95355539452304,9831.0498046875,62.078134956944034,9893.2998046875,2816600.0,162800.0
2017-10-04,62.514137268066406,9914.900390625,62.56085162316555,9938.2998046875,61.961328951703045,9850.650390625,62.11704742888628,9884.349609375,3594900.0,156200.0
2017-10-05,62.70879364013672,9888.7001953125,62.96573449547865,9945.9501953125,62.35063636009022,9881.849609375,62.55306920949935,9927.0,7336800.0,147800.0
2017-10-06,62.48299789428711,9979.7001953125,62.52193048715554,9989.349609375,61.95354670878664,9906.599609375,62.48299789428711,9908.150390625,4752400.0,195800.0
2017-10-09,62.607574462890625,9988.75,62.72436035538461,10015.75,62.43628056686027,9959.4501953125,62.506352102356665,9988.2001953125,2042800.0,143900.0
2017-10-10,62.69319534301758,10016.9501953125,63.08249736709073,10034.0,62.568621784258454,10002.2998046875,62.669838172017585,10013.7001953125,4599900.0,148600.0
2017-10-11,62.95793533325195,9984.7998046875,63.0980843251847,10067.25,62.521918887362744,9955.7998046875,62.7710719907678,10042.599609375,5553500.0,189700.0
2017-10-12,63.370601654052734,10096.400390625,63.378389360103895,10104.4501953125,62.93458515965527,9977.099609375,62.95015463147837,10011.2001953125,3952200.0,200900.0
2017-10-13,63.5107536315918,10167.4501953125,63.67425982463704,10191.900390625,63.25381278240091,10120.099609375,63.60418828773743,10123.7001953125,2814900.0,230100.0
2017-10-16,63.1915397644043,10230.849609375,63.54969709715974,10242.9501953125,63.16039487369332,10175.099609375,63.48740731573779,10207.400390625,6232500.0,203000.0
2017-10-17,63.246036529541016,10234.4501953125,63.34725296064573,10251.849609375,63.082524381962614,10212.599609375,63.19153446044155,10227.650390625,3077700.0,195700.0
2017-10-18,63.175960540771484,10210.849609375,63.37839934804991,10236.4501953125,63.00466662232668,10175.75,63.06695639999391,10209.400390625,4559400.0,254200.0
2017-10-19,63.129241943359375,10146.5498046875,63.308317616791236,10211.9501953125,62.88787055615853,10123.349609375,63.16816859658034,10210.349609375,3359600.0,30200.0
2017-10-20,62.926815032958984,,63.16039875751443,,62.71659443308378,,63.05139460346345,,6599300.0,
2017-10-23,62.63093566894531,10184.849609375,63.07473990979996,10224.150390625,62.568645895423316,10124.5,63.03580731627877,10176.650390625,5818400.0,218100.0
2017-10-24,62.31948471069336,10207.7001953125,62.73993171736547,10237.75,62.09368876598357,10182.400390625,62.591995009384824,10218.5498046875,4442600.0,217200.0
2017-10-25,62.078121185302734,10295.349609375,62.29612943089522,10340.5498046875,61.71217622722427,10240.900390625,62.01583141791083,10321.150390625,7746500.0,594200.0
2017-10-26,61.69660949707031,10343.7998046875,62.52193418045327,10355.650390625,61.548678704046964,10271.849609375,62.16377093768934,10291.7998046875,6420000.0,429700.0
2017-10-27,61.97689437866211,10323.0498046875,62.10147390450187,10366.150390625,61.32286968883959,10311.2998046875,61.83674538223175,10362.2998046875,6527000.0,312700.0
2017-10-30,62.10926055908203,10363.650390625,62.35841369009688,10384.5,61.83675025020316,10344.2998046875,61.83675025020316,10353.849609375,3909700.0,236900.0
2017-10-31,62.226051330566406,10335.2998046875,62.25719621394857,10367.7001953125,61.67324301616109,10323.9501953125,62.10925950295309,10364.900390625,4418600.0,232600.0
2017-11-01,62.27279281616211,10440.5,62.52972779600712,10451.650390625,62.156000948806486,10383.0498046875,62.32729489555725,10390.349609375,5343100.0,260300.0
2017-11-02,62.662078857421875,10423.7998046875,62.98909124912994,10453.0,62.31170334606644,10412.5498046875,62.41292571036627,10440.5,6501500.0,201500.0
2017-11-03,62.623146057128906,10452.5,62.771082779673335,10461.7001953125,62.1404092374384,10403.599609375,62.296133666506094,10461.5498046875,3662500.0,199900.0
2017-11-06,63.34724807739258,10451.7998046875,63.52632374479497,10490.4501953125,62.70879277132407,10413.75,62.87229896601825,10431.75,11051000.0,193600.0
2017-11-07,63.798828125,10350.150390625,63.946758879149606,10485.75,63.38616886188855,10340.7998046875,63.38616886188855,10477.150390625,8746800.0,286900.0
2017-11-08,64.22705841064453,10303.150390625,64.3049176421232,10384.25,63.66646243955231,10285.5,63.728752200846685,10361.9501953125,8219800.0,274500.0
2017-11-09,64.20369720458984,10308.9501953125,64.53070952043795,10368.4501953125,63.87668488874172,10266.9501953125,63.90004206269113,10358.650390625,5785100.0,240200.0
2017-11-10,64.24264526367188,10321.75,64.38279428140754,10344.9501953125,63.69761866568667,10254.099609375,63.87670027623544,10304.349609375,4002700.0,279400.0
2017-11-13,64.47622680664062,10224.9501953125,64.58523094461778,10334.150390625,64.18035928074266,10216.25,64.35165319478675,10322.0,7762400.0,210300.0
2017-11-14,64.37498474121094,10186.599609375,64.62413780598435,10248.0,64.1959031913999,10175.5498046875,64.33605216160231,10223.400390625,6076100.0,305000.0
2017-11-15,63.82218551635742,10118.0498046875,64.52293046565896,10175.4501953125,63.79882834142712,10094.0,64.34384889072916,10171.9501953125,8903500.0,207400.0
2017-11-16,64.25041961669922,10214.75,64.33606655878225,10232.25,63.791045963962,10139.2001953125,63.791045963962,10152.900390625,10909600.0,182600.0
2017-11-17,63.954586029052734,10283.599609375,64.27381678964981,10343.599609375,63.876726751435584,10268.0498046875,64.04023301651624,10324.5498046875,5042600.0,203300.0
2017-11-20,63.82218551635742,10298.75,64.05576320593896,10309.849609375,63.73653858142732,10261.5,64.00904885607835,10287.2001953125,4312200.0,147200.0
2017-11-21,64.28156280517578,10326.900390625,64.43728721407675,10358.7001953125,63.91561786960701,10315.0498046875,63.98569533868215,10329.25,11636200.0,186100.0
2017-11-22,64.10250854492188,10342.2998046875,64.30494143360664,10368.7001953125,63.97014720840934,10309.5498046875,64.07136365275173,10350.7998046875,3216900.0,157600.0
2017-11-23,,10348.75,,10374.2998046875,,10307.2998046875,,10358.4501953125,,153000.0
2017-11-24,64.23486328125,10389.7001953125,64.34386742250486,10404.5,64.16479173627766,10362.25,64.18036121062256,10366.7998046875,1742500.0,129200.0
2017-11-27,63.97011184692383,10399.5498046875,64.43727309067644,10407.150390625,63.97011184692383,10340.2001953125,64.39834051191477,10361.0498046875,4947500.0,141900.0
2017-11-28,63.82999038696289,10370.25,64.07914355368733,10409.5498046875,63.54969233186288,10355.2001953125,63.97013941451289,10387.900390625,9764100.0,196000.0
2017-11-29,63.752105712890625,10361.2998046875,63.90004240239428,10392.9501953125,63.432881100088004,10345.900390625,63.70539136474348,10376.650390625,6179300.0,152500.0
2017-11-30,63.82218551635742,10226.5498046875,63.977903976078444,10332.7001953125,63.63532217663651,10211.25,63.806610106218244,10332.7001953125,8833300.0,342500.0
2017-12-01,63.93897247314453,10121.7998046875,64.11804809418953,10272.7001953125,63.34723167866443,10108.5498046875,63.8688950133997,10263.7001953125,9899800.0,143400.0
2017-12-04,63.448463439941406,10127.75,64.28935751883559,10179.2001953125,63.417318554766126,10095.7001953125,64.0168471989012,10175.0498046875,9085300.0,148600.0
2017-12-05,63.07472229003906,10118.25,63.549671284978935,10147.9501953125,63.066934585454355,10069.099609375,63.44066718190533,10118.25,9503300.0,155500.0
2017-12-06,63.051387786865234,10044.099609375,63.3005409606569,10104.2001953125,62.79444690568875,10033.349609375,63.168173696236146,10088.7998046875,3812900.0,166100.0
2017-12-07,63.30832290649414,10166.7001953125,63.40954528194168,10182.650390625,62.91902070007806,10061.900390625,63.207106471326846,10063.4501953125,5994900.0,166200.0
2017-12-08,63.51854705810547,10265.650390625,63.63533890373522,10270.849609375,63.30053878107929,10195.25,63.51075935098881,10198.4501953125,3941900.0,200000.0
2017-12-11,63.588626861572266,10322.25,63.60420227782885,10329.2001953125,63.33947366399411,10282.0498046875,63.51855530926003,10310.5,4000400.0,147400.0
2017-12-12,63.84557342529297,10240.150390625,64.00907966879228,10326.099609375,63.409556775961484,10230.2001953125,63.75213874031566,10324.900390625,6639100.0,175100.0
2017-12-13,63.97792053222656,10192.9501953125,64.25821858448245,10296.5498046875,63.8455592131835,10169.849609375,63.9000612822177,10236.599609375,6450200.0,181600.0
2017-12-14,63.93897247314453,10252.099609375,64.18033784945649,10276.099609375,63.71317656551031,10141.5498046875,63.97789911497787,10229.2998046875,5853300.0,154300.0
2017-12-15,64.20369720458984,10333.25,64.35163389330704,10373.099609375,64.01683387271638,10319.650390625,64.02462157745892,10345.650390625,7882600.0,255100.0
2017-12-18,64.5618667602539,10388.75,64.83437707563596,10443.5498046875,64.22706667556186,10074.7998046875,64.22706667556186,10263.099609375,6699300.0,230400.0
2017-12-19,63.31862258911133,10463.2001953125,64.73496692963342,10472.2001953125,63.22419723177047,10406.0,64.64841785615239,10414.7998046875,11906100.0,169100.0
2017-12-20,62.65765380859375,10444.2001953125,63.428779178278084,10494.4501953125,62.6419192514946,10437.150390625,63.25566903386335,10494.400390625,8030000.0,175200.0
2017-12-21,62.429466247558594,10440.2998046875,62.885846464431104,10473.9501953125,62.38225657107698,10426.900390625,62.87011190669226,10473.9501953125,7529500.0,151900.0
2017-12-22,62.8228874206543,10493.0,62.91731276364638,10501.099609375,62.42945749641694,10448.25,62.649783296731805,10457.2998046875,4957800.0,138800.0
2017-12-26,63.12978744506836,10531.5,63.295027343008265,10545.4501953125,62.73635740142115,10477.9501953125,62.791437367401116,10512.2998046875,4963300.0,155600.0
2017-12-27,63.35795974731445,10490.75,63.49959477668965,10552.400390625,63.13763992456746,10469.25,63.23206527857257,10531.0498046875,6613500.0,165200.0
2017-12-28,63.727813720703125,10477.900390625,63.759288852949354,10534.5498046875,63.21635332742024,10460.4501953125,63.40520412089762,10498.2001953125,6764700.0,272900.0
2017-12-29,63.74352264404297,10530.7001953125,63.95597217715343,10538.7001953125,63.62549245753065,10488.650390625,63.8536825505839,10492.349609375,4272100.0,152000.0
2018-01-02,63.420921325683594,10442.2001953125,63.885171895155345,10495.2001953125,63.318631676333005,10404.650390625,63.79074652426296,10477.5498046875,7091600.0,153400.0
2018-01-03,63.31862258911133,10443.2001953125,63.60975693519833,10503.599609375,63.16124699354323,10429.5498046875,63.499597019933226,10482.650390625,4625700.0,167300.0
2018-01-04,62.327178955078125,10504.7998046875,63.38157446113575,10513.0,62.31144439674829,10441.4501953125,63.37370418033819,10469.400390625,12178300.0,174900.0
2018-01-05,62.390140533447266,10558.849609375,62.52390531498922,10566.099609375,62.23276490522169,10520.099609375,62.52390531498922,10534.25,9630200.0,180900.0
2018-01-08,62.74422073364258,10623.599609375,62.870121227278574,10631.2001953125,62.40587066107828,10588.5498046875,62.46882090789628,10591.7001953125,4756600.0,169000.0
2018-01-09,62.02030944824219,10637.0,62.88585431022808,10659.150390625,62.020309448242195,10603.599609375,62.78356466400098,10645.099609375,10440100.0,205000.0
2018-01-10,61.26492691040039,10632.2001953125,61.855071976192896,10655.5,60.965922238241305,10592.7001953125,61.76851688628204,10652.0498046875,8933700.0,176400.0
2018-01-11,61.05247497558594,10651.2001953125,61.54033042032204,10664.599609375,60.8951053499376,10612.349609375,61.430170481714924,10637.0498046875,5031900.0,153800.0
2018-01-12,60.556732177734375,10681.25,61.036717157317966,10690.400390625,60.44657228110182,10597.099609375,60.9422918159483,10682.5498046875,8923800.0,175200.0
2018-01-15,,10741.5498046875,,10782.650390625,,10713.7998046875,,10718.5,,175900.0
2018-01-16,60.72198486328125,10700.4501953125,61.71343014589469,10762.349609375,60.69838002376326,10687.849609375,60.80066966276302,10761.5,9984500.0,211000.0
2018-01-17,61.15474319458008,10788.5498046875,61.272773362488465,10803.0,60.73770847079899,10666.75,60.934423416225066,10702.4501953125,5153300.0,252700.0
2018-01-18,60.556732177734375,10817.0,61.09179710563424,10887.5,60.45444256036533,10782.400390625,60.98163720900169,10873.400390625,5191500.0,312000.0
2018-01-19,60.95017623901367,10894.7001953125,60.96591680119336,10906.849609375,60.438716026953216,10793.900390625,60.61182619133665,10829.2001953125,6809000.0,207600.0
2018-01-22,61.445899963378906,10966.2001953125,61.50098593139504,10975.099609375,60.94230999901519,10881.400390625,61.00526024537713,10883.2001953125,10181900.0,231600.0
2018-01-23,62.29569625854492,11083.7001953125,62.31143681822562,11092.900390625,61.611131994048215,10994.5498046875,61.611131994048215,10997.400390625,7584700.0,284600.0
2018-01-24,62.07539367675781,11086.0,62.36653407900473,11110.099609375,61.83933324215045,11046.150390625,62.08326395878239,11069.349609375,7675100.0,283400.0
2018-01-25,61.95735549926758,11069.650390625,62.122595380956476,11095.599609375,61.65835085667798,11009.2001953125,62.00457118208259,11095.599609375,5540000.0,330300.0
2018-01-26,61.980960845947266,,62.15407101006534,,61.5796665599632,,62.0675159280063,,6799200.0,
2018-01-29,61.18622970581055,11130.400390625,61.91800967926359,11171.5498046875,61.16262486848381,11075.9501953125,61.75276981471159,11079.349609375,6094500.0,241700.0
2018-01-30,60.85575866699219,11049.650390625,61.131164511006766,11121.099609375,60.69838904464067,11033.900390625,60.94231376026541,11120.849609375,5870100.0,228000.0
2018-01-31,61.81571960449219,11027.7001953125,61.86293528665577,11058.5,60.863619726030926,10979.2998046875,61.09968012705272,11018.7998046875,12266100.0,245900.0
2018-02-01,60.78494644165039,11016.900390625,62.114742013004914,11117.349609375,60.72986647141321,10878.7998046875,61.689836812632464,11044.5498046875,11450000.0,306200.0
2018-02-02,60.163326263427734,10760.599609375,60.596101746621606,10954.9501953125,59.77776647138824,10736.099609375,60.34430673910877,10938.2001953125,9794600.0,282700.0
2018-02-05,58.22764205932617,10666.5498046875,60.44658709767258,10702.75,58.22764205932617,10586.7998046875,59.9666020004358,10604.2998046875,12593500.0,240100.0
2018-02-06,58.43223190307617,10498.25,58.80205710551115,10594.150390625,57.22833692716045,10276.2998046875,57.724056622165136,10295.150390625,17411500.0,266500.0
2018-02-07,58.20403289794922,10476.7001953125,59.28202721395436,10614.0,58.172557778780906,10446.400390625,58.298452252188994,10607.2001953125,9642100.0,250400.0
2018-02-08,56.48869705200195,10576.849609375,58.613217287487764,10637.7998046875,56.465092205449224,10479.5498046875,58.07815208697966,10518.5,18137800.0,232200.0
2018-02-09,57.661102294921875,10454.9501953125,58.15682795812173,10480.2001953125,56.079511946657014,10398.2001953125,56.85063742093144,10416.5,14993100.0,191600.0
2018-02-12,57.83420181274414,10539.75,58.14107668904039,10555.5,56.425721891742704,10485.400390625,57.96796655302414,10518.2001953125,13618900.0,217400.0
2018-02-13,58.274845123291016,,58.44795527028051,,57.464380347171954,,57.79486008055285,,8520800.0,
2018-02-14,57.9915771484375,10500.900390625,58.31419261637376,10590.5498046875,57.141772946825064,10456.650390625,57.89715779451675,10585.75,11068200.0,229200.0
2018-02-15,58.56600570678711,10545.5,58.70764078480572,10618.099609375,57.93651513708954,10511.0498046875,58.148970755750945,10537.900390625,9784000.0,210600.0
2018-02-16,59.06171798706055,10452.2998046875,59.274173578774906,10612.900390625,58.62107824612147,10434.0498046875,58.63681280689806,10596.2001953125,10139500.0,184300.0
2018-02-19,,10378.400390625,,10489.349609375,,10302.75,,10488.900390625,,187300.0
2018-02-20,58.329952239990234,10360.400390625,59.305663340401075,10429.349609375,58.3063473913665,10347.650390625,58.786332657608106,10391.0,9230100.0,187700.0
2018-02-21,57.36209487915039,10397.4501953125,58.7548344299076,10426.099609375,57.34635431741,10349.599609375,58.31419475342222,10426.0,9805600.0,234100.0
2018-02-22,57.89714431762695,10382.7001953125,58.369258987130586,10397.5498046875,57.48010959284435,10340.650390625,57.59026948228641,10354.349609375,8770300.0,313600.0
2018-02-23,58.880741119384766,10491.0498046875,58.90434596121899,10499.099609375,57.99945567022247,10396.650390625,58.21977553169655,10408.099609375,7871500.0,210600.0
2018-02-26,59.08529281616211,10582.599609375,59.211193251485746,10592.9501953125,58.73120834752494,10520.2001953125,59.17184786463132,10526.5498046875,6058000.0,171900.0
2018-02-27,57.84209442138672,10554.2998046875,59.18762462993235,10631.650390625,57.834224138548386,10537.25,59.13254465659774,10615.2001953125,10466900.0,187500.0
2018-02-28,57.70044708251953,10492.849609375,58.51878222903175,10535.5,57.70044708251953,10461.5498046875,58.15682733787038,10488.9501953125,6702600.0,286000.0
2018-03-01,57.51945877075195,10458.349609375,58.29058413136733,10525.5,57.24405900026959,10447.150390625,57.6296186789449,10479.9501953125,14216800.0,176000.0
2018-03-02,57.41716766357422,,57.495852452647284,,56.85849785691147,,57.32274231472778,,6744500.0,
2018-03-05,58.06238555908203,10358.849609375,58.377130680801024,10428.7001953125,57.1260204728656,10323.900390625,57.1260204728656,10428.2998046875,11811100.0,194000.0
2018-03-06,58.43223190307617,10249.25,58.581731237798564,10441.349609375,57.787006870083026,10215.900390625,58.08601154279388,10420.5,7440000.0,222900.0
2018-03-07,58.73124694824219,10154.2001953125,58.80993177040294,10243.349609375,58.015207262332055,10141.5498046875,58.164706623457356,10232.9501953125,8993600.0,249500.0
2018-03-08,59.03025436401367,10242.650390625,59.09320462591803,10270.349609375,58.621089668170136,10146.400390625,58.77845931966363,10216.25,8446800.0,226400.0
2018-03-09,59.40008544921875,10226.849609375,59.40008544921875,10296.7001953125,58.739125644480424,10211.900390625,59.124685530577786,10271.2998046875,7660100.0,186500.0
2018-03-12,59.6990852355957,10421.400390625,59.824979745265146,10433.650390625,59.282044288944284,10295.4501953125,59.376469673646525,10301.599609375,6980200.0,216400.0
2018-03-13,59.79349899291992,10426.849609375,60.1239848066592,10478.599609375,59.588919683541214,10377.849609375,59.98234974456131,10389.5,6437300.0,266700.0
2018-03-14,59.840721130371094,10410.900390625,60.07677559045851,10420.349609375,59.54958069266963,10336.2998046875,59.89580110471819,10393.0498046875,5750400.0,181400.0
2018-03-15,59.82496643066406,10360.150390625,60.10823651845953,10420.0,59.52596178388686,10346.2001953125,59.9036512321038,10405.4501953125,9157300.0,173900.0
2018-03-16,60.17905044555664,10195.150390625,60.26559951536745,10346.2998046875,59.6125103320666,10180.25,59.75414536043911,10345.150390625,10879600.0,328500.0
2018-03-19,59.620361328125,10094.25,60.155426204645956,10224.5498046875,59.27414711620924,10075.2998046875,60.10034626161866,10215.349609375,8155600.0,210200.0
2018-03-20,59.57316970825195,10124.349609375,60.013809385939574,10155.650390625,59.329245029998496,10049.099609375,59.628249667962905,10051.5498046875,6567100.0,203000.0
2018-03-21,59.11677169799805,10155.25,59.74626190826578,10227.2998046875,58.80203259612774,10132.9501953125,59.518071857125314,10181.9501953125,7839300.0,204800.0
2018-03-22,58.77405548095703,10114.75,59.72611656991072,10207.849609375,58.758184366075625,10105.400390625,58.97240204557711,10167.5,9099500.0,230500.0
2018-03-23,57.837867736816406,9998.0498046875,58.93273875121583,10027.7001953125,57.71885857038964,9951.900390625,58.72645659961328,9968.7998046875,10044000.0,285700.0
2018-03-26,58.567779541015625,10130.650390625,58.67091758640436,10143.5,57.95687472084671,9958.5498046875,58.313896153625535,9989.150390625,6054900.0,262600.0
2018-03-27,58.72645568847656,10184.150390625,59.49604142596425,10207.900390625,58.06794961017274,10139.650390625,58.662989380016924,10188.0,10805600.0,225700.0
2018-03-28,59.860984802246094,10113.7001953125,60.035530730167324,10158.349609375,58.72644232381423,10096.900390625,58.99619677234419,10143.599609375,15032300.0,344400.0
2018-03-29,59.876853942871094,,60.16247344223122,,59.65470678849233,,59.97999196367381,,9078800.0,
2018-04-02,59.0517578125,10211.7998046875,60.035555383897346,10220.099609375,58.70266581330215,10127.75,59.845144317543365,10151.650390625,11055500.0,225400.0
2018-04-03,59.44049835205078,10245.0,59.67058109848418,10255.349609375,58.82959358280527,10171.0498046875,59.21835116323423,10186.849609375,11062800.0,205300.0
2018-04-04,60.106937408447266,10128.400390625,60.22594654351781,10279.849609375,58.95652384017346,10111.2998046875,59.18660655382822,10274.599609375,8767300.0,231100.0
2018-04-05,60.16249465942383,10325.150390625,60.27356827578497,10331.7998046875,59.67059289192587,10227.4501953125,60.11488735737041,10228.4501953125,12880100.0,236800.0
2018-04-06,59.62295913696289,10331.599609375,60.41634513731355,10350.4501953125,59.44047769353813,10290.849609375,60.067253360181724,10322.75,11896300.0,200200.0
2018-04-09,59.519840240478516,10379.349609375,60.01174194770995,10397.7001953125,59.416702195938846,10328.5,59.503975177109865,10333.7001953125,8584000.0,221600.0
2018-04-10,59.28975296020508,10402.25,59.90065766643856,10424.849609375,59.123136532721475,10381.5,59.79751964028535,10412.900390625,9125800.0,251700.0
2018-04-11,59.42462921142578,10417.150390625,59.90859529087053,10428.150390625,59.13107413031875,10355.599609375,59.13107413031875,10428.150390625,4463000.0,250400.0
2018-04-12,58.861328125,10458.650390625,59.59124202599303,10469.900390625,58.69471773801616,10395.25,59.59124202599303,10410.650390625,7667100.0,238600.0
2018-04-13,59.06759262084961,10480.599609375,59.17073668762544,10519.900390625,58.6788351273826,10451.4501953125,58.6788351273826,10495.2998046875,4644700.0,213100.0
2018-04-16,59.35322570800781,10528.349609375,59.63091574863203,10540.150390625,59.03587603824919,10396.349609375,59.0676061627795,10398.2998046875,6894800.0,195000.0
2018-04-17,60.122806549072266,10548.7001953125,60.448097803473125,10560.4501953125,59.36909206422882,10495.650390625,59.50396626837025,10557.2998046875,8517400.0,206100.0
2018-04-18,60.019657135009766,10526.2001953125,60.36081338569102,10594.2001953125,59.98792096598647,10509.7001953125,60.11485958902433,10578.900390625,5600300.0,205400.0
2018-04-19,59.162811279296875,10565.2998046875,59.80545219242402,10572.2001953125,58.77405371915077,10546.2001953125,59.734050336768384,10563.650390625,8191800.0,262600.0
2018-04-20,58.655059814453125,10564.0498046875,59.353237703303634,10582.349609375,58.599523005715675,10527.4501953125,59.10728984361754,10560.349609375,10076500.0,244600.0
2018-04-23,58.69470977783203,10584.7001953125,58.92478643361377,10638.349609375,58.41701978412924,10514.9501953125,58.71851039373663,10592.7998046875,5820000.0,194200.0
2018-04-24,58.83753204345703,10614.349609375,59.13901666414657,10636.7998046875,58.575713106695034,10569.0,58.82166092744025,10578.099609375,6190900.0,219200.0
2018-04-25,58.7105827331543,10570.5498046875,58.900993739054584,10612.599609375,58.13140810500929,10536.4501953125,58.64711038016862,10612.400390625,7894600.0,189200.0
2018-04-26,59.42462921142578,10617.7998046875,59.734049353620755,10628.400390625,58.821653988123785,10559.650390625,58.90099139967645,10586.5,7028000.0,335100.0
2018-04-27,60.19422912597656,10692.2998046875,60.384640169584166,10719.7998046875,59.250097360781574,10647.5498046875,59.32943479119658,10651.650390625,8633000.0,0.0
2018-04-30,60.01173400878906,10739.349609375,60.51156515505373,10759.0,59.99586894751919,10704.599609375,60.15454377244419,10705.75,8889100.0,173800.0
2018-05-01,60.43223190307617,,60.51156932100069,,59.83719218905677,,60.05933938046823,,7872300.0,
2018-05-02,60.22595977783203,10718.0498046875,60.51950884871492,10784.650390625,59.813395492669635,10689.7998046875,60.297361642730884,10783.849609375,8745700.0,229700.0
2018-05-03,60.24974060058594,10679.650390625,60.48775279175879,10720.599609375,59.97998618692356,10647.4501953125,60.106930864660065,10720.150390625,4850100.0,185200.0
2018-05-04,60.88444900512695,10618.25,61.05105936355302,10700.4501953125,60.249743742511775,10601.599609375,60.25767324549227,10700.4501953125,7379300.0,186500.0
2018-05-07,61.21767044067383,10715.5,61.320808447934475,10725.650390625,60.884443699802546,10635.650390625,60.98758776011837,10653.150390625,10398100.0,168400.0
2018-05-08,60.91618728637695,10717.7998046875,61.18594172345098,10758.5498046875,60.709905193679866,10689.400390625,61.0589970346971,10757.900390625,11142500.0,269800.0
2018-05-09,61.28910446166992,10741.7001953125,61.304969527634704,10766.25,60.70200017203907,10689.849609375,60.81307379296765,10693.349609375,8030200.0,215400.0
2018-05-10,61.852394104003906,10716.5498046875,61.93966707967151,10785.5498046875,61.48743713896527,10705.0,61.56677455692028,10779.650390625,8522900.0,192100.0
2018-05-11,61.598506927490234,10806.5,62.09040857329947,10812.0498046875,61.519169514438836,10724.4501953125,61.86032583831079,10741.9501953125,7923200.0,203100.0
2018-05-14,61.146278381347656,10806.599609375,61.66198065729254,10834.849609375,60.84479378379156,10774.75,61.53503595112781,10815.150390625,10030300.0,171400.0
2018-05-15,60.2418327331543,10801.849609375,60.860673188911065,10929.2001953125,60.05935118830024,10781.400390625,60.70992782807764,10812.599609375,11364200.0,254300.0
2018-05-16,60.067256927490234,10741.099609375,60.511551177095065,10790.4501953125,59.96411892041917,10699.7001953125,60.39254811241889,10751.9501953125,7299600.0,231100.0
2018-05-17,59.757850646972656,10682.7001953125,60.1942154950275,10777.25,59.63884150177074,10664.5,59.972062265890855,10775.599609375,9778200.0,214100.0
2018-05-18,59.892738342285156,10596.400390625,60.075219879766856,10674.9501953125,59.61505430964599,10589.099609375,59.86893771849579,10671.849609375,8443700.0,223000.0
2018-05-21,60.5353889465332,10516.7001953125,60.63059144718976,10621.7001953125,59.67853012227451,10505.7998046875,59.98795035552488,10616.7001953125,7944100.0,0.0
2018-05-22,60.61470031738281,10536.7001953125,60.64643648830801,10558.599609375,60.297344661186486,10490.5498046875,60.511556248611996,10518.4501953125,7426100.0,241700.0
2018-05-23,61.13039016723633,10430.349609375,61.273199881055874,10533.5498046875,60.55915131195812,10417.7998046875,60.74162669163871,10521.099609375,6833200.0,290900.0
2018-05-24,60.97965621948242,10513.849609375,61.328748040971064,10535.150390625,60.64643550972812,10419.7998046875,61.185938300639855,10464.849609375,7142700.0,297600.0
2018-05-25,61.185943603515625,10605.150390625,61.392219649495054,10628.0498046875,60.8844529849892,10524.0,60.93998977476153,10533.0498046875,5475900.0,260800.0
2018-05-28,,10688.650390625,,10709.7998046875,,10640.5498046875,,10648.349609375,,232600.0
2018-05-29,61.368412017822266,10633.2998046875,61.606430262813404,10717.25,60.83684479747153,10616.099609375,61.26527400662233,10689.400390625,7454700.0,225800.0
2018-05-30,62.14594268798828,10614.349609375,62.37602541305572,10648.7001953125,61.201811170135066,10558.4501953125,61.25734796218194,10579.0,10052900.0,238700.0
2018-05-31,62.03486633300781,10736.150390625,62.22527731822689,10763.7998046875,61.741311272125664,10620.400390625,61.931722257344745,10670.099609375,11575600.0,610300.0
2018-06-01,62.249088287353516,10696.2001953125,62.37603300064905,10764.75,61.7492570981308,10681.5,62.026941092143424,10738.4501953125,9777800.0,220600.0
2018-06-04,62.79653549194336,10628.5,62.79653549194336,10770.2998046875,62.185624567213544,10618.349609375,62.399842287386626,10765.9501953125,8022200.0,203800.0
2018-06-05,62.71717071533203,10593.150390625,63.034520298158434,10633.150390625,62.49501753307614,10550.900390625,62.90758167563893,10630.7001953125,12342700.0,167700.0
2018-06-06,62.788578033447266,10684.650390625,62.788578033447266,10698.349609375,62.33634818010469,10587.5,62.59816705652824,10603.4501953125,5980400.0,189900.0
2018-06-07,62.82826232910156,10768.349609375,62.93140036784389,10818.0,62.42363362578515,10722.599609375,62.79652615109077,10722.599609375,7244200.0,220900.0
2018-06-08,63.0107421875,10767.650390625,63.05041392604874,10779.4501953125,62.693386438282445,10709.0498046875,62.79653053728619,10736.400390625,4491300.0,209400.0
2018-06-11,63.026615142822266,10786.9501953125,63.10595256917681,10850.5498046875,62.8758697956083,10777.0498046875,62.939342157914986,10781.849609375,10024600.0,211400.0
2018-06-12,63.34394454956055,10842.849609375,63.48675429245814,10856.5498046875,62.764776075016094,10789.400390625,62.86791409092048,10816.150390625,4860400.0,198300.0
2018-06-13,62.06661605834961,10856.7001953125,63.46297165892634,10893.25,61.99520814014043,10842.650390625,63.3677691720573,10887.5,10046100.0,213400.0
2018-06-14,62.68544006347656,10808.0498046875,62.88378659672748,10833.7001953125,62.24907526910221,10773.5498046875,62.35221328729259,10832.900390625,6749900.0,184300.0
2018-06-15,62.7489128112793,10817.7001953125,63.066268507750976,10834.0,62.526765639666046,10755.400390625,62.69337601837598,10808.650390625,12840300.0,305400.0
2018-06-18,62.693359375,10799.849609375,62.69335937500001,10830.2001953125,62.264936259512794,10787.349609375,62.44741165072867,10830.2001953125,6088900.0,196600.0
2018-06-19,62.68544006347656,10710.4501953125,62.93138782772984,10789.4501953125,62.48709353022564,10701.2001953125,62.55055982054351,10789.4501953125,6031100.0,224500.0
2018-06-20,63.296382904052734,10772.0498046875,63.36779084668664,10781.7998046875,62.65374168564496,10724.0498046875,62.70927850633379,10734.650390625,9409200.0,193500.0
2018-06-21,63.62163162231445,10741.099609375,63.66129729443764,10809.599609375,63.169401799333265,10725.900390625,63.320141038290046,10808.4501953125,8941900.0,223600.0
2018-06-22,64.0262680053711,10821.849609375,64.05800418176347,10837.0,63.40742769836149,10710.4501953125,63.65338155213825,10742.7001953125,6692700.0,229800.0
2018-06-25,63.80410385131836,10762.4501953125,64.21666798161748,10831.0498046875,63.47881872267398,10753.0498046875,64.21666798161748,10822.900390625,6948000.0,229600.0
2018-06-26,64.05645751953125,10769.150390625,64.29679184870442,10805.25,63.70396879993216,10732.5498046875,63.91225814441852,10742.7001953125,6122700.0,220000.0
2018-06-27,63.71198272705078,10671.400390625,64.36888964512843,10785.5,63.71198272705078,10652.400390625,64.28076746363398,10785.5,6978500.0,246000.0
2018-06-28,64.39292907714844,10589.099609375,64.47304460527742,10674.2001953125,63.752047635813334,10557.7001953125,63.768067074265126,10660.7998046875,8832800.0,352300.0
2018-06-29,64.55315399169922,10714.2998046875,64.80950779050644,10723.0498046875,63.8962470002584,10612.349609375,64.24872965364541,10612.849609375,8417700.0,242800.0
2018-07-02,64.16861724853516,10657.2998046875,64.5851959721656,10736.150390625,63.49569084999485,10604.650390625,64.52110599745993,10732.349609375,14329300.0,295400.0
2018-07-03,64.6492919921875,10699.900390625,65.09791578753428,10713.2998046875,64.11255210499571,10630.25,64.32084150597967,10668.599609375,7059800.0,202100.0
2018-07-04,,10769.900390625,,10777.150390625,,10677.75,,10715.0,,173900.0
2018-07-05,65.4904556274414,10749.75,65.4904556274414,10786.0498046875,64.60122693363515,10726.25,64.80951633260568,10786.0498046875,12157500.0,220500.0
2018-07-06,65.7628173828125,10772.650390625,65.82690735772594,10816.349609375,65.49044415736498,10735.0498046875,65.63464354494202,10744.150390625,8450500.0,0.0
2018-07-09,65.17800903320312,10852.900390625,65.77883875798416,10860.349609375,64.90562971308526,10807.150390625,65.74679377256112,10838.2998046875,6359800.0,183600.0
2018-07-10,65.37831115722656,10947.25,65.48245281658181,10956.900390625,64.9296934099013,10876.650390625,65.23411172244938,10902.75,6553900.0,197000.0
2018-07-11,65.17800903320312,10948.2998046875,65.49845277547755,10976.650390625,65.11391906235704,10923.0,65.26613121512749,10956.400390625,5535900.0,222300.0
2018-07-12,65.37027740478516,11023.2001953125,65.4664123677765,11078.2998046875,65.01779476439646,10999.650390625,65.01779476439646,11006.9501953125,4568200.0,248300.0
2018-07-13,65.14595794677734,11018.900390625,65.65065266802394,11071.349609375,65.12993851154407,10999.75,65.49043386786943,11056.900390625,4581000.0,0.0
2018-07-16,64.84955596923828,10936.849609375,65.13795474144429,11019.5,64.48906055995893,10926.25,65.07387087914233,11018.9501953125,5306200.0,210500.0
2018-07-17,64.50508880615234,11008.0498046875,65.01780255827695,11018.5,64.37691495208908,10925.599609375,64.84956482488582,10939.650390625,11247200.0,210600.0
2018-07-18,64.2006607055664,10980.4501953125,64.57718165804174,11076.2001953125,63.88822972626905,10956.2998046875,64.32082787728606,11060.2001953125,6169300.0,225500.0
2018-07-19,64.84955596923828,10957.099609375,65.08187754195737,11006.5,63.94430800267606,10935.4501953125,64.07248795119267,10999.5,8434600.0,215400.0
2018-07-20,64.30481719970703,11010.2001953125,64.75344100374932,11030.25,64.06448891264355,10946.2001953125,64.64128658072816,10963.5,9477800.0,187300.0
2018-07-23,64.14458465576172,11084.75,64.28077126723664,11093.400390625,63.776076471323236,11010.9501953125,64.16861686814478,11019.849609375,4977000.0,229100.0
2018-07-24,63.832157135009766,11134.2998046875,64.38492249764397,11143.400390625,63.663925527242114,11092.5,64.24072310356361,11109.0,6786400.0,205800.0
2018-07-25,64.35289001464844,11132.0,64.47305721839402,11157.150390625,63.86421453485221,11113.25,63.86421453485221,11148.400390625,6448600.0,205900.0
2018-07-26,64.52912902832031,11167.2998046875,64.88161172131105,11185.849609375,64.27277520071007,11125.7001953125,64.57719346101057,11132.9501953125,5477800.0,365400.0
2018-07-27,63.904258728027344,11278.349609375,64.71337795261918,11283.400390625,63.84017485721428,11210.25,64.6653135215201,11232.75,7163000.0,314600.0
2018-07-30,63.992393493652344,11319.5498046875,64.09654126409656,11328.099609375,63.48769853212469,11261.4501953125,63.968361273383174,11296.650390625,10811000.0,278800.0
2018-07-31,65.08989715576172,11356.5,65.29017376239483,11366.0,64.28077795361598,11267.75,64.38492570071767,11311.0498046875,16050000.0,256500.0
2018-08-01,65.30619812011719,11346.2001953125,65.42636531553869,11390.5498046875,64.2086861447625,11313.5498046875,64.52111718568393,11359.7998046875,18394300.0,269700.0
2018-08-02,65.08989715576172,11244.7001953125,65.50646980829751,11328.900390625,65.04983938965229,11234.9501953125,65.2581287718987,11328.900390625,7756000.0,210000.0
2018-08-03,65.85897064208984,11360.7998046875,65.89902841552868,11368.0,65.14598628097696,11294.5498046875,65.2981984856948,11297.7998046875,8897000.0,218300.0
2018-08-06,65.81888580322266,11387.099609375,66.06722675987928,11427.650390625,65.60258371481751,11370.599609375,65.74678306976926,11401.5,6988700.0,203700.0
2018-08-07,65.58656311035156,11389.4501953125,65.83490406257674,11428.9501953125,65.31418383943418,11359.7001953125,65.77081410330736,11423.150390625,5188300.0,226400.0
2018-08-08,65.19403839111328,11450.0,65.58658493831598,11459.9501953125,65.11392897134269,11379.2998046875,65.57055938718769,11412.5,4143400.0,210500.0
2018-08-09,65.27415466308594,11470.7001953125,65.46641849510712,11495.2001953125,65.1459747004338,11454.099609375,65.19403913044984,11493.25,4609000.0,302200.0
2018-08-10,64.6893539428711,11429.5,65.36228051144722,11478.75,64.6893539428711,11419.650390625,65.12996499036113,11474.9501953125,6231700.0,0.0
2018-08-13,64.65729522705078,11355.75,64.89762958594748,11406.2998046875,64.53712804760242,11340.2998046875,64.74541741784913,11369.599609375,5135100.0,246900.0
2018-08-14,65.00980377197266,11435.099609375,65.13797765361787,11452.4501953125,64.69737267751177,11370.7998046875,64.73742434154404,11381.7001953125,4485400.0,232600.0
2018-08-15,65.49846649169922,,65.57857591605477,,64.88161108905119,,65.00979105758591,,8520300.0,
2018-08-16,66.02718353271484,11385.0498046875,66.02718353271484,11449.849609375,65.49044374807113,11366.25,65.58657870984048,11397.150390625,6528800.0,290600.0
2018-08-17,66.62000274658203,11470.75,66.62800940896226,11486.4501953125,65.94707027732609,11431.7998046875,65.94707027732609,11437.150390625,6872200.0,234700.0
2018-08-20,66.7241439819336,11551.75,66.98851052590717,11565.2998046875,66.56391905590901,11499.650390625,66.70811843335315,11502.099609375,6258900.0,232600.0
2018-08-21,66.27554321289062,11570.900390625,66.7722253295788,11581.75,66.10730546992993,11539.599609375,66.73217367188711,11576.2001953125,4894100.0,224200.0
2018-08-22,65.90702819824219,,66.28354922619947,,65.64266770180956,,66.16338203038964,,6582800.0,
2018-08-23,65.7628173828125,11582.75,66.0031517327597,11620.7001953125,65.69873351985547,11546.7001953125,65.81890069482907,11620.7001953125,3381300.0,248500.0
2018-08-24,66.09929656982422,11557.099609375,66.09929656982422,11604.599609375,65.59459558192816,11532.0,65.61863391007914,11566.599609375,4421800.0,218800.0
2018-08-27,65.97913360595703,11691.9501953125,66.20344245408508,11700.9501953125,65.666702551499,11595.599609375,66.12333302431902,11605.849609375,5850000.0,199500.0
2018-08-28,66.6841049194336,11738.5,66.70013047250731,11760.2001953125,65.8349339652573,11710.5,65.96310783005859,11731.9501953125,8055400.0,241900.0
2018-08-29,66.62000274658203,11691.900390625,66.88436318011786,11753.2001953125,66.60397719790956,11678.849609375,66.74016380184558,11744.9501953125,7278500.0,251600.0
2018-08-30,66.38768768310547,11676.7998046875,66.83630529853998,11698.7998046875,66.26752050412648,11639.7001953125,66.70011868127688,11694.75,3659900.0,313800.0
2018-08-31,66.63604736328125,11680.5,66.74018902118068,11727.650390625,66.33963572039441,11640.099609375,66.41173849275427,11675.849609375,5541800.0,346500.0
2018-09-03,,11582.349609375,,11751.7998046875,,11567.400390625,,11751.7998046875,,234400.0
2018-09-04,65.93107604980469,11520.2998046875,66.62002821920265,11602.5498046875,65.79488328183841,11496.849609375,66.29157157734528,11598.75,9942300.0,254800.0
2018-09-05,66.23546600341797,11476.9501953125,66.48380698887505,11542.650390625,65.53049469298344,11393.849609375,65.6106040968126,11514.849609375,8536700.0,246100.0
2018-09-06,66.49183654785156,11536.900390625,66.62001651590018,11562.25,66.33161769974808,11436.0498046875,66.45177877984706,11514.150390625,7589000.0,247900.0
2018-09-07,65.68270111083984,11589.099609375,66.17938919661478,11603.0,65.64264946466888,11484.400390625,66.10728645437781,11558.25,8786400.0,295900.0
2018-09-10,66.09929656982422,11438.099609375,66.3796826120124,11573.0,65.9310649445113,11427.2998046875,65.97111660084829,11570.25,8121800.0,286700.0
2018-09-11,65.96311950683594,11287.5,66.22748617173119,11479.400390625,65.74682339771358,11274.0,65.8589778412524,11476.849609375,8158500.0,0.0
2018-09-12,66.01917266845703,11369.900390625,66.15535927166286,11380.75,65.78685110959981,11250.2001953125,66.10728873785916,11340.099609375,7789300.0,268200.0
2018-09-13,66.41173553466797,,66.53190274194307,,66.06725946685697,,66.2595233313223,,6732900.0,
2018-09-14,65.8749771118164,11515.2001953125,66.2354725204955,11523.25,65.47442394130348,11430.5498046875,66.18740809585998,11443.5,7777000.0,276600.0
2018-09-17,66.10728454589844,11377.75,66.2274517048537,11464.9501953125,65.682699214618,11366.900390625,65.73877640720303,11464.9501953125,6007700.0,201400.0
2018-09-18,65.8749771118164,11278.900390625,66.16336977158588,11411.4501953125,65.68270718936164,11268.9501953125,65.98713151060352,11381.5498046875,8338100.0,240900.0
2018-09-19,65.00176239013672,11234.349609375,65.85093308222605,11332.0498046875,64.9697174058373,11210.900390625,65.79485588769101,11326.650390625,8423500.0,250600.0
2018-09-20,65.65066528320312,,65.66669083347125,,64.84155224140474,,65.00177107234629,,8962100.0,
2018-09-21,65.61863708496094,11143.099609375,65.9390747989901,11346.7998046875,65.4343798986323,10866.4501953125,65.50647655070158,11271.2998046875,8127600.0,719000.0
2018-09-24,64.46503448486328,10967.400390625,65.45039195707915,11170.150390625,64.21669345091499,10943.599609375,65.43437251796765,11164.400390625,8941400.0,0.0
2018-09-25,64.36087799072266,11067.4501953125,64.79347613141665,11080.599609375,64.28076858213994,10882.849609375,64.43298073681638,10969.9501953125,8988400.0,405000.0
2018-09-26,63.771949768066406,11053.7998046875,64.52430206247664,11145.5498046875,63.66677832745056,10993.0498046875,64.52430206247664,11145.5498046875,11455100.0,340500.0
2018-09-27,63.941829681396484,10977.5498046875,64.27350852995721,11089.4501953125,63.788121386777,10953.349609375,63.87710974976382,11079.7998046875,7391600.0,405700.0
2018-09-28,64.7346420288086,10930.4501953125,64.82363041212261,11034.099609375,64.01464959801984,10850.2998046875,64.01464959801984,11008.099609375,9308700.0,478100.0
2018-10-01,64.20071411132812,11008.2998046875,64.92070649961728,11035.650390625,64.20071411132812,10821.5498046875,64.74272974349485,10930.900390625,12583000.0,387000.0
2018-10-02,64.1117172241211,,64.57283595285807,,64.1117172241211,,64.34632235586905,,7365300.0,
2018-10-03,63.666786193847656,10858.25,64.41913858121534,10989.0498046875,63.18949048665291,10843.75,64.08745966422188,10982.7001953125,13807100.0,386800.0
2018-10-04,63.02770233154297,10599.25,63.4079181546509,10754.7001953125,62.66365723805117,10547.25,63.38364971615829,10754.7001953125,12966500.0,425100.0
2018-10-05,62.94679641723633,10316.4501953125,63.39982987909127,10540.650390625,62.93871105279946,10261.900390625,63.011516364934735,10514.099609375,11725300.0,606400.0
2018-10-08,63.78001403808594,10348.0498046875,64.07124748618932,10398.349609375,63.060021950283364,10198.400390625,63.132833398324635,10310.150390625,8456400.0,456200.0
2018-10-09,63.91756057739258,10301.0498046875,64.17643412916654,10397.599609375,63.54543023246953,10279.349609375,63.796212249866464,10390.2998046875,7122500.0,430500.0
2018-10-10,62.95488357543945,10460.099609375,64.10363479304239,10482.349609375,62.95488357543945,10318.25,63.82858429250373,10331.849609375,11699500.0,0.0
2018-10-11,61.239845275878906,10234.650390625,63.124772057631134,10335.9501953125,61.158948428720684,10138.599609375,63.124772057631134,10169.7998046875,19049500.0,483500.0
2018-10-12,61.11848449707031,10472.5,62.04880721440831,10492.4501953125,60.794891034850515,10322.150390625,61.99217882142225,10331.5498046875,12504500.0,343500.0
2018-10-15,61.45016860961914,10512.5,62.081172520635356,10526.2998046875,61.053769824601964,10410.150390625,61.053769824601964,10524.2001953125,9889100.0,259500.0
2018-10-16,62.785011291503906,10584.75,62.890176591845666,10604.900390625,61.36929464550408,10525.2998046875,61.66861981544798,10550.150390625,8111000.0,265200.0
2018-10-17,62.47758865356445,10453.0498046875,62.85780443747266,10710.150390625,62.121635133613246,10436.4501953125,62.67174231352258,10688.7001953125,8601900.0,284800.0
2018-10-18,62.40476989746094,,63.011505414616984,,62.25106159139756,,62.50184980213773,,7128900.0,
2018-10-19,62.882076263427734,10303.5498046875,63.16521829084671,10380.099609375,62.38859751334039,10249.599609375,62.38859751334039,10339.7001953125,6943800.0,357500.0
2018-10-22,62.056888580322266,10245.25,63.32698761950434,10408.5498046875,62.056888580322266,10224.0,63.05193723350496,10405.849609375,8100600.0,297300.0
2018-10-23,62.453311920166016,10146.7998046875,62.75263702194158,10222.099609375,61.63624580013276,10102.349609375,61.87085096011361,10152.599609375,10027200.0,302600.0
2018-10-24,62.906341552734375,10224.75,63.48880864974637,10290.650390625,62.41286282732327,10126.7001953125,62.509936562136616,10278.150390625,14149900.0,351400.0
2018-10-25,63.68293762207031,10124.900390625,64.07124475496822,10166.599609375,62.76070046639956,10079.2998046875,63.01148241356406,10135.0498046875,9473500.0,0.0
2018-10-26,62.18635177612305,10030.0,63.480719727181544,10128.849609375,61.79803830478888,10004.5498046875,63.41599978662031,10122.349609375,12416500.0,364300.0
2018-10-29,62.906341552734375,10250.849609375,63.399820278145484,10275.2998046875,62.55038806633083,10020.349609375,62.64746797317716,10078.099609375,9833500.0,364400.0
2018-10-30,63.85282516479492,10198.400390625,64.28158380233643,10285.099609375,62.90631954923753,10175.349609375,63.181369931044976,10239.400390625,12266600.0,289800.0
2018-10-31,63.18949508666992,10386.599609375,63.958024430213996,10396.0,62.98724987289157,10105.099609375,63.715333876900445,10209.5498046875,11253000.0,375000.0
2018-11-01,63.424095153808594,10380.4501953125,63.521168898481676,10441.900390625,62.89016486997219,10341.900390625,63.24611839252979,10441.7001953125,13821500.0,348500.0
2018-11-02,62.882076263427734,10553.0,63.51308025939954,10606.9501953125,62.194437689938844,10457.7001953125,63.51308025939954,10462.2998046875,9900600.0,421200.0
2018-11-05,63.8043212890625,10524.0,63.99847496315126,10558.7998046875,62.88208362209834,10477.0,63.03578578523636,10558.75,14536600.0,301900.0
2018-11-06,64.07936096191406,10530.0,64.11981246601482,10600.25,63.69913904268569,10491.4501953125,63.747682082013185,10552.0,5133400.0,0.0
2018-11-07,64.88833618164062,10598.400390625,64.88833618164062,10616.4501953125,64.02272714655155,10582.2998046875,64.47575432842024,10614.4501953125,7704800.0,31200.0
2018-11-08,64.91261291503906,,64.93688134973827,,64.39486573467843,,64.71845926541214,,5218800.0,
2018-11-09,65.00159454345703,10585.2001953125,65.10676597894835,10619.5498046875,64.5809273175896,10544.849609375,64.75890404962172,10614.7001953125,6148400.0,296600.0
2018-11-12,64.92877960205078,10482.2001953125,65.56787496667124,10645.5,64.86405967782883,10464.0498046875,65.00158488777672,10607.7998046875,5749800.0,259700.0
2018-11-13,64.98542785644531,10582.5,65.30902140443429,10596.25,64.60520590046079,10440.5498046875,65.05014780044982,10451.900390625,5401800.0,254600.0
2018-11-14,64.87214660644531,10576.2998046875,65.38180208644422,10651.599609375,64.54855318033738,10532.7001953125,65.26045378014985,10634.900390625,6817300.0,384500.0
2018-11-15,64.4676742553711,10616.7001953125,64.72654783368368,10646.5,63.77195035639983,10557.5,64.6294679273041,10580.599609375,9149300.0,0.0
2018-11-16,65.2442855834961,10682.2001953125,65.2442855834961,10695.150390625,64.23305984962923,10631.150390625,64.34631663805976,10644.0,11869700.0,342800.0
2018-11-19,65.2442855834961,10763.400390625,65.66495277309059,10774.7001953125,64.79125225774193,10688.7998046875,65.22810251541627,10731.25,5518700.0,272100.0
2018-11-20,64.54855346679688,10656.2001953125,65.37371084360439,10740.849609375,64.54855346679688,10640.849609375,65.11483733597544,10740.099609375,12269600.0,295200.0
2018-11-21,64.6375503540039,10600.0498046875,65.09866904326994,10671.2998046875,64.2896884535378,10562.349609375,64.54047046130451,10670.9501953125,6545800.0,300900.0
2018-11-22,,10526.75,,10646.25,,10512.0,,10612.650390625,,239500.0
2018-11-23,64.41912078857422,,64.73462271819602,,64.07935042929411,,64.54046910889767,,2618000.0,
2018-11-26,64.64568328857422,10628.599609375,64.8641054719901,10637.7998046875,64.28972962608134,10489.75,64.71848862570083,10568.2998046875,4867500.0,0.0
2018-11-27,64.84790802001953,10685.599609375,64.85599338467014,10695.150390625,64.28970925742327,10596.349609375,64.45959449559733,10621.4501953125,7151500.0,0.0
2018-11-28,65.4222640991211,10728.849609375,65.49506939138607,10757.7998046875,64.61328348978277,10699.849609375,64.80743710785495,10708.75,9827700.0,424500.0
2018-11-29,65.51124572753906,10858.7001953125,65.77820461044173,10883.0498046875,65.02585247419253,10782.349609375,65.38989741420244,10808.7001953125,6261900.0,691300.0
2018-11-30,66.15843963623047,10876.75,66.15843963623047,10922.4501953125,65.38991045191854,10835.099609375,65.53552722254986,10892.099609375,8392100.0,453900.0
2018-12-03,66.46585083007812,10883.75,66.51438769232148,10941.2001953125,65.82675539840056,10845.349609375,66.51438769232148,10930.7001953125,11246200.0,409700.0
2018-12-04,65.43843841552734,10869.5,66.58718935420742,10890.9501953125,65.27664476885172,10833.349609375,66.4658472052167,10877.099609375,11586400.0,322100.0
2018-12-05,,10782.900390625,,10821.0498046875,,10747.9501953125,,10820.4501953125,,312300.0
2018-12-06,67.08067321777344,10601.150390625,67.13730161571769,10722.650390625,64.53238296621737,10588.25,65.13103308395081,10718.150390625,18088000.0,318500.0
2018-12-07,66.13418579101562,10693.7001953125,67.02406350914845,10704.5498046875,65.95620901298223,10599.349609375,66.82181829266216,10644.7998046875,14480700.0,325800.0
2018-12-10,65.76203155517578,10488.4501953125,66.2393271309271,10558.849609375,64.96922787751541,10474.9501953125,66.1746133757966,10508.7001953125,11460600.0,381300.0
2018-12-11,65.81060028076172,10549.150390625,66.40924446680489,10567.150390625,65.8025087429404,10333.849609375,65.98048554279958,10350.0498046875,6209100.0,425500.0
2018-12-12,64.7265396118164,10737.599609375,66.27168935021328,10752.2001953125,64.7184480776377,10560.7998046875,66.20696942084793,10591.0,7830400.0,360500.0
2018-12-13,65.11485290527344,10791.5498046875,65.64069157925928,10838.599609375,64.76699096759351,10749.5,64.77508250252544,10810.75,6059700.0,376200.0
2018-12-14,64.98542785644531,10805.4501953125,65.27666143243204,10815.75,64.66183430845633,10752.099609375,64.91261637643184,10784.5,7787900.0,340100.0
2018-12-17,62.586448669433594,10888.349609375,65.26372062523738,10900.349609375,62.43997123705874,10844.849609375,65.07655881129375,10853.2001953125,13336700.0,296900.0
2018-12-18,63.14795684814453,10908.7001953125,63.58738926028629,10915.400390625,62.87941378375002,10819.099609375,63.04216997816215,10850.900390625,9069300.0,286100.0
2018-12-19,62.45623779296875,10967.2998046875,63.7745345586468,10985.150390625,62.29348786518658,10928.0,63.16421301669596,10930.5498046875,15919200.0,312100.0
2018-12-20,61.54484939575195,10951.7001953125,62.594603659268394,10962.5498046875,61.11355630787227,10880.0498046875,62.43185365918666,10885.2001953125,13771500.0,318900.0
2018-12-21,60.7799072265625,10754.0,62.846864181373775,10963.650390625,60.682253517019376,10738.650390625,61.7320076126822,10944.25,12539500.0,377500.0
2018-12-24,58.590877532958984,10663.5,60.763621084763145,10782.2998046875,58.5664656606823,10649.25,60.543908025760174,10780.900390625,9458300.0,223400.0
2018-12-26,60.51137161254883,10729.849609375,60.568334731315716,10747.5,58.11077505356873,10534.5498046875,58.75364187600319,10635.4501953125,12387500.0,263700.0
2018-12-27,60.609012603759766,10779.7998046875,60.68224822314293,10834.2001953125,58.91638570375707,10764.4501953125,60.06378720035098,10817.900390625,11498600.0,456100.0
2018-12-28,60.79617691040039,10859.900390625,61.44718919335512,10893.599609375,60.364883911561016,10817.150390625,61.17050680011972,10820.9501953125,13789700.0,245500.0
2018-12-31,60.98334503173828,10862.5498046875,61.08913188922557,10923.5498046875,59.94986349696221,10853.2001953125,60.91010320077534,10913.2001953125,10767400.0,180900.0
2019-01-02,59.66505813598633,10792.5,60.36489428747545,10895.349609375,59.34769130083595,10735.0498046875,60.283519290247156,10868.849609375,14797200.0,309700.0
2019-01-03,60.04750442504883,10672.25,60.950780827473515,10814.0498046875,59.55110906124744,10661.25,59.66503525538101,10796.7998046875,10602800.0,286200.0
2019-01-04,60.69039535522461,10727.349609375,61.26816585777977,10741.0498046875,60.13703672892317,10628.650390625,60.438124814070704,10699.7001953125,10159500.0,296600.0
2019-01-07,61.300716400146484,10771.7998046875,61.75642130774916,10835.9501953125,60.70666718115266,10750.150390625,60.950798357947654,10804.849609375,16536000.0,269400.0
2019-01-08,62.41557312011719,10802.150390625,62.58646868630526,10818.4501953125,61.46347260942893,10733.25,61.66691320787588,10786.25,13641700.0,277700.0
2019-01-09,62.334190368652344,10855.150390625,62.64342401327512,10870.400390625,61.772698608572846,10749.400390625,62.50507970506902,10862.400390625,7852400.0,333000.0
2019-01-10,63.196781158447266,10821.599609375,63.33511925493921,10859.349609375,62.04937337239264,10801.7998046875,62.179578316276896,10859.349609375,6851300.0,254400.0
2019-01-11,63.416500091552734,10794.9501953125,63.44905133052704,10850.150390625,62.830590207043144,10739.400390625,63.14795702640017,10834.75,11308300.0,260800.0
2019-01-14,63.21303939819336,10737.599609375,63.579229855280744,10808.0,62.9444964184562,10692.349609375,63.25372998609731,10807.0,4450900.0,298800.0
2019-01-15,63.839622497558594,10886.7998046875,63.953548673883894,10896.9501953125,63.26185225804857,10777.5498046875,63.28626412318814,10777.5498046875,9190300.0,310700.0
2019-01-16,64.23839569091797,10890.2998046875,64.4499694113519,10928.150390625,63.693170250610805,10876.900390625,63.78268459714571,10899.650390625,5954900.0,276500.0
2019-01-17,64.58016967773438,10905.2001953125,64.58016967773438,10930.650390625,64.10818610446279,10844.650390625,64.17328857150294,10920.849609375,4806400.0,271700.0
2019-01-18,64.82431030273438,10906.9501953125,64.82431030273438,10928.2001953125,64.3116360604772,10852.2001953125,64.77548034105843,10914.849609375,6722600.0,323800.0
2019-01-21,,10961.849609375,,10987.4501953125,,10885.75,,10919.349609375,,288800.0
2019-01-22,64.63712310791016,10922.75,64.85683614063778,10949.7998046875,64.10003714800169,10864.150390625,64.70222556520429,10949.7998046875,8530800.0,300800.0
2019-01-23,64.63712310791016,10831.5,64.78360053256591,10944.7998046875,64.21396955252243,10811.9501953125,64.65339561797767,10931.0498046875,5900400.0,298900.0
2019-01-24,64.86499786376953,10849.7998046875,64.9870634611532,10866.599609375,64.22212484549547,10798.650390625,64.55577039777654,10844.0498046875,5541900.0,361100.0
2019-01-25,65.62178802490234,10780.5498046875,65.66247862123028,10931.7001953125,64.8324376408416,10756.4501953125,65.06842944081433,10859.75,5070400.0,463400.0
2019-01-28,66.2158203125,10661.5498046875,66.29719527588237,10804.4501953125,65.30440458048692,10630.9501953125,65.47529386614342,10792.4501953125,9187600.0,419700.0
2019-01-29,66.74478149414062,10652.2001953125,66.76919957843106,10690.349609375,66.04495162399,10583.650390625,66.19956224008071,10653.7001953125,6891100.0,356900.0
2019-01-30,67.27371978759766,10651.7998046875,67.50971157133357,10710.2001953125,66.6471256234466,10612.849609375,66.81801494094233,10702.25,13720500.0,410100.0
2019-01-31,67.98170471191406,10830.9501953125,67.99797722650914,10838.0498046875,66.67154688477214,10678.5498046875,67.24117802330612,10690.5498046875,11413400.0,604800.0
2019-02-01,67.51786041259766,10893.650390625,68.19328462552834,10983.4501953125,66.61458374434429,10813.4501953125,67.9491534471033,10851.349609375,22702800.0,482300.0
2019-02-04,67.97357177734375,10912.25,68.00612301812542,10927.900390625,66.97264750949347,10814.150390625,67.8677849011891,10876.75,10299400.0,318300.0
2019-02-05,68.38859558105469,10934.349609375,68.41300746067047,10956.7001953125,67.6480687872981,10886.7001953125,68.04681684940456,10908.650390625,13279100.0,268100.0
2019-02-06,67.91658782958984,11062.4501953125,68.27464515986557,11072.599609375,67.72128665330874,10962.7001953125,68.25836644020988,10965.099609375,9819000.0,298500.0
2019-02-07,68.43739318847656,11069.400390625,68.53504687813815,11118.099609375,67.52598358568423,11043.599609375,67.72128475649511,11070.4501953125,11887100.0,263500.0
2019-02-08,68.45367431640625,10943.599609375,68.697799236382,11041.2001953125,68.07120511241384,10925.4501953125,68.25836693021066,11023.5,5007400.0,352800.0
2019-02-11,68.64897155761719,10888.7998046875,68.74662524511533,10930.900390625,68.33160483388842,10857.099609375,68.42925231287443,10930.900390625,9950400.0,286000.0
2019-02-12,68.25023651123047,10831.400390625,68.72221385881748,10910.900390625,68.00610537296845,10823.7998046875,68.58387577777496,10879.7001953125,7465100.0,292300.0
2019-02-13,68.56761932373047,,68.62458244153011,,67.90846757946122,,67.9247463036978,,5129300.0,
2019-02-14,68.78732299804688,10746.0498046875,69.00704228550501,10792.7001953125,68.37230250613636,10718.75,68.69780865256593,10786.099609375,6725200.0,627000.0
2019-02-15,69.21048736572266,10724.400390625,69.21862051874176,10785.75,68.77918812367365,10620.400390625,68.85242996044188,10780.25,8649100.0,521900.0
2019-02-18,,10640.9501953125,,10759.900390625,,10628.400390625,,10738.650390625,,345400.0
2019-02-19,69.22674560546875,10604.349609375,69.32439929818526,10722.849609375,68.93379073583169,10585.650390625,69.02330506869372,10636.7001953125,8170800.0,291500.0
2019-02-20,68.7385025024414,10735.4501953125,69.09655990131203,10752.7001953125,68.25024636394468,10646.400390625,69.05586930288996,10655.4501953125,10041500.0,289200.0
2019-02-21,68.79544830322266,10789.849609375,68.85241140157102,10808.849609375,68.12816363320822,10721.5,68.39670661478421,10744.099609375,7637000.0,279600.0
2019-02-22,69.16165924072266,10791.650390625,69.43834166355978,10801.5498046875,68.71409368075619,10758.400390625,68.87684366465056,10782.7001953125,4662100.0,396800.0
2019-02-25,68.65711212158203,10880.099609375,69.38135990982461,10887.099609375,68.6001490216701,10788.0498046875,69.19419189096413,10813.25,5676600.0,385900.0
2019-02-26,68.46995544433594,10835.2998046875,68.99076278937405,10888.75,68.35602922564094,10729.2998046875,68.73849847776557,10775.2998046875,8905300.0,415000.0
2019-02-27,68.27465057373047,10806.650390625,68.53505423225823,10939.7001953125,67.77011576910851,10751.2001953125,68.25023870082364,10881.2001953125,11890400.0,381100.0
2019-02-28,68.47810363769531,10792.5,69.21862415472674,10865.7001953125,68.03053185758385,10784.849609375,68.20956056962844,10865.7001953125,13598100.0,644200.0
2019-03-01,68.33160400390625,10863.5,68.55945639678883,10877.900390625,67.57480500839647,10823.099609375,68.26650154636492,10842.650390625,16198300.0,308500.0
2019-03-04,68.61644744873047,,68.67341057015737,,67.8433756281489,,68.46183060120832,,7710500.0,
2019-03-05,68.82798767089844,10987.4501953125,69.01514944385558,10994.900390625,68.35600424677095,10817.0,68.42110669323908,10864.849609375,5404600.0,373200.0
2019-03-06,68.49437713623047,11053.0,68.96636080048367,11062.2998046875,68.39672962536027,10998.849609375,68.89312516733102,11024.849609375,8273600.0,372600.0
2019-03-07,68.3722915649414,11058.2001953125,68.95820129305243,11089.0498046875,68.16071788085537,11027.099609375,68.49435712638326,11077.9501953125,13091800.0,321200.0
2019-03-08,68.43739318847656,11035.400390625,68.67338494877451,11049.0,68.1363051769165,11008.9501953125,68.14443832800409,11038.849609375,7727500.0,326600.0
2019-03-11,69.44646453857422,11168.0498046875,69.47088262020698,11180.900390625,68.38043802225825,11059.849609375,68.61642980993754,11068.75,6392500.0,352200.0
2019-03-12,69.7313003540039,11301.2001953125,69.91032907103057,11320.400390625,69.44647855409008,11227.0,69.58482287721066,11231.349609375,12312200.0,391300.0
2019-03-13,70.04864501953125,11341.7001953125,70.24394619061664,11352.2998046875,69.69058769878113,11276.599609375,69.69058769878113,11326.2001953125,4702600.0,383000.0
2019-03-14,70.15444946289062,11343.25,70.187000700991,11383.4501953125,69.84522201370777,11313.75,70.11376507165053,11382.5,5380900.0,294500.0
2019-03-15,69.99169158935547,11426.849609375,70.30905836440886,11487.0,69.82080226498158,11370.7998046875,70.22768338258983,11376.849609375,13103500.0,463700.0
2019-03-18,69.60107421875,11462.2001953125,70.15443271734463,11530.150390625,69.29184684337832,11412.5,70.03236715573316,11473.849609375,9872900.0,320300.0
2019-03-19,69.39765930175781,11532.400390625,69.74757739633317,11543.849609375,69.20235805619693,11451.25,69.6499236692954,11500.2998046875,9104800.0,326100.0
2019-03-20,69.62957763671875,11521.0498046875,70.00657319121802,11556.099609375,68.90836956542343,11503.099609375,69.3919053029143,11553.349609375,13586000.0,366300.0
2019-03-21,70.80973052978516,,70.85070463074285,,69.49844049738108,,69.49844049738108,,9319100.0,
2019-03-22,70.38356018066406,11456.900390625,71.29326904486811,11572.7998046875,70.28521733224699,11434.5498046875,70.87529943364683,11549.2001953125,10080500.0,386200.0
2019-03-25,70.3999252319336,11354.25,70.63759743691216,11395.650390625,69.98194954368014,11311.599609375,70.4736823372433,11395.650390625,7164300.0,294500.0
2019-03-26,70.92448425292969,11483.25,70.94906996967731,11496.75,70.41635651348521,11352.4501953125,70.55567974353876,11375.2001953125,5168900.0,282600.0
2019-03-27,70.7769546508789,11445.0498046875,71.1211671467891,11546.2001953125,70.27702429850828,11413.0,70.99004125665772,11531.4501953125,6074400.0,350400.0
2019-03-28,71.39160919189453,11570.0,71.39160919189453,11588.5,70.6704012988195,11452.4501953125,70.858895903127,11463.650390625,8252600.0,527700.0
2019-03-29,71.33425903320312,,71.50636529389867,,71.06380365808505,,71.35064742591096,,15615100.0,
2019-04-01,71.30966186523438,11669.150390625,71.42439935393755,11738.099609375,70.54747354586372,11644.75,71.33424757671017,11665.2001953125,15425400.0,379600.0
2019-04-02,71.76860809326172,11713.2001953125,71.86695718678203,11729.349609375,70.80153055817871,11655.849609375,71.50635009659804,11711.5498046875,10591700.0,386100.0
2019-04-03,71.69485473632812,11643.9501953125,71.98988952697056,11761.0,71.23589852846662,11629.150390625,71.70304580500974,11735.2998046875,6683300.0,365800.0
2019-04-04,71.58830261230469,11598.0,71.85056060187647,11662.5498046875,71.26047856215904,11559.2001953125,71.76040883176833,11660.2001953125,4385200.0,349000.0
2019-04-05,72.08004760742188,11665.9501953125,72.12102796531025,11689.650390625,71.48997172181267,11609.5,71.67026903943716,11638.400390625,7558200.0,266700.0
2019-04-08,71.65388488769531,11604.5,72.07186080253439,11710.2998046875,71.49816702177534,11549.099609375,71.98170901202548,11704.349609375,7045700.0,260900.0
2019-04-09,71.30966186523438,11671.9501953125,71.84237520719866,11683.900390625,71.211312766607,11569.7001953125,71.67846004281971,11612.0498046875,6263700.0,300500.0
2019-04-10,71.9571304321289,11584.2998046875,71.98990722035946,11680.0498046875,71.42441695885968,11571.75,71.53915447584373,11646.849609375,7705300.0,359900.0
2019-04-11,71.88336181640625,11596.7001953125,72.26035738098855,11606.7001953125,71.604715367564,11550.5498046875,71.89975646205889,11592.5498046875,8367300.0,279800.0
2019-04-12,72.26034545898438,11643.4501953125,72.27674010193212,11657.349609375,71.35883393130985,11578.7998046875,71.83417853320661,11612.849609375,4510000.0,246000.0
2019-04-15,71.89157104492188,11690.349609375,72.30954704012993,11704.599609375,71.71126742923502,11648.25,72.29315239176223,11667.0,5711500.0,290000.0
2019-04-16,70.35076904296875,11787.150390625,71.94890892561806,11810.9501953125,70.06392534692102,11731.5498046875,71.86695447713636,11736.2001953125,13216800.0,354300.0
2019-04-17,69.7115249633789,,70.66221420120829,,69.4984446192236,,70.57206241994086,,11148300.0,
2019-04-18,70.1868667602539,11752.7998046875,70.36717031553918,11856.150390625,69.49844182486376,11738.5,69.94099713891502,11856.150390625,5205400.0,339700.0
2019-04-22,69.49845123291016,11594.4501953125,70.21965929895745,11727.0498046875,68.89197441890157,11583.9501953125,70.02296732689457,11727.0498046875,9020000.0,260400.0
2019-04-23,70.3261947631836,11575.9501953125,70.49830100878313,11645.9501953125,69.4902492484538,11564.7998046875,69.66235549405333,11612.9501953125,6966200.0,272500.0
2019-04-24,70.78515625,11726.150390625,71.09658572901348,11740.849609375,70.40816069559679,11578.849609375,70.52289820116624,11601.5,6065000.0,335200.0
2019-04-25,70.64584350585938,11641.7998046875,70.89991054497742,11796.75,70.19509069944634,11624.2998046875,70.67043547949783,11735.7001953125,5007400.0,604400.0
2019-04-26,71.17853546142578,11754.650390625,71.30147028142144,11762.900390625,70.69499975622743,11661.75,70.89169171658568,11683.75,5091200.0,333500.0
2019-04-29,70.49829864501953,,71.37522448760939,,70.44912722013254,,71.09657807628385,,5900700.0,
2019-04-30,71.30147552490234,11748.150390625,71.35884427808924,11756.25,70.17048885376425,11655.900390625,70.4983067275607,11748.75,6396900.0,532600.0
2019-05-01,71.25228881835938,,72.04726012260198,,71.15393972567075,,71.31784862742799,,12961700.0,
2019-05-02,71.27687072753906,11724.75,71.97349290194593,11789.2998046875,71.11295558179873,11699.5498046875,71.11295558179873,11725.5498046875,7581900.0,380300.0
2019-05-03,71.8423843383789,11712.25,71.91614148218085,11770.900390625,71.2932762838229,11699.349609375,71.48177718363615,11722.599609375,5162400.0,305500.0
2019-05-06,71.6047134399414,11598.25,71.81779380588743,11632.5498046875,71.16215181011299,11571.349609375,71.45719289666526,11605.7998046875,5222600.0,299000.0
2019-05-07,70.30160522460938,11497.900390625,71.47357209749539,11657.0498046875,69.89182668517684,11484.4501953125,71.39161764015374,11651.5,8734000.0,337500.0
2019-05-08,70.29342651367188,11359.4501953125,70.95727217516229,11479.099609375,70.25245240051505,11346.9501953125,70.43275600603774,11478.7001953125,5906600.0,372800.0
2019-05-09,70.45730590820312,11301.7998046875,70.59662907701949,11357.599609375,69.67053205446499,11255.0498046875,70.17046225101569,11322.400390625,6865500.0,373000.0
2019-05-10,71.20311737060547,11278.900390625,71.41620396369808,11345.7998046875,70.28521743615917,11251.0498046875,70.36717189420268,11314.150390625,5017300.0,387300.0
2019-05-13,71.12117004394531,11148.2001953125,71.26869058430539,11300.2001953125,70.58845663416031,11125.599609375,70.65402270825923,11258.7001953125,5577300.0,357600.0
2019-05-14,71.41622924804688,11222.0498046875,71.66209896194998,11294.75,71.16216846234649,11108.2998046875,71.30149171561918,11151.650390625,3594300.0,398100.0
2019-05-15,71.88336181640625,11157.0,72.08825111798741,11286.7998046875,71.14575908016903,11136.9501953125,71.37523409750388,11271.7001953125,5232000.0,414200.0
2019-05-16,72.3095474243164,11257.099609375,72.54721355237403,11281.5498046875,71.73585353019867,11143.349609375,71.8096169427926,11180.349609375,5949300.0,350700.0
2019-05-17,72.10462951660156,11407.150390625,72.26034109886422,11426.150390625,71.74402242620074,11259.849609375,71.9816947128082,11261.900390625,4416200.0,412100.0
2019-05-20,71.0392074584961,11828.25,71.9735020230862,11845.2001953125,70.75236373300339,11591.7001953125,71.76041543298122,11651.900390625,6706300.0,452100.0
2019-05-21,71.63748931884766,11709.099609375,71.80139823823045,11883.5498046875,71.18673041145827,11682.7998046875,71.18673041145827,11863.650390625,4618400.0,381000.0
2019-05-22,71.89157104492188,11737.900390625,71.89976836910573,11784.7998046875,71.51457541790677,11682.400390625,71.6211156213916,11727.9501953125,3795200.0,355900.0
2019-05-23,71.98990631103516,11657.0498046875,72.06366971543645,12041.150390625,71.44900177390346,11614.5,71.55554196612128,11901.2998046875,5606800.0,569000.0
2019-05-24,72.22757720947266,11844.099609375,72.57998707229012,11859.0,72.13742541298036,11658.099609375,72.32592632911667,11748.0,3582700.0,374600.0
2019-05-27,,11924.75,,11957.150390625,,11812.400390625,,11855.5,,348400.0
2019-05-28,71.46538543701172,11928.75,72.6209640919061,11958.5498046875,71.43260865136492,11864.900390625,72.46524622282028,11958.349609375,6724400.0,598300.0
2019-05-29,70.61304473876953,11861.099609375,71.87515720614543,11931.900390625,70.30980635219372,11836.7998046875,71.35064114749646,11905.7998046875,8017000.0,318100.0
2019-05-30,70.89988708496094,11945.900390625,71.16214510912017,11968.5498046875,70.56386566974702,11859.400390625,70.64582012991093,11865.2998046875,6830800.0,421200.0
2019-05-31,71.19490814208984,11922.7998046875,71.61287764731797,12039.25,70.42452267698876,11829.4501953125,70.61302350986003,11999.7998046875,7013900.0,438900.0
2019-06-03,71.47357177734375,12088.5498046875,71.62109230098764,12103.0498046875,70.94905574943752,11920.099609375,71.42440035370387,11953.75,7063700.0,315300.0
2019-06-04,71.24407958984375,12021.650390625,71.50633754045629,12095.2001953125,70.54745749472197,12005.849609375,71.46535719550445,12052.650390625,7322300.0,289200.0
2019-06-05,72.7356948852539,,72.7356948852539,,71.40801009101544,,71.61289937238236,,11722500.0,
2019-06-06,72.84223175048828,11843.75,72.94058085205609,12039.7998046875,72.27674161146535,11830.25,72.81764603827742,12039.7998046875,6501900.0,415200.0
2019-06-07,73.06352996826172,11870.650390625,73.46511126934017,11897.5,72.94879245366786,11769.5,73.25202463392635,11865.2001953125,4795700.0,302500.0
2019-06-10,72.84223175048828,11922.7001953125,73.27660225953618,11975.0498046875,72.53899962958849,11871.75,73.0389299536239,11934.900390625,4710400.0,303300.0
2019-06-11,72.96515655517578,11965.599609375,73.20282882848504,12000.349609375,72.46522629971895,11904.349609375,72.98155119621697,11959.849609375,4045800.0,332200.0
2019-06-12,73.20286560058594,11906.2001953125,73.45692638983562,11962.4501953125,72.94060748669789,11866.349609375,72.99797625371319,11962.4501953125,5117200.0,283700.0
2019-06-13,73.47329711914062,11914.0498046875,73.47329711914062,11931.349609375,73.07171588077232,11817.0498046875,73.35036230049431,11873.900390625,4883900.0,447900.0
2019-06-14,73.59623718261719,11823.2998046875,73.90766665968717,11911.849609375,73.33397913542008,11797.7001953125,73.4651050326561,11910.099609375,4808300.0,390300.0
2019-06-17,74.38491821289062,11672.150390625,74.41795323942581,11844.0498046875,73.65816653147782,11657.75,73.7572653102963,11844.0,8171300.0,295500.0
2019-06-18,74.2528076171875,11691.5,75.04562959948784,11727.2001953125,73.89768884691651,11641.150390625,74.6822504948043,11677.0498046875,8297400.0,365500.0
2019-06-19,74.71529388427734,11691.4501953125,74.86394841637645,11802.5,73.78207131579258,11625.099609375,74.13719012576321,11744.4501953125,5955500.0,446900.0
2019-06-20,75.04561614990234,11831.75,75.24382003475831,11843.5,74.86392663012275,11635.0498046875,75.06213051497872,11653.650390625,6541800.0,442000.0
2019-06-21,74.09585571289062,11724.099609375,74.78131820819287,11827.9501953125,73.81506119038724,11705.099609375,74.72350849779303,11827.599609375,11471300.0,468400.0
2019-06-24,73.63336181640625,11699.650390625,74.46747226840075,11754.0,73.58380614641383,11670.2001953125,74.45921824072242,11725.7998046875,7237200.0,277600.0
2019-06-25,72.69192504882812,11796.4501953125,73.97200582548093,11814.400390625,72.68367101600006,11651.0,73.77380192420428,11681.0,7967000.0,300500.0
2019-06-26,71.32099151611328,11847.5498046875,72.82405059296012,11871.849609375,71.17233704474218,11757.5498046875,72.69191048472484,11768.150390625,11381000.0,327900.0
2019-06-27,72.14686584472656,11841.5498046875,72.23771061604553,11911.150390625,71.69264198813173,11821.0498046875,71.74219769117124,11860.849609375,7115400.0,480200.0
2019-06-28,72.10557556152344,11788.849609375,72.8571084862089,11871.7001953125,72.10557556152344,11775.5,72.26249041410372,11861.150390625,10525800.0,303900.0
2019-07-01,72.35332489013672,11865.599609375,72.88187281213332,11884.650390625,71.58527770648723,11830.7998046875,72.88187281213332,11839.900390625,11876800.0,278400.0
2019-07-02,73.48473358154297,11910.2998046875,73.55079733042241,11917.4501953125,72.4771873768873,11814.7001953125,72.6010671448147,11890.2998046875,9713700.0,363200.0
2019-07-03,74.4592514038086,11916.75,74.52531515858153,11945.2001953125,73.65816930730588,11887.0498046875,73.66642333866044,11932.150390625,6897400.0,340500.0
2019-07-04,,11946.75,,11969.25,,11923.650390625,,11928.7998046875,,333600.0
2019-07-05,74.12063598632812,11811.150390625,74.43445925202614,11981.75,73.09657548176783,11797.900390625,73.74900300587555,11964.75,7822200.0,530700.0
2019-07-08,74.36013793945312,11558.599609375,74.60789116869917,11771.900390625,74.02979399967182,11523.2998046875,74.1123784094205,11770.400390625,5098200.0,464000.0
2019-07-09,74.7235336303711,11555.900390625,74.8556674553902,11582.5498046875,74.16195069726689,11461.0,74.35189425212961,11531.599609375,4096600.0,442500.0
2019-07-10,75.11993408203125,11498.900390625,75.33465861513818,11593.7001953125,74.69049131660476,11475.650390625,75.08689905380038,11536.150390625,6911700.0,337600.0
2019-07-11,74.277587890625,11582.900390625,75.1364800110665,11599.0,73.98853287160748,11519.5,75.02911455801787,11561.4501953125,7720500.0,317300.0
2019-07-12,74.14543151855469,11552.5,74.43448017357125,11639.5498046875,73.88115756242695,11538.599609375,74.34363541045346,11601.150390625,3445300.0,359400.0
2019-07-15,74.14543151855469,11588.349609375,74.61616969980683,11618.400390625,74.02981205654807,11532.2998046875,74.29408601267579,11614.75,4142800.0,368800.0
2019-07-16,73.97199249267578,11662.599609375,74.24452674580202,11670.0498046875,73.70771857167716,11573.9501953125,73.92244310148456,11596.650390625,5347800.0,480200.0
2019-07-17,73.6746826171875,11687.5,74.34362459300328,11706.650390625,73.29478925432994,11651.150390625,74.12064603466042,11670.75,5343700.0,464800.0
2019-07-18,73.69121551513672,11596.900390625,73.91419411049753,11677.150390625,73.14614692525078,11582.400390625,73.55081505057358,11675.599609375,4721400.0,498300.0
2019-07-19,72.60932922363281,11419.25,73.92244482795353,11640.349609375,72.47719541044115,11399.2998046875,73.8233397424692,11627.9501953125,7972100.0,446000.0
2019-07-22,72.4771957397461,11346.2001953125,72.79101906069118,11398.150390625,72.25421087159008,11301.25,72.7414696681176,11392.849609375,5280000.0,516000.0
2019-07-23,73.21221160888672,11331.0498046875,73.29479603440173,11398.150390625,72.48545354246396,11302.7998046875,72.70017808943321,11372.25,5390400.0,458900.0
2019-07-24,73.41869354248047,11271.2998046875,73.54257336104496,11359.75,73.06357475634992,11229.7998046875,73.40217287291757,11322.4501953125,3278500.0,413200.0
2019-07-25,73.08006286621094,11252.150390625,73.44344185655467,11361.400390625,72.73320453949395,11239.349609375,73.31130175068893,11290.400390625,5028700.0,553700.0
2019-07-26,73.32782745361328,11284.2998046875,73.46822160015363,11307.599609375,72.80753992778216,11210.0498046875,73.10484258483746,11247.4501953125,3679000.0,522700.0
2019-07-29,73.54253387451172,11189.2001953125,74.02978625158283,11310.9501953125,73.41039379211458,11152.400390625,73.49297819321983,11307.5,5715300.0,482900.0
2019-07-30,74.07109069824219,11085.400390625,74.34361862527655,11267.4501953125,73.4104028066978,11072.650390625,73.46821252464893,11213.7001953125,6447700.0,479100.0
2019-07-31,73.8233413696289,11118.0,74.64919819783891,11145.2998046875,73.36086356208334,10999.400390625,74.1454250285678,11034.0498046875,8864800.0,536700.0
2019-08-01,73.7490234375,10980.0,74.44274020674361,11076.75,73.33609498891553,10881.0,73.99677672617781,11060.2001953125,12385000.0,499900.0
2019-08-02,74.07938385009766,10997.349609375,74.51709343235234,11080.150390625,73.6086455265313,10848.9501953125,73.81510981407426,10930.2998046875,6350300.0,547400.0
2019-08-05,72.7497329711914,10862.599609375,73.87289888510773,10895.7998046875,71.79174222154998,10782.599609375,73.85638451907438,10895.7998046875,7142800.0,506600.0
2019-08-06,73.51776885986328,10948.25,73.88114786463657,11018.5498046875,72.70017239991064,10813.7998046875,72.80753781538672,10815.400390625,7494200.0,517900.0
2019-08-07,74.28583526611328,10855.5,74.71528443823428,10975.650390625,72.5515368114128,10835.900390625,73.88942743115891,10958.099609375,9553400.0,548500.0
2019-08-08,75.5328598022461,11032.4501953125,75.54938046616871,11058.0498046875,73.85637155896781,10842.9501953125,74.68222833305856,10899.2001953125,5487800.0,482500.0
2019-08-09,75.52460479736328,11109.650390625,75.73106900544879,11181.4501953125,74.74830365949734,11062.7998046875,75.30162622497748,11087.900390625,7709500.0,538100.0
2019-08-12,75.23556518554688,,75.56590921824332,,74.8556717532219,,75.42551505210355,,6719600.0,
2019-08-13,75.31813049316406,10925.849609375,75.59892505493045,11145.900390625,74.74003330833145,10901.599609375,75.33465115603742,11139.400390625,6177700.0,624600.0
2019-08-14,74.09585571289062,11029.400390625,75.11165581002857,11078.150390625,73.94720127175022,10935.599609375,75.04559207013295,11003.25,6409100.0,511500.0
2019-08-15,74.9134750366211,,75.01258012813396,,74.1702026022441,,74.30234272426127,,6122800.0,
2019-08-16,75.56590270996094,11047.7998046875,75.74759222733498,11068.650390625,74.94651006479732,10924.2998046875,75.08690421884533,11043.650390625,6465000.0,470900.0
2019-08-19,76.1357421875,11053.900390625,76.31743169587196,11146.900390625,75.58241332997063,11037.849609375,75.86320792494207,11094.7998046875,5782500.0,369500.0
2019-08-20,75.56590270996094,11017.0,76.52389969219215,11076.2998046875,75.54112801228044,10985.2998046875,76.32568950917256,11063.900390625,5588100.0,444700.0
2019-08-21,75.84668731689453,10918.7001953125,76.05315152187404,11034.2001953125,75.5246036611895,10906.650390625,75.83843328526235,11018.150390625,2803900.0,557900.0
2019-08-22,76.26786804199219,10741.349609375,76.30916339896213,10908.25,75.45853197199095,10718.2998046875,75.86320000699158,10905.2998046875,4349200.0,668200.0
2019-08-23,75.21903991699219,10829.349609375,76.7055783974842,10862.5498046875,74.9465056569597,10637.150390625,76.16877651054365,10699.599609375,7401200.0,667100.0
2019-08-26,75.7723617553711,11057.849609375,75.84668584334175,11070.2998046875,75.26032826868622,10756.5498046875,75.6071929149114,11000.2998046875,4485100.0,684100.0
2019-08-27,75.48329162597656,11105.349609375,76.40824695025407,11141.75,75.45025660714015,11049.5,76.16049376015928,11106.5498046875,3808700.0,685600.0
2019-08-28,75.65674591064453,11046.099609375,75.78887972914873,11129.650390625,75.27685251886189,10987.650390625,75.42550700267142,11101.2998046875,4426800.0,550000.0
2019-08-29,76.2596206665039,10948.2998046875,76.31743669639916,11021.099609375,75.82191753172151,10922.400390625,75.99534671904351,10996.0498046875,3587800.0,649900.0
2019-08-30,76.35873413085938,11023.25,76.54042367105488,11042.599609375,75.970580349676,10874.7998046875,76.41654386630444,10987.7998046875,5529200.0,628200.0
2019-09-03,77.10201263427734,10797.900390625,77.10201263427734,10967.5,76.0696913493291,10772.7001953125,76.16879646096821,10960.9501953125,8582000.0,483000.0
2019-09-04,77.70487213134766,10844.650390625,77.79571689374984,10858.75,77.28368965197905,10746.349609375,77.30020401751214,10790.400390625,7135800.0,508800.0
2019-09-05,77.21763610839844,10847.900390625,77.69663472158118,10920.099609375,76.94510176288522,10816.0,77.63056464373747,10860.9501953125,10590800.0,595700.0
2019-09-06,77.36627197265625,10946.2001953125,77.58925055561026,10957.0498046875,77.11851239089587,10867.4501953125,77.33323694170234,10883.7998046875,5278400.0,497200.0
2019-09-09,76.86248779296875,11003.0498046875,77.49839472079063,11028.849609375,76.69731896259051,10889.7998046875,77.28367650145633,10936.7001953125,8232600.0,412500.0
2019-09-10,76.04490661621094,,76.65603897207033,,75.44202829297427,,76.63126427262564,,10505900.0,
2019-09-11,76.1192398071289,11035.7001953125,76.30092935914415,11054.7998046875,75.54114241507038,11011.650390625,76.30092935914415,11028.5,8804600.0,687100.0
2019-09-12,76.49087524414062,10982.7998046875,76.95335313359413,11081.75,76.06142608897206,10964.9501953125,76.56519934746478,11058.2998046875,8427900.0,551400.0
2019-09-13,75.59894561767578,11075.900390625,76.76340063550687,11084.4501953125,75.45855144899906,10945.75,76.07794415870177,10986.7998046875,12695100.0,624300.0
2019-09-16,76.375244140625,11003.5,76.44956823263038,11052.7001953125,75.56590165654707,10968.2001953125,75.68978144401044,10994.849609375,6522800.0,434500.0
2019-09-17,77.2093505859375,10817.599609375,77.23412528184943,11000.099609375,76.54866892539883,10796.5,76.67254240495852,11000.099609375,10399700.0,482000.0
2019-09-18,76.93685150146484,10840.650390625,77.60579374526408,10885.150390625,76.34223337329232,10804.849609375,77.3910691321374,10872.7998046875,8471300.0,519200.0
2019-09-19,77.3084945678711,10704.7998046875,77.5727686252126,10845.2001953125,77.03596017414033,10670.25,77.17635438880507,10845.2001953125,5704800.0,642600.0
2019-09-20,77.27544403076172,11274.2001953125,77.63882314955174,11381.900390625,77.0524653992792,10691.0,77.41583821727994,10746.7998046875,8492400.0,1356800.0
2019-09-23,77.39104461669922,11600.2001953125,77.72138861668302,11694.849609375,77.14329134230218,11471.349609375,77.34149522197735,11542.7001953125,5251300.0,882800.0
2019-09-24,77.2945556640625,11588.2001953125,77.79360457511392,11655.0498046875,76.98680576846772,11539.2001953125,77.64388926722337,11590.7001953125,7179600.0,651700.0
2019-09-25,77.3528060913086,11440.2001953125,77.57737596202278,11564.9501953125,77.02842386374726,11416.099609375,77.23636151453034,11564.849609375,8321200.0,629100.0
2019-09-26,77.98493957519531,11571.2001953125,78.17623866335687,11610.849609375,77.51084197764877,11466.349609375,77.6771895626374,11469.849609375,5250000.0,844500.0
2019-09-27,77.51081848144531,11512.400390625,78.21780502196538,11593.599609375,77.0117631862531,11499.75,78.15958275029317,11556.349609375,9394900.0,650000.0
2019-09-30,77.80195617675781,11474.4501953125,78.0431646255524,11508.25,77.50252543658205,11390.7998046875,77.58569923201891,11491.150390625,6093800.0,756800.0
2019-10-01,76.97850799560547,11359.900390625,77.91006445417459,11554.2001953125,76.91196643549269,11247.900390625,77.56905006366338,11515.400390625,17022800.0,1305400.0
2019-10-02,76.67906951904297,,77.07830614759393,,76.17170127987262,,77.0117645942515,,6776900.0,
2019-10-03,77.42761993408203,11314.0,77.57733521784445,11370.400390625,76.47942525217015,11257.349609375,76.60418904626385,11322.25,10349200.0,1017500.0
2019-10-04,77.84351348876953,11174.75,77.88510354525309,11400.2998046875,77.46090908297717,11158.349609375,77.57735362622911,11388.4501953125,9072100.0,928500.0
2019-10-07,77.62725830078125,11126.400390625,78.06808495172307,11233.849609375,77.38604994831753,11112.650390625,77.46922371053746,11196.2001953125,7241000.0,733200.0
2019-10-08,77.22802734375,,77.87679167380458,,76.92859667668601,,77.5856802879791,,5088300.0,
2019-10-09,77.47755432128906,11313.2998046875,77.81025576457644,11321.599609375,77.31120042676926,11090.150390625,77.57736031224871,11152.9501953125,4839200.0,741100.0
2019-10-10,77.62725830078125,11234.5498046875,77.79360582522112,11293.349609375,77.1531608758012,11208.5498046875,77.402682162461,11280.5,4742600.0,562000.0
2019-10-11,77.56904602050781,11305.0498046875,78.20949105239197,11362.900390625,77.52745596116702,11189.400390625,77.78529656097398,11257.7001953125,6580100.0,737800.0
2019-10-14,77.58566284179688,11341.150390625,78.01817652841157,11420.4501953125,77.33614157251995,11290.0498046875,77.83519045682465,11335.900390625,6357500.0,587600.0
2019-10-15,77.62725830078125,11428.2998046875,77.78528654527373,11462.349609375,77.16979308994468,11342.099609375,77.65220979487209,11360.849609375,5582700.0,527400.0
2019-10-16,77.68549346923828,11464.0,77.68549346923828,11481.0498046875,77.15317368773299,11411.099609375,77.57736184922004,11464.9501953125,5247400.0,533500.0
2019-10-17,78.11799621582031,11586.349609375,78.2427600452435,11599.099609375,77.71044029573976,11439.650390625,77.7852947859425,11466.2998046875,5892100.0,797600.0
2019-10-18,78.7418212890625,11661.849609375,78.84995291943244,11684.7001953125,78.02651532435824,11553.150390625,78.05978610710646,11580.2998046875,7523000.0,853400.0
2019-10-21,79.31571960449219,,79.32403888540267,,78.6170459603079,,78.65863601910831,,7276400.0,
2019-10-22,79.05786895751953,11588.349609375,79.8480292082591,11714.349609375,78.89151508921826,11573.650390625,79.47374410964588,11657.150390625,5972500.0,867600.0
2019-10-23,79.16602325439453,11604.099609375,79.19929404026006,11651.599609375,78.50893951149577,11554.400390625,79.19929404026006,11596.2001953125,5086800.0,664200.0
2019-10-24,79.0661849975586,11582.599609375,79.34066413172458,11679.599609375,78.76675436860506,11534.650390625,79.34066413172458,11661.650390625,4463000.0,700500.0
2019-10-25,78.2593994140625,11583.900390625,78.89153155403208,11646.900390625,78.10969041997363,11490.75,78.7750869947946,11646.150390625,5311400.0,812000.0
2019-10-28,77.83521270751953,,78.26772017202397,,77.68549736485403,,78.19286567356755,,5431200.0,
2019-10-29,78.10135650634766,11786.849609375,78.45069011861358,11809.400390625,77.7437036140512,11627.349609375,77.93500263449387,11643.9501953125,6162700.0,951700.0
2019-10-30,78.53385925292969,11844.099609375,78.53385925292969,11883.9501953125,77.70210897993763,11784.4501953125,78.15125488884345,11883.900390625,7246400.0,725200.0
2019-10-31,78.40079498291016,11877.4501953125,78.77508012700639,11945.0,78.11799654530802,11855.099609375,78.72517713332742,11890.4501953125,6379600.0,1414800.0
2019-11-01,78.34256744384766,11890.599609375,78.79171339403231,11918.2998046875,77.68548390630446,11843.349609375,78.49228276057588,11886.599609375,11331100.0,855300.0
2019-11-04,77.73538970947266,11941.2998046875,78.33425099805524,11989.150390625,77.61062588339266,11905.349609375,78.22612573318686,11928.900390625,7240400.0,823100.0
2019-11-05,76.47113800048828,11917.2001953125,77.73539588569214,11978.9501953125,76.18833954918796,11861.900390625,77.47755527819221,11974.599609375,14543400.0,632000.0
2019-11-06,76.6957015991211,11966.0498046875,77.01176445831202,12002.900390625,76.49608328519798,11850.25,76.62916004589613,11911.5,6769600.0,603400.0
2019-11-07,75.96376037597656,12012.0498046875,76.57093457295997,12021.400390625,75.70591345444454,11946.849609375,76.35468405264476,12021.099609375,8692900.0,563000.0
2019-11-08,75.82234954833984,11908.150390625,76.27980834045427,12034.150390625,75.64767642606402,11888.75,75.8473010384506,11987.150390625,5920100.0,789300.0
2019-11-11,75.99703979492188,11913.4501953125,76.20497740439558,11932.650390625,75.77246362306902,11853.9501953125,75.77246362306902,11879.2001953125,3298700.0,549000.0
2019-11-12,75.4647216796875,,76.46281968878067,,75.38986083884171,,76.01367368096302,,6295100.0,
2019-11-13,76.0802230834961,11840.4501953125,76.25488993580608,11946.7998046875,75.52295174339956,11823.2001953125,75.55621618081314,11908.2998046875,6741300.0,659000.0
2019-11-14,76.68738555908203,11872.099609375,76.68738555908203,11895.650390625,76.13011430521603,11802.650390625,76.29646819530801,11858.75,5271700.0,559500.0
2019-11-15,77.09494018554688,11895.4501953125,77.11157240003075,11973.650390625,76.58757197614447,11879.25,76.75391950398891,11904.2001953125,5697300.0,580200.0
2019-11-18,77.49419403076172,11884.5,77.83521478818636,11946.2001953125,77.11158955500056,11867.599609375,77.1614925553055,11915.150390625,5377200.0,514400.0
2019-11-19,77.59398651123047,11940.099609375,77.83519486053737,11958.849609375,77.42763264321647,11881.75,77.67716027236186,11919.4501953125,4933100.0,613900.0
2019-11-20,77.57733917236328,11999.099609375,77.85181826421102,12038.599609375,77.26127637753136,11966.0498046875,77.627248499995,12004.75,5018400.0,646700.0
2019-11-21,76.5127182006836,11968.400390625,77.4692324383536,12028.2001953125,76.5127182006836,11956.900390625,77.37773938587853,12025.650390625,9731600.0,557700.0
2019-11-22,76.26317596435547,11914.400390625,76.73727331268728,11968.099609375,75.87225236479672,11883.5,76.7289540340849,11967.2998046875,6315000.0,486800.0
2019-11-25,76.56262969970703,12073.75,76.94523413641609,12084.5,76.3962758060821,11919.75,76.4295465848071,11922.4501953125,6197100.0,534300.0
2019-11-26,77.48587799072266,12037.7001953125,77.59400326896983,12132.4501953125,76.63748894500527,12006.349609375,76.68739194331127,12110.2001953125,8501900.0,1201300.0
2019-11-27,77.73538970947266,12100.7001953125,77.92669508889557,12114.900390625,77.31119523910137,12055.150390625,77.53577139519574,12068.5,6540100.0,584200.0
2019-11-28,,12151.150390625,,12158.7998046875,,12099.9501953125,,12132.099609375,,620500.0
2019-11-29,77.51912689208984,12056.0498046875,78.15957818885865,12147.400390625,77.49417539793674,12017.400390625,77.81024457921274,12146.2001953125,5384600.0,804400.0
2019-12-02,76.37130737304688,12048.2001953125,77.49416893657244,12137.150390625,76.35467516024869,12023.7001953125,77.43594667315261,12137.0498046875,15918300.0,720900.0
2019-12-03,76.83710479736328,11994.2001953125,76.94523641786365,12068.599609375,76.2632012981594,11956.400390625,76.31310429485042,12067.650390625,8011800.0,605800.0
2019-12-04,77.13652801513672,12043.2001953125,77.4193264424806,12054.7001953125,76.60420828269716,11935.2998046875,76.6790691162521,11969.9501953125,8346600.0,747200.0
2019-12-05,77.20306396484375,12018.400390625,77.23633473892545,12081.2001953125,76.76223731332603,11998.75,76.98680710618835,12071.25,8042000.0,562200.0
2019-12-06,77.3361587524414,11921.5,77.73539541027367,12057.0498046875,77.12822114230936,11888.849609375,77.14485335898893,12047.349609375,5488500.0,609200.0
2019-12-09,77.49419403076172,11937.5,77.63559009546093,11981.9501953125,77.13654105515303,11888.0498046875,77.4193395303043,11939.099609375,4989200.0,599100.0
2019-12-10,77.02839660644531,11856.7998046875,77.68548011189444,11953.2001953125,76.87036201713124,11844.7001953125,77.57734851046848,11950.5,7777400.0,650200.0
2019-12-11,76.27982330322266,11910.150390625,77.12821220790673,11923.2001953125,76.04693422217261,11832.2998046875,77.00344838712948,11867.349609375,10772300.0,997700.0
2019-12-12,75.2817153930664,11971.7998046875,76.56261151384314,12005.5,75.16527086806404,11934.0,76.31308390555196,11944.2998046875,12401600.0,752600.0
2019-12-13,75.35658264160156,12086.7001953125,75.67265184511321,12098.849609375,74.79099213325371,12023.599609375,75.40649197917021,12026.400390625,8585500.0,597700.0
2019-12-16,75.84040832519531,12053.9501953125,76.06719595891951,12134.650390625,75.0844388654119,12046.2998046875,75.52961910050057,12131.349609375,9229100.0,437700.0
2019-12-17,75.19361877441406,12165.0,76.16798066467818,12182.75,75.13482151609954,12070.349609375,76.05878758735709,12082.4501953125,5680000.0,499600.0
2019-12-18,76.1679916381836,12221.650390625,76.29398761227279,12237.7001953125,75.25242687432878,12163.4501953125,75.25242687432878,12197.0,7373300.0,518900.0
2019-12-19,76.7979507446289,12259.7001953125,76.83155009200017,12268.349609375,75.99158563297915,12191.150390625,76.06717935824932,12223.400390625,5837700.0,623100.0
2019-12-20,77.2767333984375,12271.7998046875,77.55392321930064,12293.900390625,76.89035050045578,12252.75,77.03314292632326,12266.4501953125,11474600.0,810700.0
2019-12-23,76.83997344970703,12262.75,77.62953590868533,12287.150390625,76.79797265140706,12213.25,77.54554072050747,12235.4501953125,5863100.0,604800.0
2019-12-24,77.04996490478516,12214.5498046875,77.20115880742439,12283.7001953125,76.78117645658453,12202.099609375,77.09195929481588,12269.25,2597600.0,470300.0
2019-12-26,77.46154022216797,12126.5498046875,77.46154022216797,12221.5498046875,77.02475502011042,12118.849609375,77.14234955718246,12211.849609375,3042600.0,520300.0
2019-12-27,77.67153930664062,12245.7998046875,77.80593033053883,12258.4501953125,77.41115229204755,12157.900390625,77.52874684111683,12172.900390625,4802800.0,383800.0
2019-12-30,77.7303237915039,12255.849609375,77.89831414584125,12286.4501953125,77.30194005699606,12213.7998046875,77.45313393926817,12274.900390625,6634400.0,411100.0
2019-12-31,78.18389892578125,12168.4501953125,78.26789409595332,12247.099609375,77.50352330801988,12151.7998046875,77.67152005678471,12247.099609375,6703000.0,426900.0
2020-01-01,,12182.5,,12222.2001953125,,12165.2998046875,,12202.150390625,,304100.0
2020-01-02,77.3187484741211,12282.2001953125,78.57029400629231,12289.900390625,76.94076053716326,12195.25,78.48629882310891,12198.5498046875,10936800.0,407700.0
2020-01-03,77.87310028076172,12226.650390625,78.0662949162517,12265.599609375,76.89874489004941,12191.349609375,77.10873599416378,12261.099609375,7953900.0,428800.0
2020-01-06,77.94031524658203,11993.0498046875,78.22590013176813,12179.099609375,77.5623273351977,11974.2001953125,77.75552201102808,12170.599609375,6055400.0,396500.0
2020-01-07,77.15074920654297,12052.9501953125,77.76392619997085,12152.150390625,76.76436624964626,12005.349609375,77.76392619997085,12079.099609375,7390800.0,447800.0
2020-01-08,77.33553314208984,12025.349609375,77.55392571176633,12044.9501953125,76.95755167125272,11929.599609375,77.20114215119558,11939.099609375,6224600.0,446000.0
2020-01-09,77.3775405883789,12215.900390625,77.61272964899304,12224.0498046875,77.16754944019895,12132.5498046875,77.35233626752344,12153.150390625,5057800.0,477500.0
2020-01-10,78.04949951171875,12256.7998046875,78.09150029993079,12311.2001953125,77.36072888061706,12213.2001953125,77.52872562504463,12271.0,7226800.0,660600.0
2020-01-13,78.8810806274414,12329.5498046875,78.89787710015453,12337.75,78.0831103925064,12285.7998046875,78.21750780789728,12296.7001953125,8778300.0,501000.0
2020-01-14,78.57868957519531,12362.2998046875,78.88947237059222,12374.25,78.1923002262663,12308.7001953125,78.88947237059222,12333.099609375,4770600.0,616300.0
2020-01-15,79.27587127685547,12343.2998046875,79.4690659902284,12355.150390625,78.78869658931363,12278.75,78.81389450661825,12349.400390625,8431700.0,684400.0
2020-01-16,79.86384582519531,12355.5,79.89744518246309,12389.0498046875,79.2842681270649,12315.7998046875,79.43546203055884,12347.099609375,5844200.0,395700.0
2020-01-17,79.95624542236328,12352.349609375,80.24183035710284,12385.4501953125,79.79665007152508,12321.400390625,79.79665007152508,12328.400390625,5833300.0,502100.0
2020-01-20,,12224.5498046875,,12430.5,,12216.900390625,,12430.5,,491600.0
2020-01-21,80.77100372314453,12169.849609375,80.78780019641883,12230.0498046875,79.88063683748591,12162.2998046875,80.07383152645968,12195.2998046875,7160700.0,400.0
2020-01-22,80.30902862548828,12106.900390625,81.15739480007814,12225.0498046875,80.09903744226264,12087.900390625,80.93060073347793,12218.349609375,7816000.0,500.0
2020-01-23,80.78779602050781,12180.349609375,80.85499472697492,12189.0,79.98983220858044,12094.099609375,80.3510172453144,12123.75,6064600.0,867700.0
2020-01-24,80.6030044555664,12248.25,81.08178403434844,12272.150390625,80.3258145919501,12149.650390625,80.91379367311393,12174.5498046875,3984300.0,593200.0
2020-01-27,80.21661376953125,12119.0,80.43500634483233,12216.599609375,79.9646218435361,12107.0,80.15781650792184,12197.099609375,4866600.0,441200.0
2020-01-28,80.56099700927734,12055.7998046875,80.77938316179412,12163.5498046875,80.19981202359747,12024.5,80.30060366062969,12148.099609375,6030700.0,478500.0
2020-01-29,80.30902862548828,12129.5,80.89700137515115,12169.599609375,80.18303263386844,12103.7998046875,80.74580746689179,12114.900390625,4804700.0,514400.0
2020-01-30,80.4098129272461,12035.7998046875,80.51060457653972,12150.2998046875,79.9394283996646,12010.599609375,79.99822566455964,12147.75,7056700.0,538100.0
2020-01-31,79.43545532226562,11962.099609375,80.38461305334128,12103.5498046875,79.20866769038793,11945.849609375,80.25022204404159,12100.400390625,7803900.0,771300.0
2020-02-03,79.67904663085938,11707.900390625,80.27542075900155,11749.849609375,79.42705467432758,11614.5,79.55305065259347,11627.4501953125,10799800.0,669800.0
2020-02-04,80.49380493164062,11979.650390625,80.82139059577496,11986.150390625,79.7294341097132,11783.400390625,79.88902942603232,11786.25,6893400.0,560400.0
2020-02-05,80.5106201171875,12089.150390625,80.82981082401942,12098.150390625,80.3426297303241,11953.349609375,80.56941739343193,12005.849609375,8037200.0,758000.0
2020-02-06,80.81299591064453,12137.9501953125,81.02298706717622,12160.599609375,80.6282026675492,12084.650390625,80.76260008377182,12120.0,5207400.0,565100.0
2020-02-07,80.7793960571289,12098.349609375,80.98099218021635,12154.7001953125,80.59460281517616,12073.9501953125,80.88019411867263,12151.150390625,4246700.0,473500.0
2020-02-10,81.59415435791016,12031.5,81.66135305868231,12103.5498046875,80.9557795174164,11990.75,81.1405727403294,12102.349609375,6186900.0,524700.0
2020-02-11,82.25775909423828,12107.900390625,82.73653880867235,12172.2998046875,81.85457314125118,12099.0,81.85457314125118,12108.400390625,7281700.0,480000.0
2020-02-12,82.91292572021484,12201.2001953125,83.12291692295322,12231.75,82.18215402765298,12144.2998046875,82.45934395328916,12151.0,5726300.0,411700.0
2020-02-13,83.47567749023438,12174.650390625,83.54287619452413,12225.650390625,82.72810952816901,12139.7998046875,82.83730902474517,12219.5498046875,6023500.0,501200.0
2020-02-14,84.23165893554688,12113.4501953125,84.25685685115295,12246.7001953125,83.45889295099116,12091.2001953125,83.56808605475814,12190.150390625,4262600.0,622800.0
2020-02-17,,12045.7998046875,,12159.599609375,,12037.0,,12131.7998046875,,0.0
2020-02-18,84.17283630371094,11992.5,84.33243159902985,12030.75,83.70245826498594,11908.0498046875,84.29883225220375,12028.25,5860000.0,676900.0
2020-02-19,83.11450958251953,12125.900390625,84.62644869831499,12134.7001953125,83.07251519000562,12042.099609375,84.1896698473199,12090.599609375,7103500.0,513600.0
2020-02-20,84.01325988769531,12080.849609375,84.04685924207179,12152.0,82.89611179467997,12071.4501953125,83.2488954030006,12119.0,8793000.0,502600.0
2020-02-21,84.17283630371094,,84.32403016021829,,83.82005277466719,,83.82005277466719,,6280100.0,
2020-02-24,83.04730224609375,11829.400390625,83.80326525878378,12012.5498046875,82.67771577167902,11813.400390625,83.15649533697932,12012.5498046875,7534800.0,490800.0
2020-02-25,80.82139587402344,11797.900390625,83.40008697276281,11883.0498046875,80.6030032808642,11779.900390625,83.2152937330451,11877.5,9336400.0,461000.0
2020-02-26,79.97303771972656,11678.5,81.61097271752675,11783.25,79.9142404475033,11639.599609375,80.98099919723946,11738.5498046875,12259300.0,567600.0
2020-02-27,75.7816162109375,11633.2998046875,78.93988527527814,11663.849609375,75.75641829530113,11536.7001953125,78.93988527527814,11661.25,18952900.0,608600.0
2020-02-28,73.41291809082031,11201.75,74.66446373405489,11384.7998046875,71.66578992850832,11175.0498046875,74.27808073038591,11382.0,34732100.0,809900.0
2020-03-02,76.94917297363281,11132.75,77.24315936099464,11433.0,73.88330028617926,11036.25,74.32848058824469,11387.349609375,21369400.0,680800.0
2020-03-03,76.95755767822266,11303.2998046875,79.09106849572507,11342.25,76.3443807107224,11152.5498046875,77.19274673696097,11217.5498046875,20821800.0,696500.0
2020-03-04,79.89743041992188,11251.0,80.04022285560976,11356.599609375,78.08310391322546,11082.150390625,78.17550052653431,11351.349609375,12692300.0,797700.0
2020-03-05,78.1587142944336,11269.0,79.21706515356863,11389.5,77.31034819219397,11244.599609375,78.62069101307837,11306.0498046875,12086000.0,1352500.0
2020-03-06,76.83157348632812,10989.4501953125,77.11715841331088,11035.099609375,74.41247100636981,10827.400390625,76.2435943409284,10942.650390625,16538800.0,1811000.0
2020-03-09,71.1366195678711,10451.4501953125,73.40452192003364,10751.5498046875,70.64103701320843,10294.4501953125,71.52300259928428,10742.0498046875,14725100.0,1565500.0
2020-03-10,73.88330078125,,74.06809405695071,,70.0530634609904,,72.90054353330275,,18279800.0,
2020-03-11,69.58265686035156,10458.400390625,72.33774583337384,10545.099609375,68.93588700802594,10334.0,72.10255038774389,10334.2998046875,14714000.0,1218500.0
2020-03-12,62.80414581298828,9590.150390625,67.16356382467906,10040.75,61.61979914440287,9508.0,65.53403056698392,10039.9501953125,11980900.0,1343500.0
2020-03-13,68.16312408447266,9955.2001953125,68.17992055566155,10159.400390625,62.484961967910856,8555.150390625,65.86162302633956,9107.599609375,11713600.0,1388000.0
2020-03-16,56.66400909423828,9197.400390625,62.42616655416793,9602.2001953125,56.15163019412638,9165.099609375,61.191417611551415,9587.7998046875,12956800.0,897700.0
2020-03-17,59.32669448852539,8967.0498046875,60.494244712731565,9403.7998046875,55.48805671066012,8915.599609375,57.33598258530674,9285.400390625,9973600.0,935600.0
2020-03-18,53.488956451416016,8468.7998046875,57.47038764017131,9127.5498046875,51.263048544151104,8407.0498046875,55.689666441097444,9088.4501953125,8574700.0,1516600.0
2020-03-19,53.5141487121582,8263.4501953125,54.79929364044731,8575.4501953125,51.07825307550427,7832.5498046875,52.92617279841038,8063.2998046875,10115000.0,925700.0
2020-03-20,51.17064666748047,8745.4501953125,55.70645721229206,8883.0,50.81786304059183,8178.2001953125,54.076923685584674,8284.4501953125,12254800.0,1071500.0
2020-03-23,48.583553314208984,7610.25,50.95225326507535,8159.25,47.26480912894689,7583.60009765625,50.95225326507535,7945.7001953125,16261300.0,653500.0
2020-03-24,52.472599029541016,7801.0498046875,52.59019358202789,8036.9501953125,49.8015108645546,7511.10009765625,51.162252864234645,7848.2998046875,12192800.0,738400.0
2020-03-25,55.35348129272461,8317.849609375,58.23691825514961,8376.75,52.30891556037003,7714.75,52.90256472735491,7735.14990234375,13699300.0,736900.0
2020-03-26,59.45813751220703,8641.4501953125,59.7380019264035,8749.0498046875,55.63334326228735,8304.900390625,56.082818943736456,8451.0,11439200.0,865600.0
2020-03-27,59.534454345703125,8660.25,61.077940007399,9038.900390625,57.33795825685894,8522.900390625,57.61782264146011,8949.099609375,8318700.0,801500.0
2020-03-30,60.72175979614258,8281.099609375,60.90833607495662,8576.0,58.08426378982799,8244.0,60.0348257425592,8385.9501953125,10447900.0,593300.0
2020-03-31,59.00017166137695,8597.75,60.399487080313655,8678.2998046875,57.575415202683004,8358.0,60.399487080313655,8529.349609375,11231300.0,712700.0
2020-04-01,55.107540130615234,8253.7998046875,59.12738637564991,8588.099609375,54.030488610222754,8198.349609375,56.252432270436266,8584.099609375,11527300.0,506300.0
2020-04-02,55.34499740600586,,56.41355993174476,,54.25946663791909,,54.33579299477576,,10395900.0,
2020-04-03,54.479976654052734,8083.7998046875,55.59095197210362,8356.5498046875,53.436851676252516,8055.7998046875,54.87857030882811,8356.5498046875,8666500.0,697000.0
2020-04-06,58.56765365600586,,58.87295906881205,,56.72734514621877,,56.795192231343286,,11485600.0,
2020-04-07,59.135868072509766,8792.2001953125,62.010822138494404,8819.400390625,59.12738556885147,8360.9501953125,60.83200646991685,8446.2998046875,9338600.0,814200.0
2020-04-08,63.36775207519531,8748.75,63.783304305407526,9131.7001953125,59.44966877956743,8653.900390625,60.08572088449203,8688.900390625,14284800.0,896500.0
2020-04-09,66.89571380615234,9111.900390625,67.94732455003032,9128.349609375,64.74161669371716,8904.5498046875,64.74161669371716,8973.0498046875,15642200.0,742100.0
2020-04-13,64.17339324951172,8993.849609375,66.78544787480976,9112.0498046875,63.71543511622535,8912.400390625,66.58191308343395,9103.9501953125,9757500.0,644000.0
2020-04-14,65.86955261230469,,66.56496930232198,,65.10628881344267,,65.59817064718224,,8697500.0,
2020-04-15,63.37620162963867,8925.2998046875,64.60589913835197,9261.2001953125,62.63837924225875,8874.099609375,63.96984736413753,9196.400390625,9204500.0,879100.0
2020-04-16,62.6638298034668,8992.7998046875,63.876568962793336,9053.75,62.21435418327134,8821.900390625,63.18115250941929,8851.25,9036800.0,719400.0
2020-04-17,64.52959442138672,9266.75,64.86882345904206,9324.0,62.6129623286071,9091.349609375,64.54655943191014,9323.4501953125,7339000.0,684200.0
2020-04-20,62.18891143798828,9261.849609375,63.60518534548682,9390.849609375,62.1041058182451,9230.7998046875,63.325320977105704,9390.2001953125,7404300.0,726400.0
2020-04-21,61.05249786376953,8981.4501953125,61.59526161607948,9044.400390625,60.20442869200345,8909.400390625,60.611504741363056,9016.9501953125,8919100.0,655100.0
2020-04-22,62.027774810791016,9187.2998046875,62.55357999356362,9209.75,61.451087551388575,8946.25,62.18042751093443,9026.75,6503500.0,734400.0
2020-04-23,61.45956802368164,9313.900390625,62.68926561680329,9343.599609375,61.20514470843055,9170.150390625,62.070178804081294,9232.349609375,6051900.0,666700.0
2020-04-24,61.713985443115234,9154.400390625,61.95992625807953,9296.900390625,60.89983988508882,9141.2998046875,61.739432951080154,9163.900390625,4911700.0,659400.0
2020-04-27,63.66454315185547,9282.2998046875,63.9104839521182,9377.099609375,62.07017567147502,9250.349609375,62.20586335457491,9259.7001953125,5471500.0,512800.0
2020-04-28,64.2412338256836,9380.900390625,65.81016035443832,9404.400390625,64.17338674535003,9260.0,65.07234438413542,9389.7998046875,6052900.0,614500.0
2020-04-29,65.22502899169922,9553.349609375,66.0222099297586,9599.849609375,64.24974776306362,9392.349609375,65.59817517559155,9408.599609375,7196600.0,653000.0
2020-04-30,64.49565887451172,9859.900390625,64.70767615355975,9889.0498046875,63.42708997643857,9731.5,64.18187097222925,9753.5,8778000.0,931200.0
2020-05-01,62.30765914916992,,63.11332248196358,,61.722489199300355,,63.104846446643705,,5740600.0,
2020-05-04,62.12107467651367,9293.5,62.19739780588864,9533.5,60.7132765678832,9266.9501953125,61.620716907708584,9533.5,4894100.0,687500.0
2020-05-05,62.41789245605469,9205.599609375,63.4016558437079,9450.900390625,62.37549287777938,9190.75,62.64687476570879,9429.400390625,7107700.0,725200.0
2020-05-06,61.38325500488281,9270.900390625,62.994588005688975,9346.900390625,61.34085542106883,9116.5,62.79953568558271,9226.7998046875,5740800.0,722200.0
2020-05-07,62.19741439819336,9199.0498046875,63.08788996664941,9277.849609375,61.84970926563658,9175.900390625,61.93451492209505,9234.0498046875,6427100.0,708700.0
2020-05-08,63.681522369384766,9251.5,63.84265761126444,9382.650390625,62.85890056094677,9238.2001953125,63.198123114001206,9376.9501953125,7870600.0,609100.0
2020-05-11,62.78257369995117,9239.2001953125,63.766337263499445,9439.900390625,62.46030967236936,9219.9501953125,62.918267903305036,9348.150390625,5544300.0,704600.0
2020-05-12,59.899131774902344,9196.5498046875,63.07939162044572,9240.849609375,59.83129114892472,9043.9501953125,63.011550994468095,9168.849609375,10986600.0,805500.0
2020-05-13,58.48286056518555,9383.5498046875,59.76344707270745,9584.5,58.152114042155894,9351.099609375,59.500547649339154,9584.2001953125,13770700.0,846400.0
2020-05-14,58.75421905517578,9142.75,58.78814259147358,9281.099609375,56.34570621030855,9119.75,57.63476823836019,9213.9501953125,9536900.0,602600.0
2020-05-15,58.48286056518555,9136.849609375,58.57614870965602,9182.400390625,57.52454454592728,9050.0,58.3556488708844,9182.400390625,9552500.0,575900.0
2020-05-18,61.89208984375,8823.25,62.400930043233046,9158.2998046875,60.49277444248098,8806.75,60.526697985147074,9158.2998046875,11786200.0,773000.0
2020-05-19,61.19668960571289,8879.099609375,62.06171752695426,9030.349609375,61.17972459475873,8855.2998046875,61.67160638833514,8961.7001953125,4982900.0,762200.0
2020-05-20,61.790306091308594,9066.5498046875,62.002323335247965,9093.7998046875,61.30690703393696,8875.349609375,61.93447626432669,8889.150390625,4393100.0,622300.0
2020-05-21,61.70551300048828,9106.25,62.12106507120471,9178.5498046875,61.0779371725853,9056.099609375,61.485013210407395,9079.4501953125,4139400.0,631500.0
2020-05-22,62.54511260986328,9039.25,62.59599469879295,9149.599609375,61.45110240608722,8968.5498046875,61.612237648038445,9067.900390625,4405800.0,675800.0
2020-05-26,64.8264389038086,9029.0498046875,65.20806761574491,9161.650390625,64.21582778850471,8996.650390625,64.40240412598725,9099.75,7415800.0,655000.0
2020-05-27,66.07308959960938,9314.9501953125,66.43775322762416,9334.0,64.48719750336087,9004.25,66.30206548910219,9082.2001953125,8143900.0,763500.0
2020-05-28,66.34445190429688,9490.099609375,66.8872156382006,9511.25,65.81016420324028,9336.5,66.85329209604986,9364.9501953125,6195400.0,837900.0
2020-05-29,65.65753173828125,9580.2998046875,66.31902483849741,9598.849609375,65.25893808295713,9376.900390625,65.87803159510533,9422.2001953125,10074000.0,967000.0
2020-06-01,67.17555236816406,9826.150390625,67.65046899179943,9931.599609375,65.47093167225322,9706.9501953125,65.60662583343688,9726.849609375,6401800.0,794200.0
2020-06-02,67.77769470214844,9979.099609375,67.9473124387935,9995.599609375,67.05683711460838,9824.0498046875,67.71833011188643,9880.849609375,6300800.0,770200.0
2020-06-03,69.81307983398438,10061.5498046875,70.11838536658797,10176.2001953125,68.35439928271309,10035.5498046875,68.46465245686571,10108.2998046875,9371500.0,794700.0
2020-06-04,69.21940612792969,10029.099609375,69.56711111377051,10123.849609375,68.566389261204,9944.25,69.54167007459364,10054.25,6583900.0,775100.0
2020-06-05,71.73817443847656,10142.150390625,73.02724331618957,10177.7998046875,71.4328754624444,10040.75,71.51768109302304,10093.7998046875,10281900.0,987100.0
2020-06-08,73.6293716430664,10167.4501953125,73.66329518932046,10328.5,72.64561468271783,10120.25,72.66257322071743,10326.75,6919300.0,936500.0
2020-06-09,72.44207000732422,10046.650390625,72.8661046102286,10291.150390625,71.50071267125611,10021.4501953125,72.37422291799842,10181.150390625,10855200.0,754200.0
2020-06-10,70.59330749511719,10116.150390625,72.43362333509474,10148.75,70.03358495693011,10036.849609375,72.06895316996633,10072.599609375,9362100.0,632400.0
2020-06-11,66.1324462890625,9902.0,68.47311287823887,10112.0498046875,65.9882695919152,9885.0498046875,67.48935586327819,10094.099609375,9634500.0,715500.0
2020-06-12,68.49855041503906,9972.900390625,68.71056772735166,9996.0498046875,66.59887710838964,9544.349609375,68.3798212377644,9544.9501953125,12788900.0,796300.0
2020-06-15,69.28652954101562,9813.7001953125,69.67069323545746,9943.349609375,66.14490265153155,9726.349609375,66.46076855173249,9919.349609375,8011900.0,716100.0
2020-06-16,70.65242767333984,9914.0,71.89883266435287,10046.150390625,69.49993048762259,9728.5,71.77077597411011,10014.7998046875,7372800.0,899900.0
2020-06-17,69.6963119506836,9881.150390625,71.1049231942714,10003.599609375,69.64509185524886,9833.7998046875,71.03662539153378,9876.7001953125,4686800.0,685400.0
2020-06-18,68.95358276367188,10091.650390625,69.3206752839597,10111.2001953125,68.57795790361759,9845.0498046875,69.0731071660033,9863.25,5687200.0,622900.0
2020-06-19,68.08280944824219,10244.400390625,69.98656986979768,10272.400390625,67.64741912524312,10072.650390625,69.97803101669355,10119.0,9850800.0,892100.0
2020-06-22,67.95475006103516,10311.2001953125,68.0913456524412,10393.650390625,66.81079129257282,10277.599609375,67.835232175173,10318.75,5325400.0,685400.0
2020-06-23,67.74987030029297,10471.0,68.74016238901348,10484.7001953125,67.53644455124045,10301.75,68.62918334427147,10347.9501953125,4775900.0,669200.0
2020-06-24,65.81195068359375,10305.2998046875,67.08397264095113,10553.150390625,64.31797067104469,10281.9501953125,66.87907926398594,10529.25,7585000.0,854800.0
2020-06-25,66.62297821044922,10288.900390625,66.65712710963312,10361.7998046875,65.2229059100918,10194.5,65.29973604832817,10235.5498046875,4919500.0,994200.0
2020-06-26,65.29973602294922,10383.0,66.68273712979546,10409.849609375,65.25705478391333,10311.25,66.36686469739449,10378.900390625,6942000.0,671900.0
2020-06-29,66.52053833007812,10312.400390625,66.58029728146506,10337.9501953125,65.02655803216749,10223.599609375,66.03392786500244,10311.9501953125,6311100.0,574500.0
2020-06-30,67.28031921386719,10302.099609375,67.64741169820304,10401.0498046875,66.33270853368012,10267.349609375,66.59736084495952,10382.599609375,5965600.0,556200.0
2020-07-01,68.7913818359375,10430.0498046875,69.08163769807675,10447.0498046875,67.36569954387085,10299.599609375,67.4596008714999,10323.7998046875,6281500.0,573600.0
2020-07-02,68.57794952392578,10551.7001953125,70.11461070162298,10598.2001953125,68.31329721906555,10485.5498046875,69.96948278448923,10493.0498046875,4294100.0,597400.0
2020-07-03,,10607.349609375,,10631.2998046875,,10562.650390625,,10614.9501953125,,525200.0
2020-07-06,68.58647155761719,10763.650390625,70.01216001181085,10811.400390625,68.49257025311353,10695.099609375,70.01216001181085,10723.849609375,5060000.0,571200.0
2020-07-07,67.28031921386719,10799.650390625,68.24500759838756,10813.7998046875,67.2120279362415,10689.7001953125,67.89498630514916,10802.849609375,3941100.0,636800.0
2020-07-08,67.2120361328125,10705.75,67.65595880107747,10847.849609375,66.60590130654263,10676.5498046875,67.44253306353464,10818.650390625,3753800.0,767900.0
2020-07-09,66.83641052246094,10813.4501953125,67.14374413212272,10836.849609375,65.78635293724363,10733.0,67.10959522957839,10755.5498046875,3988600.0,618700.0
2020-07-10,67.02420806884766,10768.0498046875,67.33154159523386,10819.400390625,66.53759773760876,10713.0,66.75955577414902,10764.099609375,3588700.0,590700.0
2020-07-13,66.19613647460938,10802.7001953125,67.57059893100192,10894.0498046875,65.98271070825324,10756.0498046875,67.38278321449052,10851.849609375,5494600.0,554100.0
2020-07-14,66.69978332519531,10607.349609375,66.87906009372486,10755.650390625,65.93145617813555,10562.900390625,66.04243517392028,10750.849609375,4973400.0,532400.0
2020-07-15,67.39130401611328,10618.2001953125,68.0401134825023,10827.4501953125,66.92176485061461,10577.75,67.81815543448089,10701.0,4716300.0,715900.0
2020-07-16,66.65711975097656,10739.9501953125,67.2888580330463,10755.2998046875,66.43515518740337,10595.2001953125,67.0668934694731,10706.2001953125,4039300.0,694400.0
2020-07-17,67.4937515258789,10901.7001953125,67.7925527618101,10933.4501953125,66.52906956025409,10749.650390625,66.9559210250284,10752.0,3474300.0,676900.0
2020-07-20,66.69129180908203,11022.2001953125,67.7754919337806,11037.900390625,66.46078831328973,10953.0,67.39132812511087,10999.4501953125,3111900.0,554300.0
2020-07-21,66.86202239990234,11162.25,67.55351978393693,11179.5498046875,66.69981673668934,11113.25,67.18642721309098,11126.099609375,3804000.0,772000.0
2020-07-22,67.88645935058594,11132.599609375,67.91207591157536,11238.099609375,66.43516686322607,11056.5498046875,66.59737251664096,11231.2001953125,3350000.0,765100.0
2020-07-23,67.53643035888672,11215.4501953125,68.13401972535938,11239.7998046875,66.75955766923666,11103.150390625,67.68155827456785,11135.0,3681000.0,621600.0
2020-07-24,67.02420806884766,11194.150390625,67.7413152882585,11225.400390625,66.9815203239247,11090.2998046875,67.42544942347605,11149.9501953125,3584300.0,678900.0
2020-07-27,67.80107116699219,11131.7998046875,67.81814886948574,11225.0,66.28148130682197,11087.849609375,67.04127623690708,11225.0,2592400.0,588100.0
2020-07-28,69.01334381103516,11300.5498046875,69.39751404903437,11317.75,67.57912909819542,11151.400390625,67.69864699093208,11154.099609375,4053500.0,683900.0
2020-07-29,70.55854034423828,11202.849609375,70.609760429906,11341.400390625,69.49995065661248,11149.75,69.51702184742315,11276.900390625,5100100.0,600700.0
2020-07-30,70.19998931884766,11102.150390625,70.20852165795124,11299.9501953125,69.26091095857718,11084.9501953125,69.67923005114712,11254.2998046875,5807600.0,677800.0
2020-07-31,70.05485534667969,11073.4501953125,70.17437322728213,11150.400390625,68.99626561281406,11026.650390625,70.13169199177325,11139.5,6989600.0,642600.0
2020-08-03,69.14140319824219,10891.599609375,70.15731183854813,11058.0498046875,68.85114730857588,10882.25,70.14024064460648,11057.5498046875,3616900.0,680900.0
2020-08-04,70.01217651367188,11095.25,70.2426734303902,11112.25,68.97065793562238,10908.099609375,68.97919678831158,10946.650390625,3995000.0,625700.0
2020-08-05,69.7475357055664,11101.650390625,70.55855750084437,11225.650390625,69.41459204129814,11064.0498046875,70.20853612837722,11155.75,4036100.0,667600.0
2020-08-06,69.75606536865234,11200.150390625,69.99510114604335,11256.7998046875,69.33775275821807,11127.2998046875,69.54263963694802,11185.7001953125,3137900.0,600400.0
2020-08-07,70.70365142822266,11214.0498046875,70.73780031494901,11231.900390625,69.43163633552831,11142.0498046875,69.54261533246333,11186.650390625,3941300.0,452600.0
2020-08-10,70.87439727783203,11270.150390625,71.28417745115905,11337.2998046875,70.5158436969427,11238.0,70.85732608917607,11270.25,4031300.0,492000.0
2020-08-11,69.84998321533203,11322.5,71.66836836511051,11373.599609375,69.61094740370714,11299.150390625,71.66836836511051,11322.25,4076400.0,586100.0
2020-08-12,70.52439880371094,11308.400390625,70.6524555444698,11322.0,70.097547343339,11242.650390625,70.30243422061133,11289.0,2989300.0,609900.0
2020-08-13,69.72191619873047,11300.4501953125,70.90856274133081,11359.2998046875,69.55117821932586,11269.9501953125,70.48171127958288,11334.849609375,4181800.0,562400.0
2020-08-14,69.7304458618164,11178.400390625,70.37072297005545,11366.25,69.48287126504238,11111.4501953125,69.55116905309774,11353.2998046875,2213900.0,645100.0
2020-08-17,70.27681732177734,11247.099609375,70.28535617385828,11267.099609375,69.48287342238075,11144.5,69.86703709395765,11248.900390625,3122400.0,634000.0
2020-08-18,69.9438705444336,11385.349609375,70.3621830920094,11401.7001953125,69.52555799685778,11253.150390625,70.30242415664144,11259.7998046875,3523100.0,579200.0
2020-08-19,68.6889419555664,11408.400390625,70.08047548777802,11460.349609375,68.58649525175986,11394.099609375,70.01218419847726,11452.150390625,4337000.0,626200.0
2020-08-20,69.3121337890625,11312.2001953125,69.74751753615637,11361.4501953125,68.16816862752216,11289.7998046875,68.36452314123486,11317.4501953125,3036300.0,791600.0
2020-08-21,69.4145736694336,11371.599609375,69.73044605513873,11418.5,68.65477868660896,11362.2001953125,69.22675800837841,11409.650390625,2933300.0,668700.0
2020-08-24,69.96094512939453,11466.4501953125,69.9950940245812,11497.25,68.68039086945514,11410.650390625,69.55117141362597,11412.0,3110600.0,532900.0
2020-08-25,70.1317138671875,11472.25,70.29391303389181,11525.900390625,69.44874875365575,11423.349609375,70.12317501212789,11513.099609375,3043100.0,638200.0
2020-08-26,69.47433471679688,11549.599609375,70.0548529080447,11561.75,69.047483297151,11461.849609375,70.00363282192264,11512.849609375,4668400.0,743400.0
2020-08-27,70.46463775634766,11559.25,70.67806348016265,11617.349609375,69.56824711103019,11540.599609375,69.56824711103019,11609.2998046875,4541700.0,719800.0
2020-08-28,70.90003204345703,11647.599609375,70.93417442953945,11686.0498046875,69.91827235605491,11589.400390625,70.6609897482241,11602.9501953125,3770000.0,807000.0
2020-08-31,70.21704864501953,11387.5,70.86586453523246,11794.25,69.96947407489571,11325.849609375,70.83171564488075,11777.5498046875,3392800.0,1371800.0
2020-09-01,70.29389953613281,11470.25,70.35366499683593,11553.5498046875,69.49142317204739,11366.900390625,69.99510479880118,11464.2998046875,3026500.0,783800.0
2020-09-02,71.57444763183594,11535.0,71.68543317672129,11554.75,69.80728289869349,11430.400390625,70.31097099391758,11478.5498046875,5049500.0,593500.0
2020-09-03,70.68659210205078,11527.4501953125,72.16349424967997,11584.9501953125,70.15729403883212,11507.650390625,71.60858614542795,11566.2001953125,5707500.0,607100.0
2020-09-04,70.3621826171875,11333.849609375,71.35248098315736,11452.0498046875,69.16699740465799,11303.650390625,70.85733180017243,11354.400390625,7279500.0,681300.0
2020-09-07,,11355.0498046875,,11381.150390625,,11251.7001953125,,11359.599609375,,560300.0
2020-09-08,69.48287200927734,11317.349609375,70.0633901874948,11437.25,68.9706516198468,11290.4501953125,70.0633901874948,11378.5498046875,5431300.0,572200.0
2020-09-09,70.11460876464844,11278.0,70.9768504181426,11298.150390625,69.68775736376317,11185.150390625,69.77313285452861,11218.599609375,4645000.0,728900.0
2020-09-10,69.17554473876953,11449.25,70.26828340539585,11464.0498046875,69.14139584128293,11327.400390625,70.02070878354517,11363.2998046875,4574500.0,679400.0
2020-09-11,68.7913818359375,11464.4501953125,69.56824809472617,11493.5,68.2194024512022,11419.900390625,69.35482236789332,11447.7998046875,4298300.0,554800.0
2020-09-14,70.63536834716797,11440.0498046875,70.80611281631516,11568.900390625,69.10723954278706,11383.5498046875,69.29505520223121,11540.150390625,4373400.0,642300.0
2020-09-15,71.45492553710938,11521.7998046875,72.09520267100189,11535.9501953125,70.84026495969066,11442.25,70.8914850461666,11487.2001953125,4166400.0,506700.0
2020-09-16,71.8390884399414,11604.5498046875,72.53912444147475,11618.099609375,71.49760603384912,11516.75,71.88176966993096,11538.4501953125,3958900.0,527800.0
2020-09-17,70.49024963378906,11516.099609375,71.642747269707,11587.2001953125,70.05485932218046,11498.5,71.16467572016744,11539.400390625,4258900.0,0.0
2020-09-18,68.97064208984375,11504.9501953125,70.51584189653502,11584.099609375,68.84258538187142,11446.099609375,70.51584189653502,11584.099609375,6820100.0,764200.0
2020-09-21,67.04981231689453,11250.5498046875,68.13401190395939,11535.25,66.6656421854893,11218.5,67.90351503570415,11503.7998046875,5721100.0,602900.0
2020-09-22,67.83523559570312,11153.650390625,68.35599491603398,11302.2001953125,66.99861035248203,11084.650390625,67.16934833711261,11301.75,4788600.0,672200.0
2020-09-23,65.88468933105469,11131.849609375,67.86870019430407,11259.5498046875,65.80739327012883,11024.400390625,67.86870019430407,11258.75,4149800.0,714900.0
2020-09-24,66.17674255371094,10805.5498046875,67.09574439060076,11015.2998046875,65.58411293505019,10790.2001953125,65.88471978772668,11011.0,7611800.0,706100.0
2020-09-25,67.51656341552734,11050.25,67.61104074826979,11072.599609375,65.82456861443896,10854.849609375,65.95340193660911,10910.400390625,3292100.0,559600.0
2020-09-28,68.86504364013672,11227.5498046875,69.14847579791184,11239.349609375,68.28959523694867,11099.849609375,68.49572473681302,11140.849609375,3960900.0,472800.0
2020-09-29,68.3497085571289,11222.400390625,68.8908008877665,11305.400390625,67.85155631783455,11181.0,68.81350479170594,11288.599609375,4520900.0,498300.0
2020-09-30,68.5730209350586,11247.5498046875,69.3030746550591,11295.400390625,67.88592041699866,11184.5498046875,68.71044497031379,11244.4501953125,4276500.0,499300.0
2020-10-01,69.89566802978516,11416.9501953125,69.95578938142866,11428.599609375,68.5472263834359,11347.0498046875,68.81348370020214,11364.4501953125,18707600.0,447700.0
2020-10-02,71.01222229003906,,71.23553299910697,,68.62453614402065,,68.9337335711188,,18898100.0,
2020-10-05,71.40731811523438,11503.349609375,71.64780358614982,11578.0498046875,70.11899747584081,11452.2998046875,71.20118864769793,11487.7998046875,12648700.0,530600.0
2020-10-06,70.96068572998047,11662.400390625,71.94839273514877,11680.2998046875,70.6772536863431,11564.2998046875,71.57048989636829,11603.4501953125,20491400.0,561400.0
2020-10-07,71.03800201416016,11738.849609375,71.42450215255201,11763.0498046875,70.71162979855764,11629.349609375,71.39014614784575,11679.25,3424200.0,513400.0
2020-10-08,72.15452575683594,11834.599609375,72.4207765157615,11905.7001953125,71.2612895833043,11791.150390625,71.43306299821066,11835.400390625,4177600.0,608800.0
2020-10-09,71.84535217285156,11914.2001953125,72.63552062761012,11938.599609375,71.630632056706,11805.2001953125,72.429391150877,11852.0498046875,10875100.0,611100.0
2020-10-12,72.2747802734375,11930.9501953125,72.42078835525115,12022.0498046875,71.54473331163244,11867.2001953125,71.93981747269474,11973.5498046875,5738400.0,522600.0
2020-10-13,71.11531066894531,11934.5,72.18032069383234,11988.2001953125,70.70304513039055,11888.900390625,72.18032069383234,11934.650390625,4940500.0,458300.0
2020-10-14,70.28215789794922,11971.0498046875,71.226924667053,11997.2001953125,70.17908993027547,11822.150390625,71.02937936719538,11917.400390625,5918500.0,569200.0
2020-10-15,70.57420349121094,11680.349609375,71.13247708229291,12025.4501953125,69.59508032341571,11661.2998046875,69.59508032341571,12023.4501953125,4817100.0,608900.0
2020-10-16,70.13616943359375,11762.4501953125,70.69443639428681,11789.75,70.02451079926573,11667.849609375,70.5913749505831,11727.400390625,4338800.0,555800.0
2020-10-19,69.00245666503906,11873.0498046875,70.48832282272623,11898.25,68.8993951981338,11820.400390625,70.29936806308227,11879.2001953125,4996400.0,541400.0
2020-10-20,69.51778411865234,11896.7998046875,69.99016442362918,11949.25,69.30306401109806,11837.25,69.49201875418385,11861.0,7054500.0,453600.0
2020-10-21,69.24295806884766,11937.650390625,69.60368635724387,12018.650390625,68.99388190226766,11775.75,69.26013279807357,11958.5498046875,4019900.0,623700.0
2020-10-22,69.15704345703125,11896.4501953125,69.46624090974605,11939.5498046875,68.91655800552797,11823.4501953125,69.19999009597272,11890.0,3928800.0,544900.0
2020-10-23,69.5779037475586,11930.349609375,69.83556393854093,11974.5498046875,69.04539553514844,11908.75,69.37176773148774,11957.900390625,2641500.0,502300.0
2020-10-26,68.69325256347656,11767.75,69.06257137225417,11942.849609375,68.05767639310032,11711.7001953125,68.98526873413296,11937.400390625,3991400.0,519800.0
2020-10-27,67.67977142333984,11889.400390625,69.13127469940515,11899.0498046875,67.66259014751226,11723.0,68.77913717778107,11807.099609375,3414500.0,616300.0
2020-10-28,66.02212524414062,11729.599609375,67.2245523167588,11929.400390625,65.79881455091035,11684.849609375,66.52886143149598,11922.599609375,6085000.0,704000.0
2020-10-29,67.02703094482422,11670.7998046875,67.49941125955742,11744.150390625,65.5583461651478,11606.4501953125,66.10802912762068,11633.2998046875,5759000.0,555000.0
2020-10-30,66.57181549072266,11642.400390625,67.07855173461056,11748.9501953125,65.80741252953584,11535.4501953125,66.6061714898783,11678.4501953125,6507300.0,553700.0
2020-11-02,68.24664306640625,11669.150390625,68.26382434576914,11725.650390625,66.88961031721598,11557.400390625,67.30187583632956,11697.349609375,6576200.0,568400.0
2020-11-03,69.56072235107422,11813.5,69.86991982191506,11836.2001953125,68.61595521361055,11723.2998046875,68.77914458787029,11734.4501953125,7949700.0,674300.0
2020-11-04,69.70673370361328,11908.5,70.80609952450288,11929.650390625,69.22575624242121,11756.400390625,69.90427251841275,11783.349609375,6721800.0,667300.0
2020-11-05,69.93004608154297,12120.2998046875,70.60856243710289,12131.099609375,69.66379523353085,12027.599609375,70.25642485290022,12062.400390625,5409000.0,632500.0
2020-11-06,69.53495025634766,12263.5498046875,70.48830794036614,12280.400390625,69.2686994527389,12131.849609375,69.96439041841953,12156.650390625,6837600.0,576800.0
2020-11-09,71.54473114013672,12461.0498046875,76.2342167609388,12474.0498046875,71.3729511496255,12367.349609375,73.00482501943068,12399.400390625,17599700.0,553400.0
2020-11-10,72.34349060058594,12631.099609375,72.56679476076488,12643.900390625,71.25270894932392,12475.25,71.54473165894228,12556.400390625,9468700.0,847500.0
2020-11-11,72.8072738647461,12749.150390625,73.15941790267071,12769.75,72.12876425270771,12571.099609375,72.87598585547326,12680.599609375,5307900.0,880500.0
2020-11-12,71.93123626708984,12690.7998046875,72.82447270377983,12741.150390625,71.47603068601674,12624.849609375,72.43797257726928,12702.150390625,3756800.0,622000.0
2020-11-13,73.81217956542969,12719.9501953125,73.93242229051951,12735.9501953125,72.25760167207625,12607.7001953125,72.25760167207625,12659.7001953125,4854100.0,513900.0
2020-11-16,74.41339111328125,,75.41827952464881,,73.62322278397018,,75.06614199749933,,7907600.0,
2020-11-17,74.47352600097656,12874.2001953125,74.75695813342854,12934.0498046875,73.46863740708835,12797.099609375,73.85513100389518,12932.5,5134800.0,707700.0
2020-11-18,73.13365173339844,12938.25,75.04036686215011,12948.849609375,73.02199311152089,12819.349609375,74.67963219120054,12860.099609375,7843200.0,731300.0
2020-11-19,73.27967071533203,12771.7001953125,73.33120143911543,12963.0,72.1717142848299,12745.75,73.04777590556972,12839.5,4440100.0,768800.0
2020-11-20,72.93611907958984,12859.0498046875,73.3827405392683,12892.4501953125,72.5496255361356,12730.25,73.24531653544811,12813.400390625,3544800.0,664000.0
2020-11-23,72.8759994506836,12926.4501953125,73.63181838421018,12968.849609375,72.73858199632978,12825.7001953125,73.31403028236493,12960.2998046875,4796400.0,633100.0
2020-11-24,73.0821304321289,13055.150390625,74.09560957097342,13079.099609375,72.98765961620597,12978.0,73.75206265155829,13002.599609375,4574200.0,571900.0
2020-11-25,73.14225006103516,12858.400390625,73.27966750267872,13145.849609375,72.51526455396444,12833.650390625,73.21095550548858,13130.0,3380500.0,679000.0
2020-11-26,,12987.0,,13018.0,,12790.400390625,,12906.4501953125,,549800.0
2020-11-27,72.91896057128906,12968.9501953125,73.3741662178826,13035.2998046875,72.60117240633761,12914.2998046875,73.31404484102569,13012.0498046875,1658900.0,1162400.0
2020-11-30,72.28337097167969,,72.85022857620285,,71.93981753268001,,72.79010721583317,,4633900.0,
2020-12-01,73.1078872680664,13109.0498046875,73.42566875824811,13128.400390625,72.8158645835162,12962.7998046875,73.15941798480158,13062.2001953125,4831100.0,583600.0
2020-12-02,72.45514678955078,13113.75,73.3741485011718,13128.5,72.34349470312961,12983.5498046875,72.90176168797252,13121.400390625,4372300.0,717700.0
2020-12-03,72.99625396728516,13133.900390625,73.33980748774954,13216.599609375,72.39504022102628,13107.900390625,72.51528297027805,13215.2998046875,4539200.0,713700.0
2020-12-04,74.0698471069336,13258.5498046875,74.08702838521943,13280.0498046875,73.30544404165687,13152.849609375,73.34839068463373,13177.400390625,3714600.0,640500.0
2020-12-07,73.49439239501953,13355.75,74.14714330562347,13366.650390625,73.21096030259106,13241.9501953125,73.82076457395293,13264.849609375,8254400.0,591700.0
2020-12-08,73.13365173339844,13392.9501953125,73.58026656270054,13435.4501953125,73.05634910650352,13311.0498046875,73.15082645452173,13393.849609375,4100000.0,543200.0
2020-12-09,72.57540130615234,13529.099609375,73.32262969042034,13548.900390625,72.11160505585546,13449.599609375,73.21097103312003,13458.099609375,7956700.0,502600.0
2020-12-10,72.15452575683594,13478.2998046875,72.72997390478152,13503.5498046875,71.91404035487277,13399.2998046875,72.26617782125149,13488.5,2823000.0,553400.0
2020-12-11,72.18889617919922,13513.849609375,72.2747829038191,13579.349609375,71.47602391465385,13402.849609375,71.83675208969956,13512.2998046875,2862700.0,787700.0
2020-12-14,71.85237121582031,13558.150390625,73.2710787573852,13597.5,71.79181686709238,13472.4501953125,72.72608961883385,13571.4501953125,3817000.0,558400.0
2020-12-15,73.23648834228516,13567.849609375,73.25378675775254,13589.650390625,71.70531787620239,13447.0498046875,72.1465033698111,13547.2001953125,3719700.0,497600.0
2020-12-16,73.34893035888672,13682.7001953125,73.81606668532939,13692.349609375,72.95100088078999,13606.4501953125,73.43543561935499,13663.099609375,3965600.0,462200.0
2020-12-17,74.06697845458984,13740.7001953125,74.12753283116139,13773.25,73.4008737123708,13673.5498046875,73.74690154989337,13713.5498046875,3547200.0,416000.0
2020-12-18,72.7347412109375,13760.5498046875,74.23995400319171,13772.849609375,72.26760484094227,13658.599609375,74.11884530725912,13764.400390625,4291000.0,519400.0
2020-12-21,72.26762390136719,13328.400390625,72.38873262924193,13777.5,71.42850871542743,13131.4501953125,71.73128053511428,13741.900390625,4952200.0,687300.0
2020-12-22,72.83856201171875,13466.2998046875,72.89911637391653,13492.0498046875,72.07730622981381,13192.900390625,72.41468147633434,13373.650390625,3383200.0,696200.0
2020-12-23,72.34548950195312,13601.099609375,73.53928517385332,13619.4501953125,72.27628921657124,13432.2001953125,73.15000139391253,13473.5,4579400.0,458700.0
2020-12-24,72.91641235351562,13749.25,72.94236327696508,13771.75,72.38872157694456,13626.900390625,72.60498807226287,13672.150390625,981700.0,471400.0
2020-12-28,73.58251953125,13873.2001953125,73.72958578255279,13885.2998046875,72.89047061894657,13811.5498046875,73.23649837506353,13815.150390625,6311700.0,403600.0
2020-12-29,72.98563385009766,13932.599609375,74.17942276764258,13967.599609375,72.82992167824997,13859.900390625,73.91990028125278,13910.349609375,3138900.0,439600.0
2020-12-30,73.3143539428711,13981.9501953125,73.8074413691091,13997.0,72.91642431818171,13864.9501953125,72.91642431818171,13980.900390625,4933800.0,380700.0
2020-12-31,74.0928955078125,13981.75,74.29185696845703,14024.849609375,72.7347423115074,13936.4501953125,73.30568237241023,13970.0,4171500.0,452400.0
2021-01-01,,14018.5,,14049.849609375,,13991.349609375,,13996.099609375,,358100.0
2021-01-04,71.5755615234375,14132.900390625,74.38702612287076,14147.9501953125,71.54961059850847,13953.75,74.27456991486825,14104.349609375,14744100.0,495000.0
2021-01-05,71.5669174194336,14199.5,72.22436286731163,14215.599609375,71.48905804275344,14048.150390625,71.55826491092908,14075.150390625,13595100.0,492500.0
2021-01-06,71.53231811523438,14146.25,72.0254055295762,14244.150390625,71.06518162797413,14039.900390625,71.5063671881528,14240.9501953125,18629400.0,632300.0
2021-01-07,71.52365112304688,14137.349609375,71.80047195574656,14256.25,71.09977066671001,14123.099609375,71.54094953762156,14253.75,10663300.0,559200.0
2021-01-08,72.2157211303711,14347.25,72.440633565039,14367.2998046875,71.6361218258315,14221.650390625,71.67072526191824,14258.400390625,4345200.0,613500.0
2021-01-11,71.19493865966797,14484.75,72.12920497909491,14498.2001953125,70.99597056390608,14383.099609375,71.86968912367139,14474.0498046875,3548500.0,672900.0
2021-01-12,71.16897583007812,14563.4501953125,71.3073895559324,14590.650390625,70.46827449274753,14432.849609375,71.04786711992048,14473.7998046875,5314900.0,929600.0
2021-01-13,72.04270935058594,14564.849609375,72.17247059565605,14653.349609375,71.0997903962766,14435.7001953125,71.0997903962766,14639.7998046875,8842500.0,874000.0
2021-01-14,72.35411834716797,14595.599609375,72.81260226253067,14617.7998046875,71.92158535532697,14471.5,72.23300963744687,14550.0498046875,4538600.0,620200.0
2021-01-15,73.1759262084961,14433.7001953125,73.43544863582974,14617.4501953125,72.02539350047165,14357.849609375,72.26761091268732,14594.349609375,6775200.0,789600.0
2021-01-18,,14281.2998046875,,14459.150390625,,14222.7998046875,,14453.2998046875,,762000.0
2021-01-19,72.97697448730469,14521.150390625,73.66037747735056,14546.0498046875,72.70015360778626,14350.849609375,73.66037747735056,14371.650390625,3413600.0,546100.0
2021-01-20,74.44758605957031,14644.7001953125,74.72440694610638,14666.4501953125,72.78666074035387,14517.5498046875,73.00292726420801,14538.2998046875,6889500.0,623100.0
2021-01-21,74.22266387939453,14590.349609375,74.33512008105534,14753.5498046875,73.53926096177193,14517.25,74.16210952466493,14730.9501953125,4779600.0,704600.0
2021-01-22,74.3697280883789,14371.900390625,74.53409274701413,14619.900390625,73.72092856209889,14357.75,73.93719507085889,14583.400390625,6286300.0,776800.0
2021-01-25,74.92337036132812,14238.900390625,75.44240866609675,14491.099609375,73.99774996117954,14218.599609375,74.4043320565595,14477.7998046875,5140000.0,618600.0
2021-01-26,75.4683837890625,,75.69330287988662,,74.93204689547022,,75.05315565208346,,3790600.0,
2021-01-27,74.21401977539062,13967.5,75.52891731267042,14237.9501953125,73.80743766191024,13929.2998046875,74.99258056716899,14237.9501953125,5641100.0,660700.0
2021-01-28,74.53410339355469,13817.5498046875,75.38186453302828,13898.25,73.85934624589909,13713.25,74.13616715265611,13810.400390625,5032200.0,637900.0
2021-01-29,73.7728271484375,13634.599609375,74.88011056831255,13966.849609375,73.37489758191552,13596.75,74.27456701054643,13946.599609375,5572600.0,753200.0
2021-02-01,75.55484008789062,14281.2001953125,75.60674852128876,14336.349609375,73.41813321092373,13661.75,74.21399212379683,13758.599609375,13611800.0,870500.0
2021-02-02,75.96144104003906,14647.849609375,76.22096347212576,14731.7001953125,75.37319591391488,14469.150390625,76.01334948641417,14481.099609375,12298500.0,915000.0
2021-02-03,75.75383758544922,14789.9501953125,75.90089723744175,14868.849609375,74.71576091265067,14574.150390625,75.70193573178845,14754.900390625,11551100.0,869500.0
2021-02-04,76.1863784790039,14895.650390625,76.61891157053905,14913.7001953125,75.58948070070741,14714.75,75.77979631697188,14789.0498046875,11375300.0,884700.0
2021-02-05,76.33344268798828,14924.25,76.56701426727626,15014.650390625,76.08257268797936,14864.75,76.3247967775936,14952.599609375,5332900.0,935600.0
2021-02-08,76.54104614257812,15115.7998046875,76.55834455941326,15159.900390625,75.95280097123175,15041.0498046875,76.3334255409758,15064.2998046875,5033800.0,671200.0
2021-02-09,76.87841033935547,15109.2998046875,76.99951903961447,15257.099609375,76.38532303117837,15064.2998046875,76.60158951020217,15164.150390625,3279900.0,713300.0
2021-02-10,77.37151336669922,15106.5,77.8472957572563,15168.25,76.94762622974463,14977.2001953125,77.28500147757019,15119.0498046875,5026400.0,624800.0
2021-02-11,77.35419464111328,15173.2998046875,77.76077668822025,15188.5,76.98221602353983,15065.400390625,77.4061030853782,15073.25,3177900.0,500100.0
2021-02-12,77.45802307128906,15163.2998046875,77.49262650892709,15243.5,76.78327253717468,15081.0,77.3369143395214,15186.2001953125,2701900.0,571800.0
2021-02-15,,15314.7001953125,,15340.150390625,,15243.400390625,,15270.2998046875,,456000.0
2021-02-16,76.69677734375,15313.4501953125,77.52724015663921,15431.75,76.25559170567607,15242.2001953125,77.50128262504401,15371.4501953125,3652000.0,648500.0
2021-02-17,76.59293365478516,15208.900390625,76.7399932701096,15314.2998046875,76.16905322240869,15170.75,76.52372680053993,15279.900390625,6557400.0,504800.0
2021-02-18,76.38533020019531,15118.9501953125,76.60159669951643,15250.75,76.17770960889757,15078.0498046875,76.26422148856986,15238.7001953125,6013800.0,770600.0
2021-02-19,76.74000549316406,14981.75,77.20714193383094,15144.0498046875,76.38533185854084,14898.2001953125,76.76595641765724,15074.7998046875,3839200.0,712200.0
2021-02-22,77.19849395751953,14675.7001953125,77.47531483491362,15010.099609375,76.25557511262195,14635.0498046875,76.48914004670152,14999.0498046875,5062000.0,609900.0
2021-02-23,77.63101959228516,14707.7998046875,77.81268265701809,14854.5,77.13793224517302,14651.849609375,77.44935652755223,14782.25,5684500.0,744100.0
2021-02-24,78.04624938964844,14982.0,78.27116837980057,15008.7998046875,77.27634123866963,14504.5,77.54450956543572,14729.150390625,6117200.0,403800.0
2021-02-25,76.73135375976562,15097.349609375,78.59124703307108,15176.5,76.24691889785537,15065.349609375,77.98570345568325,15079.849609375,9618100.0,803900.0
2021-02-26,75.56350708007812,14529.150390625,77.02547060242878,14919.4501953125,75.51160523665762,14467.75,76.93031282287168,14888.599609375,9978600.0,1103600.0
2021-03-01,75.75383758544922,14761.5498046875,77.06008923533298,14806.7998046875,75.69328322286815,14638.5498046875,76.35073530227018,14702.5,12062500.0,507300.0
2021-03-02,75.13963317871094,14919.099609375,75.74517673785832,14959.099609375,74.65519833139305,14760.7998046875,75.74517673785832,14865.2998046875,14819900.0,621700.0
2021-03-03,74.482177734375,15245.599609375,75.26939092486693,15273.150390625,74.37837404327153,14995.7998046875,75.05312443516205,15064.400390625,15991200.0,544200.0
2021-03-04,73.74690246582031,15080.75,75.19156161049256,15202.349609375,73.00294491588315,14980.2001953125,74.70712659190357,15026.75,18710500.0,534900.0
2021-03-05,74.68115234375,14938.099609375,74.99257664417017,15092.349609375,72.70880284104231,14862.099609375,74.43893491007434,14977.9501953125,7882500.0,640700.0
2021-03-08,75.29534912109375,14956.2001953125,76.03930644553839,15111.150390625,74.47353242087088,14919.900390625,74.9320229672757,15002.4501953125,8494900.0,0.0
2021-03-09,75.77112579345703,15098.400390625,76.39397435318165,15126.849609375,75.61542025345551,14925.4501953125,75.68462051570187,15049.900390625,4385100.0,675300.0
2021-03-10,76.4977798461914,15174.7998046875,76.87841096434501,15218.4501953125,75.71921919539051,15100.849609375,75.93548567617248,15202.150390625,5016100.0,404600.0
2021-03-11,77.31958770751953,,77.78672408515754,,76.47182682212129,,76.61888644102703,,4329100.0,
2021-03-12,78.60856628417969,15030.9501953125,78.60856628417969,15336.2998046875,77.20715669425826,14953.599609375,77.20715669425826,15321.150390625,5521800.0,493200.0
2021-03-15,79.68986511230469,14929.5,79.88882655344158,15048.400390625,78.34901046146368,14745.849609375,78.6344837638897,15048.400390625,5335500.0,467500.0
2021-03-16,79.51683807373047,14910.4501953125,79.99262685177527,15051.599609375,79.11890864115097,14890.650390625,79.68120266976914,14996.099609375,4162000.0,100.0
2021-03-17,79.55146026611328,14721.2998046875,79.55146026611328,14956.5498046875,78.6604434350875,14696.0498046875,79.369797217063,14946.5498046875,5849400.0,100.0
2021-03-18,78.85077667236328,14557.849609375,79.2141028519345,14875.2001953125,78.43554203861717,14478.599609375,79.04109227116646,14855.5,7539500.0,542200.0
2021-03-19,77.89054870605469,14744.0,79.16219686814829,14788.25,77.77809249441488,14350.099609375,78.69506040452634,14471.150390625,9974900.0,919200.0
2021-03-22,78.58258819580078,14736.400390625,78.73830033172088,14763.900390625,77.58776762734793,14597.849609375,77.72617474820497,14736.2998046875,3748200.0,459000.0
2021-03-23,78.59124755859375,14814.75,79.20544364831697,14878.599609375,78.24521982637404,14707.0,78.59124755859375,14768.5498046875,3981800.0,474200.0
2021-03-24,78.22793579101562,14549.400390625,79.18815978948442,14752.349609375,78.1846798415623,14535.0,78.47880577799616,14712.4501953125,4046300.0,456400.0
2021-03-25,78.87471008300781,14324.900390625,79.04857430351304,14575.599609375,77.26643619710765,14264.400390625,78.10099639402345,14570.900390625,4701600.0,606800.0
2021-03-26,80.6220703125,14507.2998046875,80.66553968545146,14572.900390625,79.10943031521971,14414.25,79.21375283080614,14506.2998046875,5190300.0,481000.0
2021-03-29,80.31779479980469,,80.7003040111235,,79.50931364201357,,80.3699527349866,,5668600.0,
2021-03-30,80.2569580078125,14845.099609375,80.48298682711892,14876.2998046875,79.95269226980135,14617.599609375,80.17002588730868,14628.5,7171800.0,594500.0
2021-03-31,79.92658996582031,14690.7001953125,80.75245481827477,14813.75,79.52669702223757,14670.25,80.17000248517557,14811.849609375,8863600.0,463900.0
2021-04-01,81.3523178100586,14867.349609375,81.38709198326868,14883.2001953125,79.9874630159155,14692.4501953125,80.36996565623576,14798.400390625,15804700.0,445000.0
2021-04-05,81.6739730834961,14637.7998046875,81.83914875980571,14849.849609375,80.85680316898119,14459.5,81.83914875980571,14837.7001953125,18032000.0,509700.0
2021-04-06,81.89129638671875,14683.5,81.89129638671875,14779.099609375,81.26538120102309,14573.900390625,81.71743216277468,14737.0,15602600.0,475300.0
2021-04-07,81.89129638671875,14819.0498046875,82.10862998289635,14879.7998046875,81.23060702973527,14649.849609375,82.03039307187001,14716.4501953125,14850600.0,0.0
2021-04-08,81.69136810302734,14873.7998046875,82.29989963039792,14984.150390625,81.5783503675898,14821.099609375,81.95216448654493,14875.650390625,5862600.0,514800.0
2021-04-09,81.68264770507812,14834.849609375,81.83043294006929,14918.4501953125,81.39576580245235,14785.650390625,81.83043294006929,14882.650390625,5877900.0,504100.0
2021-04-12,82.12600708007812,14310.7998046875,82.13470227961517,14652.5,81.17842930535744,14248.7001953125,81.81304622168358,14644.650390625,4359100.0,650200.0
2021-04-13,82.62152099609375,14504.7998046875,82.70845308731413,14528.900390625,81.94344139908404,14274.900390625,82.09122661740801,14364.900390625,7435300.0,605100.0
2021-04-14,82.1173095703125,,83.01272275511391,,82.03037747486947,,82.66498774084802,,7114900.0,
2021-04-15,83.5691146850586,14581.4501953125,83.5691146850586,14597.5498046875,82.47375810071652,14353.2001953125,82.63892712899306,14522.400390625,9781300.0,568000.0
2021-04-16,83.73428344726562,14617.849609375,83.98639120201719,14697.7001953125,83.44740152297992,14559.0,83.80383178633392,14599.599609375,4035100.0,577200.0
2021-04-19,83.93421936035156,14359.4501953125,83.96029832505856,14382.2998046875,83.32568144304965,14191.400390625,83.78642750618934,14306.599609375,4047600.0,512300.0
2021-04-20,84.812255859375,14296.400390625,84.93396213604736,14526.9501953125,83.74297833825445,14207.2998046875,83.74297833825445,14526.7001953125,5150300.0,467400.0
2021-04-21,85.20345306396484,,85.3686220640138,,84.60361029946147,,84.9078759653349,,4585600.0,
2021-04-22,84.8557357788086,14406.150390625,85.5512059883949,14424.75,84.63840216737479,14151.400390625,85.15130630676072,14219.150390625,6062500.0,524600.0
2021-04-23,85.36863708496094,14341.349609375,85.49034337272501,14461.150390625,84.76880084740809,14273.2998046875,85.029597192976,14326.349609375,5015400.0,498100.0
2021-04-26,85.50772857666016,14485.0,85.95109095941437,14557.5,85.28169978491361,14421.2998046875,85.78591530785019,14449.4501953125,4457100.0,452700.0
2021-04-27,85.53380584716797,14653.0498046875,85.78591360362788,14667.5498046875,85.27300289014192,14484.849609375,85.78591360362788,14493.7998046875,3843900.0,451800.0
2021-04-28,85.1773910522461,14864.5498046875,85.69029518645836,14890.25,85.02091058829237,14694.9501953125,85.5772840973511,14710.5,5307300.0,457000.0
2021-04-29,85.87284088134766,14894.900390625,86.1336438237032,15044.349609375,85.26430952584384,14814.4501953125,85.6815862746195,14979.0,4774900.0,517500.0
2021-04-30,86.22927856445312,14631.099609375,86.38575901686423,14855.4501953125,85.42948590074369,14601.7001953125,85.62074052396778,14747.349609375,4994700.0,613900.0
2021-05-03,86.09017944335938,14634.150390625,86.60309015770841,14673.849609375,85.7772185473994,14416.25,86.59439495712766,14481.0498046875,15941100.0,448900.0
2021-05-04,85.30775451660156,14496.5,86.27271591710594,14723.400390625,84.99479370387078,14461.5,85.84674405685854,14687.25,15545400.0,503400.0
2021-05-05,84.0733413696289,14617.849609375,85.28171583241236,14637.900390625,83.78645938371729,14506.599609375,85.28171583241236,14604.150390625,17545900.0,455900.0
2021-05-06,84.52537536621094,14724.7998046875,84.63838643545252,14743.900390625,83.83860048583306,14611.5,84.13417095884685,14668.349609375,16013800.0,467800.0
2021-05-07,85.70767211914062,14823.150390625,85.70767211914062,14863.0498046875,84.54276725013983,14765.5,84.79487501264632,14816.849609375,6441200.0,488000.0
2021-05-10,85.742431640625,14942.349609375,86.7160883536976,14966.900390625,85.742431640625,14892.5,85.89022349856464,14928.25,7486800.0,522000.0
2021-05-11,84.76881408691406,14850.75,85.10785403185152,14900.0,84.08203899441361,14771.400390625,85.10785403185152,14789.7001953125,8099300.0,647400.0
2021-05-12,82.67369842529297,14696.5,84.70794432865085,14824.0498046875,82.59546151448824,14649.7001953125,84.59492661416182,14823.5498046875,9227200.0,643800.0
2021-05-13,83.68213653564453,,84.2211196532066,,82.83018585103676,,82.83018585103676,,10680600.0,
2021-05-14,84.61231994628906,14677.7998046875,84.86442772177138,14749.650390625,83.95162393580077,14591.900390625,84.13418336649585,14749.400390625,5704900.0,620700.0
2021-05-17,84.6905517578125,14923.150390625,84.85572740860773,14938.0,84.26457977851904,14725.349609375,84.79487426870868,14756.25,4665200.0,546400.0
2021-05-18,84.8035659790039,15108.099609375,85.28169587781885,15137.25,84.16025380369759,15043.7001953125,84.64708553534757,15067.2001953125,3801600.0,583900.0
2021-05-19,84.56884002685547,15030.150390625,84.56884002685547,15133.400390625,83.3604658749674,15008.849609375,84.1254776747436,15058.599609375,8013300.0,569100.0
2021-05-20,85.61205291748047,14906.0498046875,85.82938651313233,15069.7998046875,84.368904485052,14884.900390625,84.58623808070386,15042.599609375,6117200.0,480300.0
2021-05-21,85.46424865722656,15175.2998046875,85.94238515142845,15190.0,85.26430549237415,14985.849609375,85.72505158724469,14987.7998046875,6711200.0,572900.0
2021-05-24,86.4292221069336,15197.7001953125,86.77695718398068,15256.25,85.77722132465588,15145.4501953125,85.89023903838078,15211.349609375,4352500.0,579800.0
2021-05-25,86.5074691772461,15208.4501953125,86.8378138660392,15293.849609375,86.0728019713364,15163.400390625,86.5422433496183,15291.75,8828700.0,441500.0
2021-05-26,86.7943344116211,15301.4501953125,87.22900156704587,15319.900390625,86.46398976119626,15194.9501953125,86.68132333890865,15257.0498046875,6120900.0,384000.0
2021-05-27,86.49877166748047,15337.849609375,87.01167577316741,15384.5498046875,86.36837018268878,15272.5,86.97690823421831,15323.9501953125,7308900.0,0.0
2021-05-28,87.09860229492188,15435.650390625,87.34201482837605,15469.650390625,86.74217206201106,15394.75,86.95950562866572,15421.2001953125,7383300.0,468100.0
2021-05-31,,15582.7998046875,,15606.349609375,,15374.0,,15437.75,,436000.0
2021-06-01,88.4721450805664,15574.849609375,88.54169341344692,15660.75,87.1768388850136,15528.2998046875,87.48110455074827,15629.650390625,12740100.0,409600.0
2021-06-02,89.53273010253906,15576.2001953125,89.6196621986635,15597.4501953125,88.48953168405814,15459.849609375,88.86334566663766,15520.349609375,15539800.0,428600.0
2021-06-03,89.3588638305664,15690.349609375,89.4979538546296,15705.099609375,88.82856943430734,15611.0,89.4979538546296,15655.5498046875,14727100.0,410200.0
2021-06-04,89.3675765991211,15670.25,89.72400024475593,15733.599609375,88.91551900893187,15622.349609375,89.6457633344318,15712.5,13005500.0,414200.0
2021-06-07,90.24560546875,15751.650390625,90.49771325050277,15773.4501953125,89.45451458272856,15678.099609375,89.45451458272856,15725.099609375,6510100.0,394000.0
2021-06-08,90.82805633544922,15740.099609375,90.99322535281505,15778.7998046875,90.28906664761104,15680.0,90.28906664761104,15773.900390625,6112100.0,378200.0
2021-06-09,91.02799987792969,15635.349609375,91.28880283846412,15800.4501953125,90.8541356592366,15566.900390625,91.09754821840485,15766.2998046875,5928800.0,457900.0
2021-06-10,91.7129898071289,15737.75,91.93141647365408,15751.25,90.74317487448889,15648.5,90.99655060756044,15692.099609375,5998100.0,298300.0
2021-06-11,91.25865936279297,15799.349609375,91.71299056580129,15835.5498046875,90.83928389247305,15749.7998046875,91.69551269945708,15796.4501953125,7348300.0,363000.0
2021-06-14,91.66057586669922,15811.849609375,91.66930813454887,15823.0498046875,91.09266516136567,15606.5,91.20624463609106,15791.400390625,5301700.0,392900.0
2021-06-15,90.69950103759766,15869.25,91.66058385306411,15901.599609375,90.64708076251908,15842.400390625,91.66058385306411,15866.9501953125,7924200.0,323300.0
2021-06-16,89.88692474365234,15767.5498046875,91.23243358982957,15880.849609375,89.85197568280792,15742.599609375,90.90042751058523,15847.5,8696000.0,340200.0
2021-06-17,90.02672576904297,15691.400390625,90.15778308770807,15769.349609375,89.41512717055654,15616.75,89.74713993328841,15648.2998046875,9029000.0,357600.0
2021-06-18,88.60258483886719,15683.349609375,89.97430386198398,15761.5,88.57636804293206,15450.900390625,89.78208735357174,15756.5,7828200.0,640800.0
2021-06-21,90.40243530273438,15746.5,90.62960091616674,15765.150390625,88.64628293069232,15505.650390625,88.85597067686274,15525.849609375,6758900.0,351500.0
2021-06-22,89.965576171875,15772.75,90.46358870324072,15895.75,89.93062710544635,15752.099609375,90.43737856988244,15840.5,6023100.0,322200.0
2021-06-23,89.72967529296875,15686.9501953125,90.2102166436101,15862.9501953125,89.6772550241181,15673.9501953125,89.92189183322529,15862.7998046875,6447800.0,287500.0
2021-06-24,89.43260955810547,15790.4501953125,90.01799138978427,15821.400390625,89.07438664669301,15702.7001953125,89.99178125789604,15737.2998046875,4016200.0,316700.0
2021-06-25,90.19273376464844,15860.349609375,90.19273376464844,15870.7998046875,89.37144744111004,15772.2998046875,89.51123702856314,15839.349609375,6519600.0,314600.0
2021-06-28,89.83451843261719,15814.7001953125,90.40242909426969,15915.650390625,89.18797737124576,15792.150390625,90.37621896103005,15915.349609375,4205000.0,255100.0
2021-06-29,89.5723876953125,15748.4501953125,90.34125368358875,15835.900390625,89.5461775667761,15724.0498046875,89.89566150091515,15807.5,4639000.0,360300.0
2021-06-30,89.0656509399414,15721.5,90.08788603921512,15839.099609375,88.96080375058557,15708.75,89.61608368589214,15776.900390625,7737400.0,262400.0
2021-07-01,89.41513061523438,15680.0,90.07914950042701,15755.5498046875,88.77732852746645,15667.0498046875,89.11807356961148,15755.0498046875,16376200.0,224900.0
2021-07-02,89.7121810913086,15722.2001953125,90.13156313215079,15738.349609375,89.36269716824866,15635.9501953125,89.75586908138536,15705.849609375,16421400.0,254800.0
2021-07-05,,15834.349609375,,15845.9501953125,,15762.0498046875,,15793.400390625,,207000.0
2021-07-06,90.3936996459961,15818.25,90.61212633371574,15914.2001953125,89.08313951967821,15801.0,89.71220944684735,15813.75,15654200.0,391400.0
2021-07-07,90.7256851196289,15879.650390625,91.17127732738884,15893.5498046875,90.02672387785168,15779.7001953125,90.35872996775696,15819.599609375,14413500.0,329300.0
2021-07-08,90.76065063476562,15727.900390625,90.99655517934256,15885.75,89.9568420613733,15682.900390625,90.1490586041091,15855.400390625,9538400.0,307900.0
2021-07-09,92.08866119384766,15689.7998046875,92.12361025176145,15730.849609375,90.89168095724247,15632.75,91.17126675470156,15688.25,9087900.0,243200.0
2021-07-12,92.76141357421875,15692.599609375,92.90120980790333,15789.2001953125,91.90518497338029,15644.75,92.02750334492863,15766.7998046875,6150500.0,216300.0
2021-07-13,91.4246597290039,15812.349609375,92.68279938862172,15820.7998046875,91.19749414249458,15744.599609375,92.5517420631028,15794.0,10277000.0,246700.0
2021-07-14,92.16731262207031,15853.9501953125,92.43816621629142,15877.349609375,91.31108383813356,15764.2001953125,91.58193076650194,15808.7001953125,6584500.0,0.0
2021-07-15,92.4031982421875,15924.2001953125,92.49930648726851,15952.349609375,91.96634500667432,15855.0,92.01002633071481,15872.150390625,5393200.0,284900.0
2021-07-16,92.42068481445312,15923.400390625,93.08470370934286,15962.25,92.3507866853379,15882.599609375,92.80511785873442,15958.349609375,7061100.0,276300.0
2021-07-19,90.8043212890625,15752.400390625,91.64307877051822,15836.900390625,90.14030244988226,15707.5,91.59065851100596,15754.5,12408200.0,242100.0
2021-07-20,92.84878540039062,15632.099609375,93.18079813145211,15728.4501953125,91.19748067394237,15578.5498046875,91.31979904880139,15703.9501953125,8337700.0,274300.0
2021-07-21,92.70026397705078,,93.32059483002561,,92.56047439475815,,93.06721912965246,,7475900.0,
2021-07-22,92.01004028320312,15824.0498046875,92.40321225429679,15834.7998046875,91.59066484639276,15726.400390625,92.30710399464184,15736.599609375,4917100.0,265300.0
2021-07-23,92.8313217163086,15856.0498046875,92.97111796509037,15899.7998046875,92.12362153794398,15768.400390625,92.3333092452646,15856.7998046875,5695600.0,294100.0
2021-07-26,92.77014923095703,15824.4501953125,93.02352489617894,15893.349609375,92.16728965971005,15797.0,92.73520017376941,15849.2998046875,4069000.0,267100.0
2021-07-27,93.45167541503906,15746.4501953125,93.56525489554811,15881.5498046875,92.41196222460071,15701.0,92.7439750636872,15860.5,6394500.0,311000.0
2021-07-28,93.00607299804688,15709.400390625,93.47787540301047,15767.5,92.6828057940582,15513.4501953125,93.32934686788849,15761.5498046875,7576300.0,318600.0
2021-07-29,93.00607299804688,15778.4501953125,93.92346767422937,15817.349609375,92.92744259681275,15737.7998046875,93.24197753345514,15762.7001953125,5299900.0,401600.0
2021-07-30,93.24197387695312,15763.0498046875,94.35157837903445,15862.7998046875,93.04975734922581,15744.849609375,93.18955361151937,15800.599609375,5865600.0,400000.0
2021-08-02,93.03227996826172,15885.150390625,94.30789078060137,15892.900390625,92.93617171078354,15834.650390625,93.56523485175134,15874.900390625,7787900.0,244800.0
2021-08-03,93.21574401855469,16130.75,93.39922157459922,16146.900390625,92.60414549922167,15914.349609375,93.30311333107333,15951.5498046875,6865200.0,341300.0
2021-08-04,92.84878540039062,16258.7998046875,93.50406526535744,16290.2001953125,92.49056920711821,16176.150390625,93.06721202204623,16195.25,5810300.0,427300.0
2021-08-05,93.7836685180664,16294.599609375,93.81861758393396,16349.4501953125,92.97986000067093,16210.2998046875,93.33808292642378,16288.9501953125,5536800.0,418200.0
2021-08-06,93.55651092529297,16238.2001953125,94.18558078819056,16336.75,93.39050452651365,16223.2998046875,93.95841518973248,16304.400390625,4280800.0,320100.0
2021-08-09,93.04976654052734,16258.25,93.44293190182205,16320.75,92.90997026442494,16179.0498046875,93.44293190182205,16281.349609375,3233400.0,240500.0
2021-08-10,92.11490631103516,16280.099609375,93.2332499256788,16359.25,92.03626923439573,16202.25,93.22451099141804,16274.7998046875,5110400.0,288000.0
2021-08-11,92.63912963867188,16282.25,92.77892592432181,16338.75,92.14985597060469,16162.5498046875,92.56049922738413,16327.2998046875,5440000.0,277900.0
2021-08-12,92.99732971191406,16364.400390625,92.99732971191406,16375.5,92.44689030508219,16286.900390625,92.87501132502967,16303.650390625,4141700.0,280200.0
2021-08-13,93.53031921386719,16529.099609375,93.54779041756535,16543.599609375,92.86630015381645,16376.2998046875,93.22451648938907,16385.69921875,6924600.0,321900.0
2021-08-16,93.40797424316406,16563.05078125,93.8885088656147,16589.400390625,93.1895475968177,16480.75,93.45165557292198,16518.400390625,5347500.0,254000.0
2021-08-17,93.41670227050781,16614.599609375,93.46912919603142,16628.55078125,92.67405303980085,16495.400390625,93.03227592316239,16545.25,4903400.0,297400.0
2021-08-18,92.50806427001953,16568.849609375,93.2769304427519,16701.849609375,92.46438293392995,16535.849609375,93.2769304427519,16691.94921875,4409500.0,251800.0
2021-08-19,93.01480865478516,,93.14586598474513,,91.948885481028,,92.28089827237362,,6925900.0,
2021-08-20,93.48661041259766,16450.5,93.86230453416088,16509.55078125,92.33331791526327,16376.0498046875,92.99733682762326,16382.5,5076600.0,350800.0
2021-08-23,93.27692413330078,16496.44921875,93.82735692494,16592.5,93.04975853710008,16395.69921875,93.66135052781033,16592.25,4496400.0,275600.0
2021-08-24,92.85753631591797,16624.599609375,93.47786720157781,16647.099609375,92.49058114398156,16495.30078125,93.43418587112006,16561.400390625,3597100.0,275400.0
2021-08-25,92.84878540039062,16634.650390625,93.28563864370184,16712.44921875,92.4294100196887,16617.5,92.84005313493748,16654.0,4231900.0,265900.0
2021-08-26,92.73521423339844,16636.900390625,93.11090832281062,16683.69921875,92.41194040478962,16603.400390625,92.92743074414682,16627.94921875,4458700.0,253500.0
2021-08-27,93.63513946533203,16705.19921875,93.91472532486051,16722.05078125,93.02354748069247,16565.599609375,93.0759677462751,16642.55078125,3620800.0,217400.0
2021-08-30,94.60494995117188,16931.05078125,94.64863794768355,16951.5,93.46913536624463,16764.849609375,93.76619241179637,16775.849609375,6983800.0,283500.0
2021-08-31,95.05054473876953,17132.19921875,95.207812198243,17153.5,94.16809917917652,16915.849609375,94.38652583589787,16947.5,8709400.0,464400.0
2021-09-01,96.76301574707031,17076.25,96.76301574707031,17225.75,95.26897810970415,17055.05078125,95.30392717714496,17185.599609375,16250300.0,301900.0
2021-09-02,97.19112396240234,17234.150390625,97.20860182793511,17245.5,96.10772960421177,17059.69921875,96.88532797410491,17095.400390625,16311700.0,242400.0
2021-09-03,97.21733856201172,17323.599609375,97.36587376245508,17340.099609375,96.13394415403889,17212.19921875,96.95523055964968,17262.44921875,15133700.0,261400.0
2021-09-06,,17377.80078125,,17429.55078125,,17345.55078125,,17399.349609375,,228000.0
2021-09-07,96.1339340209961,17362.099609375,97.14743685435539,17436.5,95.36507462958203,17287.0,97.0600608635917,17401.55078125,14891200.0,243400.0
2021-09-08,96.66688537597656,17353.5,96.95521011705037,17383.400390625,95.6009623932321,17254.19921875,95.8892871343059,17375.75,10358700.0,252700.0
2021-09-09,94.78843688964844,17369.25,96.21258305986316,17379.650390625,94.74475555467961,17302.69921875,96.12520705821946,17312.849609375,6180500.0,241500.0
2021-09-10,93.53031921386719,,94.97193015678796,,93.51284134431488,,94.94572001831364,,7861100.0,
2021-09-13,93.90599060058594,17355.30078125,94.79716842143445,17378.349609375,93.73124527679528,17269.150390625,94.31662711332581,17363.55078125,7833200.0,241100.0
2021-09-14,93.67007446289062,17380.0,94.46515058936392,17438.55078125,93.32059052450512,17367.05078125,94.36030340809276,17420.349609375,6397200.0,230400.0
2021-09-15,94.01958465576172,17519.44921875,94.50885830661754,17532.69921875,93.45167393053059,17386.900390625,93.86231717286469,17387.650390625,6245100.0,388200.0
2021-09-16,94.1943130493164,17629.5,94.61369517983869,17644.599609375,93.44292478710972,17510.44921875,93.91472718425248,17539.19921875,6076200.0,503300.0
2021-09-17,93.30315399169922,17585.150390625,94.37780966912062,17792.94921875,93.18957450251325,17537.650390625,93.97590532370778,17709.650390625,10076900.0,508300.0
2021-09-20,92.81385803222656,17396.900390625,93.33808067589452,17622.75,91.73919594673256,17361.80078125,92.41194711736681,17443.849609375,12678100.0,339100.0
2021-09-21,92.81385803222656,17562.0,93.93220144961222,17578.349609375,92.80511909950721,17326.099609375,93.29439267815029,17450.5,8385000.0,363600.0
2021-09-22,93.72252655029297,17546.650390625,94.2292780997604,17610.44921875,93.01482616745827,17524.0,93.44294063780299,17580.900390625,7071900.0,295200.0
2021-09-23,93.39926147460938,17822.94921875,94.21180909326915,17843.900390625,93.3118921247667,17646.55078125,93.91474530477909,17670.849609375,6242600.0,320500.0
2021-09-24,92.3304214477539,17853.19921875,93.49561387871265,17947.650390625,92.1727261812784,17819.400390625,93.11889778013145,17897.44921875,7605200.0,360100.0
2021-09-27,91.0776138305664,17855.099609375,92.96995685810295,17943.5,90.99876954641144,17802.900390625,92.36545727697576,17932.19921875,6814500.0,295700.0
2021-09-28,90.4292984008789,17748.599609375,90.9461842201346,17912.849609375,89.91240589763962,17576.099609375,90.58699362580131,17906.44921875,11006100.0,398000.0
2021-09-29,91.12140655517578,17711.30078125,91.55944811215905,17781.75,90.79725339677402,17608.150390625,90.89362307402904,17657.94921875,7849800.0,562200.0
2021-09-30,89.7021713256836,17618.150390625,91.54194497576849,17742.150390625,89.69340862089683,17585.349609375,91.51566354539355,17718.900390625,11283100.0,378600.0
2021-10-01,90.96372985839844,17532.05078125,91.46309706773091,17557.150390625,89.65836094019075,17452.900390625,90.13144672018758,17531.900390625,10761400.0,305800.0
2021-10-04,90.7797622680664,17691.25,91.27036682213273,17750.900390625,90.28039500868154,17581.349609375,90.73595542545945,17615.55078125,10771600.0,295800.0
2021-10-05,90.26285552978516,17822.30078125,90.95496209439254,17833.44921875,89.91242089550506,17640.900390625,90.93744337047166,17661.349609375,8068400.0,427000.0
2021-10-06,91.15646362304688,17646.0,91.23530790618499,17884.599609375,88.9750115471071,17613.150390625,89.84233876553434,17861.5,8038400.0,395800.0
2021-10-07,91.32292175292969,17790.349609375,92.41802588311538,17857.55078125,91.2002706250677,17763.80078125,91.68211911594348,17810.55078125,6938100.0,419900.0
2021-10-08,90.52568817138672,17895.19921875,91.36672732967375,17941.849609375,90.42055577010643,17840.349609375,91.17398793598578,17886.849609375,4286100.0,324100.0
2021-10-11,90.77098083496094,17945.94921875,91.121415451558,18041.94921875,90.08763700878808,17839.099609375,90.49063447848016,17867.55078125,3609400.0,375800.0
2021-10-12,92.00626373291016,17991.94921875,92.34794236363521,18008.650390625,90.70090150859605,17864.94921875,90.93744773879148,17915.80078125,6262300.0,355600.0
2021-10-13,92.65455627441406,18161.75,92.73340054999224,18197.80078125,91.30538741465384,18050.75,91.8660800987121,18097.849609375,6317500.0,506700.0
2021-10-14,93.90738677978516,18338.55078125,93.93366821374532,18350.75,92.99625919324421,18248.69921875,93.24156148885403,18272.849609375,4335100.0,538700.0
2021-10-15,93.88983154296875,,94.66954502804046,,93.42550853320516,,94.50309377117193,,5649200.0,
2021-10-18,94.1088638305664,18477.05078125,94.44177975293783,18543.150390625,93.32038754598268,18445.30078125,93.4080012207025,18500.099609375,6011700.0,469900.0
2021-10-19,94.31912231445312,18418.75,94.8009640732281,18604.44921875,94.18770849515649,18377.69921875,94.47681087682767,18602.349609375,4084000.0,368200.0
2021-10-20,95.72085571289062,18266.599609375,95.72085571289062,18458.30078125,94.39796816225655,18209.349609375,94.39796816225655,18439.900390625,4710100.0,371300.0
2021-10-21,95.86978149414062,18178.099609375,95.93110704863884,18384.19921875,95.458021335088,18048.0,95.65952340500164,18382.69921875,5806100.0,365900.0
2021-10-22,96.38668060302734,18114.900390625,96.6582709679757,18314.25,95.96616436695416,18034.349609375,96.04500865472349,18230.69921875,8094900.0,324700.0
2021-10-25,96.69331359863281,18125.400390625,96.94737855080429,18241.400390625,95.8610304758673,17968.5,96.57941849497855,18229.5,4816600.0,418700.0
2021-10-26,96.9823989868164,18268.400390625,97.31531485111486,18310.44921875,96.67577123073923,18099.30078125,96.86851058712597,18154.5,6085900.0,341400.0
2021-10-27,96.09758758544922,18210.94921875,97.40294994326491,18342.05078125,95.97493644761342,18167.900390625,97.33286166907712,18295.849609375,7741400.0,335200.0
2021-10-28,97.21018981933594,17857.25,97.25399665236613,18190.69921875,96.01871614794521,17799.44921875,96.04499757416961,18187.650390625,7503100.0,374200.0
2021-10-29,96.22898864746094,17671.650390625,97.15764151164522,17915.849609375,95.71210269704385,17613.099609375,96.86853241192789,17833.05078125,8811200.0,336500.0
2021-11-01,96.4041976928711,17929.650390625,96.63198120007928,17954.099609375,94.93237762565228,17697.099609375,96.36915356222487,17783.150390625,9795700.0,281200.0
2021-11-02,96.78091430664062,17888.94921875,97.18391178544519,18012.25,96.05376363045683,17847.599609375,96.81595843749118,17970.900390625,6165200.0,296400.0
2021-11-03,96.97364807128906,17829.19921875,97.24523171468036,17988.75,96.25526014039583,17757.94921875,96.82470885279899,17947.94921875,4774700.0,331000.0
2021-11-04,96.12386322021484,17916.80078125,97.42046279456505,17947.55078125,95.80847268937609,17900.599609375,97.07879083348728,17935.05078125,4961600.0,48500.0
2021-11-05,96.57942199707031,,97.65700740680428,,96.30783831048058,,96.86853109285079,,6082900.0,
2021-11-08,96.38668060302734,18068.55078125,96.8159662274994,18087.80078125,95.7208621152473,17836.099609375,96.8159662274994,18040.19921875,4248800.0,338900.0
2021-11-09,96.59693908691406,18044.25,96.7809157636608,18112.599609375,96.30783001603291,17983.05078125,96.58817638307337,18084.349609375,3419100.0,270200.0
2021-11-10,96.15890502929688,18017.19921875,96.91233720318925,18061.25,96.11509819063458,17915.0,96.43048871384465,17973.44921875,4840900.0,261400.0
2021-11-11,96.36038208007812,17873.599609375,96.42170763212609,17971.349609375,95.67703830469108,17798.19921875,96.28153780629525,17967.44921875,2752100.0,232100.0
2021-11-12,96.4041976928711,18102.75,96.65826262706781,18123.0,96.04500036673569,17905.900390625,96.61445579276392,17977.599609375,4328300.0,249100.0
2021-11-15,96.97364807128906,18109.44921875,96.99992949690962,18210.150390625,96.15012775392945,18071.30078125,96.43047410052232,18140.94921875,4996900.0,280400.0
2021-11-16,96.4041976928711,17999.19921875,97.14886708814593,18132.650390625,96.15889546233204,17958.80078125,97.0787788268535,18127.05078125,4826700.0,267400.0
2021-11-17,96.74588012695312,17898.650390625,96.83348712109839,18022.650390625,94.92362523919661,17879.25,96.1413805045759,17939.349609375,6854100.0,295700.0
2021-11-18,96.70206451416016,17764.80078125,96.89480389418372,17945.599609375,96.24650417554638,17688.5,96.89480389418372,17890.55078125,5395200.0,278400.0
2021-11-19,96.26403045654297,,96.99118119863266,,95.87855835021837,,96.75464164893313,,6454800.0,
2021-11-22,95.61572265625,17416.55078125,96.49180588138256,17805.25,95.51935296676665,17280.44921875,96.29906650241587,17796.25,4993300.0,356400.0
2021-11-23,96.38668060302734,17503.349609375,96.64950826356187,17553.69921875,95.45803445471277,17216.099609375,95.70333670641963,17281.75,6294200.0,308800.0
2021-11-24,97.5518798828125,17415.05078125,97.71833785852421,17600.599609375,96.18519199292639,17354.0,96.41297553590259,17550.05078125,5042300.0,298100.0
2021-11-25,,17536.25,,17564.349609375,,17351.69921875,,17417.30078125,,255900.0
2021-11-26,94.85352325439453,17026.44921875,96.3165872493997,17355.400390625,94.62574643935056,16985.69921875,96.158892009147,17338.75,7050900.0,356300.0
2021-11-29,95.85228729248047,17053.94921875,96.5881941347175,17160.69921875,94.99372262588476,16782.400390625,95.64202246556773,17055.80078125,9997900.0,348900.0
2021-11-30,93.90738677978516,16983.19921875,95.58070268711573,17324.650390625,93.67084050617122,16931.400390625,95.43177010535067,17051.150390625,13914200.0,498000.0
2021-12-01,92.46182250976562,17166.900390625,95.93987391253192,17213.05078125,92.4355410829815,17064.25,94.89733275686565,17104.400390625,17616800.0,295500.0
2021-12-02,95.2740707397461,17401.650390625,95.7646753099672,17420.349609375,92.87360407032511,17149.30078125,92.9874925072733,17183.19921875,15008700.0,279900.0
2021-12-03,94.8447494506836,17196.69921875,95.82595815361681,17489.80078125,94.1175989412006,17180.80078125,95.49304901283347,17424.900390625,14207500.0,292500.0
2021-12-06,96.36917877197266,16912.25,97.07004820027241,17216.75,95.51061405650478,16891.69921875,95.55442090226835,17209.05078125,12441800.0,231700.0
2021-12-07,97.81468200683594,17176.69921875,98.05998421180615,17251.650390625,96.87727333270901,16987.75,97.2014198104266,17044.099609375,7534800.0,254100.0
2021-12-08,98.419189453125,17469.75,98.69077980671823,17484.599609375,97.57815033215724,17308.94921875,97.98991053058604,17315.25,9311200.0,257800.0
2021-12-09,97.16638946533203,17516.849609375,98.17387978305825,17543.25,97.10505722562543,17379.599609375,98.15636106027371,17524.400390625,5102300.0,237200.0
2021-12-10,97.40293884277344,17511.30078125,97.7621295100759,17534.349609375,97.03498547119972,17405.25,97.45550170043113,17476.05078125,3593700.0,204500.0
2021-12-13,98.47129821777344,17368.25,98.90501260671117,17639.5,97.03737665757308,17355.94921875,97.17900154141584,17619.099609375,7406800.0,256600.0
2021-12-14,97.26751708984375,17324.900390625,98.34738323092546,17376.19921875,96.70103104092324,17225.80078125,98.34738323092546,17283.19921875,11908600.0,271000.0
2021-12-15,98.60407257080078,17221.400390625,98.76339719298397,17351.19921875,97.32062234958987,17192.19921875,97.3648818152699,17323.650390625,11106400.0,215000.0
2021-12-16,98.630615234375,17248.400390625,99.45379123739421,17379.349609375,98.09953546698581,17184.94921875,98.84304579072155,17373.0,8093000.0,219500.0
2021-12-17,98.43588256835938,16985.19921875,99.56000802878962,17298.150390625,98.18804579841915,16966.44921875,98.45358905366682,17276.0,9501900.0,354600.0
2021-12-20,97.64813232421875,16614.19921875,98.06414702253929,16840.099609375,96.69218451782862,16410.19921875,97.4888076898204,16824.25,15275200.0,330600.0
2021-12-21,98.630615234375,16770.849609375,99.11744229375837,16936.400390625,98.25000682968772,16688.25,98.38277845979643,16773.150390625,7384800.0,241000.0
2021-12-22,99.5865707397461,16955.44921875,99.66622967228092,16971.0,98.86076009122878,16819.5,98.94927226728286,16865.55078125,5007700.0,207900.0
2021-12-23,99.49805450439453,17072.599609375,99.97602158619581,17118.650390625,98.99352094007318,17015.55078125,99.97602158619581,17066.80078125,7972000.0,197000.0
2021-12-24,,17003.75,,17155.599609375,,16909.599609375,,17149.5,,182600.0
2021-12-27,101.162109375,17086.25,101.19751559566026,17112.05078125,99.45379805815715,16833.19921875,99.57771645394503,16937.75,8782300.0,144800.0
2021-12-28,101.50731658935547,17233.25,101.6666412136582,17250.25,100.8788713360076,17161.150390625,101.22407356315577,17177.599609375,7629000.0,176000.0
2021-12-29,102.17115783691406,17213.599609375,102.44554759178197,17285.94921875,101.27716938154198,17176.650390625,101.67548427894732,17220.099609375,6502600.0,161700.0
2021-12-30,102.63143157958984,17203.94921875,103.00319352430631,17264.05078125,101.87021470919095,17146.349609375,102.17116421176655,17201.44921875,7116800.0,320800.0
2021-12-31,102.79960632324219,17354.05078125,103.46345775382265,17400.80078125,102.5694692697881,17238.5,102.60487548978458,17244.5,3877400.0,167000.0
2022-01-03,102.02069091796875,17625.69921875,103.33954055106521,17646.650390625,100.53366342621273,17383.30078125,103.11825673832203,17387.150390625,13194000.0,200500.0
2022-01-04,101.82595825195312,17805.25,102.79960565991267,17827.599609375,101.69318661608457,17593.55078125,102.30393208925237,17681.400390625,9363000.0,247400.0
2022-01-05,98.80765533447266,17925.25,101.71090491522025,17944.69921875,98.73684963975917,17748.849609375,101.56928001969987,17820.099609375,12110000.0,251500.0
2022-01-06,98.7899398803711,17745.900390625,99.25020721148479,17797.94921875,97.81629251425107,17655.55078125,98.90500502488811,17768.5,7920600.0,236500.0
2022-01-07,98.12608337402344,17812.69921875,98.80763446891129,17905.0,97.85169363820494,17704.55078125,98.5155450014138,17797.599609375,7883300.0,239300.0
2022-01-10,97.63041687011719,18003.30078125,97.65696984606747,18017.44921875,96.3469667571392,17879.150390625,97.58615740816956,17913.30078125,10109200.0,232400.0
2022-01-11,97.87825775146484,18055.75,97.94907019233027,18081.25,96.37352377178185,17964.400390625,97.61271447474253,17997.75,7339300.0,220200.0
2022-01-12,97.9756088256836,18212.349609375,98.59520070993216,18227.94921875,97.80743099151111,18128.80078125,97.80743099151111,18170.400390625,5936600.0,245000.0
2022-01-13,97.66581726074219,18257.80078125,98.67487762772699,18272.25,97.55960535593545,18163.80078125,98.32082218793093,18257.0,6922600.0,303700.0
2022-01-14,96.73643493652344,18255.75,97.31177421541526,18286.94921875,95.68312179915439,18119.650390625,97.17900257366388,18185.0,12194800.0,229500.0
2022-01-17,,18308.099609375,,18321.55078125,,18228.75,,18235.650390625,,266700.0
2022-01-18,95.86898803710938,18113.05078125,96.31155562181108,18350.94921875,95.20513666005681,18085.900390625,96.10797831455373,18337.19921875,9457200.0,227500.0
2022-01-19,94.66520690917969,17938.400390625,96.80723922482457,18129.19921875,94.65636041937532,17884.900390625,96.28500594540412,18129.19921875,7194100.0,276700.0
2022-01-20,93.48798370361328,17757.0,95.93980527426208,17943.69921875,93.45257748469922,17648.44921875,94.88649220896728,17921.0,12901400.0,258100.0
2022-01-21,93.26671600341797,17617.150390625,94.48820037814629,17707.599609375,93.05427865325458,17485.849609375,94.02793295888614,17613.69921875,16205400.0,277600.0
2022-01-24,93.41716766357422,17149.099609375,93.63845145847002,17599.400390625,90.04480479033687,16997.849609375,92.62054465134025,17575.150390625,19913600.0,323800.0
2022-01-25,92.9923095703125,17277.94921875,93.72697346723784,17309.150390625,91.34595742317566,16836.80078125,92.35501109360841,17001.55078125,14780800.0,326500.0
2022-01-26,91.4875717163086,,94.61209778608747,,90.95649196488944,,93.62959720709159,,15672600.0,
2022-01-27,90.1156234741211,17110.150390625,92.90380104269083,17182.5,89.75272150971675,16866.75,92.13373089425264,17062.0,11946500.0,395600.0
2022-01-28,92.92150115966797,17101.94921875,93.04541955394863,17373.5,89.22163555874778,17077.099609375,90.27494191013344,17208.30078125,13488400.0,355300.0
2022-01-31,94.33771514892578,17339.849609375,94.3996743453734,17410.0,92.34616086633581,17264.150390625,92.63825711518004,17301.05078125,8569000.0,321700.0
2022-02-01,93.81548309326172,17576.849609375,94.48818777294305,17622.400390625,93.25785031782944,17244.55078125,94.3465628917276,17529.44921875,11087000.0,386400.0
2022-02-02,95.11663818359375,17780.0,95.33792200779335,17794.599609375,94.15184395154573,17674.80078125,94.32886830968685,17706.19921875,7393800.0,271200.0
2022-02-03,93.92169952392578,17560.19921875,94.87764719029222,17781.150390625,93.92169952392578,17511.150390625,94.52359174870696,17767.75,7099600.0,226600.0
2022-02-04,93.05426788330078,17516.30078125,94.16954020691449,17617.80078125,92.23994506106366,17462.55078125,93.43487631698385,17590.19921875,9197300.0,261400.0
2022-02-07,92.89492797851562,17213.599609375,93.56763255937868,17536.75,92.70020392501779,17119.400390625,93.17817094629295,17456.30078125,7632100.0,265000.0
2022-02-08,92.40813446044922,17266.75,93.16935142286216,17306.44921875,92.1868506167954,17043.650390625,92.78874294165568,17279.849609375,8280000.0,268500.0
2022-02-09,94.52362060546875,17463.80078125,94.59443306601304,17477.150390625,93.3994947417338,17339.0,93.40834798756383,17370.099609375,7728600.0,236400.0
2022-02-10,92.16029357910156,17605.849609375,94.44393761276622,17639.44921875,91.66461319906513,17427.150390625,93.20475354529187,17554.099609375,11837300.0,273600.0
2022-02-11,91.20433044433594,17374.75,92.93034135711463,17454.75,90.67325068294599,17303.0,92.64709836750363,17451.0,10952300.0,253100.0
2022-02-14,90.3545913696289,16842.80078125,91.88587128958521,17099.5,89.98283625354013,16809.650390625,91.29283240158004,17076.150390625,8473000.0,305500.0
2022-02-15,91.04501342773438,17352.44921875,91.64690567494637,17375.0,90.77947014838792,16839.25,91.22203777860126,16933.25,6383600.0,298700.0
2022-02-16,91.34596252441406,17322.19921875,91.59380608712026,17490.599609375,90.41657448819052,17257.69921875,91.20434438448568,17408.44921875,7205200.0,244500.0
2022-02-17,90.31919860839844,17304.599609375,91.31055248533771,17442.900390625,90.19528021791176,17235.849609375,91.05386246131648,17396.55078125,7504500.0,232100.0
2022-02-18,89.85009002685547,17276.30078125,91.02731489376058,17380.80078125,89.69076539593684,17219.19921875,90.2218452479834,17236.05078125,8281700.0,189600.0
2022-02-21,,17206.650390625,,17351.05078125,,17070.69921875,,17192.25,,215200.0
2022-02-22,89.38981628417969,17092.19921875,90.12448023865956,17148.55078125,88.91184238920651,16843.80078125,89.60225362842114,16847.94921875,10853700.0,300100.0
2022-02-23,87.81425476074219,17063.25,90.46080688821041,17220.69921875,87.77000205641002,17027.849609375,89.80580878790671,17194.5,10679800.0,200200.0
2022-02-24,89.37210845947266,16247.9501953125,89.69960418437095,16705.25,85.90237985414032,16203.25,86.14136340347275,16548.900390625,15484100.0,458000.0
2022-02-25,91.5229721069336,16658.400390625,91.63803724061808,16748.80078125,89.25702162379733,16478.30078125,89.83236079830972,16515.650390625,9811200.0,329800.0
2022-02-28,90.00940704345703,16793.900390625,91.04501368029804,16815.900390625,89.17737773537308,16356.2998046875,90.54934009405882,16481.599609375,13154700.0,404200.0
2022-03-01,89.7792739868164,,90.8856931147457,,89.26589389072608,,90.3811662625318,,11661600.0,
2022-03-02,91.32826232910156,16605.94921875,91.77968323187629,16678.5,90.09792477802932,16478.650390625,90.20414344722529,16593.099609375,10335700.0,517700.0
2022-03-03,92.08061981201172,16498.05078125,92.39926904514496,16768.94921875,90.91224154153856,16442.94921875,91.88588897475852,16723.19921875,7639500.0,442100.0
2022-03-04,92.53203582763672,16245.349609375,92.6294012411528,16456.0,91.08926786387809,16133.7998046875,91.31939815669271,16339.4501953125,9952700.0,456100.0
2022-03-07,90.63784790039062,15863.150390625,92.51433024529226,15944.599609375,90.63784790039062,15711.4501953125,92.33730590246803,15867.9501953125,10114100.0,585400.0
2022-03-08,90.1333236694336,16013.4501953125,91.8504814536216,16028.75,89.9562925685071,15671.4501953125,90.50507885181024,15747.75,9401700.0,543600.0
2022-03-09,91.57609558105469,16345.349609375,92.54089655123771,16418.05078125,91.41677095997154,15990.0,91.76197318014398,16078.0,9432400.0,462200.0
2022-03-10,91.7973861694336,16594.900390625,92.01867000652693,16757.30078125,90.34576473834507,16447.900390625,90.55819533110156,16757.099609375,8782900.0,486400.0
2022-03-11,91.02730560302734,16630.44921875,92.88609502504241,16694.400390625,90.9919061358111,16470.900390625,92.35500847415467,16528.80078125,5966300.0,343700.0
2022-03-14,90.38115692138672,16871.30078125,91.7177129806415,16887.94921875,89.982848777717,16606.5,91.60264108128014,16633.69921875,8515900.0,314700.0
2022-03-15,91.00960540771484,16663.0,91.66460359662854,16927.75,90.20413584823446,16555.0,91.3105549018942,16900.650390625,6331600.0,381600.0
2022-03-16,92.15143585205078,16975.349609375,92.56745052005668,16987.900390625,90.15988144371761,16837.849609375,91.71772144953343,16876.650390625,8138300.0,260000.0
2022-03-17,93.49683380126953,17287.05078125,93.49683380126953,17344.599609375,91.74426979219537,17175.75,91.8416352097046,17202.900390625,7172800.0,448300.0
2022-03-18,93.67385864257812,,93.95710163284552,,93.0719664441292,,93.49682755300752,,7229100.0,
2022-03-21,93.17816925048828,17117.599609375,94.15182326548249,17353.349609375,92.71790196861868,17096.400390625,93.69154923056797,17329.5,6595600.0,285500.0
2022-03-22,93.43488311767578,17315.5,93.89515727021269,17334.400390625,93.20475279445397,17006.30078125,93.6296139704378,17120.400390625,4695000.0,338300.0
2022-03-23,92.42581176757812,17245.650390625,93.46141828383557,17442.400390625,92.23108095193066,17199.599609375,93.13392259665153,17405.05078125,4720800.0,292100.0
2022-03-24,93.0151138305664,17222.75,93.04177737409618,17291.75,92.11740277179149,17091.150390625,92.45515229177822,17094.94921875,3886600.0,290300.0
2022-03-25,94.0994644165039,17153.0,94.14390138963711,17294.900390625,93.03287534383465,17076.55078125,93.42395868192986,17289.0,5140500.0,237100.0
2022-03-28,95.16604614257812,17222.0,95.17493624961787,17235.099609375,94.0639102104166,17003.900390625,94.32166906525107,17181.849609375,5069500.0,253200.0
2022-03-29,97.87696838378906,17325.30078125,98.07250330246048,17343.650390625,96.0548826693043,17235.69921875,96.17042695504185,17297.19921875,11486900.0,235100.0
2022-03-30,97.21034240722656,17498.25,97.63697263358026,17522.5,96.77481529215214,17387.19921875,97.53920179396479,17468.150390625,6047100.0,505000.0
2022-03-31,96.18821716308594,17464.75,97.85919833142822,17559.80078125,95.92156812994448,17435.19921875,97.645883173615,17519.19921875,11802300.0,281100.0
2022-04-01,97.79695892333984,17670.44921875,97.86806622018841,17703.69921875,96.07264427116986,17422.69921875,96.41040054061804,17436.900390625,8195800.0,291800.0
2022-04-04,97.4414291381836,18053.400390625,98.09027135434138,18114.650390625,96.61482546121917,17791.400390625,97.86806613775057,17809.099609375,6140300.0,345500.0
2022-04-05,97.12144470214844,17957.400390625,98.43690245455372,18095.44921875,96.77480513667523,17921.55078125,97.1392249153937,18080.599609375,8433700.0,283500.0
2022-04-06,98.2591552734375,17807.650390625,98.40136309422157,17901.0,96.22375455590186,17779.849609375,96.59705771427116,17842.75,9412400.0,328800.0
2022-04-07,97.52143096923828,17639.55078125,97.87696068815546,17787.5,96.75704444697422,17623.69921875,97.74363619591585,17723.30078125,8487900.0,308800.0
2022-04-08,97.63697814941406,17784.349609375,98.01917142191175,17842.75,96.89037182053427,17600.55078125,97.54809741233298,17698.150390625,7789900.0,274400.0
2022-04-11,96.55260467529297,17674.94921875,97.87695259928188,17779.05078125,96.31262603402658,17650.94921875,97.44142550854818,17740.900390625,7436300.0,251700.0
2022-04-12,96.33929443359375,17530.30078125,97.21034187783383,17595.30078125,95.9571011847688,17442.349609375,96.57038976062319,17584.849609375,9739400.0,266000.0
2022-04-13,96.90814208984375,17475.650390625,97.02369314732354,17663.650390625,96.05487483564049,17457.400390625,96.33929725370824,17599.900390625,7387700.0,245100.0
2022-04-14,96.43706512451172,,97.64586205934904,,96.37484793438767,,97.06812713324567,,5112400.0,
2022-04-18,96.0904312133789,17173.650390625,96.74815680236372,17237.75,95.61046709779575,17067.849609375,96.24152914388688,17183.44921875,6909300.0,376100.0
2022-04-19,98.10804748535156,16958.650390625,98.34803292332026,17275.650390625,96.63260833282848,16824.69921875,96.66816198220033,17258.94921875,10807200.0,401400.0
2022-04-20,99.88571166992188,17136.55078125,100.08125339474172,17186.900390625,98.31250132406842,16978.94921875,98.32139143369662,17045.25,9078600.0,286100.0
2022-04-21,99.09465026855469,17392.599609375,100.5523161495464,17414.69921875,99.02354974304646,17215.5,100.17012285262992,17234.599609375,7741400.0,285200.0
2022-04-22,97.37921905517578,17171.94921875,98.93465568482173,17315.30078125,97.27256488337459,17149.19921875,98.8368848398936,17242.75,8384400.0,262700.0
2022-04-25,97.05034637451172,16953.94921875,97.4769765656865,17054.30078125,95.49490995764256,16888.69921875,97.1570005317231,17009.05078125,8750500.0,275700.0
2022-04-26,95.46826171875,17200.80078125,97.39700155730156,17223.849609375,95.3882643068559,17064.44921875,96.72149573498815,17121.30078125,12086000.0,261100.0
2022-04-27,94.8994140625,17038.400390625,96.35708672391122,17110.69921875,94.81053331978573,16958.44921875,95.53936625990835,17073.349609375,7418700.0,265100.0
2022-04-28,96.66815185546875,17245.05078125,96.9525742394829,17322.5,94.39276600219098,17071.05078125,95.41491127576715,17189.5,10374600.0,312900.0
2022-04-29,92.21516418457031,17102.55078125,96.17930440469253,17377.650390625,91.94851521422122,17053.25,96.17930440469253,17329.25,17174200.0,336200.0
2022-05-02,89.93978118896484,17069.099609375,92.75734156850385,17092.25,88.2510202701656,16917.25,92.49958271626711,16924.44921875,20384100.0,278200.0
2022-05-03,91.2907943725586,,91.82408555952267,,89.88645571465975,,90.5175177437032,,10678900.0,
2022-05-04,92.29515838623047,16677.599609375,92.49070006791435,17132.849609375,89.6909196764969,16623.94921875,91.2196859181344,17096.599609375,11560800.0,310600.0
2022-05-05,89.88645935058594,16682.650390625,92.41071435003174,16945.69921875,89.21984364462476,16651.849609375,91.7707621873225,16854.75,11247800.0,265800.0
2022-05-06,88.73099517822266,16411.25,89.48649161341629,16484.19921875,87.88661122498756,16340.900390625,89.28205981555267,16415.55078125,13089000.0,300500.0
2022-05-09,84.97128295898438,16301.849609375,88.04660268636009,16403.69921875,84.64242354164357,16142.099609375,88.04660268636009,16227.7001953125,13663300.0,288400.0
2022-05-10,83.32695007324219,16240.0498046875,86.54448381328956,16404.55078125,82.71366155073046,16197.2998046875,85.93119529077784,16248.900390625,16636100.0,283100.0
2022-05-11,83.1491928100586,16167.099609375,85.05126887695982,16318.75,83.00697821981763,15992.599609375,83.5402693708915,16270.0498046875,14684100.0,284300.0
2022-05-12,83.74472045898438,15808.0,83.88692830085084,16041.9501953125,82.56258683439748,15735.75,82.99810725039448,16021.099609375,11695300.0,314900.0
2022-05-13,86.01119232177734,15782.150390625,86.08229961862183,16083.599609375,84.02023547828699,15740.849609375,84.60686050550646,15977.0,9053100.0,369100.0
2022-05-16,85.4423599243164,15842.2998046875,86.20674652354911,15977.9501953125,85.30015209112938,15739.650390625,85.922324076009,15845.099609375,6916400.0,217600.0
2022-05-17,86.39340209960938,16259.2998046875,86.4822896282586,16284.25,85.21127527387132,15900.7998046875,86.29563124302832,15912.599609375,6838500.0,295700.0
2022-05-18,83.89580535888672,16240.2998046875,86.32228943287143,16399.80078125,83.64693658846068,16211.2001953125,86.12674774720371,16318.150390625,7983200.0,290400.0
2022-05-19,83.69137573242188,15809.400390625,84.67796065188496,15984.75,83.28251216793173,15775.2001953125,83.28251216793173,15917.400390625,8900600.0,313900.0
2022-05-20,84.3313217163086,16266.150390625,84.60686079723983,16283.0498046875,83.04253416709234,16003.849609375,84.47353631048796,16043.7998046875,11305000.0,252400.0
2022-05-23,85.36234283447266,16214.7001953125,85.63787508793239,16414.69921875,83.91356750087083,16185.75,85.11347411764918,16290.9501953125,7684400.0,293800.0
2022-05-24,86.1800765991211,16125.150390625,86.3045109868857,16262.7998046875,83.77137269144127,16078.599609375,85.0246134582833,16225.5498046875,8120500.0,249800.0
2022-05-25,86.79337310791016,16025.7998046875,87.05113201492185,16223.349609375,85.57568588123414,16006.9501953125,85.85121822475836,16196.349609375,5831100.0,243300.0
2022-05-26,86.87336730957031,16170.150390625,87.75330502929492,16204.4501953125,86.74004279617266,15903.7001953125,87.16667988281185,16105.0,5817900.0,314300.0
2022-05-27,89.20206451416016,16352.4501953125,89.25539159725923,16370.599609375,87.32665190530368,16221.9501953125,87.38886909597434,16296.599609375,5921700.0,274100.0
2022-05-30,,16661.400390625,,16695.5,,16506.150390625,,16527.900390625,,251400.0
2022-05-31,88.11768341064453,16584.55078125,88.72208175621158,16690.75,87.67327306187946,16521.900390625,88.41988597400993,16578.44921875,6680400.0,651600.0
2022-06-01,87.33555603027344,16522.75,88.44658231425912,16649.19921875,86.28674694694429,16438.849609375,88.41102865943162,16594.400390625,8342600.0,249600.0
2022-06-02,88.59766387939453,16628.0,88.65099096119228,16646.400390625,85.9667549391203,16443.05078125,86.8911294502164,16481.650390625,6916000.0,236000.0
2022-06-03,87.41554260253906,16584.30078125,88.36658078615655,16793.849609375,87.2111175732455,16567.900390625,87.779962461699,16761.650390625,6051800.0,245500.0
2022-06-06,87.11333465576172,16569.55078125,88.25991438243466,16610.94921875,86.95334662922212,16444.55078125,88.07325603383427,16530.69921875,7749900.0,233600.0
2022-06-07,88.27770233154297,16416.349609375,88.32214609445384,16487.25,86.34007226091974,16347.099609375,86.86448018237026,16469.599609375,6406600.0,233800.0
2022-06-08,86.25117492675781,16356.25,87.94881920100413,16514.30078125,86.0467431503207,16293.349609375,87.76216763877797,16474.94921875,5968800.0,243500.0
2022-06-09,84.33787536621094,16478.099609375,86.48757328773192,16492.80078125,84.29327302870733,16243.849609375,85.88994007520662,16263.849609375,8054300.0,205000.0
2022-06-10,82.4825210571289,16201.7998046875,83.4280306255622,16324.7001953125,82.42008187440898,16172.599609375,83.40127194801946,16283.9501953125,8669300.0,189700.0
2022-06-13,78.41503143310547,15774.400390625,80.7252877837699,15886.150390625,78.07607006819633,15684.0,80.7252877837699,15877.5498046875,11994400.0,225500.0
2022-06-14,77.79955291748047,15732.099609375,78.83426022621924,15858.0,77.24651535939061,15659.4501953125,78.70938187525697,15674.25,10648500.0,225400.0
2022-06-15,79.55679321289062,15692.150390625,80.671783557032,15783.650390625,78.3169244946343,15678.900390625,78.48639839929832,15729.25,10030500.0,183000.0
2022-06-16,77.55872344970703,15360.599609375,78.42395702144798,15863.150390625,77.2197688444868,15335.099609375,77.91552171093721,15832.25,11127100.0,264700.0
2022-06-17,78.19202423095703,15293.5,79.14645542613819,15400.400390625,77.43382556490697,15183.400390625,77.77278689006603,15272.650390625,12095000.0,342600.0
2022-06-20,,15350.150390625,,15382.5,,15191.099609375,,15334.5,,260000.0
2022-06-21,79.41404724121094,15638.7998046875,80.15440223981166,15707.25,78.94129256667472,15419.849609375,79.03049040624325,15455.9501953125,5267800.0,262800.0
2022-06-22,80.55579376220703,15413.2998046875,81.53699038724827,15565.400390625,78.58449229751659,15385.9501953125,78.7272142812894,15545.650390625,7123000.0,220900.0
2022-06-23,82.1346435546875,15556.650390625,82.34871977756556,15628.4501953125,80.75205292009576,15367.5,80.89477493892143,15451.5498046875,5966300.0,259200.0
2022-06-24,83.88294219970703,15699.25,84.14162073860766,15749.25,82.4557561276346,15619.4501953125,82.70551283957728,15657.400390625,5548800.0,219600.0
2022-06-27,83.69561767578125,15832.0498046875,84.63220526734573,15927.4501953125,83.26745848723789,15815.5,83.74021319612655,15926.2001953125,6886500.0,210900.0
2022-06-28,82.70552062988281,15850.2001953125,84.7392618248208,15892.099609375,82.57172043435044,15710.150390625,84.19514602025363,15757.4501953125,5507200.0,251900.0
2022-06-29,82.20599365234375,15799.099609375,82.37546752050328,15861.599609375,81.2604774165296,15687.7998046875,82.17922817334639,15701.7001953125,5278200.0,444900.0
2022-06-30,82.04544067382812,15780.25,83.07122619857023,15890.0,81.06424386785913,15728.849609375,81.67079880002177,15774.5,7746000.0,306000.0
2022-07-01,83.58859252929688,15752.0498046875,83.81159059072559,15793.9501953125,81.8135298658253,15511.0498046875,81.87596905081091,15703.7001953125,7157500.0,364100.0
2022-07-04,,15835.349609375,,15852.349609375,,15661.7998046875,,15710.5,,304300.0
2022-07-05,83.24071502685547,15810.849609375,83.32099786672443,16025.75,81.37645452387163,15785.4501953125,82.821477587906,15909.150390625,6353900.0,254200.0
2022-07-06,83.23178100585938,15989.7998046875,84.32893428760158,16011.349609375,82.98202430571895,15800.900390625,83.55289870757126,15818.2001953125,9022000.0,288400.0
2022-07-07,83.37451171875,16132.900390625,84.11486687533606,16150.5,83.12475499251865,16045.9501953125,83.61534661751297,16113.75,4296500.0,264600.0
2022-07-08,82.96418762207031,16220.599609375,83.56182069935383,16275.5,82.56278709145684,16157.900390625,83.0355418184232,16273.650390625,4098400.0,281100.0
2022-07-11,82.80362701416016,16216.0,83.13365973069949,16248.5498046875,82.18815029682641,16115.5,82.71442916659167,16136.150390625,4060800.0,255900.0
2022-07-12,82.3843994140625,16058.2998046875,83.25854795139593,16158.75,81.79568130065152,16031.150390625,82.3576407371548,16126.2001953125,7560800.0,208600.0
2022-07-13,82.03651428222656,15966.650390625,82.6252255276912,16140.0,80.95720466107504,15950.150390625,81.57267458060267,16128.2001953125,6089000.0,233300.0
2022-07-14,81.23370361328125,15938.650390625,81.5905017411718,16070.849609375,80.63607066214556,15858.2001953125,80.73419031744942,16018.849609375,5904200.0,228600.0
2022-07-15,82.61631774902344,16049.2001953125,83.01771150587516,16066.9501953125,81.80460160270344,15927.2998046875,82.58063724535836,16010.7998046875,4818200.0,205800.0
2022-07-18,81.94732666015625,16278.5,83.24963446816665,16287.9501953125,81.64404577042207,16142.2001953125,83.2139539631767,16151.400390625,4728500.0,227700.0
2022-07-19,84.06133270263672,16340.5498046875,84.13269370316252,16359.5,82.53602704453543,16187.0498046875,82.56278571839272,16187.0498046875,4771100.0,222600.0
2022-07-20,83.81158447265625,16520.849609375,84.87305734528711,16588.0,83.46370806665057,16490.94921875,83.9543064881254,16562.80078125,6332600.0,284400.0
2022-07-21,84.54301452636719,16605.25,84.58761685582034,16626.94921875,83.16043078299954,16483.900390625,83.91862274618309,16523.55078125,4335100.0,243600.0
2022-07-22,85.05145263671875,16719.44921875,85.59556840861116,16752.25,84.43598266280654,16610.900390625,84.73925673613137,16661.25,4629200.0,190900.0
2022-07-25,85.17632293701172,16631.0,85.61340396183482,16706.05078125,84.72141187007115,16564.25,85.16740791595298,16662.55078125,4302200.0,211400.0
2022-07-26,85.22985076904297,16483.849609375,85.70260550922627,16636.099609375,84.94441355957231,16463.30078125,85.10497241523454,16632.900390625,2895000.0,208200.0
2022-07-27,85.94344329833984,16641.80078125,86.15751951134715,16653.44921875,84.91765095274968,16438.75,85.42608621199209,16475.349609375,5050500.0,185200.0
2022-07-28,88.79782104492188,16929.599609375,88.87809707165947,16947.650390625,86.54107519424942,16746.25,86.57675569680835,16774.849609375,8515600.0,376300.0
2022-07-29,89.31517028808594,17158.25,89.60952932678074,17172.80078125,88.4588586526319,17018.150390625,88.80673504186761,17079.5,7852900.0,436100.0
2022-08-01,88.56590270996094,17340.05078125,89.09217481973069,17356.25,88.16450215326321,17154.80078125,88.90485728208246,17243.19921875,6820100.0,381500.0
2022-08-02,87.42414855957031,17345.44921875,88.72645622282656,17390.150390625,87.34386573092645,17215.849609375,88.44994084659042,17310.150390625,4568800.0,333600.0
2022-08-03,87.7006607055664,17388.150390625,88.56589410878973,17407.5,87.65605837958933,17225.849609375,87.9058218775577,17349.25,4496000.0,285400.0
2022-08-04,87.65605926513672,17382.0,87.96826193941136,17490.69921875,87.11195035380443,17161.25,87.88797911291346,17463.099609375,3993900.0,325000.0
2022-08-05,87.90580749511719,17397.5,87.92364433937401,17474.400390625,86.70161294435141,17348.75,86.78189575690303,17423.650390625,4444900.0,355300.0
2022-08-08,88.61051177978516,17525.099609375,89.37762570190549,17548.80078125,88.13775694983309,17359.75,88.61943360828269,17401.5,6310300.0,257000.0
2022-08-09,89.13677215576172,,89.1456939823956,,88.35182154597422,,88.86917179962339,,3584900.0,
2022-08-10,90.46583557128906,17534.75,90.59071391868282,17566.099609375,89.7611610079331,17442.80078125,90.09120052910777,17566.099609375,6627300.0,312700.0
2022-08-11,90.15364074707031,17659.0,91.21511351757206,17719.30078125,89.87712537540399,17631.94921875,90.79587614416853,17711.650390625,5766600.0,311200.0
2022-08-12,91.59868621826172,17698.150390625,91.69680591007067,17724.650390625,90.59965244955288,17597.849609375,90.70669396935193,17659.650390625,4908000.0,303900.0
2022-08-15,92.04466247558594,,92.16954081905041,,91.33106610833806,,91.45594445180255,,4630900.0,
2022-08-16,91.70570373535156,17825.25,92.19630210239553,17839.099609375,91.40242969416765,17764.05078125,91.64326456185137,17797.19921875,4132300.0,0.0
2022-08-17,91.32215881347656,17944.25,91.80383541720947,17965.94921875,90.6977669968008,17833.349609375,90.96536737843921,17868.150390625,3552800.0,262800.0
2022-08-18,90.61747741699219,17956.5,91.51839137575017,17968.44921875,90.19824683148371,17852.05078125,91.38459119488752,17898.650390625,3164100.0,263900.0
2022-08-19,89.78791809082031,17758.44921875,90.465827111749,17992.19921875,89.44895677499707,17710.75,90.34094877603272,17966.55078125,4611100.0,295600.0
2022-08-22,87.91474914550781,17490.69921875,89.09217857851513,17690.05078125,87.81662945897716,17467.349609375,89.09217857851513,17682.900390625,5565500.0,287600.0
2022-08-23,86.74624633789062,17577.5,87.93259766402446,17625.55078125,86.40729173272129,17345.19921875,87.70959960145919,17357.349609375,5346700.0,285600.0
2022-08-24,87.26360321044922,17604.94921875,87.7898753699266,17623.650390625,86.76408292417963,17499.25,86.88004627179116,17525.44921875,3863600.0,262000.0
2022-08-25,88.61051177978516,17522.44921875,88.61051177978516,17726.5,87.35280617607884,17487.44921875,87.5490455708577,17679.0,3076900.0,230200.0
2022-08-26,86.43405151367188,17558.900390625,88.68186901863767,17685.849609375,86.36269049945433,17519.349609375,88.61050800442011,17619.30078125,5300100.0,266600.0
2022-08-29,85.66690826416016,17312.900390625,86.54997839503046,17380.150390625,85.48850578975902,17166.19921875,85.90774309790349,17188.650390625,3996300.0,244900.0
2022-08-30,84.41813659667969,17759.30078125,86.04156203871737,17777.650390625,84.1951385590077,17401.5,85.92560550905755,17414.94921875,4343900.0,324700.0
2022-08-31,84.07918548583984,,85.31905408183826,,83.80266328011393,,84.9176535143111,,5569100.0,
2022-09-01,84.23081970214844,17542.80078125,84.32893938389898,17695.599609375,82.79471178419222,17468.44921875,83.6421016116451,17485.69921875,7122900.0,308500.0
2022-09-02,83.142578125,17539.44921875,85.18524073518846,17643.849609375,82.95526061123066,17476.44921875,84.9711645487891,17598.400390625,5736100.0,256300.0
2022-09-05,,17665.80078125,,17683.150390625,,17540.349609375,,17546.44921875,,230300.0
2022-09-06,84.09701538085938,17655.599609375,84.48949408855621,17764.650390625,83.22286692053794,17587.650390625,83.57074330041114,17695.69921875,7616200.0,251200.0
2022-09-07,85.73828125,17624.400390625,85.88099644413036,17650.75,83.9453752622257,17484.30078125,84.11485593528003,17519.400390625,4111500.0,354100.0
2022-09-08,85.988037109375,17798.75,86.2467156269207,17807.650390625,85.00684719116127,17691.94921875,85.31904305531663,17748.150390625,4503000.0,279800.0
2022-09-09,86.80867767333984,17833.349609375,87.10303672259457,17925.94921875,85.82748764785094,17786.0,86.20212272579685,17923.349609375,4086300.0,270300.0
2022-09-12,87.5579605102539,17936.349609375,87.75419308423191,17980.55078125,86.95140552200746,17889.150390625,86.95140552200746,17890.849609375,3640700.0,228200.0
2022-09-13,84.32000732421875,18070.05078125,86.13075009528451,18088.30078125,84.0434919666745,18015.44921875,85.86315656373309,18044.44921875,7338700.0,259900.0
2022-09-14,83.21395111083984,18003.75,84.0880996343682,18091.55078125,82.69659401426006,17771.150390625,84.01674543219464,17771.150390625,7836600.0,365900.0
2022-09-15,81.68864440917969,17877.400390625,83.51722427104527,18096.150390625,81.59052472623429,17861.5,83.51722427104527,18046.349609375,7526100.0,289600.0
2022-09-16,81.62620544433594,17530.849609375,81.67972279686141,17820.05078125,80.65393043950853,17497.25,81.25156356057701,17796.80078125,8387900.0,468500.0
2022-09-19,81.5191650390625,17622.25,81.5548455430166,17667.19921875,80.34173563001848,17429.69921875,80.90368825523485,17540.650390625,6203600.0,258300.0
2022-09-20,79.53001403808594,17816.25,80.8947607787531,17919.30078125,79.13753536037697,17744.400390625,80.8947607787531,17770.400390625,9755300.0,263100.0
2022-09-21,78.3258285522461,17718.349609375,80.62716993366256,17838.69921875,78.3258285522461,17663.599609375,80.05629550181104,17766.349609375,7923700.0,245500.0
2022-09-22,77.54979705810547,17629.80078125,78.18311064639762,17722.75,77.24651619864512,17532.44921875,78.18311064639762,17609.650390625,8593800.0,284100.0
2022-09-23,76.53292846679688,17327.349609375,77.14839841681889,17642.150390625,75.68553184911212,17291.650390625,76.82728070143351,17593.849609375,12200900.0,390800.0
2022-09-26,74.46246337890625,17016.30078125,76.14803425418803,17196.400390625,73.66024153567531,16978.30078125,76.14803425418803,17156.30078125,14629400.0,492000.0
2022-09-27,73.39886474609375,17007.400390625,75.56216312173194,17176.44921875,73.20056142076099,16942.349609375,75.10246058363654,17110.900390625,10180200.0,359900.0
2022-09-28,74.82302856445312,16858.599609375,75.12949230432932,17037.599609375,73.34477632954814,16820.400390625,74.09291123210156,16870.55078125,12138700.0,323900.0
2022-09-29,72.68677520751953,16818.099609375,74.1289717638323,17026.05078125,72.19101691772345,16788.599609375,74.11996297815283,16993.599609375,11420000.0,340000.0
2022-09-30,73.38984680175781,17094.349609375,73.98475675926358,17187.099609375,72.90310416659922,16747.69921875,73.29069514217352,16798.05078125,13320100.0,376100.0
2022-10-03,74.75992584228516,16887.349609375,75.19258130333105,17114.650390625,73.27265808145395,16855.55078125,74.50754234385262,17102.099609375,9489600.0,278400.0
2022-10-04,76.21113586425781,17274.30078125,76.79702316606648,17287.30078125,75.49003427858415,17117.30078125,75.53510570653916,17147.44921875,8849400.0,226000.0
2022-10-05,74.68781280517578,,75.3097627544789,,73.49799999581401,,75.25567566523443,,8640700.0,
2022-10-06,72.57859802246094,17331.80078125,74.80499187723312,17428.80078125,72.47043759352283,17315.650390625,74.59767980381194,17379.25,11077100.0,265500.0
2022-10-07,70.87501525878906,17314.650390625,72.30820309268502,17337.349609375,70.40630393614879,17216.94921875,71.99272365658715,17287.19921875,10456000.0,216300.0
2022-10-10,70.08180236816406,17241.0,71.5420301793775,17280.150390625,69.9916663771612,17064.69921875,71.02824746603235,17094.349609375,6640200.0,234000.0
2022-10-11,70.85697174072266,16983.55078125,71.33469859781049,17261.80078125,69.26153678663353,16950.30078125,70.09080563726476,17256.05078125,8368000.0,282600.0
2022-10-12,70.05474090576172,17123.599609375,70.82992257059328,17142.349609375,69.6220786531147,16960.05078125,70.82090691116039,17025.55078125,7080300.0,256000.0
2022-10-13,71.19950866699219,17014.349609375,71.56907519545572,17112.349609375,68.19793938690383,16956.94921875,68.49538748991152,17087.349609375,10562200.0,266400.0
2022-10-14,69.37871551513672,17185.69921875,72.27212346308379,17348.55078125,69.34265975192113,17169.75,72.14593173029608,17322.30078125,9995700.0,227000.0
2022-10-17,71.9386215209961,17311.80078125,72.24509210696756,17328.55078125,70.59557684404174,17098.55078125,70.67670404033268,17144.80078125,7878200.0,212200.0
2022-10-18,72.74987030029297,17486.94921875,73.77743576529237,17527.80078125,72.1098958002976,17434.05078125,73.20055714904483,17438.75,7811700.0,239500.0
2022-10-19,70.93810272216797,17512.25,72.25411428836256,17607.599609375,70.55051178186356,17472.849609375,72.10989120502364,17568.150390625,6603000.0,210500.0
2022-10-20,70.6045913696289,17563.94921875,71.75834840592773,17584.150390625,70.4333281956071,17421.0,71.02823803572429,17423.099609375,6245700.0,249600.0
2022-10-21,71.09133911132812,17576.30078125,71.12739488096788,17670.150390625,69.6220957254812,17520.75,70.74881273821785,17622.849609375,9357400.0,277700.0
2022-10-24,71.0372314453125,17730.75,71.96564489462016,17777.55078125,70.52344891137852,17707.400390625,71.67720569797183,17736.349609375,4703400.0,45000.0
2022-10-25,73.86754608154297,17656.349609375,74.00275346455435,17811.5,71.21751300841262,17637.0,71.31666463082541,17808.30078125,8088000.0,251400.0
2022-10-26,74.01178741455078,,74.66978629652058,,73.50702039529341,,73.94869153714362,,8517600.0,
2022-10-27,74.1469955444336,17736.94921875,74.97625762031714,17783.900390625,73.85855626252041,17654.5,74.34529884017421,17771.400390625,6276500.0,324600.0
2022-10-28,75.7965087890625,17786.80078125,75.99481209724227,17838.900390625,73.58814604310125,17723.69921875,73.69631335945441,17756.400390625,6150400.0,250000.0
2022-10-31,75.70635986328125,18012.19921875,76.10296641188307,18022.80078125,74.88611353777698,17899.900390625,75.10244125658971,17910.19921875,6648600.0,227200.0
2022-11-01,75.5621566772461,18145.400390625,76.73393832628248,18175.80078125,75.39990914098748,18060.150390625,76.49958612263643,18130.69921875,5529200.0,349900.0
2022-11-02,73.53404998779297,18082.849609375,76.06690726042608,18178.75,73.4258826947337,18048.650390625,75.14750933869087,18177.900390625,9168500.0,270900.0
2022-11-03,73.47997283935547,18052.69921875,74.07488271622918,18106.30078125,72.11890365487436,17959.19921875,72.94816571633334,17968.349609375,7062500.0,213000.0
2022-11-04,74.49852752685547,18117.150390625,74.9401986541174,18135.099609375,73.05633117880198,18017.150390625,74.30923990088607,18053.400390625,7030500.0,267900.0
2022-11-07,74.54359436035156,18202.80078125,75.30075176433041,18255.5,74.06586745015453,18064.75,74.93118528546262,18211.75,5931000.0,314800.0
2022-11-08,74.8861083984375,,75.62523435751203,,74.3633101433294,,74.71484524112498,,6634400.0,
2022-11-09,74.1469955444336,18157.0,75.52609607598524,18296.400390625,73.984748018549,18117.5,74.72387410825996,18288.25,5438500.0,307200.0
2022-11-10,79.54621887207031,18028.19921875,79.71748205383042,18103.099609375,76.75196213410408,17969.400390625,76.92321843892948,18044.349609375,10527900.0,256500.0
2022-11-11,79.35692596435547,18349.69921875,80.33041102179666,18362.30078125,79.20369411557331,18259.349609375,79.70846108894241,18272.349609375,9455500.0,378500.0
2022-11-14,77.53616333007812,18329.150390625,79.14962309250076,18399.44921875,77.45504299729376,18311.400390625,79.04146264878825,18376.400390625,6217700.0,301400.0
2022-11-15,78.42851257324219,18403.400390625,78.88820812099131,18427.94921875,77.50009893999079,18282.0,78.60878452801428,18362.75,6334900.0,250900.0
2022-11-16,77.71642303466797,18409.650390625,78.47357346170142,18442.150390625,77.49107966325079,18344.150390625,78.17612543790054,18398.25,6578000.0,219300.0
2022-11-17,77.094482421875,18343.900390625,77.27476126689986,18417.599609375,76.40042778009995,18312.94921875,76.72492282420991,18358.69921875,4469300.0,200500.0
2022-11-18,78.04991912841797,18307.650390625,78.32033389823278,18394.599609375,77.20263281173588,18209.80078125,78.28427813712858,18382.94921875,4822800.0,198800.0
2022-11-21,78.47358703613281,18159.94921875,78.57273868686244,18262.30078125,77.57221339454365,18133.349609375,77.76150103404517,18246.400390625,4889800.0,213800.0
2022-11-22,78.87019348144531,18244.19921875,78.93328936115306,18261.849609375,78.30233056407555,18137.69921875,78.77104183091383,18179.150390625,3302700.0,177700.0
2022-11-23,78.97835540771484,18267.25,79.34791499881825,18325.400390625,78.35640543805795,18246.0,78.78906778150072,18325.19921875,3266100.0,178800.0
2022-11-24,,18484.099609375,,18529.69921875,,18294.25,,18326.099609375,,204000.0
2022-11-25,79.50114440917969,18512.75,79.510160070227,18534.900390625,79.02341752768902,18445.099609375,79.29383234363272,18528.44921875,2441800.0,205900.0
2022-11-28,77.31079864501953,18562.75,79.39297601411413,18614.25,77.16658246741264,18365.599609375,79.0594653581892,18430.55078125,4659500.0,206500.0
2022-11-29,78.59977722167969,18618.05078125,78.64484865363055,18678.099609375,77.1846209078035,18552.150390625,77.42799563724218,18552.44921875,4084500.0,195300.0
2022-11-30,80.37548828125,18758.349609375,80.42055971539955,18816.05078125,77.85164613838798,18616.55078125,78.38345330128891,18625.69921875,7413100.0,345600.0
2022-12-01,80.27632141113281,18812.5,81.54726134233927,18887.599609375,79.61832260966052,18778.19921875,81.15967046370191,18871.94921875,8371800.0,325000.0
2022-12-02,80.0239486694336,18696.099609375,80.42055526179288,18781.94921875,78.98736763381676,18639.19921875,79.23975802336764,18752.400390625,5360200.0,254400.0
2022-12-05,78.59077453613281,18701.05078125,79.6634045550714,18728.599609375,78.42852699622695,18591.349609375,79.47411690467048,18719.55078125,10561400.0,288400.0
2022-12-06,77.85163879394531,18642.75,78.81610825211473,18654.900390625,77.51812809273358,18577.900390625,78.81610825211473,18600.650390625,7308500.0,217800.0
2022-12-07,78.00487518310547,18560.5,78.81611282983621,18668.30078125,77.58122847442748,18528.400390625,77.61728424505273,18638.849609375,5575500.0,200500.0
2022-12-08,78.59977722167969,18609.349609375,79.26679865449049,18625.0,78.14008162506885,18536.94921875,78.42852090952339,18570.849609375,5272200.0,202800.0
2022-12-09,78.50062561035156,18496.599609375,79.23975858386204,18664.69921875,78.1941618791316,18410.099609375,78.43752973175127,18662.400390625,5124600.0,215800.0
2022-12-12,79.0775146484375,18497.150390625,79.11356354333084,18521.55078125,77.81559014217594,18345.69921875,78.68992369744863,18402.150390625,5613700.0,193900.0
2022-12-13,80.55453491210938,18608.0,81.81874124322658,18617.25,79.67231748558629,18490.19921875,81.62774679092952,18524.400390625,10901600.0,187600.0
2022-12-14,80.00884246826172,18660.30078125,81.48223035426648,18696.099609375,79.62685353033051,18632.900390625,80.5545419422985,18671.25,8411200.0,208000.0
2022-12-15,78.86286926269531,18414.900390625,79.6541380158531,18652.900390625,78.4717833647822,18387.69921875,78.92653408612557,18614.400390625,8088300.0,183100.0
2022-12-16,76.87106323242188,18269.0,78.14436671202103,18440.94921875,76.07980137343664,18255.150390625,78.14436671202103,18319.099609375,7904000.0,277700.0
2022-12-19,75.9615478515625,18420.44921875,76.83467523260028,18431.650390625,75.51589414380481,18244.55078125,76.62548687405187,18288.099609375,4759000.0,154800.0
2022-12-20,75.75237274169922,18385.30078125,76.2162204004593,18404.900390625,74.8974392018169,18202.650390625,75.62504310030548,18340.30078125,4732000.0,169000.0
2022-12-21,76.53453826904297,18199.099609375,77.32579998482309,18473.349609375,76.21621419149093,18162.75,76.28896902425679,18435.150390625,4836000.0,187600.0
2022-12-22,76.2253189086914,18127.349609375,76.28898373647948,18318.75,74.83378271636211,18068.599609375,75.88880779278833,18288.80078125,5294100.0,195700.0
2022-12-23,76.8801498413086,17806.80078125,76.89834375455209,18050.44921875,75.68870526481699,17779.5,76.21621772576167,17977.650390625,2958900.0,221500.0
2022-12-26,,18014.599609375,,18084.099609375,,17774.25,,17830.400390625,,176700.0
2022-12-27,76.82559204101562,18132.30078125,77.0893483060311,18149.25,76.16165289957038,17967.44921875,76.90744384449678,18089.80078125,3787800.0,214300.0
2022-12-28,75.52499389648438,18122.5,77.36218359369671,18173.099609375,75.46132907873307,18068.349609375,77.05295646146031,18084.75,3734900.0,193900.0
2022-12-29,77.20757293701172,18191.0,77.38038042268208,18229.69921875,75.87970173177128,17992.80078125,76.14345796923578,18045.69921875,3904000.0,281100.0
2022-12-30,76.5709228515625,18105.30078125,77.00747962501137,18265.25,75.70689238341423,18080.30078125,76.68005857545232,18259.099609375,4576300.0,192000.0
2023-01-02,,18197.44921875,,18215.150390625,,18086.5,,18131.69921875,,256100.0
2023-01-03,76.70735168457031,18232.55078125,77.86242245287198,18251.94921875,75.87061198622219,18149.80078125,77.27124510160264,18163.19921875,8371700.0,208700.0
2023-01-04,78.3535385131836,18042.94921875,79.09932930286696,18243.0,77.09842227617054,18020.599609375,77.39855937101663,18230.650390625,8849000.0,235200.0
2023-01-05,76.26168060302734,17992.150390625,77.77145605184518,18120.30078125,76.14344793516997,17892.599609375,77.77145605184518,18101.94921875,7553900.0,269900.0
2023-01-06,78.4081039428711,17859.44921875,78.66276318917818,18047.400390625,76.32534519422522,17795.55078125,76.92561936532967,18008.05078125,5508400.0,238200.0
2023-01-09,78.4081039428711,18101.19921875,79.29941824388993,18141.400390625,78.09887684062507,17936.150390625,78.67186014481601,17952.55078125,5028500.0,257200.0
2023-01-10,78.58091735839844,17914.150390625,78.61729824476188,18127.599609375,77.59865424341912,17856.0,78.3262580927989,18121.30078125,3950500.0,283300.0
2023-01-11,81.43675994873047,17895.69921875,81.44585690605508,17976.349609375,79.2539551001581,17824.349609375,79.27214901480734,17924.25,7431800.0,259900.0
2023-01-12,82.31897735595703,17858.19921875,82.4644939782445,17945.80078125,80.91834430434535,17761.650390625,81.84603272089578,17920.849609375,6204500.0,227800.0
2023-01-13,81.86421203613281,17956.599609375,82.173439140188,17999.349609375,81.26393786151641,17774.25,81.65502368890296,17867.5,5779600.0,256700.0
2023-01-16,,17894.849609375,,18049.650390625,,17853.650390625,,18033.150390625,,206200.0
2023-01-17,81.94608306884766,18053.30078125,82.43721470736558,18072.05078125,81.71870769577153,17886.94921875,81.95518002667549,17922.80078125,4915600.0,219100.0
2023-01-18,80.80918884277344,18165.349609375,82.46448092559409,18183.75,80.69095617219489,18032.44921875,82.37353218369181,18074.30078125,5395000.0,255800.0
2023-01-19,80.37262725830078,18107.849609375,81.29121851673543,18155.19921875,80.17253587481797,18063.75,80.47267295004218,18119.80078125,4160500.0,237800.0
2023-01-20,81.37310028076172,18027.650390625,81.40948117341979,18145.44921875,79.47223853831512,18016.19921875,80.40903091163274,18115.599609375,4729000.0,237200.0
2023-01-23,81.6732177734375,18118.55078125,82.13705843050364,18162.599609375,80.84556827739854,18063.44921875,81.40946156939027,18118.44921875,5141800.0,202500.0
2023-01-24,81.9188003540039,18118.30078125,82.21893751628012,18201.25,80.41812148156862,18078.650390625,81.56409532183957,18183.94921875,3608000.0,216900.0
2023-01-25,81.82783508300781,17891.94921875,82.07339738690962,18100.599609375,81.10023124954162,17846.150390625,81.40036835126726,18093.349609375,3782900.0,257200.0
2023-01-26,82.73733520507812,,82.78280610716985,,81.86421478095191,,82.2916815064911,,3765500.0,
2023-01-27,83.58317565917969,17604.349609375,83.91059670110376,17884.75,82.53724771630807,17493.55078125,82.59181557698054,17877.19921875,3790000.0,476300.0
2023-01-30,82.58272552490234,17648.94921875,83.82873793603257,17709.150390625,82.53724768173126,17405.55078125,82.973811383762,17541.94921875,3465700.0,432400.0
2023-01-31,84.21073150634766,17662.150390625,84.28349328387681,17735.69921875,82.51906528193757,17537.55078125,82.54634921377475,17731.44921875,6607000.0,398300.0
2023-02-01,84.75643920898438,17616.30078125,85.32032564618895,17972.19921875,82.92833941924071,17353.400390625,83.88331868197348,17811.599609375,9861300.0,512900.0
2023-02-02,86.62091064453125,17610.400390625,87.33032062016945,17653.900390625,85.46584692964893,17445.94921875,85.48403390435597,17517.099609375,7677400.0,490100.0
2023-02-03,84.86555480957031,17854.05078125,85.48401590355097,17870.30078125,83.89238880246259,17584.19921875,85.48401590355097,17721.75,7994000.0,424100.0
2023-02-06,84.34716033935547,17764.599609375,84.41992211881252,17823.69921875,83.42856889475463,17698.349609375,83.86512569360657,17818.55078125,5769400.0,282500.0
2023-02-07,84.20162200927734,17721.5,84.57451388969615,17811.150390625,83.05564856460873,17652.55078125,83.81963317403562,17790.099609375,6626200.0,354400.0
2023-02-08,83.84693145751953,17871.69921875,84.27439820113192,17898.69921875,83.5104134608802,17744.150390625,83.8651184313363,17750.30078125,3648700.0,291000.0
2023-02-09,82.87377166748047,17893.44921875,84.67458058847025,17916.900390625,82.6554863312219,17779.80078125,84.29259165843547,17885.5,4531700.0,260900.0
2023-02-10,83.13751983642578,17856.5,83.337604300145,17876.94921875,82.08249496381525,17801.0,82.51905865498551,17847.55078125,5992100.0,232000.0
2023-02-13,83.92878723144531,17770.900390625,84.01973598273486,17880.69921875,83.32851992177831,17719.75,83.44675260456025,17859.099609375,3022000.0,231300.0
2023-02-14,83.19210815429688,17929.849609375,84.2471263474127,17954.55078125,82.69187952462158,17800.05078125,83.66504590867028,17840.349609375,4286700.0,244500.0
2023-02-15,83.55589294433594,18015.849609375,83.56498296195049,18034.099609375,82.47358409895672,17853.80078125,82.60091373500784,17896.599609375,3061000.0,229300.0
2023-02-16,82.83738708496094,18035.849609375,83.5013192043815,18134.75,81.75507822583653,18000.650390625,82.62819871510902,18094.75,5476100.0,230200.0
2023-02-17,82.45541381835938,17944.19921875,82.71007314201886,18034.25,81.66414497217784,17884.599609375,82.50998169087322,17974.849609375,5494700.0,208100.0
2023-02-20,,17844.599609375,,18004.349609375,,17818.400390625,,17965.55078125,,174600.0
2023-02-21,80.81829071044922,17826.69921875,81.97335437459101,17924.900390625,80.49086966854634,17800.30078125,81.95516740068292,17905.80078125,4577500.0,198200.0
2023-02-22,79.99063873291016,17554.30078125,81.18209018676609,17772.5,79.6450307275393,17529.44921875,81.18209018676609,17755.349609375,8041600.0,204000.0
2023-02-23,80.48176574707031,17511.25,80.80918676063753,17620.05078125,79.70869105240372,17455.400390625,80.45448181909705,17574.650390625,8262700.0,240800.0
2023-02-24,79.1084213256836,17465.80078125,79.69959158364738,17599.75,78.73552248462329,17421.80078125,79.59045587519563,17591.349609375,8579100.0,209400.0
2023-02-27,79.27215576171875,17392.69921875,80.41812268012343,17451.599609375,78.89015984997127,17299.0,80.09979853612214,17428.599609375,5895700.0,246400.0
2023-02-28,79.19027709960938,17303.94921875,80.16344320305045,17440.44921875,78.99018570543463,17255.19921875,79.30850976937438,17383.25,6287800.0,420900.0
2023-03-01,78.10797882080078,17450.900390625,78.80829879435447,17467.75,77.53499542884829,17345.25,78.59911041630795,17360.099609375,7388100.0,272900.0
2023-03-02,79.03565979003906,17321.900390625,79.18117638137814,17445.80078125,77.4713165342169,17306.0,77.56226527117181,17421.5,6459900.0,310700.0
2023-03-03,80.3271484375,17594.349609375,80.4817619814103,17644.75,79.4358341780609,17427.69921875,79.572260750488,17451.25,6044200.0,356200.0
2023-03-06,80.00884246826172,17711.44921875,80.7455364112641,17799.94921875,79.86331890774777,17671.94921875,80.65458765541551,17680.349609375,6009600.0,362800.0
2023-03-07,78.12617492675781,,80.06341049204372,,78.02612921344328,,80.03612655912981,,7663500.0,
2023-03-08,79.04476928710938,17754.400390625,79.51770695768015,17766.5,78.08069309337884,17602.25,78.34444932965782,17665.75,6873400.0,267000.0
2023-03-09,77.20757293701172,17589.599609375,79.24485412076946,17772.349609375,77.06205632193009,17573.599609375,79.09024054882491,17772.05078125,8018000.0,262400.0
2023-03-10,74.67003631591797,17412.900390625,77.2984938480585,17451.5,74.3244284080005,17324.349609375,77.06202856635088,17443.80078125,15665600.0,235900.0
2023-03-13,75.70689392089844,17154.30078125,76.71644102105033,17529.900390625,74.0425116472746,17113.44921875,74.22440915008153,17421.900390625,20371400.0,254900.0
2023-03-14,76.4617691040039,17043.30078125,77.30760553625242,17224.650390625,75.65231355409277,16987.099609375,76.9074227694851,17160.55078125,9897000.0,290600.0
2023-03-15,76.32537078857422,16972.150390625,76.65279191189074,17211.349609375,75.20668773303143,16938.900390625,75.55229583477826,17166.44921875,15743700.0,248200.0
2023-03-16,76.34354400634766,16985.599609375,76.65277112844441,17062.44921875,74.9883820260216,16850.150390625,75.81603156859434,16994.650390625,11693900.0,349800.0
2023-03-17,74.6336898803711,17100.05078125,76.09798783107952,17145.80078125,74.49727020833576,16958.150390625,75.88880637466156,17111.80078125,11823400.0,408100.0
2023-03-20,75.47949981689453,16988.400390625,75.73415903312156,17066.599609375,74.49724383129652,16828.349609375,74.90651658038375,17066.599609375,9923600.0,241800.0
2023-03-21,75.05204772949219,17107.5,76.09797566114952,17127.69921875,74.4335865390383,17016.0,75.99792995835958,17060.400390625,8059000.0,246700.0
2023-03-22,72.4417953491211,17151.900390625,74.70645212515812,17207.25,72.38722054102494,17107.849609375,74.70645212515812,17177.44921875,11555300.0,0.0
2023-03-23,72.0127944946289,17076.900390625,73.7323912187275,17205.400390625,71.72009703141089,17045.30078125,72.79027147707133,17097.400390625,10029600.0,219200.0
2023-03-24,73.80557250976562,16945.05078125,73.84216056754335,17109.44921875,71.44569512154136,16917.349609375,71.65606773069015,17076.19921875,10335800.0,228000.0
2023-03-27,73.70496368408203,16985.69921875,74.52817761152275,17091.0,73.63178756198528,16918.55078125,74.35438606615774,16984.30078125,5936500.0,218400.0
2023-03-28,73.46713256835938,16951.69921875,73.8695941945548,17061.75,72.94576499735982,16913.75,73.18358386542602,17031.75,5155800.0,238800.0
2023-03-29,75.11356353759766,17080.69921875,75.23246948776496,17126.150390625,74.25376165320228,16940.599609375,74.45499247537637,16977.30078125,6142200.0,345900.0
2023-03-30,76.0556869506836,,76.28435708163667,,75.71725264462796,,75.91848347642004,,7304400.0,
2023-03-31,77.6563720703125,17359.75,77.84845412855914,17381.599609375,76.34837873976419,17204.650390625,76.48558220378551,17210.349609375,9879300.0,263900.0
2023-04-03,77.0435562133789,17398.05078125,78.12287968744275,17428.05078125,76.63194572315354,17312.75,77.56492391822992,17427.94921875,16471000.0,230200.0
2023-04-04,76.9886703491211,,77.35454401295586,,76.46730264615597,,77.20819873449777,,14169100.0,
2023-04-05,76.56790161132812,17557.05078125,77.29964878162664,17570.55078125,76.50387425731137,17402.69921875,76.72339561701764,17422.30078125,13544600.0,248300.0
2023-04-06,77.03440856933594,17599.150390625,77.10758469912025,17638.69921875,76.22948509862807,17502.849609375,76.86061700571314,17533.849609375,13907800.0,242700.0
2023-04-10,77.40941619873047,17624.05078125,77.45515301983819,17694.099609375,76.26606545562849,17597.94921875,76.63193908911295,17634.900390625,7395700.0,254800.0
2023-04-11,77.82103729248047,17722.30078125,78.40643239470315,17748.75,77.29966956148652,17655.150390625,77.63809696149833,17704.80078125,6484000.0,304300.0
2023-04-12,77.43685913085938,17812.400390625,78.59850036511098,17825.75,77.36368301163408,17717.25,78.56191230549832,17759.55078125,6572200.0,232800.0
2023-04-13,77.21732330322266,17828.0,77.59234564412874,17842.150390625,76.49472489730897,17729.650390625,77.59234564412874,17807.30078125,4839900.0,285800.0
2023-04-14,75.97337341308594,,77.70211930281428,,75.47030323698563,,77.35454316413808,,7371600.0,
2023-04-17,77.61978912353516,17706.849609375,77.61978912353516,17863.0,76.0556862790436,17574.05078125,76.07397681883656,17863.0,6174700.0,357400.0
2023-04-18,77.47343444824219,17660.150390625,77.72040208763927,17766.599609375,77.0343917224714,17610.19921875,77.72040208763927,17766.599609375,4257400.0,258900.0
2023-04-19,77.85762023925781,17618.75,78.07714164354198,17666.150390625,76.7782967820429,17579.849609375,77.06184555334576,17653.349609375,5031500.0,281500.0
2023-04-20,77.06183624267578,17624.44921875,77.5008859766574,17684.44921875,76.76913874617429,17584.349609375,77.46429791728737,17638.599609375,4444100.0,215100.0
2023-04-21,77.21732330322266,17624.05078125,77.5557575880556,17663.19921875,76.55875225082242,17553.94921875,77.07097805738825,17639.75,5031500.0,230200.0
2023-04-24,76.99781799316406,17743.400390625,77.5466249917275,17754.5,76.3300980429645,17612.5,77.27222498167558,17707.55078125,4270900.0,255700.0
2023-04-25,76.18374633789062,17769.25,76.8240199524421,17807.44921875,76.11971897643548,17716.849609375,76.54047120577773,17761.55078125,3879800.0,297400.0
2023-04-26,75.58920288085938,17813.599609375,76.79658097223965,17827.75,75.46114815741443,17711.19921875,76.11971929425077,17767.30078125,4950100.0,233000.0
2023-04-27,77.44599151611328,17915.05078125,77.64722233033996,17931.599609375,75.73554355210241,17797.900390625,75.80871268399196,17813.099609375,6338900.0,241400.0
2023-04-28,78.36982727050781,18065.0,78.708261575316,18089.150390625,77.41855869183433,17885.30078125,77.64722882194454,17950.400390625,5242300.0,290300.0
2023-05-01,77.6746826171875,,78.56192400415155,,77.56492540046443,,78.07714435439837,,4390000.0,
2023-05-02,76.34838104248047,18147.650390625,77.6472256536792,18180.25,75.83616220504058,18101.75,77.47343412877997,18124.80078125,5962600.0,265200.0
2023-05-03,75.98251342773438,18089.849609375,77.49173773923617,18116.349609375,75.91848606802017,18042.400390625,76.75084872276352,18113.80078125,6510100.0,226200.0
2023-05-04,76.60449981689453,18255.80078125,77.08013065568338,18267.44921875,75.51602767594159,18066.69921875,75.99166549318957,18081.0,6806900.0,226600.0
2023-05-05,77.87589263916016,18069.0,78.02224486022696,18216.94921875,77.05267884180432,18055.44921875,77.19903106287113,18117.30078125,6020500.0,239700.0
2023-05-08,77.43685913085938,18264.400390625,77.92163870842403,18286.94921875,77.1167153538634,18100.30078125,77.6380829910407,18120.599609375,3514600.0,228400.0
2023-05-09,77.08013153076172,18265.94921875,77.40027532535358,18344.19921875,76.28436387044047,18229.650390625,77.0252529275559,18303.400390625,3581800.0,245400.0
2023-05-10,77.82103729248047,18315.099609375,78.10458608242767,18326.75,77.05270185927566,18211.94921875,77.93079451260967,18313.599609375,6104000.0,220500.0
2023-05-11,76.97036743164062,18297.0,77.33624103665355,18389.69921875,76.52217592919055,18270.400390625,77.27221367916067,18357.80078125,5522900.0,248900.0
2023-05-12,76.9886703491211,18314.80078125,77.21734051671035,18342.75,76.3849847354845,18194.55078125,77.12587384536658,18273.75,5352800.0,241700.0
2023-05-15,76.86060333251953,18398.849609375,77.32709235383325,18458.900390625,76.67767001906167,18287.900390625,77.18988887951056,18339.30078125,6693400.0,216100.0
2023-05-16,74.98551940917969,18286.5,76.81488062749287,18432.349609375,74.97637064911953,18264.349609375,76.78743434731241,18432.349609375,7454200.0,219500.0
2023-05-17,75.95506286621094,18181.75,76.09226632481578,18309.0,74.75683374987472,18115.349609375,75.46113460230816,18300.44921875,5566400.0,229900.0
2023-05-18,75.61663818359375,18129.94921875,75.97336303410846,18297.19921875,75.00380389973091,18104.849609375,75.60749640273038,18287.5,5176100.0,272100.0
2023-05-19,75.5160140991211,18203.400390625,76.29349804771095,18218.099609375,75.15014750973513,18060.400390625,76.04653042357177,18186.150390625,5054900.0,260900.0
2023-05-22,75.99165344238281,18314.400390625,76.45813544727979,18335.25,75.21417645576315,18178.849609375,75.68980721912615,18201.099609375,5847400.0,262600.0
2023-05-23,75.17760467529297,18348.0,76.5404768865373,18419.75,75.11357730908577,18324.19921875,75.82702709781154,18362.900390625,5888800.0,270400.0
2023-05-24,73.64093017578125,18285.400390625,75.03124148728851,18392.599609375,73.56775405979178,18262.94921875,74.93977483153094,18294.80078125,5649000.0,232600.0
2023-05-25,73.65007781982422,18321.150390625,74.1897429951369,18338.099609375,73.11956838281226,18202.400390625,74.07997881241421,18268.900390625,6282500.0,235900.0
2023-05-26,74.50072479248047,18499.349609375,74.6836650816645,18508.55078125,73.46713832781003,18333.150390625,73.82386316864579,18368.349609375,5791800.0,198700.0
2023-05-29,,18598.650390625,,18641.19921875,,18581.25,,18619.150390625,,265300.0
2023-05-30,74.82085418701172,18633.849609375,75.6440609056649,18662.44921875,74.6104746394613,18575.5,75.0495242707392,18606.650390625,5191700.0,234400.0
2023-05-31,75.21417999267578,18534.400390625,75.3605252427239,18603.900390625,74.39096615347276,18483.849609375,74.88489445699457,18594.19921875,6593100.0,696500.0
2023-06-01,75.2599105834961,18487.75,75.61663542097804,18580.30078125,74.41840619653655,18464.55078125,75.08611905501981,18579.400390625,6137700.0,265600.0
2023-06-02,76.94293212890625,18534.099609375,77.1807440528268,18573.69921875,75.85446001653374,18478.400390625,76.11971821948413,18550.849609375,6739000.0,270900.0
2023-06-05,76.43069458007812,18593.849609375,77.2996451765895,18640.150390625,76.30263987801672,18582.80078125,76.9429203667816,18612.0,5701300.0,256100.0
2023-06-06,77.08927154541016,18599.0,77.22647501631891,18622.75,76.26605769841606,18531.599609375,76.92462877601135,18600.80078125,5344500.0,220800.0
2023-06-07,78.2986831665039,18726.400390625,78.51924789350606,18738.94921875,76.96613791169852,18636.0,77.45320608053906,18665.599609375,6594200.0,260100.0
2023-06-08,77.89431762695312,18634.55078125,78.10568336317591,18777.900390625,77.05802559637826,18615.599609375,77.95864724381255,18725.349609375,4701000.0,286500.0
2023-06-09,77.41643524169922,18563.400390625,78.0505464795476,18676.650390625,77.11317105140004,18555.400390625,78.00459374787071,18655.900390625,5801400.0,221800.0
2023-06-12,77.50833129882812,18601.5,77.82079443949125,18633.599609375,76.7823286428626,18559.75,77.82079443949125,18595.05078125,5775300.0,179500.0
2023-06-13,78.07810974121094,18716.150390625,78.18839208252267,18728.900390625,77.23263282536016,18631.80078125,77.5634728378934,18631.80078125,6487300.0,233200.0
2023-06-14,78.4732894897461,18755.900390625,78.96035762341818,18769.69921875,77.80242444157986,18690.0,78.40895986853286,18744.599609375,7965600.0,261400.0
2023-06-15,78.8868408203125,18688.099609375,79.06145280761602,18794.099609375,77.70133873079864,18669.05078125,78.12407726880421,18774.44921875,7261500.0,263000.0
2023-06-16,78.85926818847656,18826.0,79.56690104194223,18864.69921875,78.7214240066093,18710.5,79.18092330990801,18723.30078125,7814300.0,272800.0
2023-06-19,,18755.44921875,,18881.44921875,,18719.150390625,,18873.30078125,,219800.0
2023-06-20,78.03218078613281,18816.69921875,78.66628510353044,18839.69921875,77.52672871079811,18660.650390625,78.5192489615989,18752.349609375,5985900.0,211600.0
2023-06-21,77.692138671875,18856.849609375,77.94026519667851,18875.900390625,77.03965053927051,18794.849609375,77.61861710474709,18849.400390625,6214300.0,217500.0
2023-06-22,76.55257415771484,18771.25,77.80241261827031,18886.599609375,76.13902064584472,18759.5,77.80241261827031,18853.599609375,7309100.0,252700.0
2023-06-23,75.57843780517578,18665.5,76.79151559493182,18756.400390625,75.56006091943205,18647.099609375,76.29525554302221,18741.849609375,6717200.0,210600.0
2023-06-26,77.2969741821289,18691.19921875,77.37968069212698,18722.05078125,75.52330657211687,18646.69921875,75.63358893018398,18682.349609375,5030600.0,171300.0
2023-06-27,78.22515869140625,18817.400390625,78.41814754452965,18829.25,77.07641050990804,18714.25,77.58185550292578,18748.55078125,5045000.0,222500.0
2023-06-28,78.34461975097656,18972.099609375,78.52841664084625,19011.25,77.6737477812886,18861.349609375,78.26191325395578,18908.150390625,5234900.0,398800.0
2023-06-29,79.13495635986328,,79.13495635986328,,77.76565064519677,,78.08729869744707,,5753600.0,
2023-06-30,79.5301284790039,19189.05078125,79.98962771425717,19201.69921875,78.5376084481204,19024.599609375,79.8977292694869,19076.849609375,6301300.0,247900.0
2023-07-03,80.21018981933594,19322.55078125,80.59616751555548,19345.099609375,79.10739439830803,19234.400390625,79.43823442689687,19246.5,3903200.0,226100.0
2023-07-04,,19389.0,,19434.150390625,,19300.0,,19406.599609375,,226900.0
2023-07-05,80.48587799072266,19398.5,80.94537717037547,19421.599609375,79.39226769950064,19339.599609375,80.0631395868102,19405.94921875,6291600.0,224400.0
2023-07-06,79.84259796142578,19497.30078125,79.94368837101906,19512.19921875,78.36300961527292,19373.0,79.43824333445572,19385.69921875,7128600.0,268300.0
2023-07-07,79.63121032714844,19331.80078125,80.13665522485105,19523.599609375,79.24523269368801,19303.599609375,79.47498228666224,19422.80078125,6739300.0,237100.0
2023-07-10,79.96206665039062,19355.900390625,80.03558120650774,19435.849609375,79.19929616302954,19327.099609375,79.42904580297667,19400.349609375,5419000.0,268200.0
2023-07-11,81.03729248046875,19439.400390625,81.07405326386473,19515.099609375,79.97125079619292,19406.44921875,80.22857627996477,19427.099609375,4294300.0,251300.0
2023-07-12,81.4784164428711,19384.30078125,82.21361109077705,19507.69921875,81.4048948746597,19361.75,82.00224534642263,19497.44921875,7678700.0,327900.0
2023-07-13,82.04818725585938,19413.75,82.05737920430938,19567.0,81.00052949743286,19385.80078125,81.49678954269842,19495.19921875,5869200.0,310400.0
2023-07-14,81.92871856689453,19564.5,82.14008429780444,19595.349609375,81.36812891489527,19433.5,81.97466428555215,19493.44921875,5566600.0,291200.0
2023-07-17,81.37731170654297,19711.44921875,82.00223090346823,19731.849609375,81.24865249053495,19562.94921875,81.6438150744157,19612.150390625,4058400.0,268700.0
2023-07-18,80.8994369506836,19749.25,81.6530154413221,19819.44921875,80.2009961264765,19690.19921875,81.6530154413221,19787.5,7295300.0,286400.0
2023-07-19,81.79086303710938,19833.150390625,82.1584638238262,19851.69921875,81.30379497455537,19727.44921875,81.51516069422131,19802.94921875,5853400.0,259700.0
2023-07-20,81.54275512695312,19979.150390625,81.5519400654486,19991.849609375,80.50428214188204,19758.400390625,81.46923355056866,19831.69921875,6771000.0,274700.0
2023-07-21,81.9195327758789,19745.0,82.14009047165888,19887.400390625,81.52436310642997,19700.0,81.74492080220995,19800.44921875,6570200.0,312500.0
2023-07-24,82.5811996459961,19672.349609375,82.65472120327962,19782.75,81.88275887460574,19658.30078125,82.02061004166197,19748.44921875,5716400.0,265600.0
2023-07-25,82.00224304199219,19680.599609375,82.84772001845562,19729.349609375,81.96548225891955,19615.94921875,82.48011919913164,19729.349609375,6629100.0,369700.0
2023-07-26,82.42497253417969,19778.30078125,82.55363175519057,19825.599609375,81.89195175490512,19716.69921875,81.93790448158116,19733.349609375,7138900.0,244700.0
2023-07-27,80.61454772949219,19659.900390625,83.02231925806463,19867.55078125,80.5318342204226,19603.55078125,82.75581586908987,19850.900390625,10635500.0,334900.0
2023-07-28,80.45834350585938,19646.05078125,81.7357512096507,19695.900390625,80.29292345011785,19563.099609375,81.6622296267869,19659.75,5812400.0,258700.0
2023-07-31,80.91781616210938,19753.80078125,81.3865003224447,19772.75,80.4307410950248,19597.599609375,80.61454499149117,19666.349609375,6546900.0,295100.0
2023-08-01,80.76161193847656,19733.55078125,81.07407517609185,19795.599609375,80.38482607678671,19704.599609375,80.71566620536554,19784.0,6867100.0,298000.0
2023-08-02,80.29290008544922,19526.55078125,80.52264970649003,19678.25,79.83340084336758,19423.55078125,80.26532424134663,19655.400390625,6499600.0,290700.0
2023-08-03,79.41067504882812,19381.650390625,79.7139392683102,19537.650390625,78.3354413221809,19296.44921875,79.53014234672088,19463.75,8494900.0,315700.0
2023-08-04,78.80413055419922,19517.0,79.96207076227007,19538.849609375,78.55600401531409,19436.44921875,79.11658671512147,19462.80078125,8059900.0,280800.0
2023-08-07,79.7598876953125,19597.30078125,79.79664847992495,19620.44921875,78.90521873443045,19524.80078125,78.90521873443045,19576.849609375,4650900.0,216600.0
2023-08-08,79.22685241699219,19570.849609375,79.4566020204557,19634.400390625,78.52841165927067,19533.099609375,79.06143242204239,19627.19921875,4185900.0,260300.0
2023-08-09,79.26362609863281,19632.55078125,79.68636459645721,19645.5,78.72142031166324,19467.5,79.01549957151511,19578.80078125,3850600.0,266500.0
2023-08-10,78.96035766601562,19543.099609375,80.07234512553171,19623.599609375,78.74899191537361,19495.400390625,79.60366088989792,19605.55078125,4186300.0,312200.0
2023-08-11,79.11658477783203,19428.30078125,79.19929829637034,19557.75,78.42733583942479,19412.75,78.59275586509864,19554.25,3340900.0,235500.0
2023-08-14,78.56517791748047,19434.55078125,78.96953949143084,19465.849609375,78.33542829799084,19257.900390625,78.91440182640196,19383.94921875,3785400.0,243900.0
2023-08-15,77.6278076171875,,78.25272690340715,,77.54509410284837,,77.96783258890835,,4457300.0,
2023-08-16,76.74557495117188,19465.0,77.82999357824295,19482.75,76.7363830019908,19317.19921875,77.71971122227876,19369.0,5295300.0,0.0
2023-08-17,76.2125473022461,19365.25,77.36129544860131,19461.55078125,76.15740963486977,19326.25,76.9293650237474,19450.55078125,5909200.0,268700.0
2023-08-18,76.39635467529297,19310.150390625,76.58934354897178,19373.80078125,75.46817109399058,19253.599609375,75.70710569298154,19301.75,5194600.0,256100.0
2023-08-21,75.72547912597656,19393.599609375,76.32282956369879,19425.94921875,75.12812868825434,19296.30078125,76.27687683333467,19320.650390625,4746600.0,262600.0
2023-08-22,75.97361755371094,19396.44921875,76.2952656824906,19443.5,75.73468295027654,19381.30078125,76.06551601744751,19417.099609375,5256200.0,208700.0
2023-08-23,77.19589233398438,19444.0,77.30617470428115,19472.05078125,76.3504151959205,19366.599609375,76.48826640594052,19439.19921875,5131400.0,225200.0
2023-08-24,76.86503601074219,19386.69921875,78.25272574561343,19584.44921875,76.85584406230663,19369.0,77.40724878600277,19535.150390625,5419200.0,268300.0
2023-08-25,77.00289916992188,19265.80078125,77.5083442300652,19339.55078125,76.65368220047357,19229.69921875,77.06722879617297,19297.400390625,5789200.0,466500.0
2023-08-28,77.64617919921875,19306.05078125,78.0873015522905,19366.849609375,77.3429150310965,19249.69921875,77.41642958044017,19298.349609375,4479100.0,248200.0
2023-08-29,78.58357238769531,19342.650390625,78.62951811093455,19377.900390625,77.38887140102851,19309.099609375,77.71051950931484,19374.849609375,6630900.0,307400.0
2023-08-30,78.87765502929688,19347.44921875,79.08902079031301,19452.80078125,78.5192461202667,19334.75,78.56519184546868,19433.44921875,5658500.0,233000.0
2023-08-31,78.42733764648438,19253.80078125,78.98792735688447,19388.19921875,78.19758799505492,19223.650390625,78.89602889859327,19375.55078125,4463100.0,562600.0
2023-09-01,78.4732894897461,19435.30078125,79.12577765102405,19458.55078125,78.22516295403871,19255.69921875,78.77656070892402,19258.150390625,5769900.0,333000.0
2023-09-04,,19528.80078125,,19545.150390625,,19432.849609375,,19525.05078125,,296800.0
2023-09-05,77.49915313720703,19574.900390625,78.42733666920587,19587.05078125,77.49915313720703,19525.75,78.21597091891023,19564.650390625,6565700.0,256800.0
2023-09-06,77.3429183959961,19611.05078125,77.67375141094078,19636.44921875,76.76394484418785,19491.5,77.48995451248237,19581.19921875,5332100.0,287600.0
2023-09-07,77.84835052490234,19727.05078125,78.18838244347634,19737.0,77.13153292325006,19550.05078125,77.26938408004499,19598.650390625,5260600.0,304900.0
2023-09-08,77.45319366455078,19819.94921875,78.09649683141186,19867.150390625,77.32453443345901,19727.05078125,78.05973604947103,19774.80078125,4260500.0,288100.0
2023-09-11,77.45319366455078,19996.349609375,77.73808096033937,20008.150390625,77.12235363848559,19865.349609375,77.55428406203748,19890.0,4085900.0,248800.0
2023-09-12,77.54508972167969,19993.19921875,77.64618011604807,20110.349609375,76.9569312515738,19914.650390625,77.40724555790645,20110.150390625,4518100.0,328100.0
2023-09-13,76.71800994873047,20070.0,77.58186390704107,20096.900390625,76.5066371754206,19944.099609375,77.48996544484675,19989.5,5446500.0,251400.0
2023-09-14,78.14244842529297,20103.099609375,78.27110766605776,20167.650390625,77.27858751324128,20043.44921875,77.40725376540884,20127.94921875,5846200.0,275100.0
2023-09-15,77.7289047241211,20192.349609375,78.0321759505284,20222.44921875,77.48996312046053,20129.69921875,77.71971277475642,20156.44921875,6497000.0,438200.0
2023-09-18,77.12236022949219,20133.30078125,77.79323228729217,20195.349609375,76.95694020232251,20115.69921875,77.7564715022097,20155.94921875,4982500.0,264900.0
2023-09-19,76.77313995361328,,77.37967535262149,,76.55258226410143,,77.06721921009658,,4389800.0,
2023-09-20,76.8558349609375,19901.400390625,77.79321727109303,20050.650390625,76.8558349609375,19878.849609375,77.30614923272269,19980.75,5643400.0,378100.0
2023-09-21,74.1447982788086,19742.349609375,76.44229449839067,19848.75,74.1447982788086,19709.94921875,76.4055337175091,19840.55078125,9010000.0,275100.0
2023-09-22,73.69449615478516,19674.25,74.67782432531939,19798.650390625,73.6393514738918,19657.5,74.21832504915568,19744.849609375,8696000.0,246400.0
2023-09-25,73.55662536621094,19674.55078125,73.65771574093775,19734.150390625,73.08793426624126,19601.55078125,73.35444461675733,19678.19921875,6067800.0,188400.0
2023-09-26,72.19963836669922,19664.69921875,73.29638907436637,19699.349609375,72.00445482014028,19637.44921875,73.04543373512129,19682.80078125,7726200.0,204900.0
2023-09-27,71.67916870117188,19716.44921875,72.85027030388864,19730.69921875,71.33526973400896,19554.0,72.59932198648904,19637.05078125,8713100.0,203600.0
2023-09-28,72.38552856445312,19523.55078125,72.66436626653696,19766.650390625,71.81856377038338,19492.099609375,71.99516145444562,19761.80078125,8431500.0,352800.0
2023-09-29,72.62718963623047,19638.30078125,73.65887923763856,19726.25,72.22752603306213,19551.05078125,73.64029336613336,19581.19921875,8764900.0,243500.0
2023-10-02,71.2887954711914,,72.67368075254029,,70.8333670633499,,72.39484298137417,,11887600.0,
2023-10-03,69.9039077758789,19528.75,71.16795987531287,19623.19921875,69.71802068113666,19479.650390625,70.90771510621849,19622.400390625,10290000.0,221700.0
2023-10-04,70.66606140136719,19436.099609375,70.74971556394323,19457.80078125,69.42989156622004,19333.599609375,70.41511309591635,19446.30078125,7980400.0,277100.0
2023-10-05,71.20515441894531,19545.75,71.2795121096993,19576.94921875,70.33146928043516,19487.30078125,70.76831184969024,19521.849609375,6656300.0,234900.0
2023-10-06,71.35385131835938,19653.5,71.85575501411519,19675.75,69.90391203582385,19589.400390625,70.59170283764986,19621.19921875,7606700.0,159100.0
2023-10-09,72.26470184326172,19512.349609375,72.4505889150853,19588.94921875,70.9448851963574,19480.5,70.99135341874467,19539.44921875,8146600.0,165100.0
2023-10-10,72.49708557128906,19689.849609375,73.13840821281505,19717.80078125,71.84647353723322,19565.44921875,72.19966191412935,19565.599609375,5994400.0,216600.0
2023-10-11,73.8354721069336,19811.349609375,73.85405797722547,19839.19921875,72.9617872893369,19756.94921875,73.13838496722656,19767.0,6364000.0,213700.0
2023-10-12,72.68295288085938,19794.0,73.8075930905993,19843.30078125,72.35764695252598,19772.650390625,73.8075930905993,19822.69921875,9653000.0,217900.0
2023-10-13,72.60858917236328,19751.05078125,73.29637973802886,19805.400390625,72.26469034396243,19635.30078125,73.17555386968398,19654.55078125,8625100.0,255000.0
2023-10-16,73.44511413574219,19731.75,73.62171185262372,19781.30078125,72.32048081963795,19691.849609375,73.19416583013985,19737.25,6540200.0,181000.0
2023-10-17,73.24063110351562,19811.5,74.18866657265873,19849.75,72.73872747003834,19775.650390625,72.73872747003834,19843.19921875,10660300.0,185800.0
2023-10-18,71.64197540283203,19671.099609375,72.9524956246044,19840.94921875,71.59550008732865,19659.94921875,72.73872619201894,19820.44921875,8722600.0,198900.0
2023-10-19,69.93179321289062,19624.69921875,71.64198434266795,19681.80078125,69.81096730509715,19512.349609375,71.07501946023825,19545.19921875,12199100.0,230300.0
2023-10-20,69.47637939453125,19542.650390625,70.51736582589513,19593.80078125,69.44849703236666,19518.69921875,70.0526408801123,19542.150390625,9323700.0,198300.0
2023-10-23,68.81645202636719,19281.75,69.77378401861782,19556.849609375,68.63055784414406,19257.849609375,68.94657440835438,19521.599609375,8808400.0,176000.0
2023-10-24,69.63436126708984,,69.82954482917366,,68.88150937174693,,69.05810706221506,,8164400.0,
2023-10-25,68.11006927490234,19122.150390625,69.18823427355858,19347.30078125,68.00782924602501,19074.150390625,68.9651612517509,19286.44921875,8236100.0,225300.0
2023-10-26,69.45777130126953,18857.25,69.93178548873749,19041.69921875,68.4074887213956,18837.849609375,68.42608168431845,19027.25,10955200.0,300400.0
2023-10-27,68.42608642578125,19047.25,69.7737855944307,19076.150390625,68.17513104689681,18926.650390625,69.7737855944307,18928.75,9656000.0,205200.0
2023-10-30,68.74209594726562,19140.900390625,69.28117845150435,19158.5,67.73828861340141,18940.0,68.96516187996718,19053.400390625,8309600.0,180100.0
2023-10-31,70.01544952392578,19079.599609375,70.06191775551768,19233.69921875,68.72351497276934,19056.44921875,69.33694810420845,19232.94921875,8676300.0,206000.0
2023-11-01,70.48944854736328,18989.150390625,70.5080415088935,19096.05078125,69.65294964806836,18973.69921875,70.03402026579249,19064.05078125,10792900.0,194100.0
2023-11-02,72.71084594726562,19133.25,72.95249773970426,19175.25,71.24231386488738,19064.150390625,71.42820095001521,19120.0,9187400.0,245600.0
2023-11-03,74.38385772705078,19230.599609375,75.38766509643072,19276.25,73.8819540423608,19210.900390625,73.92842936342296,19241.0,10154000.0,189500.0
2023-11-06,73.3986587524414,19411.75,74.38387336405327,19423.0,72.96181617072222,19309.69921875,74.38387336405327,19345.849609375,8434400.0,180700.0
2023-11-07,72.75730895996094,19406.69921875,73.39863141263578,19423.5,72.6271865914671,19329.099609375,73.26850904414194,19404.05078125,8560900.0,198700.0
2023-11-08,73.11051177978516,19443.5,73.3242812250521,19464.400390625,72.78519873423794,19401.5,73.0733329434044,19449.599609375,6482600.0,195000.0
2023-11-09,71.95799255371094,19395.30078125,73.40793887708917,19463.900390625,71.80928429224089,19378.349609375,73.37076003893708,19457.400390625,9070100.0,208400.0
2023-11-10,72.67366790771484,19425.349609375,72.78519732355757,19451.30078125,71.80927947924451,19329.44921875,72.51565608337458,19351.849609375,5418400.0,152200.0
2023-11-13,72.07881927490234,19443.55078125,72.32976754665708,19494.400390625,71.62338386554576,19414.75,72.14388046321933,19486.75,4812700.0,189300.0
2023-11-14,75.95462036132812,,76.59594283688536,,73.94700587669897,,74.39314479255128,,15751000.0,
2023-11-15,76.16839599609375,19675.44921875,76.80971852388464,19693.19921875,75.67578881607851,19579.650390625,75.80591119981318,19651.400390625,7927800.0,291500.0
2023-11-16,76.08476257324219,19765.19921875,76.54019099797135,19875.25,75.87098599526928,19627.0,76.40077210721853,19674.69921875,6620600.0,282700.0
2023-11-17,75.93603515625,19731.80078125,76.76324479475463,19806.0,75.69438334781685,19667.44921875,76.72607304817893,19674.75,4579400.0,236800.0
2023-11-20,76.53086853027344,19694.0,76.55875797186637,19756.44921875,75.30399547225137,19670.5,75.84307788485694,19731.150390625,6169900.0,173800.0
2023-11-21,76.15910339355469,19783.400390625,76.3914657963018,19829.099609375,75.90814802755067,19754.05078125,76.2148681010499,19770.900390625,4730700.0,195000.0
2023-11-22,76.4472427368164,19811.849609375,77.0049111744195,19825.55078125,76.11264025602676,19703.849609375,76.6610193016527,19784.0,4303800.0,184500.0
2023-11-23,,19802.0,,19875.150390625,,19786.75,,19828.44921875,,170000.0
2023-11-24,76.72607421875,19794.69921875,76.72607421875,19832.849609375,75.91745044119645,19768.849609375,76.27993525051465,19809.599609375,2314400.0,145900.0
2023-11-27,77.00489807128906,,77.3859758116761,,76.39146502164891,,76.77253567089825,,6466400.0,
2023-11-28,77.46033477783203,19889.69921875,77.54398893842229,19916.849609375,76.38217681066884,19800.0,76.78184046626156,19844.650390625,7386200.0,229600.0
2023-11-29,78.02728271484375,20096.599609375,78.71508045069416,20104.650390625,77.93433918303981,19956.30078125,78.02728271484375,19976.55078125,6359500.0,236200.0
2023-11-30,78.62213134765625,20133.150390625,78.66860666002513,20158.69921875,77.7019783100763,20015.849609375,77.95293365104897,20108.5,8109100.0,486600.0
2023-12-01,80.46245574951172,20267.900390625,80.46245574951172,20291.55078125,78.3340152045018,20183.69921875,78.56637761651854,20194.099609375,17020700.0,265800.0
2023-12-04,80.94574737548828,20686.80078125,80.94574737548828,20702.650390625,79.89547207342846,20507.75,79.95123677001007,20601.94921875,13459700.0,381100.0
2023-12-05,80.45315551757812,20855.099609375,80.6576355652041,20864.05078125,80.03490603189789,20711.150390625,80.54610615096283,20808.900390625,13199600.0,421000.0
2023-12-06,80.09996795654297,20937.69921875,81.33613764408504,20961.94921875,80.09067147489154,20852.150390625,80.7970551665067,20950.75,10876700.0,359200.0
2023-12-07,80.3695068359375,20901.150390625,80.60186923243731,20941.25,79.82112789280639,20850.80078125,80.15573031105713,20932.400390625,8795100.0,275000.0
2023-12-08,80.20220947265625,20969.400390625,80.40668952596329,21006.099609375,79.38429635056599,20862.69921875,80.03490825550847,20934.099609375,5477800.0,292400.0
2023-12-11,80.38809967041016,20997.099609375,80.53681502079714,21026.099609375,79.76537009572566,20923.69921875,79.92337483715816,20965.30078125,4347300.0,212900.0
2023-12-12,80.44385528564453,20906.400390625,80.65762469488885,21037.900390625,79.93265523547458,20867.150390625,80.35090466478688,21018.55078125,5163800.0,244900.0
2023-12-13,83.44596862792969,20926.349609375,83.69692394487694,20950.0,80.28583915008402,20769.5,80.49031915911173,20929.75,11198900.0,260300.0
2023-12-14,85.75101470947266,21182.69921875,86.29938652258284,21210.900390625,84.78438635763753,21074.44921875,84.78438635763753,21110.400390625,10613300.0,334400.0
2023-12-15,84.68215942382812,21456.650390625,85.64878792497652,21492.30078125,83.98507217607921,21235.30078125,85.64878792497652,21287.44921875,12226800.0,508800.0
2023-12-18,84.5520248413086,21418.650390625,85.14687197295468,21482.80078125,84.36613068070847,21365.349609375,85.04463195740891,21434.80078125,7094300.0,249700.0
2023-12-19,85.11901092529297,21453.099609375,85.31419452442093,21505.05078125,84.700754277614,21337.75,84.8680555184578,21477.650390625,6754200.0,249800.0
2023-12-20,84.01017761230469,21150.150390625,85.68794509470752,21593.0,83.95394191322825,21087.349609375,85.08807380112583,21543.5,7895400.0,363900.0
2023-12-21,84.806884765625,21255.05078125,84.96622400732727,21288.349609375,83.84146001353746,20976.80078125,84.74127406898114,21033.94921875,6895300.0,277500.0
2023-12-22,85.08806610107422,21349.400390625,85.70668733905248,21390.5,84.65690909476933,21232.44921875,85.07869110173324,21295.849609375,4737300.0,284700.0
2023-12-26,85.73479461669922,21441.349609375,85.93162667241896,21477.150390625,84.9755842373476,21329.44921875,85.14429129851163,21365.19921875,3094100.0,219500.0
2023-12-27,86.18470764160156,21654.75,86.19408264122555,21675.75,85.44424714498503,21495.80078125,85.89414701252345,21497.650390625,5522900.0,256500.0
2023-12-28,86.66273498535156,21778.69921875,86.67210998524354,21801.44921875,85.93164231643054,21678.0,85.98787801372302,21715.0,4143700.0,393100.0
2023-12-29,85.67857360839844,21731.400390625,86.44715911761206,21770.30078125,85.59421291233508,21676.900390625,86.15659133231561,21737.650390625,4854400.0,270900.0
2024-01-01,,21741.900390625,,21834.349609375,,21680.849609375,,21727.75,,154000.0
2024-01-02,86.43777465820312,21665.80078125,86.53150319277077,21755.599609375,85.02245018783657,21555.650390625,85.29426794380292,21751.349609375,4613800.0,263700.0
2024-01-03,84.37571716308594,21517.349609375,85.71605604102491,21677.0,84.19763508000923,21500.349609375,85.65982034647746,21661.099609375,7145500.0,311900.0
2024-01-04,84.22574615478516,21658.599609375,84.76938166179511,21685.650390625,83.86019986756126,21564.55078125,84.4225782209035,21605.80078125,6303700.0,339200.0
2024-01-05,84.0383071899414,21710.80078125,84.70378921903378,21749.599609375,83.11975019916176,21629.19921875,83.56965726936676,21705.75,6890700.0,309300.0
2024-01-08,85.24740600585938,21513.0,85.27553100410374,21763.94921875,83.77584574302703,21492.900390625,83.88832428291659,21747.599609375,4941900.0,231500.0
2024-01-09,84.65691375732422,21544.849609375,85.00371724174853,21724.44921875,84.01954963658984,21517.849609375,84.49757451489803,21653.599609375,5348300.0,228600.0
2024-01-10,84.72252655029297,21618.69921875,85.12556574177306,21641.849609375,84.4413337558539,21448.650390625,84.844372947334,21529.30078125,5212200.0,217000.0
2024-01-11,83.97268676757812,21647.19921875,84.5350723758901,21726.5,83.5134118617514,21593.75,84.44133667381806,21688.0,6250400.0,212500.0
2024-01-12,84.51630401611328,21894.55078125,85.05056450713154,21928.25,84.06640420842871,21715.150390625,84.86310744576771,21773.55078125,5250900.0,294700.0
2024-01-15,,22097.44921875,,22115.55078125,,21963.55078125,,22053.150390625,,345500.0
2024-01-16,83.9258041381836,22032.30078125,84.43194676279383,22124.150390625,83.6164935646393,21969.80078125,84.07576835045984,22080.5,7090200.0,292400.0
2024-01-17,82.42613220214844,21571.94921875,83.81333165757296,21851.5,81.53569325815245,21550.44921875,82.81042133401908,21647.25,8928100.0,456000.0
2024-01-18,81.87311553955078,21462.25,82.77292226346479,21539.400390625,81.3388550737572,21285.55078125,82.47298668882678,21414.19921875,6415800.0,387300.0
2024-01-19,82.78231048583984,21622.400390625,83.08224610839244,21670.599609375,81.47008945553623,21575.0,82.06059285223897,21615.19921875,7749000.0,343100.0
2024-01-22,83.21346282958984,,84.05703395540702,,82.8479165335739,,83.01663075873732,,5674500.0,
2024-01-23,82.70732116699219,21238.80078125,83.7570993754242,21750.25,82.38864271057456,21192.599609375,83.49465661107345,21716.69921875,4400900.0,449700.0
2024-01-24,81.49820709228516,21453.94921875,83.59776359575932,21482.349609375,81.47008924509181,21137.19921875,83.59776359575932,21185.25,5461800.0,407500.0
2024-01-25,82.56672668457031,21352.599609375,82.94164799270582,21459.0,82.11682683563103,21247.05078125,82.61359452972319,21454.599609375,5037700.0,418100.0
2024-01-26,82.30429077148438,,82.90416205406868,,82.0793408282727,,82.65109426183426,,3705400.0,
2024-01-29,82.87603759765625,21737.599609375,82.96039828902848,21763.25,82.03246643908,21429.599609375,82.34177705572948,21433.099609375,4002600.0,376700.0
2024-01-30,82.0793228149414,21522.099609375,82.73542965158035,21813.05078125,81.88249076394973,21501.80078125,82.41675123122091,21775.75,4935100.0,375100.0
2024-01-31,81.31075286865234,21725.69921875,82.92290957401686,21741.349609375,81.11392078035033,21448.849609375,82.43550970210084,21487.25,9875200.0,410600.0
2024-02-01,82.77294158935547,21697.44921875,82.8104344388176,21832.94921875,80.82336347453352,21658.75,81.42323476386794,21780.650390625,12125900.0,332500.0
2024-02-02,81.64817810058594,21853.80078125,82.27616718842683,22126.80078125,80.40156777323904,21805.55078125,81.89187802684854,21812.75,15816800.0,442800.0
2024-02-05,79.98914337158203,21771.69921875,80.74836090022109,21964.30078125,79.81106131264112,21726.94921875,80.69211806226701,21921.05078125,12253400.0,440800.0
2024-02-06,81.09516906738281,21929.400390625,81.28263330301625,21951.400390625,79.87668371539775,21737.55078125,80.12038364620652,21825.19921875,10685600.0,371000.0
2024-02-07,81.076416015625,21930.5,81.48883013108562,22053.30078125,80.56089837129923,21860.150390625,81.44196229031837,22045.05078125,5407500.0,346300.0
2024-02-08,81.63880157470703,21717.94921875,81.82626580333809,22011.05078125,80.81398042181777,21665.30078125,80.81398042181777,22009.650390625,4580600.0,491100.0
2024-02-09,81.68566131591797,21782.5,81.84500053117512,21804.44921875,80.80459740633162,21629.900390625,81.5638077916391,21727.0,5128500.0,349200.0
2024-02-12,81.6294174194336,21616.05078125,82.30427426475082,21831.69921875,81.47945320437884,21574.75,81.88249231194172,21800.80078125,3816100.0,287400.0
2024-02-13,79.97041320800781,21743.25,80.07351675107407,21766.80078125,78.9581277766462,21543.349609375,79.90480251251378,21664.30078125,10341700.0,365800.0
2024-02-14,80.70149993896484,21840.05078125,81.13265692787759,21870.849609375,80.0547680311102,21530.19921875,80.4109393303784,21578.150390625,7169700.0,359100.0
2024-02-15,82.51985931396484,21910.75,82.62296284413598,21953.849609375,81.35760978870579,21794.80078125,81.35760978870579,21906.55078125,5352200.0,345400.0
2024-02-16,81.63880157470703,22040.69921875,82.14494426546719,22068.650390625,81.02955534595708,21968.94921875,81.48883734283132,22020.30078125,7266700.0,343900.0
2024-02-19,,22122.25,,22186.650390625,,22021.05078125,,22103.44921875,,0.0
2024-02-20,81.50757598876953,22196.94921875,81.90124012205914,22215.599609375,80.86083694763035,22045.849609375,81.34823676591832,22099.19921875,5858200.0,295700.0
2024-02-21,82.10746002197266,22055.05078125,82.14495287162691,22249.400390625,81.44197803042675,21997.94921875,81.87313507490593,22248.849609375,5101000.0,364500.0
2024-02-22,82.1636962890625,22217.44921875,82.65108899345852,22252.5,82.01372490246108,21875.25,82.29491767682408,22081.55078125,5262400.0,343500.0
2024-02-23,82.26679992675781,22212.69921875,82.66983912497265,22297.5,81.98561427864998,22186.099609375,82.41677132657261,22290.0,5583900.0,226000.0
2024-02-26,81.33885955810547,22122.05078125,82.43549839292632,22202.150390625,81.1795203395818,22075.150390625,81.99497358013063,22169.19921875,5589100.0,207800.0
2024-02-27,81.49820709228516,22198.349609375,82.14494618184926,22218.25,81.20764646991486,22085.650390625,81.80751771347053,22090.19921875,5385500.0,252200.0
2024-02-28,82.31365203857422,21951.150390625,82.7073161612745,22229.150390625,80.88895976788473,21915.849609375,80.9826882993331,22214.099609375,5674300.0,203000.0
2024-02-29,83.04474639892578,21982.80078125,83.41029268523357,22060.55078125,82.6042144254193,21860.650390625,82.94164286678475,21935.19921875,8300400.0,360200.0
2024-03-01,83.9445571899414,22338.75,83.9445571899414,22353.30078125,81.97622928892382,22047.75,83.01663250750994,22048.30078125,14064600.0,351500.0
2024-03-04,84.76000213623047,22405.599609375,84.80686997610117,22440.900390625,83.11972785515304,22358.30078125,83.70085617481925,22403.5,12760500.0,298800.0
2024-03-05,83.77584838867188,22356.30078125,84.91935521839166,22416.900390625,83.34469136535662,22269.150390625,84.35697680324262,22371.25,10980100.0,296200.0
2024-03-06,84.0289077758789,22474.05078125,84.44131472346524,22497.19921875,83.66336151611719,22224.349609375,84.26323266808659,22327.5,10676300.0,312300.0
2024-03-07,84.20698547363281,22493.55078125,84.77873875311417,22525.650390625,83.7383357134696,22430.0,84.52567102907827,22505.30078125,3898500.0,379900.0
2024-03-08,85.15367889404297,,85.35988597845352,,84.49757194458161,,84.59130048721474,,6119400.0,
2024-03-11,84.75064086914062,22332.650390625,85.48173352299186,22526.599609375,84.3757195425163,22307.25,84.86311941243679,22517.5,5528300.0,277900.0
2024-03-12,84.54443359375,22335.69921875,84.86311922353163,22452.55078125,83.82271594120404,22256.0,84.58192644143193,22334.44921875,5505100.0,299200.0
2024-03-13,84.11327362060547,21997.69921875,84.94746978692713,22446.75,83.8414558477211,21905.650390625,84.42258423985622,22432.19921875,4356500.0,493300.0
2024-03-14,82.80105590820312,22146.650390625,83.94456273943658,22204.599609375,82.1262060997487,21917.5,83.77584849956558,21982.55078125,8196000.0,426700.0
2024-03-15,82.70732116699219,22023.349609375,82.97913893036376,22120.900390625,82.04183925709448,21931.69921875,82.14494279323642,22064.849609375,5869000.0,661500.0
2024-03-18,82.64169311523438,22055.69921875,83.14783569059709,22123.69921875,82.53858960075155,21916.55078125,82.84790014420003,21990.099609375,4758500.0,356300.0
2024-03-19,82.71670532226562,21817.44921875,82.97914811566726,21978.30078125,82.15432688625788,21793.099609375,82.64171962385664,21946.44921875,5295500.0,344200.0
2024-03-20,83.22283935546875,21839.099609375,83.43841427705972,21930.900390625,81.85438268226974,21710.19921875,82.06058975581175,21843.900390625,6651400.0,312400.0
2024-03-21,83.80333709716797,22011.94921875,84.12323680731053,22080.94921875,83.23881621969144,21941.30078125,83.58693371869455,21989.900390625,5545100.0,353200.0
2024-03-22,82.69313049316406,22096.75,83.93507960879793,22180.69921875,82.6366805446316,21883.30078125,83.7280868931466,21932.19921875,4604500.0,388700.0
2024-03-25,82.31678009033203,,83.13534022882799,,82.31678009033203,,82.85307613189168,,3989300.0,
2024-03-26,81.92160034179688,22004.69921875,82.54257836431846,22073.19921875,81.87455394193088,21947.55078125,82.45789628021424,21947.900390625,3713200.0,328400.0
2024-03-27,83.98210144042969,22123.650390625,84.01032640643578,22193.599609375,82.61783493120062,22052.849609375,82.69310629273163,22053.94921875,5766900.0,409100.0
2024-03-28,84.58427429199219,22326.900390625,84.80067052529537,22516.0,84.24556027803864,22163.599609375,84.34905662553963,22163.599609375,6174700.0,410500.0
2024-04-01,83.19178771972656,22462.0,84.71600087726948,22529.94921875,83.01302716333606,22427.75,84.71600087726948,22455.0,6770300.0,0.0
2024-04-02,82.15682220458984,22453.30078125,82.65548248438282,22497.599609375,81.89337957966323,22388.150390625,82.53317188803065,22458.80078125,6075100.0,289500.0
2024-04-03,82.26032257080078,22434.650390625,82.3638189182664,22521.099609375,81.639344486007,22346.5,82.08155484731041,22385.69921875,5085700.0,309600.0
2024-04-04,81.6769790649414,22514.650390625,83.30468845257467,22619.0,81.42294714714927,22303.80078125,82.96597444333622,22592.099609375,5767300.0,401000.0
2024-04-05,82.03453063964844,22513.69921875,82.30738404398618,22537.599609375,81.2159704266352,22427.599609375,81.60173091568075,22486.400390625,6698000.0,242200.0
2024-04-08,82.95655822753906,22666.30078125,83.00360462836527,22697.30078125,82.24150174723678,22550.349609375,82.36381233980279,22578.349609375,5115400.0,227600.0
2024-04-09,83.95388793945312,22642.75,84.01033787917432,22768.400390625,83.10710295226974,22612.25,83.37995629137734,22765.099609375,6223700.0,232400.0
2024-04-10,80.54794311523438,22753.80078125,82.01569914506344,22775.69921875,80.07750775405593,22673.69921875,81.78989218161449,22720.25,13392400.0,276800.0
2024-04-11,80.64204406738281,,81.24420086979116,,79.98343730795973,,81.12189023683409,,8081100.0,
2024-04-12,79.78584289550781,22519.400390625,80.45386027016657,22726.44921875,79.53180377182363,22503.75,80.35036391285438,22677.400390625,8962400.0,357200.0
2024-04-15,78.4874267578125,22272.5,80.43502868783379,22427.44921875,77.98876646909436,22259.55078125,80.35976449241706,22339.05078125,8786100.0,355500.0
2024-04-16,77.32075500488281,22147.900390625,78.21457930541392,22213.75,77.12317301776352,22079.44921875,78.11108295335994,22125.30078125,7518400.0,317300.0
2024-04-17,76.80326843261719,,77.55596782252799,,76.76563274529431,,77.13257890212402,,6989700.0,
2024-04-18,76.77505493164062,21995.849609375,77.26431176165806,22326.5,76.44575159121031,21961.69921875,77.06672975739987,22212.349609375,5545700.0,456900.0
2024-04-19,77.14197540283203,22147.0,77.49951081064586,22179.55078125,76.82208285718042,21777.650390625,77.08552546613416,21861.5,4579400.0,362500.0
2024-04-22,77.76295471191406,22336.400390625,77.9605366719129,22375.650390625,76.91616975600984,22198.150390625,77.39601576073437,22336.900390625,4251400.0,279300.0
2024-04-23,78.42157745361328,22368.0,78.76970222362323,22447.55078125,77.76297078416131,22349.44921875,77.90410283569369,22447.05078125,4777200.0,231500.0
2024-04-24,78.66619873046875,22402.400390625,78.77910579711043,22476.44921875,77.65946738230318,22384.0,78.18635267008369,22421.55078125,4856200.0,235900.0
2024-04-25,78.19577026367188,22570.349609375,78.38394154634942,22625.94921875,77.3772101096485,22305.25,77.86646692984901,22316.900390625,5678400.0,475000.0
2024-04-26,78.31807708740234,22419.94921875,79.08018725537573,22620.400390625,78.14872006988314,22385.55078125,78.34630206060989,22620.400390625,4978900.0,329900.0
2024-04-29,79.14604949951172,22643.400390625,79.35303503325854,22655.80078125,78.59093202833978,22441.900390625,78.59093202833978,22475.55078125,5499900.0,292000.0
2024-04-30,77.7159194946289,22604.849609375,78.93905429341265,22783.349609375,77.68769452174948,22568.400390625,78.58151882820952,22679.650390625,9296300.0,361900.0
2024-05-01,77.8288345336914,,79.25895500611922,,77.50893472566273,,77.64065606477024,,14147700.0,
2024-05-02,78.86376190185547,22648.19921875,79.12720448290624,22710.5,77.7347202178459,22567.849609375,78.6003193208047,22567.849609375,12627400.0,445900.0
2024-05-03,79.46593475341797,22475.849609375,80.77374439114504,22794.69921875,79.36243840698431,22348.05078125,80.41621612600277,22766.349609375,12365700.0,438100.0
2024-05-06,79.66350555419922,22442.69921875,80.25625857848728,22588.80078125,79.31538805437029,22409.44921875,80.1527622465726,22561.599609375,8851900.0,320300.0
2024-05-07,80.3691635131836,22302.5,80.60438115903928,22499.05078125,80.00222455991056,22232.05078125,80.12454232985016,22489.75,6117700.0,297800.0
2024-05-08,79.75760650634766,22302.5,79.9645992099765,22368.650390625,79.46593888483818,22185.19921875,79.92696352038273,22231.19921875,5385400.0,277400.0
2024-05-09,81.29122161865234,21957.5,81.35708227379932,22307.75,80.34094029872631,21932.400390625,80.42562238578559,22224.80078125,8093800.0,331300.0
2024-05-10,81.14068603515625,22055.19921875,81.57348568977376,22131.30078125,80.86783267453949,21950.30078125,81.5546714344746,21990.94921875,5146200.0,265800.0
2024-05-13,81.31945037841797,22104.05078125,81.82752138963485,22131.650390625,80.96192211642388,21821.05078125,81.460582411246,22027.94921875,4207700.0,278200.0
2024-05-14,81.92160034179688,22217.849609375,82.31676425888908,22270.05078125,81.5170257090769,22081.25,81.92160034179688,22112.900390625,5882100.0,230200.0
2024-05-15,83.17296600341797,22200.55078125,83.4928585754151,22297.55078125,82.8907019401366,22151.75,83.25764091543839,22255.599609375,6438100.0,231900.0
2024-05-16,83.10711669921875,22403.849609375,83.48346644225019,22432.25,82.93775967376831,22054.55078125,83.33292367372789,22319.19921875,4169700.0,368900.0
2024-05-17,83.11651611328125,22466.099609375,83.30469456459439,22502.150390625,82.76839854033135,22345.650390625,83.04125191102993,22415.25,4138500.0,242700.0
2024-05-20,82.53317260742188,,83.1635542051728,,82.5049476371156,,82.97538295094881,,3240500.0,
2024-05-21,82.5614013671875,22529.05078125,82.72134765844655,22591.099609375,82.24150878466942,22404.55078125,82.42968004753023,22404.55078125,2763100.0,347600.0
2024-05-22,81.7992935180664,22597.80078125,82.60844282076253,22629.5,81.61111508821084,22483.150390625,82.28854307914463,22576.599609375,3796900.0,290300.0
2024-05-23,80.0492935180664,22967.650390625,81.86517454291356,22993.599609375,80.00224710432856,22577.44921875,81.82753884757827,22614.099609375,5336100.0,369800.0
2024-05-24,80.05868530273438,22957.099609375,80.67025270015196,23026.400390625,79.97401038436944,22908.0,80.56675634774558,22930.75,4392400.0,261900.0
2024-05-27,,22932.44921875,,23110.80078125,,22871.19921875,,23038.94921875,,260000.0
2024-05-28,79.56944274902344,22888.150390625,80.79257765234223,22998.55078125,79.5035820805847,22858.5,80.67967057290105,22977.150390625,3709500.0,217900.0
2024-05-29,78.82614135742188,22704.69921875,78.92963770246023,22825.5,78.45920238074893,22685.44921875,78.81673064107112,22762.75,4983800.0,269900.0
2024-05-30,79.97400665283203,22488.650390625,80.01164234088502,22705.75,79.25894293637248,22417.0,79.34362502906006,22617.44921875,4901000.0,373400.0
2024-05-31,81.5452651977539,22530.69921875,81.56408663236078,22653.75,80.10573411611246,22465.099609375,80.66085158463035,22568.099609375,5354000.0,572100.0
2024-06-03,81.31945037841797,23263.900390625,81.83693210602962,23338.69921875,80.85842577090155,23062.30078125,81.69580007320158,23337.900390625,5413700.0,569400.0
2024-06-04,82.04391479492188,21884.5,82.31676813479179,23179.5,80.94309789764446,21281.44921875,80.94309789764446,23179.5,4294400.0,1006100.0
2024-06-05,81.84634399414062,22620.349609375,82.09097239744806,22670.400390625,81.40413359602593,21791.94921875,81.94042963286684,22128.349609375,3256000.0,638500.0
2024-06-06,81.9780502319336,22821.400390625,82.09095728458344,22910.150390625,81.17831168258076,22642.599609375,81.65815768350157,22798.599609375,4098000.0,480400.0
2024-06-07,81.31945037841797,23290.150390625,81.54525732397879,23320.19921875,80.69847230528399,22789.05078125,80.94310068363434,22821.849609375,5987600.0,473600.0
2024-06-10,81.5452651977539,23259.19921875,81.92161492887676,23411.900390625,80.52912307720439,23227.150390625,81.15951192760167,23319.150390625,3305500.0,304400.0
2024-06-11,81.31423950195312,23264.849609375,81.72137910278241,23389.44921875,81.01125239601848,23206.650390625,81.23849814330627,23283.75,3129100.0,305200.0
2024-06-12,82.01490020751953,23322.94921875,83.57717312915739,23441.94921875,81.90127733781878,23295.94921875,83.34993461353805,23344.44921875,7425200.0,295600.0
2024-06-13,82.4977798461914,23398.900390625,82.65874738166859,23481.05078125,81.74031573150617,23353.900390625,82.2989452451947,23480.94921875,4051500.0,268300.0
2024-06-14,82.43148803710938,23465.599609375,82.67766726503642,23490.400390625,81.74030223686538,23334.25,82.19477918588976,23464.94921875,3743500.0,223100.0
2024-06-17,82.13797760009766,,82.50724285809184,,81.5793481362844,,81.93914301685321,,4547500.0,
2024-06-18,82.37469482421875,23557.900390625,82.70608582990458,23579.05078125,82.15691946403541,23499.69921875,82.28948309009188,23570.80078125,3567900.0,272200.0
2024-06-19,,23516.0,,23664.0,,23412.900390625,,23629.849609375,,328800.0
2024-06-20,82.15690612792969,23567.0,82.45043001998991,23624.0,81.92019727318038,23442.599609375,82.18531725847562,23586.150390625,3613600.0,280300.0
2024-06-21,82.4977798461914,23501.099609375,82.56405804652364,23667.099609375,81.81606431010931,23398.19921875,82.2989452451947,23661.150390625,3341900.0,609900.0
2024-06-24,82.99014282226562,23537.849609375,83.8801633852203,23558.099609375,82.32735355971029,23350.0,82.55459930767451,23382.30078125,4135100.0,239400.0
2024-06-25,81.98648071289062,23721.30078125,82.93331619251074,23754.150390625,81.56987801402914,23562.05078125,82.92385303883717,23577.099609375,3915400.0,298100.0
2024-06-26,81.74976348876953,23868.80078125,82.00541308745908,23889.900390625,81.31422007950734,23670.44921875,81.56039930170968,23723.099609375,2950900.0,287800.0
2024-06-27,82.44097137451172,24044.5,82.54512386332482,24087.44921875,81.66456650940259,23805.400390625,82.03383179745559,23881.55078125,2865900.0,515200.0
2024-06-28,83.07535552978516,24010.599609375,83.51089904946105,24174.0,82.4693813090376,23985.80078125,82.86705053694396,24085.900390625,5015700.0,354800.0
2024-07-01,82.30841064453125,24141.94921875,83.19843832982416,24164.0,81.78764822786377,23992.69921875,82.82917306119872,23992.94921875,5124100.0,0.0
2024-07-02,82.62086486816406,24123.849609375,82.81022907204026,24236.349609375,82.20425495109882,24056.400390625,82.54511629710105,24228.75,2963200.0,0.0
2024-07-03,82.58300018310547,24286.5,83.24578219750352,24309.150390625,82.5735298046763,24207.099609375,82.93332472338065,24291.75,2833000.0,0.0
2024-07-04,,24302.150390625,,24401.0,,24281.0,,24369.94921875,,251200.0
2024-07-05,82.8197021484375,24323.849609375,83.00906635848503,24363.0,82.29893973513445,24168.849609375,82.77235748403484,24213.349609375,3871800.0,298400.0
2024-07-08,83.11321258544922,24320.55078125,83.2552393441857,24344.599609375,82.72501381693596,24240.55078125,82.87650372881544,24329.44921875,3107200.0,266300.0
2024-07-09,83.09429168701172,24433.19921875,83.37833802388313,24443.599609375,82.28001251850588,24331.900390625,82.8954570840671,24351.0,2348900.0,250500.0
2024-07-10,83.73814392089844,24324.44921875,83.76654783348174,24461.05078125,82.89546080327563,24141.80078125,83.52036855145568,24459.849609375,3444700.0,292300.0
2024-07-11,86.04840087890625,24315.94921875,86.37979905689468,24402.650390625,84.9311347877348,24193.75,85.07316154633256,24396.55078125,7488300.0,306400.0
2024-07-12,86.76800537109375,24502.150390625,87.29823094393842,24592.19921875,86.37980656919866,24331.150390625,86.6165154461874,24387.94921875,5344800.0,325800.0
2024-07-15,87.16567993164062,24586.69921875,87.34558100086785,24635.05078125,86.55970574704395,24522.75,86.91003750717537,24587.599609375,4012600.0,305400.0
2024-07-16,88.235595703125,24613.0,88.235595703125,24661.25,87.2603563696794,24587.650390625,87.73377408290783,24615.900390625,4809900.0,283200.0
2024-07-17,88.81316375732422,,89.35285964848656,,88.14090426376438,,88.14090426376438,,6270100.0,
2024-07-18,88.15038299560547,24800.849609375,89.83574901814461,24837.75,87.86633668183886,24504.44921875,88.2829393867862,24543.80078125,5090200.0,350900.0
2024-07-19,87.97049713134766,24530.900390625,88.48178198719,24854.80078125,87.54441678643612,24508.150390625,88.25454347083982,24853.80078125,3812800.0,343800.0
2024-07-22,88.8226318359375,24509.25,88.88891002892132,24595.19921875,87.57280932268469,24362.30078125,88.14090915165755,24445.75,4144000.0,324200.0
2024-07-23,88.70902252197266,24479.05078125,89.23924810360407,24582.55078125,88.24506791426342,24074.19921875,88.6048700364691,24568.900390625,4054000.0,436400.0
2024-07-24,87.2982406616211,24413.5,89.14457444192865,24504.25,87.26037359401553,24307.25,88.56700413988081,24444.94921875,4693500.0,366600.0
2024-07-25,87.00471496582031,24406.099609375,88.69008102807842,24426.150390625,86.82481390621466,24210.80078125,87.92314657191824,24230.94921875,6443500.0,391800.0
2024-07-26,88.4723129272461,24834.849609375,88.75635924777897,24861.150390625,87.35504672940729,24410.900390625,87.41185454875753,24423.349609375,4575600.0,383800.0
2024-07-29,89.04042053222656,24836.099609375,89.28659981044704,24999.75,87.80006821004662,24774.599609375,88.73743342971763,24943.30078125,5905300.0,355000.0
2024-07-30,89.6463851928711,24857.30078125,89.81681587137354,24971.75,89.02147029710163,24798.650390625,89.32445736735245,24839.400390625,3982000.0,385000.0
2024-07-31,89.40967559814453,24951.150390625,90.42278928336289,24984.599609375,89.11615890789238,24856.5,89.40967559814453,24886.69921875,6431000.0,333600.0
2024-08-01,90.44172668457031,25010.900390625,90.82046234148343,25078.30078125,89.54223582021073,24956.400390625,90.13873960379618,25030.94921875,11377200.0,431300.0
2024-08-02,90.52694702148438,24717.69921875,91.36015970039524,24851.900390625,89.6558600539255,24686.849609375,90.13874098067852,24789.0,10929000.0,345000.0
2024-08-05,87.96102142333984,24055.599609375,90.36598451565762,24350.05078125,87.7527164527308,23893.69921875,88.9267904771488,24302.849609375,12392800.0,487000.0
2024-08-06,89.7978744506836,23992.55078125,90.65002783688115,24382.599609375,87.57281249278772,23960.400390625,87.87579956079335,24189.849609375,9250800.0,312300.0
2024-08-07,89.01200866699219,24297.5,91.16132210466097,24337.69921875,88.98360475738582,24184.900390625,90.09140057472459,24289.400390625,7478500.0,317600.0
2024-08-08,89.9588394165039,24117.0,90.11032933430893,24340.5,88.81316937243722,24079.69921875,89.21083853342935,24248.55078125,6434600.0,311900.0
2024-08-09,90.36598205566406,24367.5,90.57428702060251,24419.75,89.4096761819837,24311.19921875,90.32810776896784,24386.849609375,4156500.0,215100.0
2024-08-12,89.75054168701172,24347.0,90.09140305925183,24472.80078125,89.13509714136809,24212.099609375,90.09140305925183,24320.05078125,3658300.0,279900.0
2024-08-13,90.44172668457031,24139.0,90.5932238368483,24359.94921875,89.8925675670172,24116.5,90.38491886435698,24342.349609375,3203000.0,239700.0
2024-08-14,90.801513671875,24143.75,91.18024926564935,24196.5,90.2428770457072,24099.69921875,90.65948692123705,24184.400390625,4231500.0,303300.0
2024-08-15,90.52694702148438,,90.99089441580436,,90.22395993608207,,90.86780839553471,,5084500.0,
2024-08-16,90.55533599853516,24541.150390625,90.84885265742612,24563.900390625,90.13872611589194,24204.5,90.46065390442008,24334.849609375,4700100.0,271600.0
2024-08-19,91.24653625488281,24572.650390625,91.26546978569668,24638.80078125,90.53640965697122,24522.94921875,90.6026878504917,24636.349609375,3101400.0,243600.0
2024-08-20,91.22760772705078,24698.849609375,91.49272053666446,24734.30078125,90.81100497927883,24607.19921875,91.40750880090962,24648.900390625,3944000.0,238300.0
2024-08-21,91.54952239990234,24770.19921875,91.65367487779152,24787.94921875,90.79205114685035,24654.5,91.18025715057934,24680.55078125,3571700.0,257100.0
2024-08-22,91.89985656738281,24811.5,91.9472012345996,24867.349609375,91.36016059050856,24784.44921875,91.60633985722829,24863.400390625,2741000.0,220300.0
2024-08-23,93.86927032470703,24823.150390625,93.95448927555834,24858.400390625,92.17443392309764,24771.650390625,92.25965287394895,24845.400390625,6437900.0,206800.0
2024-08-26,93.72724151611328,25010.599609375,94.3994938355665,25043.80078125,93.59468512770175,24874.69921875,94.23853353874983,24906.099609375,3571700.0,210300.0
2024-08-27,93.935546875,25017.75,94.00182506948721,25073.099609375,92.97924101987198,24973.650390625,93.02658568326916,25024.80078125,3713000.0,223300.0
2024-08-28,93.6041488647461,25052.349609375,94.19118941733879,25129.599609375,93.08338650165733,24964.650390625,93.93553981226582,25030.80078125,2873900.0,220400.0
2024-08-29,93.29169464111328,25151.94921875,93.6514967311233,25192.900390625,92.86562158311112,24998.5,93.49999959348095,25035.30078125,5013900.0,354000.0
2024-08-30,94.23854064941406,25235.900390625,94.23854064941406,25268.349609375,93.02659230747297,25199.400390625,93.74618934441871,25249.69921875,4101900.0,638200.0
2024-09-02,,25278.69921875,,25333.650390625,,25235.5,,25333.599609375,,222800.0
2024-09-03,94.23854064941406,25279.849609375,94.67408413331277,25321.69921875,93.54735474679856,25235.80078125,93.54735474679856,25313.400390625,7191100.0,212100.0
2024-09-04,94.5036392211914,25198.69921875,95.37473328165035,25216.0,93.97341370734922,25083.80078125,94.49417606828769,25089.94921875,6448200.0,253800.0
2024-09-05,94.2006607055664,25145.099609375,95.24217829790979,25275.44921875,94.00182611988298,25127.75,95.14749619383885,25250.5,7729800.0,222200.0
2024-09-06,94.1154556274414,24852.150390625,94.47525053783984,25168.75,93.37692505022345,24801.30078125,94.3142902271707,25093.69921875,9306300.0,311700.0
2024-09-09,95.26112365722656,24936.400390625,95.4126135863057,24957.5,94.03023457346751,24753.150390625,94.06810886168276,24823.400390625,5657300.0,254400.0
2024-09-10,96.7665786743164,25041.099609375,96.7665786743164,25130.5,95.33686236701041,24896.80078125,95.55463047198342,24999.400390625,5856100.0,251300.0
2024-09-11,96.42572021484375,24918.44921875,96.53934307111861,25113.69921875,94.69301680528544,24885.150390625,95.80081256478535,25034.0,4270200.0,279200.0
2024-09-12,96.7665786743164,25388.900390625,96.8423272429075,25433.349609375,95.74400189346113,24941.44921875,96.60561838389617,25059.650390625,4537700.0,380100.0
2024-09-13,97.6566162109375,25356.5,97.6660865889182,25430.5,97.09798671436776,25292.44921875,97.32522521943157,25430.44921875,4797000.0,250800.0
2024-09-16,98.10161590576172,25383.75,98.40460294337082,25445.69921875,97.66607249068495,25336.19921875,98.09214552914808,25406.650390625,4680400.0,168700.0
2024-09-17,97.29682922363281,25418.55078125,98.41409553143531,25441.650390625,97.04117956383176,25352.25,98.18684978410494,25416.900390625,5279000.0,216000.0
2024-09-18,97.11690521240234,25377.55078125,98.50875438504444,25482.19921875,96.97487845980567,25285.55078125,97.45776652912207,25402.400390625,6219100.0,215700.0
2024-09-19,97.01276397705078,25415.80078125,97.96906984991793,25611.94921875,96.48253841131766,25376.05078125,97.96906984991793,25487.05078125,6329900.0,314500.0
2024-09-20,96.8328628540039,25790.94921875,96.93701533631214,25849.25,96.31210766624432,25426.599609375,96.64349864459706,25525.94921875,6514900.0,533100.0
2024-09-23,97.68502044677734,25939.05078125,97.77023940132403,25956.0,97.15479485860008,25847.349609375,97.30628478788708,25872.55078125,4126500.0,209200.0
2024-09-24,97.71342468261719,25940.400390625,98.04482290011406,26011.55078125,96.89914554161355,25886.849609375,97.20213984876084,25921.44921875,4173100.0,384100.0
2024-09-25,97.14423370361328,26004.150390625,98.07859110577806,26032.80078125,96.90587803994282,25871.349609375,97.90697473697382,25899.44921875,3969100.0,278500.0
2024-09-26,96.24801635742188,26216.05078125,97.3349176275486,26250.900390625,95.97153018217648,25998.400390625,97.2395768146325,26005.400390625,5236800.0,370900.0
2024-09-27,96.43870544433594,26178.94921875,97.22051175022477,26277.349609375,96.29569058766552,26151.400390625,97.0202938605013,26248.25,4384500.0,490300.0
2024-09-30,97.12516021728516,25810.849609375,97.23003728233219,26134.69921875,95.96198351333587,25794.099609375,96.19080289433077,26061.30078125,5498600.0,343100.0
2024-10-01,96.5435791015625,25796.900390625,97.55420477790685,25907.599609375,96.10500555760103,25739.19921875,97.4016609371556,25788.44921875,10335000.0,247400.0
2024-10-02,96.21939086914062,,96.2575286396131,,95.49479505227161,,95.71407813994335,,5577200.0,
2024-10-03,95.2659912109375,25250.099609375,96.08593528708357,25639.44921875,94.98949776441962,25230.30078125,95.8380433567507,25452.849609375,4147200.0,423400.0
2024-10-04,94.73206329345703,25014.599609375,95.02762195047319,25485.05078125,93.90258307255912,24966.80078125,94.77973732963747,25181.900390625,5790600.0,374900.0
2024-10-07,93.91211700439453,24795.75,94.26488595088142,25143.0,93.48307978556265,24694.349609375,94.26488595088142,25084.099609375,5101400.0,374300.0
2024-10-08,94.13142395019531,25013.150390625,94.55092498105851,25044.0,93.80725645803427,24756.80078125,94.32210557567515,24832.19921875,5238200.0,333200.0
2024-10-09,94.19815063476562,24981.94921875,94.26488992215194,25234.05078125,93.61656229866918,24947.69921875,93.95025873560073,25065.80078125,3079700.0,290600.0
2024-10-10,93.44495391845703,24998.44921875,94.42697806262225,25134.05078125,93.18752573512907,24979.400390625,93.76911412082569,25067.05078125,3391600.0,261400.0
2024-10-11,94.49371337890625,24964.25,94.49371337890625,25028.650390625,93.75957391190622,24920.05078125,93.95026279413088,24985.30078125,3757000.0,210500.0
2024-10-14,95.11344909667969,25127.94921875,95.20878991037648,25159.75,93.96933751020468,25017.5,94.15049014805507,25023.44921875,3193300.0,206400.0
2024-10-15,96.23847198486328,25057.349609375,97.01074190229055,25212.05078125,95.47573105537806,25008.150390625,95.47573105537806,25186.30078125,6918700.0,257200.0
2024-10-16,97.23003387451172,24971.30078125,97.34443992398086,25093.400390625,96.19079952293447,24908.44921875,96.46729293254609,25008.55078125,4237900.0,226800.0
2024-10-17,96.47683715820312,24749.849609375,96.96307745665632,25029.5,96.17174221104065,24728.900390625,96.78193210536558,25027.400390625,3736000.0,252800.0
2024-10-18,97.19188690185547,24854.05078125,97.22048841151593,24886.19921875,96.34334150309358,24567.650390625,96.76284243484042,24664.94921875,3713600.0,290900.0
2024-10-21,95.24691009521484,24781.099609375,97.08701582837837,24978.30078125,95.13249677549216,24679.599609375,96.65797133494564,24956.150390625,6073600.0,242000.0
2024-10-22,95.35179901123047,24472.099609375,95.76177103200934,24882.0,94.80834840452708,24445.80078125,95.01810254641916,24798.650390625,5405900.0,279500.0
2024-10-23,96.20987701416016,24435.5,96.37195710863351,24604.25,95.02762776567467,24378.099609375,95.18017887155811,24378.150390625,5452700.0,284600.0
2024-10-24,96.44823455810547,24399.400390625,96.99168515393661,24480.650390625,96.267081934816,24341.19921875,96.3433574892576,24412.69921875,3491500.0,216700.0
2024-10-25,95.5329360961914,24180.80078125,97.42071593580447,24440.25,95.48526933336505,24073.900390625,97.02028021268667,24418.05078125,4394800.0,372600.0
2024-10-28,95.78083801269531,24339.150390625,96.73426065738553,24492.599609375,95.61875790886697,24134.900390625,96.28615085053512,24251.099609375,4458800.0,278600.0
2024-10-29,94.89414978027344,24466.849609375,95.86664490128776,24484.5,94.63672888002678,24140.849609375,95.51387592224732,24328.849609375,7021200.0,332000.0
2024-10-30,95.35179901123047,24340.849609375,96.03826446686367,24498.19921875,94.89415294946254,24307.30078125,94.95135597941952,24371.44921875,6237600.0,285200.0
2024-10-31,93.73097229003906,24205.349609375,95.12296839550766,24372.44921875,93.66423299984663,24172.599609375,94.59859033657773,24349.849609375,7701000.0,287000.0
2024-11-01,92.67266845703125,24304.349609375,94.48417274719485,24368.25,92.63453795638662,24280.19921875,94.32209266032653,24302.75,9487500.0,38800.0
2024-11-04,93.67376708984375,23995.349609375,93.94072424442182,24316.75,93.00637420339855,23816.150390625,93.13031651829925,24315.75,3926900.0,285500.0
2024-11-05,94.95134735107422,24213.30078125,94.96088361321294,24229.05078125,92.93009621986934,23842.75,93.16845185508024,23916.5,5125600.0,289500.0
2024-11-06,92.55825805664062,24484.05078125,94.68438615842997,24537.599609375,91.585763033066,24204.05078125,94.68438615842997,24308.75,10360500.0,351100.0
2024-11-07,93.7023696899414,24199.349609375,93.9788631101152,24503.349609375,92.8061501400013,24179.05078125,93.0826435601751,24489.599609375,7768300.0,322200.0
2024-11-08,95.23738098144531,24148.19921875,95.49480915163355,24276.150390625,93.98839972871858,24066.650390625,94.14094355909488,24207.69921875,7286700.0,298700.0
2024-11-11,94.6081314086914,24141.30078125,95.69503263224308,24336.80078125,94.56045736725737,24004.599609375,95.01810343329686,24087.25,3711500.0,273400.0
2024-11-12,93.3305435180664,23883.44921875,94.70347447487259,24242.0,93.3305435180664,23839.150390625,94.31256769310065,24225.80078125,7729300.0,255800.0
2024-11-13,93.96932983398438,23559.05078125,94.77974486930005,23873.599609375,93.845387513707,23509.599609375,94.39837437162865,23822.44921875,4801500.0,304600.0
2024-11-14,93.13985443115234,23532.69921875,93.95026217163557,23675.900390625,93.01590484001831,23484.150390625,93.95026217163557,23542.150390625,6714800.0,257700.0
2024-11-15,93.2447280883789,,93.42587342612352,,92.44384936569408,,92.72987903966083,,6786300.0,
2024-11-18,94.00746154785156,23453.80078125,94.02653407222546,23606.80078125,92.65360327877478,23350.400390625,92.85382114048022,23605.30078125,4726100.0,263300.0
2024-11-19,94.50325012207031,23518.5,94.6939317312275,23780.650390625,93.33053713104601,23464.80078125,93.72144388606648,23529.55078125,5340800.0,297500.0
2024-11-20,94.30303192138672,,94.45557575337308,,93.559356190578,,93.94072668159956,,4329700.0,
2024-11-21,94.9799575805664,23349.900390625,95.27551624502674,23507.30078125,94.0360640134838,23263.150390625,94.43650701499013,23488.44921875,3826200.0,420300.0
2024-11-22,95.68550109863281,23907.25,95.84758120905984,23956.099609375,95.2755290537635,23359.0,95.32320309755396,23411.80078125,3402700.0,367600.0
2024-11-25,97.0202865600586,24221.900390625,97.46839634935624,24351.55078125,96.23848031299798,24135.44921875,96.23848031299798,24253.55078125,5112800.0,687200.0
2024-11-26,97.32537841796875,24194.5,97.52559628627908,24343.30078125,96.48636189472128,24125.400390625,96.9535441948157,24343.30078125,3068400.0,230700.0
2024-11-27,98.07858276367188,24274.900390625,98.64109859055117,24354.55078125,97.85929237117031,24145.650390625,97.96416943618797,24204.80078125,4141000.0,295000.0
2024-11-28,,23914.150390625,,24345.75,,23873.349609375,,24274.150390625,,366700.0
2024-11-29,97.54467010498047,24131.099609375,98.45995498652236,24188.44921875,97.46840182038021,23927.150390625,98.11672952072708,23927.150390625,4566800.0,282100.0
2024-12-02,96.23847198486328,24276.05078125,97.18235824772289,24301.69921875,95.88570303201996,24008.650390625,97.10608269996705,24140.849609375,7207500.0,220400.0
2024-12-03,95.68550109863281,24457.150390625,96.5245104414649,24481.349609375,95.57108775795842,24280.0,96.23848800083563,24367.5,4252400.0,339500.0
2024-12-04,95.37086486816406,24467.44921875,95.7045613350921,24573.19921875,94.8750882993049,24366.30078125,95.65689456783805,24488.75,2553200.0,348000.0
2024-12-05,95.07530212402344,24708.400390625,95.19924444244211,24857.75,94.56998931365263,24295.55078125,94.97996131954469,24539.150390625,2955100.0,361500.0
2024-12-06,95.04669952392578,24677.80078125,95.6854909080744,24751.05078125,94.56998823294256,24620.5,95.36132344770655,24729.44921875,2913000.0,226700.0
2024-12-09,95.31365966796875,24619.0,95.55201532092494,24705.0,94.95135442009149,24580.05078125,95.17064482138758,24633.900390625,3739300.0,248100.0
2024-12-10,93.8072509765625,24610.05078125,95.27552268388206,24677.80078125,93.53075754394673,24510.650390625,95.27552268388206,24652.650390625,5809700.0,261000.0
2024-12-11,93.6356430053711,24641.80078125,94.3030432634379,24691.75,93.34008429444947,24583.849609375,93.86446241788984,24620.5,3654100.0,187300.0
2024-12-12,93.45447540283203,24548.69921875,94.47463724312588,24675.25,93.3972723773693,24527.94921875,93.45447540283203,24604.44921875,4411000.0,266100.0
2024-12-13,93.06358337402344,24768.30078125,93.60703398144835,24792.30078125,92.99684408097256,24180.80078125,93.2351997381596,24498.349609375,5145300.0,310100.0
2024-12-16,92.79661560058594,24668.25,93.91211820301541,24781.25,92.73940530305141,24601.75,93.19705131314474,24753.400390625,4478300.0,187600.0
2024-12-17,92.3428726196289,24336.0,93.16959476029996,24624.099609375,92.05448578038433,24303.44921875,92.4774546114434,24584.80078125,3856200.0,264900.0
2024-12-18,88.58418273925781,24198.849609375,92.55436641100377,24394.44921875,88.58418273925781,24149.849609375,92.131390219687,24297.94921875,9655800.0,235300.0
2024-12-19,87.22874450683594,23951.69921875,89.50703819130877,24004.900390625,87.17106859948728,23870.30078125,88.82451306239555,23877.150390625,12763300.0,271100.0
2024-12-20,88.81490325927734,23587.5,89.76659245809158,24065.80078125,87.47869087549512,23537.349609375,87.47869087549512,23960.69921875,14194600.0,442700.0
2024-12-23,89.19942474365234,23753.44921875,89.30516880085678,23869.55078125,88.19005231912634,23647.19921875,88.64186650278714,23738.19921875,5846900.0,189800.0
2024-12-24,89.7954330444336,23727.650390625,89.88194690608094,23867.650390625,88.85335165731395,23685.150390625,88.95909571099584,23769.099609375,2207200.0,177700.0
2024-12-26,89.97807312011719,23750.19921875,90.05497921757159,23854.5,89.07445214462,23653.599609375,89.46858305927779,23775.80078125,3958600.0,177700.0
2024-12-27,89.08405303955078,23813.400390625,90.13187836763514,23938.849609375,88.88218004992027,23800.599609375,89.49741411379476,23801.400390625,5279100.0,176800.0
2024-12-30,88.70916748046875,23644.900390625,88.939878479317,23915.349609375,87.84399206707482,23599.30078125,88.88220256314754,23796.900390625,4020600.0,364900.0
2024-12-31,89.45896911621094,23644.80078125,89.65123436232422,23689.849609375,88.64186198919487,23460.44921875,89.47819930790688,23560.599609375,5447500.0,193600.0
2025-01-01,,23742.900390625,,23822.80078125,,23562.80078125,,23637.650390625,,154900.0
2025-01-02,88.71876525878906,24188.650390625,89.67045436065465,24226.69921875,88.39191801790282,23751.55078125,89.59354826466152,23783.0,8909500.0,283200.0
2025-01-03,89.81465148925781,24004.75,89.97807144267495,24196.44921875,88.60340614652402,23976.0,88.84373219596182,24196.400390625,4325900.0,312300.0
2025-01-06,88.69953155517578,23616.05078125,90.18955593581872,24089.94921875,88.57456465476244,23551.900390625,89.96845275213651,24045.80078125,5845100.0,278100.0
2025-01-07,87.94011688232422,23707.900390625,89.44936427630773,23795.19921875,87.7093985794521,23637.80078125,89.24748392775227,23679.900390625,7161500.0,262300.0
2025-01-08,88.17081451416016,23688.94921875,88.23810550877694,23751.849609375,87.07492841087628,23496.150390625,87.89203544098537,23746.650390625,4024800.0,266400.0
2025-01-09,,23526.5,,23689.5,,23503.05078125,,23674.75,,269200.0
2025-01-10,86.02711486816406,23431.5,86.98841911357395,23596.599609375,85.99827691426887,23344.349609375,86.71925509832629,23551.900390625,9167900.0,261000.0
2025-01-13,87.10377502441406,23085.94921875,87.16145093005981,23340.94921875,85.73872480689137,23047.25,85.89252966666973,23195.400390625,6069300.0,316500.0
2025-01-14,87.92089080810547,23176.05078125,88.08431077966718,23264.94921875,87.19991257974165,23134.150390625,87.39217784114055,23165.900390625,6052000.0,311200.0
2025-01-15,88.28617095947266,23213.19921875,90.372206570694,23293.650390625,88.26694810321425,23146.44921875,90.27607762106447,23250.44921875,6016700.0,228000.0
2025-01-16,90.32414245605469,23311.80078125,90.33375755169698,23391.650390625,88.26695203875063,23272.05078125,88.53611604338195,23377.25,4935300.0,299400.0
2025-01-17,90.22801971435547,23203.19921875,90.78557795329067,23292.099609375,90.1991817596122,23100.349609375,90.5933126980529,23277.099609375,4301000.0,272900.0
2025-01-20,,23344.75,,23391.099609375,,23170.650390625,,23290.400390625,,301500.0
2025-01-21,91.9487533569336,23024.650390625,91.98720640719183,23426.30078125,90.65099408093805,22976.849609375,90.70866998924069,23421.650390625,4421300.0,312900.0
2025-01-22,90.36259460449219,23155.349609375,91.79493580582586,23169.55078125,90.23762769906341,22981.30078125,91.79493580582586,23099.150390625,4114900.0,276000.0
2025-01-23,91.01629638671875,23205.349609375,91.01629638671875,23270.80078125,89.6320157722048,23090.650390625,90.63177317889041,23128.30078125,3626200.0,275600.0
2025-01-24,91.26622009277344,23092.19921875,91.83338603171565,23347.30078125,90.64137091649376,23050.0,90.76633781808219,23183.900390625,3929100.0,264300.0
2025-01-27,92.32367706298828,22829.150390625,92.43903623329749,23007.44921875,91.14126940337351,22786.900390625,91.14126940337351,22940.150390625,8961300.0,257400.0
2025-01-28,91.35275268554688,22957.25,92.06411586249241,23137.94921875,91.02591272165876,22857.650390625,92.02567014193991,22960.44921875,4576100.0,361900.0
2025-01-29,90.1511001586914,23163.099609375,91.55460330871436,23183.349609375,89.7281239944601,22976.5,91.40079846164656,23026.75,4515200.0,226300.0
2025-01-30,91.35275268554688,23249.5,92.04489300221617,23322.05078125,90.5356454416563,23139.19921875,91.45849675249193,23169.5,6424500.0,361900.0
2025-01-31,91.15086364746094,23508.400390625,92.01603889141713,23546.80078125,90.85286169338619,23277.400390625,91.16047874299628,23296.75,4533200.0,304900.0
2025-02-01,,23482.150390625,,23632.44921875,,23318.30078125,,23528.599609375,,281000.0
2025-02-03,90.85285949707031,23361.05078125,91.29505853680935,23381.599609375,89.4878019966416,23222.0,90.19917236568025,23319.349609375,5620100.0,329700.0
2025-02-04,90.97782897949219,23739.25,91.19893217271667,23762.75,90.04536273122338,23423.150390625,90.28568878143003,23509.900390625,3277600.0,376700.0
2025-02-05,92.35249328613281,23696.30078125,92.50630547701084,23807.30078125,91.07395695259268,23680.44921875,91.9583623818035,23801.75,4314600.0,267000.0
2025-02-06,92.5736083984375,23603.349609375,92.80431938029615,23773.55078125,91.92952893390354,23556.25,92.79470428358583,23761.94921875,2684000.0,307000.0
2025-02-07,92.22754669189453,23559.94921875,92.82355072737576,23694.5,91.7565022542245,23443.19921875,92.7947127687777,23649.5,4633400.0,368100.0
2025-02-10,92.35249328613281,23381.599609375,92.53514342925824,23568.599609375,91.53538619105784,23316.30078125,92.26597942939063,23543.80078125,2733400.0,234200.0
2025-02-11,92.73701477050781,23071.80078125,92.76585272223943,23390.05078125,91.77571059722035,22986.650390625,91.94874564177886,23383.55078125,3313800.0,268000.0
2025-02-12,91.77571868896484,23045.25,92.10255861629861,23144.69921875,90.72789323392836,22798.349609375,90.84325238519467,23050.80078125,4453800.0,279700.0
2025-02-13,92.612060546875,23031.400390625,92.79471072620295,23235.5,91.38159211263918,22992.19921875,91.70843941595392,23055.75,4864100.0,265700.0
2025-02-14,92.21791076660156,22929.25,93.23689085583587,23133.69921875,92.20829567118363,22774.849609375,92.8812130012301,23096.44921875,4054900.0,254500.0
2025-02-17,,22959.5,,22974.19921875,,22725.44921875,,22809.900390625,,207400.0
2025-02-18,92.6024398803711,22945.30078125,92.95811775791829,22992.5,91.96797555690416,22801.5,92.14101061474338,22963.650390625,2489700.0,210600.0
2025-02-19,92.6408920288086,22932.900390625,92.92927889962125,23049.94921875,92.07371871478924,22814.849609375,92.31404477421776,22847.25,3298800.0,207000.0
2025-02-20,93.22728729248047,22913.150390625,93.37147705939769,22923.849609375,92.20829982319371,22812.75,92.62166093475126,22821.099609375,3493700.0,240800.0
2025-02-21,92.54475402832031,22795.900390625,93.40032153151854,22921.0,91.92951991428075,22720.30078125,93.19844119125851,22857.19921875,6317800.0,242800.0
2025-02-24,92.8716049194336,22553.349609375,93.37147990638313,22668.05078125,92.13139653389916,22518.80078125,92.65050171313683,22609.349609375,3948800.0,214300.0
2025-02-25,93.92903900146484,22547.55078125,94.35201522566743,22625.30078125,93.13115470005344,22513.900390625,93.2176758978083,22516.44921875,3863700.0,250300.0
2025-02-26,93.47722625732422,,94.31356362233194,,93.22729242479562,,94.19820446827823,,5702700.0,
2025-02-27,93.8713607788086,22545.05078125,94.39046595003505,22613.30078125,93.32341765376445,22508.400390625,93.44838456503089,22568.94921875,4903900.0,289200.0
2025-02-28,94.60196685791016,22124.69921875,94.71731868878966,22450.349609375,93.56375637497267,22104.849609375,94.31357261237075,22433.400390625,4077100.0,551300.0
2025-03-03,95.072998046875,22119.30078125,95.69784731731895,22261.55078125,94.55389283762172,22004.69921875,94.65963689881238,22194.55078125,5133500.0,282400.0
2025-03-04,94.01554870605469,22082.650390625,95.76512196387142,22105.05078125,93.90018956787375,21964.599609375,95.17872584624676,21974.44921875,6905800.0,253300.0
2025-03-05,95.14990234375,22337.30078125,95.2940921206606,22394.900390625,93.1311574569648,22067.80078125,93.20806356076362,22073.05078125,4505300.0,305900.0
2025-03-06,92.612060546875,22544.69921875,94.4769933929845,22556.44921875,92.44864056230283,22245.849609375,94.24628239510787,22476.349609375,7146500.0,372100.0
2025-03-07,93.21768188476562,22552.5,93.65026589881428,22633.80078125,92.13140329996389,22464.75,92.84277378347812,22508.650390625,4387300.0,289800.0
2025-03-10,92.3332748413086,22460.30078125,94.21743026458127,22676.75,91.88146067672656,22429.05078125,93.22728807454112,22521.849609375,7317000.0,293900.0
2025-03-11,91.21815490722656,22497.900390625,92.8331462558136,22522.099609375,90.71827995050226,22314.69921875,92.63127325401135,22345.94921875,6252900.0,347900.0
2025-03-12,90.88169860839844,22470.5,91.69880569951953,22577.400390625,90.55485137144866,22329.55078125,91.38157355799534,22536.349609375,3970100.0,369700.0
2025-03-13,89.15135192871094,22397.19921875,91.5450047337453,22558.05078125,89.02638501954348,22377.349609375,90.80479637206714,22541.5,5084600.0,287500.0
2025-03-14,90.96822357177734,,91.03551457963474,,89.46859120571534,,89.8915674460589,,4021100.0,
2025-03-17,92.40057373046875,22508.75,92.78508959051597,22577.0,90.84325809426588,22353.150390625,90.84325809426588,22353.150390625,5466300.0,251100.0
2025-03-18,92.04258728027344,22834.30078125,92.94960329149478,22857.80078125,91.695219759451,22599.19921875,92.44784693401131,22662.25,4690500.0,272600.0
2025-03-19,92.17765808105469,22907.599609375,92.82414466036111,22940.69921875,91.37678269146777,22807.94921875,92.12941709908978,22874.94921875,4370200.0,324000.0
2025-03-20,91.97504425048828,23190.650390625,92.62153094198831,23216.69921875,91.69522000454089,22973.94921875,92.23556621096898,23036.599609375,3850500.0,313700.0
2025-03-21,91.10661315917969,23350.400390625,91.76275090492422,23402.69921875,90.56626702562441,23132.80078125,91.71450992109332,23168.25,4489500.0,541000.0
2025-03-24,92.36101531982422,23658.349609375,92.5346990926188,23708.75,91.2417182592224,23433.5,91.61803187333307,23515.400390625,4019800.0,311900.0
2025-03-25,91.33819580078125,23668.650390625,92.37064707747342,23869.599609375,90.77854738793326,23601.400390625,92.21625826220615,23751.5,5616600.0,338200.0
2025-03-26,91.83995056152344,23486.849609375,92.18731805627861,23736.5,91.38644258994505,23451.69921875,91.6855617364481,23700.94921875,4724100.0,278600.0
2025-03-27,91.55048370361328,23591.94921875,92.65047841867825,23646.44921875,91.29961288204763,23412.19921875,91.86890516367552,23433.94921875,3618200.0,510300.0
2025-03-28,91.4153823852539,23519.349609375,92.04257406119908,23649.19921875,90.87503625787413,23450.19921875,91.91713867067558,23600.400390625,3834100.0,295400.0
2025-03-31,92.38993835449219,,92.92064068396151,,91.46362758441597,,91.46362758441597,,6051600.0,
2025-04-01,92.44784545898438,23165.69921875,92.84346132536747,23565.150390625,91.28995864916058,23136.400390625,92.54434216119036,23341.099609375,5926300.0,314300.0
2025-04-02,92.84345245361328,23332.349609375,93.00748505302546,23350.0,91.80135000735217,23158.44921875,92.28380402562149,23192.599609375,4359500.0,341000.0
2025-04-03,89.95838165283203,23250.099609375,92.71801193108429,23306.5,89.90048216331327,23145.80078125,91.89784155260041,23150.30078125,9122200.0,283200.0
2025-04-04,85.98296356201172,22904.44921875,89.28294758095933,23214.69921875,85.89611800274217,22857.44921875,89.16716331748628,23190.400390625,12928600.0,466800.0
2025-04-07,83.62857818603516,22161.599609375,87.13119908797891,22254.0,81.8917481284161,21743.650390625,84.44874854893838,21758.400390625,15195900.0,647100.0
2025-04-08,81.51543426513672,22535.849609375,85.86716421482474,22697.19921875,80.65665933884107,22270.849609375,85.8382181515596,22446.75,10084600.0,468300.0
2025-04-09,86.2820816040039,22399.150390625,86.72593845210235,22468.69921875,78.66895718963089,22353.25,80.27070818907129,22460.30078125,16319800.0,383800.0
2025-04-10,84.25578308105469,,86.21454553411252,,82.22947734898331,,85.47156946496362,,10549700.0,
2025-04-11,85.49085998535156,22828.55078125,85.63559767911403,22923.900390625,82.85666487786722,22695.400390625,84.03384662836187,22695.400390625,6713600.0,402200.0
2025-04-14,87.28558349609375,,87.7969835974794,,85.97330792643861,,86.3592726283956,,5611100.0,
2025-04-15,87.52680206298828,23328.55078125,88.1153965202633,23368.349609375,87.08294527517926,23207.0,87.61364760933336,23368.349609375,3457400.0,388300.0
2025-04-16,87.41101837158203,23437.19921875,88.59785853469461,23452.19921875,86.8417261448977,23273.05078125,87.86452634153835,23344.099609375,4521800.0,348400.0
2025-04-17,88.7040023803711,23851.650390625,89.43733460138142,23872.349609375,87.55575937977574,23298.55078125,87.55575937977574,23401.849609375,4316500.0,505300.0
2025-04-21,86.90926361083984,24125.55078125,88.14434467788084,24189.55078125,85.82856399634706,23903.650390625,87.95136602177962,23949.150390625,6216400.0,406100.0
2025-04-22,88.6460952758789,24167.25,89.01275764361586,24242.599609375,87.70048225364953,24072.0,88.04784970167964,24185.400390625,4494000.0,440900.0
2025-04-23,88.77154541015625,24328.94921875,90.50838293893383,24359.30078125,88.25049415152297,24119.94921875,89.63996417454504,24357.599609375,4844900.0,415000.0
2025-04-24,89.0899658203125,24246.69921875,89.76539853943375,24347.849609375,88.375928532482,24216.150390625,88.87768486239881,24277.900390625,4960200.0,358800.0
2025-04-25,88.92593383789062,24039.349609375,89.3022474071462,24365.44921875,88.32768816698109,23847.849609375,89.14785857788003,24289.0,3889000.0,387700.0
2025-04-28,89.49522399902344,24328.5,89.67855888909367,24355.099609375,88.6461075428168,24054.05078125,88.88733456168208,24070.25,4228500.0,320500.0
2025-04-29,90.09347534179688,24335.94921875,90.46013778341296,24457.650390625,89.23470768937287,24290.75,89.37943802049443,24370.69921875,3690200.0,357600.0
2025-04-30,90.40222930908203,24334.19921875,90.70134842154842,24396.150390625,88.82942461966924,24198.75,89.5434618118962,24342.05078125,5940200.0,424500.0
2025-05-01,90.65311431884766,,91.42504375431513,,90.0259299344031,,90.75925480026605,,4079700.0,
2025-05-02,91.6276626586914,24346.69921875,92.01362733044326,24589.150390625,91.28994633153246,24238.5,91.63731379994275,24311.900390625,5053900.0,421100.0
2025-05-05,91.53117370605469,24461.150390625,92.05222491080418,24526.400390625,91.01977364259606,24400.650390625,91.39608717463784,24419.5,2706500.0,291500.0
2025-05-06,90.85574340820312,24379.599609375,91.56012214578662,24509.650390625,90.42153037880485,24331.80078125,91.04872206904857,24500.75,4355500.0,302400.0
2025-05-07,90.84609985351562,24414.400390625,91.60837814234432,24449.599609375,90.69171102261453,24220.0,91.17416507668348,24233.30078125,3820900.0,330100.0
2025-05-08,90.45047760009766,24273.80078125,91.38643957667868,24447.25,90.18995566845359,24150.19921875,91.30924516668632,24431.5,4592300.0,411400.0
2025-05-09,91.05838012695312,24008.0,91.30925093277435,24164.25,90.34434283192923,23935.75,90.65311312973309,23935.75,2418400.0,335600.0
2025-05-12,91.33819580078125,24924.69921875,92.16800991701916,24944.80078125,90.8557417955669,24378.849609375,92.16800991701916,24420.099609375,4658000.0,368700.0
2025-05-13,90.21890258789062,24578.349609375,91.47328599634515,24973.80078125,89.8908373848062,24547.5,91.35749438025785,24864.05078125,5842400.0,423000.0
2025-05-14,89.41802215576172,24666.900390625,89.90047615340153,24767.55078125,88.99346764377006,24535.55078125,89.90047615340153,24613.80078125,5890800.0,345500.0
2025-05-15,90.99083709716797,25062.099609375,91.03907808534021,25116.25,89.65925920298308,24494.44921875,89.76539968329244,24694.44921875,4542800.0,500800.0
2025-05-16,92.13907623291016,25019.80078125,92.21627065091441,25070.0,90.86539778249967,24953.05078125,91.29961086252489,25064.650390625,5230500.0,432700.0
2025-05-19,92.24520111083984,24945.44921875,92.32239551578404,25062.94921875,91.2224010111521,24916.650390625,91.28994427506235,25005.349609375,3847000.0,255300.0
2025-05-20,91.75310516357422,24683.900390625,92.10047265892216,25010.349609375,91.50223436489522,24669.69921875,91.68556189290459,24996.19921875,3631600.0,414800.0
2025-05-21,89.2732925415039,24813.44921875,91.44433572683067,24946.19921875,89.18645434768978,24685.349609375,91.1548677191191,24744.25,6449900.0,332700.0
2025-05-22,88.90662384033203,24609.69921875,89.4469699725569,24737.5,88.19259397108289,24462.400390625,89.40838013025278,24733.94921875,4599200.0,403300.0
2025-05-23,88.97418212890625,24853.150390625,89.2540063836711,24909.05078125,88.40488983800428,24614.05078125,88.78120343814817,24639.5,4421600.0,270500.0
2025-05-26,,25001.150390625,,25079.19921875,,24900.5,,24919.349609375,,302800.0
2025-05-27,90.44083404541016,24826.19921875,90.64346385089682,25062.900390625,89.39873159290948,24704.099609375,89.75574285710135,24956.650390625,5008200.0,525700.0
2025-05-28,90.33470153808594,24752.44921875,90.53733136144173,24864.25,89.76540191484985,24737.05078125,90.53733136144173,24832.5,4905800.0,684400.0
2025-05-29,91.12591552734375,24833.599609375,91.55047004910719,24892.599609375,90.2285507766129,24677.30078125,90.43118057688582,24825.099609375,6237500.0,345400.0
2025-05-30,91.22240447998047,24750.69921875,91.42503427941645,24863.94921875,90.29609367041719,24717.400390625,90.77854767716873,24812.599609375,4972200.0,853900.0
2025-06-02,91.27064514160156,24716.599609375,91.32854462813891,24754.400390625,89.66890167290357,24526.150390625,90.64346082436877,24669.69921875,6435800.0,311100.0
2025-06-03,91.08731842041016,24542.5,91.18380774992913,24845.099609375,90.27679185678997,24502.150390625,90.9425807452997,24786.30078125,5601100.0,349300.0
2025-06-04,91.32855987548828,24620.19921875,91.66627626307184,24644.25,90.59522760411747,24530.44921875,91.19347332045486,24560.44921875,4015600.0,280900.0
2025-06-05,91.25135803222656,24750.900390625,91.75310700129847,24899.849609375,90.80750119298405,24613.099609375,91.53118226250947,24691.19921875,4965600.0,388400.0
2025-06-06,91.6276626586914,25003.05078125,92.0715194546237,25029.5,91.15485980066889,24671.44921875,91.78205147205766,24748.69921875,3817800.0,335600.0
2025-06-09,91.72415924072266,25103.19921875,92.26451276857759,25160.099609375,91.02942424895515,25077.150390625,91.50223450603627,25160.099609375,6155000.0,279200.0
2025-06-10,92.5443344116211,25104.25,92.57328047519306,25199.30078125,91.80135109217457,25055.44921875,92.00398089884249,25196.05078125,5631200.0,307300.0
2025-06-11,92.0618896484375,25141.400390625,93.01714665072535,25222.400390625,91.6952198418704,25081.30078125,92.73732240527438,25134.150390625,3757300.0,301200.0
2025-06-12,92.53468322753906,24888.19921875,92.63117255995618,25196.19921875,91.86889431903184,24825.900390625,91.93643758789024,25164.44921875,3829400.0,328300.0
2025-06-13,91.72415924072266,24718.599609375,92.38994816811058,24754.349609375,91.10661866174364,24473.0,91.92678905304412,24473.0,5740500.0,318700.0
2025-06-16,91.74840545654297,24946.5,92.87356129164952,24967.099609375,91.44772057656053,24703.599609375,92.16548806435677,24732.349609375,6211900.0,305800.0
2025-06-17,91.40892028808594,24853.400390625,91.9908941201863,24982.05078125,91.06943616937728,24813.69921875,91.71930682521939,24977.849609375,4366000.0,242400.0
2025-06-18,91.70960998535156,24812.05078125,92.37887654335337,24947.55078125,91.1858313311337,24750.44921875,91.5835106018074,24788.349609375,4267900.0,237600.0
2025-06-19,,24793.25,,24863.099609375,,24733.400390625,,24803.25,,274600.0
2025-06-20,91.70960998535156,25112.400390625,92.47587094594219,25136.19921875,91.52531544029382,24783.650390625,92.03939243419325,24787.650390625,5587500.0,574700.0
2025-06-23,92.9899673461914,24971.900390625,93.06755843816129,25057.0,91.70962182619441,24824.849609375,91.79691457973534,24939.75,4798100.0,248500.0
2025-06-24,93.3585433959961,25044.349609375,93.65922828458443,25317.69921875,92.61167830491571,24999.69921875,93.09665775112869,25179.900390625,4600200.0,450200.0
2025-06-25,91.24403381347656,25244.75,92.86386340728993,25266.80078125,91.14703940310555,25125.05078125,92.85416914639224,25150.349609375,8770100.0,260600.0
2025-06-26,91.1373291015625,25549.0,91.45741728561953,25565.30078125,90.08007754841458,25259.900390625,91.45741728561953,25268.94921875,11713700.0,428900.0
2025-06-27,91.3022232055664,25637.80078125,92.23338280659868,25654.19921875,90.94334316986985,25523.55078125,91.25372970354728,25576.650390625,6663500.0,564000.0
2025-06-30,91.92300415039062,25517.05078125,91.99090097919486,25669.349609375,90.32257784283362,25473.30078125,91.3992328425861,25661.650390625,5805200.0,271000.0
2025-07-01,92.57288360595703,25541.80078125,93.26155356536503,25593.400390625,91.63202225008149,25501.80078125,91.78721183238498,25551.349609375,8372800.0,260700.0
2025-07-02,92.83475494384766,25453.400390625,92.96084692253191,25608.099609375,92.02968737174476,25378.75,92.40797070799584,25588.30078125,5912200.0,309800.0
2025-07-03,92.92205810546875,25405.30078125,93.24213889257025,25587.5,92.52437143636291,25384.349609375,92.84445962366294,25505.099609375,2864800.0,293400.0
2025-07-04,,25461.0,,25470.25,,25331.650390625,,25428.849609375,,193500.0
2025-07-07,92.16549682617188,25461.30078125,93.36825126084052,25489.80078125,91.6611214246847,25407.25,92.39829230396555,25450.44921875,6150600.0,196100.0
2025-07-08,92.06849670410156,25522.5,92.55347615247993,25548.05078125,91.6514140824882,25424.150390625,91.82600697991238,25427.849609375,5756800.0,210400.0
2025-07-09,92.16549682617188,25476.099609375,92.38859064234093,25548.69921875,91.74841417870766,25424.349609375,92.20429607247083,25514.599609375,4992100.0,239100.0
2025-07-10,92.66017150878906,25355.25,93.25184702326516,25524.05078125,91.91330642013182,25340.44921875,92.20428964679608,25511.650390625,6391800.0,219600.0
2025-07-11,92.62137603759766,25149.849609375,92.84446984730586,25322.44921875,91.69021635398825,25129.0,92.1751958183806,25255.5,6391300.0,250000.0
2025-07-14,93.17424011230469,25082.30078125,93.23244267253476,25151.099609375,92.44677101111506,25001.94921875,92.66016313149575,25149.5,4931800.0,259500.0
2025-07-15,91.8551025390625,25195.80078125,93.31004085214289,25245.19921875,91.69021130629447,25088.44921875,93.31004085214289,25089.5,8148600.0,241300.0
2025-07-16,92.7668685913086,25212.05078125,92.9026622452741,25255.30078125,91.89390410138805,25121.05078125,92.66987418136166,25196.599609375,8075100.0,228800.0
2025-07-17,92.64077758789062,25111.44921875,93.03845689298034,25238.349609375,92.2236949604848,25101.0,92.88326731544751,25230.75,5827000.0,243400.0
2025-07-18,92.92205810546875,24968.400390625,93.1742420710398,25144.599609375,92.48557219546001,24918.650390625,92.80566038276005,25108.55078125,4955200.0,317000.0
2025-07-21,93.18394470214844,25090.69921875,93.79501610228886,25111.400390625,92.98995589581139,24882.30078125,93.36823924830765,24999.0,6799000.0,305200.0
2025-07-22,94.85227966308594,25060.900390625,94.92987814945177,25182.0,93.42643892695939,25035.55078125,93.48463409163429,25166.650390625,6597700.0,483700.0
2025-07-23,95.065673828125,25219.900390625,95.21116914311443,25233.5,94.66798712716718,25085.5,95.07536808897827,25139.349609375,5583400.0,271500.0
2025-07-24,94.82318878173828,25062.099609375,95.22086810211829,25246.25,94.68739512110126,25018.69921875,95.00747594963168,25243.30078125,7756900.0,338700.0
2025-07-25,94.80377960205078,24837.0,95.03657506321828,25010.349609375,93.83382071444993,24806.349609375,94.95897657616244,25010.349609375,7058300.0,278100.0
2025-07-28,93.20335388183594,24680.900390625,94.78439173917621,24889.19921875,93.16456203520889,24646.599609375,94.78439173917621,24782.44921875,6455700.0,262100.0
2025-07-29,94.78438568115234,24821.099609375,94.8716784307835,24847.150390625,93.242147169209,24598.599609375,93.87262193949779,24609.650390625,11391500.0,284700.0
2025-07-30,93.41673278808594,24855.05078125,94.84257345586333,24902.30078125,92.84446062901807,24771.94921875,94.59038208736291,24890.400390625,9450900.0,243900.0
2025-07-31,92.02970123291016,24768.349609375,93.36824930143486,24956.5,91.91331089665542,24635.0,92.79596968078458,24642.25,11401500.0,346300.0
2025-08-01,91.90360260009766,24565.349609375,93.15485042589594,24784.150390625,91.29253117827942,24535.05078125,93.14514876517534,24734.900390625,13441000.0,263400.0
2025-08-04,92.83475494384766,24722.75,93.08694630141447,24736.25,92.06848661138568,24554.0,92.23337782971086,24596.05078125,7438700.0,259300.0
2025-08-05,93.06755065917969,24649.55078125,93.33914535907154,24733.099609375,92.52437605979377,24590.30078125,92.90265942725166,24720.25,8608200.0,251800.0
2025-08-06,92.40797424316406,24574.19921875,93.32943956944138,24671.400390625,92.39827998303168,24539.19921875,93.2324451667276,24641.349609375,9069900.0,225100.0
2025-08-07,92.7668685913086,24596.150390625,92.89296058421968,24634.19921875,92.17519307037351,24344.150390625,92.84446707934578,24464.19921875,8007800.0,616700.0
2025-08-08,91.95211029052734,24363.30078125,92.97056273539683,24585.5,91.79691330833805,24337.5,92.76687224642293,24544.25,6343700.0,312600.0
2025-08-11,91.33132934570312,24585.05078125,92.06849274741495,24600.849609375,91.28282844287,24347.44921875,91.6611118043323,24371.5,6155000.0,241100.0
2025-08-12,91.67082214355469,24487.400390625,91.75811489667991,24702.599609375,90.82695519568006,24465.650390625,91.6223212361299,24563.349609375,9559300.0,237000.0
2025-08-13,92.5243911743164,24619.349609375,92.60198967267607,24664.55078125,91.48653530940634,24535.25,91.8842220633495,24586.19921875,8513600.0,236000.0
2025-08-14,91.83570861816406,24631.30078125,92.0588024204504,24673.650390625,91.25373476029415,24596.900390625,91.89390378389133,24607.25,8038400.0,270200.0
2025-08-15,92.42738342285156,,92.66987314510686,,91.79690866494799,,91.96179990003382,,7366800.0,
2025-08-18,91.52532196044922,24876.94921875,92.52437843866288,25022.0,91.52532196044922,24852.849609375,92.44677995098438,24938.19921875,6146500.0,363100.0
2025-08-19,93.16455078125,24980.650390625,93.18394670222057,25012.650390625,91.93269889395404,24873.94921875,92.01029737823384,24891.349609375,6570900.0,252300.0
2025-08-20,93.51374053955078,25050.55078125,94.21210472718988,25088.69921875,93.20334658922351,24929.69921875,93.46523963476237,24965.80078125,8772100.0,287100.0
2025-08-21,93.10635375976562,25083.75,93.49433880405934,25153.650390625,92.76686962108334,25054.900390625,92.94146252100555,25142.0,5654300.0,226500.0
2025-08-22,94.78438568115234,24870.099609375,95.23056589084308,25084.849609375,93.55253372378513,24859.150390625,93.79502345080397,25064.150390625,8159500.0,210200.0
2025-08-25,94.2412109375,24967.75,94.89108162901313,25021.55078125,94.11511154348756,24894.349609375,94.6679878243598,24949.150390625,5940800.0,213000.0
2025-08-26,93.92112731933594,24712.05078125,94.45460030407224,24919.650390625,93.71743682696031,24689.599609375,94.26061147329531,24899.5,6018500.0,750500.0
2025-08-27,94.4157943725586,,94.77468182430357,,94.1054078251734,,94.20240963389297,,5745300.0,
2025-08-28,94.1830062866211,24500.900390625,94.5709913207975,24702.650390625,93.66892926142194,24481.599609375,94.50309449483156,24695.80078125,4935600.0,326600.0
2025-08-29,94.706787109375,24426.849609375,94.74558635368788,24572.44921875,94.16361248939307,24404.69921875,94.29940614438856,24466.69921875,5888600.0,325500.0
2025-09-01,,24625.05078125,,24635.599609375,,24432.69921875,,24432.69921875,,229300.0
2025-09-02,93.08695220947266,24579.599609375,93.97931257725537,24756.099609375,92.77656567284394,24522.349609375,93.95991665630304,24653.0,8576200.0,271600.0
2025-09-03,93.14514923095703,24715.05078125,93.38763894879257,24737.05078125,92.7668658631495,24533.19921875,92.9123611738906,24616.5,6985100.0,340300.0
2025-09-04,93.80472564697266,24734.30078125,93.9211233806773,24980.75,92.93176114468592,24708.19921875,93.5331383351944,24980.75,7435900.0,314100.0
2025-09-05,94.82318878173828,24741.0,95.30816825549893,24832.349609375,94.21210990867219,24621.599609375,94.45459964555252,24818.849609375,9763300.0,210100.0
2025-09-08,94.27030944824219,24773.150390625,94.30910869292015,24885.5,93.53313859975944,24751.55078125,93.69802983949134,24802.599609375,9730400.0,213200.0
2025-09-09,94.09571075439453,24868.599609375,94.15390591772913,24891.80078125,93.71742739232207,24814.0,94.1151066754398,24864.099609375,6814000.0,226900.0
2025-09-10,93.95991516113281,24973.099609375,94.66798096770655,25035.69921875,93.82412151603104,24915.05078125,94.18300154942916,24991.0,5687600.0,244100.0
2025-09-11,95.50215911865234,25005.5,95.6379527821811,25037.30078125,94.10541583641402,24940.150390625,94.14421508316505,24945.5,7086600.0,224600.0
2025-09-12,95.04627227783203,25114.0,95.5506550591713,25139.44921875,94.93957620486408,25038.05078125,95.3663604967359,25074.44921875,4856600.0,225700.0
2025-09-15,94.89107513427734,25069.19921875,95.47304895848924,25138.44921875,94.6194878429917,25048.75,95.31785199192677,25118.900390625,5732400.0,185400.0
2025-09-16,94.43719482421875,25239.099609375,95.07165808763442,25261.400390625,94.17365244093041,25070.44921875,94.89596068310415,25073.599609375,11477000.0,240100.0
2025-09-17,94.32981872558594,25330.25,95.81348727265667,25346.5,94.21268464649707,25275.349609375,94.73002124387928,25276.599609375,7424400.0,268900.0
2025-09-18,94.36886596679688,25423.599609375,94.79835015470607,25448.94921875,94.09556055522336,25329.75,94.32982127271295,25441.05078125,5939400.0,272200.0
2025-09-19,93.8320083618164,25327.05078125,94.60312429471496,25428.75,93.7832080807046,25286.30078125,94.43718993431006,25410.19921875,4777700.0,380400.0
2025-09-22,93.8613052368164,25202.349609375,94.05652127145127,25331.69921875,93.25612361422532,25151.05078125,93.65631871933111,25238.099609375,4375700.0,254500.0
2025-09-23,94.4957504272461,25169.5,94.67144781742962,25261.900390625,93.86129466265169,25084.650390625,93.98818432616785,25209.0,4379800.0,299200.0
2025-09-24,93.5489501953125,25056.900390625,94.417681679863,25149.849609375,93.52943157012707,25027.44921875,94.38839257156299,25108.75,5317900.0,244400.0
2025-09-25,93.295166015625,24890.849609375,93.94914790728059,25092.69921875,93.22683966048209,24878.30078125,93.62703475574365,25034.5,6528100.0,342500.0
2025-09-26,94.2517318725586,24654.69921875,94.3981476136012,24868.599609375,93.44157867321555,24629.44921875,93.64655773186962,24818.55078125,5956300.0,291500.0
2025-09-29,94.33959197998047,24634.900390625,94.50552635807098,24791.30078125,93.90034472107583,24606.19921875,94.39815530236193,24728.55078125,5733100.0,394400.0
2025-09-30,94.75930786132812,24611.099609375,94.75930786132812,24731.80078125,94.02723658448909,24587.69921875,94.49575803133817,24691.94921875,7019000.0,303000.0
2025-10-01,94.80810546875,24836.30078125,95.16926330272123,24867.94921875,94.49575536399598,24605.94921875,94.69097883385095,24620.55078125,5928900.0,308900.0
2025-10-02,94.31031036376953,,94.57385276162637,,93.7539364598366,,94.42743700858833,,7053900.0,
2025-10-03,94.72026824951172,24894.25,95.4132948684696,24904.80078125,94.4762444774696,24747.55078125,94.50552613859233,24759.55078125,5154300.0,365900.0
2025-10-06,93.70512390136719,25077.650390625,94.8178716519348,25095.94921875,93.70512390136719,24881.650390625,94.8178716519348,24916.55078125,6187200.0,268800.0
2025-10-07,93.44158172607422,25108.30078125,93.90034014070883,25220.900390625,93.06089780812044,25076.30078125,93.90034014070883,25085.30078125,5417400.0,288000.0
2025-10-08,93.0316162109375,25046.150390625,93.36349239816774,25192.5,92.78759245006775,25008.5,92.85591880523071,25079.75,7233300.0,227400.0
2025-10-09,92.54356384277344,25181.80078125,93.28539812213224,25199.25,92.30930312977048,25024.30078125,93.28539812213224,25074.30078125,5294900.0,286300.0
2025-10-10,91.45034790039062,25285.349609375,92.97305380005564,25330.75,91.3917771332398,25156.849609375,92.80711942832583,25167.650390625,9854100.0,232900.0
2025-10-13,92.00672149658203,25227.349609375,92.08480344084987,25267.30078125,91.33321352904906,25152.30078125,91.57723729154486,25177.30078125,5854000.0,234300.0
2025-10-14,92.96329498291016,25145.5,93.07066603937574,25310.349609375,91.81150247020042,25060.55078125,91.94815518806305,25277.55078125,6576400.0,292100.0
2025-10-15,94.30054473876953,25323.55078125,94.54456850479532,25365.150390625,93.16827088984296,25159.349609375,93.32444967466635,25181.94921875,6950300.0,289900.0
2025-10-16,94.01747131347656,25585.30078125,94.83739499648799,25625.400390625,93.84177391333226,25376.849609375,94.50551881976476,25394.900390625,6237900.0,372800.0
2025-10-17,94.63241577148438,25709.849609375,94.73978682689001,25781.5,93.66608371984816,25508.599609375,94.0272415832139,25546.849609375,5658600.0,422100.0
2025-10-20,95.62803649902344,25843.150390625,95.63779953502015,25926.19921875,94.86668352559883,25788.5,95.13998895739078,25824.599609375,4121700.0,301100.0
2025-10-21,95.2863998413086,25868.599609375,95.91110006692266,25934.349609375,95.15950272087774,25825.80078125,95.5108975286624,25901.19921875,4104800.0,42500.0
2025-10-22,95.70611572265625,,95.85252401197621,,95.18877912800879,,95.64754495991457,,6127900.0,
2025-10-23,95.5987548828125,25891.400390625,96.03799469168176,26104.19921875,94.78859417603947,25862.44921875,95.84277865374308,26057.19921875,4067500.0,448400.0
2025-10-24,95.8232421875,25795.150390625,96.37961602698958,25944.150390625,95.8232421875,25718.19921875,96.21368166803967,25935.099609375,4488400.0,284900.0
2025-10-27,96.14535522460938,25966.05078125,96.14535522460938,26005.94921875,95.47184730750428,25827.0,95.95989479595407,25843.19921875,6274200.0,266300.0
2025-10-28,94.12484741210938,25936.19921875,95.95990345331167,26041.69921875,94.09556575168283,25810.05078125,95.8037321153653,25939.94921875,11003000.0,395200.0
2025-10-29,91.74317169189453,26053.900390625,93.65631709682751,26097.849609375,91.45034764501511,25960.30078125,93.24635896298777,25982.0,11430700.0,321900.0
2025-10-30,92.12384796142578,25877.849609375,92.80711896332413,26032.05078125,91.51867379767532,25845.25,91.7138898284953,25984.400390625,8772800.0,257400.0
2025-10-31,92.39715576171875,25722.099609375,92.73878752041976,25953.75,91.39177166180747,25711.19921875,91.71388479730291,25863.80078125,7858700.0,334400.0
2025-11-03,92.29954528808594,25763.349609375,92.41667937468507,25803.099609375,91.08918951461834,25645.5,91.46986598729778,25696.849609375,5586600.0,23300.0
2025-11-04,92.50452423095703,25597.650390625,92.64118438864747,25787.400390625,92.05552140344736,25578.400390625,92.55333196206178,25744.75,8916600.0,305100.0
2025-11-05,92.49475860595703,,92.86567200225784,,91.98718506679444,,92.72901930640947,,7453100.0,
2025-11-06,92.00672149658203,25509.69921875,92.78759306836007,25679.150390625,92.00672149658203,25491.55078125,92.42644266595539,25593.349609375,5895700.0,371900.0
2025-11-07,93.38301849365234,25492.30078125,93.40254456641209,25551.25,92.14338096594052,25318.44921875,92.36787867357414,25433.80078125,6566800.0,305600.0
2025-11-10,93.20731353759766,25574.349609375,93.60751607965145,25653.44921875,92.67046573234802,25503.5,93.22683960877862,25503.5,6180100.0,243600.0
2025-11-11,94.31031036376953,25694.94921875,94.3493550610473,25715.80078125,93.58799463465239,25449.25,93.71489176255882,25617.0,7027900.0,297700.0
2025-11-12,93.5391845703125,25875.80078125,94.1834033905169,25934.55078125,93.50990291216873,25781.150390625,93.74416362433271,25834.30078125,7590100.0,312600.0
2025-11-13,92.39715576171875,25879.150390625,93.44157710804116,26010.69921875,92.28002168144391,25808.400390625,93.13898259575129,25906.099609375,7856600.0,385200.0
2025-11-14,92.61189270019531,25910.05078125,92.81687176049583,25940.19921875,92.12384519080913,25740.80078125,92.74854540706232,25767.900390625,6154800.0,518900.0
2025-11-17,91.98719024658203,26013.44921875,92.96328524161329,26024.19921875,91.74316649782422,25906.349609375,92.96328524161329,25948.19921875,5884900.0,281800.0
2025-11-18,92.41667938232422,25910.05078125,92.63142148426662,26029.849609375,91.73341582797495,25876.5,91.98719517843942,26021.80078125,8615400.0,280000.0
2025-11-19,91.7041244506836,26052.650390625,92.45572178887421,26074.650390625,91.39177434114066,25856.19921875,92.38739543513088,25918.099609375,5497400.0,250100.0
2025-11-20,91.39177703857422,26192.150390625,92.78759326082609,26246.650390625,91.36249537853627,26063.19921875,92.27026407478418,26132.099609375,7590500.0,240400.0
2025-11-21,92.79735565185547,26068.150390625,93.12923183968005,26179.19921875,91.55771822110336,26052.19921875,91.8603053020792,26109.55078125,9471800.0,235600.0
2025-11-24,92.92424774169922,25959.5,93.07066349169112,26142.80078125,92.26050279581503,25912.150390625,92.8656844205082,26122.80078125,6191800.0,464700.0
2025-11-25,93.79297637939453,25884.80078125,94.16389729058238,26032.599609375,93.16827609920051,25857.5,93.22684687029134,25998.5,10669000.0,260500.0
2025-11-26,94.21268463134766,26205.30078125,94.71049515862813,26215.150390625,93.5196580859642,25842.94921875,93.54893974397827,25842.94921875,5241200.0,275300.0
2025-11-27,,26215.55078125,,26310.44921875,,26141.900390625,,26261.25,,240300.0
2025-11-28,94.58361053466797,26202.94921875,94.85691595339003,26280.75,94.10532605190437,26172.400390625,94.10532605190437,26237.44921875,4506200.0,202500.0
2025-12-01,93.50015258789062,26175.75,94.05652650929933,26325.80078125,93.44158926364175,26124.19921875,93.67585000765204,26325.80078125,7781800.0,213800.0
2025-12-02,93.20731353759766,26032.19921875,93.86130287590473,26154.599609375,92.86568176207258,25997.849609375,93.70512409451374,26087.94921875,7746200.0,254800.0
2025-12-03,93.48062896728516,25986.0,93.66608942829126,26066.44921875,93.02187050361029,25891.0,93.19756792798054,26004.900390625,5558200.0,265700.0
2025-12-04,93.24635314941406,26033.75,93.90033500505368,26098.25,93.13898210481487,25938.94921875,93.31467950079411,25981.849609375,5834100.0,248100.0
2025-12-05,93.18779754638672,26186.44921875,93.63680038505082,26202.599609375,92.99257406413207,25985.349609375,93.11947118935119,25999.80078125,6028700.0,249300.0
2025-12-08,92.38739776611328,25960.55078125,93.15851374753736,26178.69921875,92.34835307055855,25892.25,93.15851374753736,26159.80078125,7613400.0,320700.0
2025-12-09,91.90911102294922,25839.650390625,93.15851146199122,25923.650390625,91.86030329294968,25728.0,92.68998257384345,25867.099609375,6332600.0,276000.0
2025-12-10,92.25074768066406,25758.0,92.8559218614504,25947.650390625,92.06528723325435,25734.55078125,92.28979237733003,25864.05078125,6049300.0,207900.0
2025-12-11,92.62165832519531,25898.55078125,92.98281617316388,25922.80078125,92.3093082083356,25693.25,92.49476865013219,25771.400390625,6968000.0,206100.0
2025-12-12,92.49475860595703,26046.94921875,93.363482506856,26057.599609375,92.25073487094016,25938.44921875,93.06088801146598,25971.19921875,6818500.0,216300.0
2025-12-15,92.80712127685547,26027.30078125,93.01210034843051,26047.150390625,92.12385025792427,25904.75,92.86568459815851,25930.05078125,5865000.0,181600.0
2025-12-16,92.02107238769531,25860.099609375,93.09475399701229,25980.75,91.91271899092531,25834.349609375,92.91744912185662,25951.5,6298800.0,264400.0
2025-12-17,92.44462585449219,25818.55078125,92.77953837506497,25929.150390625,91.92256363124189,25770.349609375,92.080171291546,25902.400390625,6696900.0,206500.0
2025-12-18,91.93241119384766,25815.55078125,93.04548705488952,25902.349609375,91.85360736780581,25726.30078125,92.85832984682673,25764.69921875,6719600.0,197600.0
2025-12-19,91.6270523071289,25966.400390625,92.24762307077567,25993.349609375,91.59750274984036,25880.44921875,91.75511040890838,25911.5,7238200.0,382900.0
2025-12-22,92.20822143554688,26172.400390625,92.32642718020624,26180.69921875,91.29214758109065,26047.80078125,91.52855155526252,26055.849609375,6096200.0,253000.0
2025-12-23,92.13926696777344,26177.150390625,92.30671946423675,26233.55078125,91.80435445970024,26119.05078125,92.30671946423675,26205.19921875,5873500.0,216600.0
2025-12-24,92.80908966064453,26142.099609375,92.93714025066569,26236.400390625,92.20822359605435,26123.0,92.20822359605435,26170.650390625,2939100.0,188800.0
2025-12-26,92.9075927734375,26042.30078125,92.96669189090214,26144.19921875,92.47417920497104,26008.599609375,92.74999262181609,26121.25,2635100.0,142200.0
2025-12-29,93.08489227294922,25942.099609375,93.37055051613355,26106.80078125,92.82878358679314,25920.30078125,93.29174668729371,26063.349609375,5173300.0,234300.0
2025-12-30,93.29174041748047,25938.849609375,93.33114232925232,25976.75,92.9568354401391,25878.0,93.17353468216491,25940.900390625,3506800.0,396900.0
2025-12-31,92.48402404785156,26129.599609375,93.29174448653883,26187.94921875,92.46432684867965,25969.0,93.29174448653883,25971.05078125,4916200.0,246300.0
2026-01-01,,26146.55078125,,26197.55078125,,26113.400390625,,26173.30078125,,425600.0
2026-01-02,92.58252716064453,26328.55078125,92.887890118291,26340.0,91.84375817512837,26118.400390625,92.46432893265586,26155.099609375,5553600.0,357500.0
2026-01-05,92.72042846679688,26250.30078125,93.10458773127279,26373.19921875,91.89301082489388,26210.05078125,92.32642436026018,26333.69921875,8210600.0,338800.0
2026-01-06,93.37054443359375,26178.69921875,93.59709603281634,26273.94921875,92.29686300224859,26124.75,92.45447064966105,26189.69921875,8150500.0,383000.0
2026-01-07,92.37567138671875,26140.75,94.04036654775729,26187.150390625,92.36581902948247,26067.900390625,93.7842578656406,26143.099609375,10601600.0,338200.0
2026-01-08,93.1636962890625,25876.849609375,93.53800320408399,26133.19921875,91.87330801344329,25858.44921875,92.04076802885125,26106.5,5441900.0,328500.0
2026-01-09,93.3212890625,25683.30078125,93.90245786153473,25940.599609375,93.2523375963582,25623.0,93.2523375963582,25840.400390625,5267300.0,348800.0
2026-01-12,93.46904754638672,25790.25,93.87291151555515,25813.150390625,93.20309402936212,25473.400390625,93.46904754638672,25669.05078125,5247300.0,275800.0
2026-01-13,94.00096130371094,25732.30078125,94.07976512851602,25899.80078125,92.64162914398197,25603.30078125,93.51830102828598,25897.349609375,7050400.0,339500.0
2026-01-14,94.90718841552734,25665.599609375,94.93673797280864,25791.75,93.95171264931558,25603.94921875,94.00096692154897,25648.55078125,6304300.0,393100.0
2026-01-15,95.57701110839844,,95.96117040413833,,95.06480121912766,,95.3997062399687,,5639600.0,
2026-01-16,96.83784484863281,25694.349609375,96.98560016193613,25873.5,95.28151042526031,25662.400390625,95.3110599848915,25696.05078125,7273500.0,434000.0
2026-01-19,,25585.5,,25653.30078125,,25494.349609375,,25653.099609375,,443100.0
2026-01-20,94.96629333496094,25232.5,96.25667408065102,25585.0,94.88748950686546,25171.349609375,96.00056539691406,25580.30078125,7989100.0,409800.0
2026-01-21,95.20269775390625,25157.5,95.79371143712136,25300.94921875,94.50333068533459,24919.80078125,95.62625893798732,25141.0,12414700.0,395600.0
2026-01-22,94.3260269165039,25289.900390625,95.57700576848147,25435.75,94.28662500181566,25168.5,95.3307494380401,25344.150390625,5703800.0,486400.0
2026-01-23,94.60183715820312,25048.650390625,94.7003381918838,25347.94921875,93.90247004937903,25025.30078125,94.26692462551225,25344.599609375,4445300.0,393900.0
2026-01-26,94.50334167480469,,95.14360218890583,,94.36543871652312,,94.8480990705086,,4752700.0,
2026-01-27,94.59197998046875,25175.400390625,94.74958763844484,25246.650390625,94.13886923650765,24932.55078125,94.64123425237297,25063.349609375,6117200.0,618700.0
2026-01-28,93.65620422363281,25342.75,94.8086819828016,25372.099609375,93.42964510547704,25187.650390625,94.53287611036598,25258.849609375,7390700.0,574900.0
2026-01-29,94.82838439941406,25418.900390625,94.94659014345349,25458.150390625,93.60695510492724,25159.80078125,94.15856688015094,25345.0,7191800.0,582400.0
2026-01-30,94.769287109375,25320.650390625,94.85794329789799,25370.69921875,93.68576073783508,25213.650390625,94.58212988982964,25247.55078125,9894200.0,508400.0
2026-02-02,93.80396270751953,25088.400390625,95.2026968311049,25108.099609375,93.76456079366756,24679.400390625,95.005687261845,24796.5,10102200.0,449200.0
2026-02-03,93.57740783691406,25727.55078125,94.15856918357802,26341.19921875,92.99624649025009,25641.30078125,93.63650695280613,26308.05078125,11092900.0,637300.0
2026-02-04,94.91703796386719,25776.0,95.35045149822393,25818.55078125,93.78425737234623,25563.94921875,94.0896128087449,25675.05078125,10556500.0,429800.0
2026-02-05,94.7003402709961,25642.80078125,95.29135400120279,25757.650390625,94.13887610002763,25579.5,94.7101926291246,25755.900390625,9699900.0,343800.0
2026-02-06,96.19757843017578,25693.69921875,96.30592430377406,25703.94921875,95.21255308896234,25491.900390625,95.38000559333335,25605.80078125,6132600.0,375500.0
2026-02-09,96.59158325195312,25867.30078125,96.68023944117887,25922.25,95.49820451410004,25780.900390625,96.03997146173788,25888.69921875,4903600.0,359400.0
2026-02-10,97.83271789550781,25935.150390625,98.07897423410053,25989.44921875,96.53248472834416,25870.44921875,96.53248472834416,25922.650390625,7641400.0,460900.0
2026-02-11,97.44855499267578,25953.849609375,98.23657825299159,26009.400390625,97.31065204939253,25899.80078125,98.14792206651136,25997.44921875,9283200.0,331400.0
2026-02-12,97.38945770263672,25807.19921875,99.32010645991164,25906.69921875,97.28110431443508,25752.400390625,98.67983848830565,25906.69921875,20971100.0,419400.0
2026-02-13,98.71923065185547,25471.099609375,99.12308709195659,25630.349609375,97.36974336901588,25444.30078125,97.77360732426317,25571.150390625,9641100.0,453500.0
2026-02-16,,25682.75,,25697.0,,25372.69921875,,25423.599609375,,275800.0
2026-02-17,99.69441223144531,25725.400390625,99.75351134609241,25764.400390625,98.51238484762246,25570.30078125,99.12309573936732,25637.94921875,7926000.0,344100.0
2026-02-18,98.51239013671875,25819.349609375,99.63531846618415,25828.05078125,98.31538055207301,25645.150390625,99.39891447975648,25752.650390625,8551100.0,310200.0
2026-02-19,98.3350830078125,25454.349609375,98.94579391830861,25885.30078125,97.88197224626322,25388.75,98.29568109178904,25873.349609375,6579600.0,298200.0
2026-02-20,99.0344467163086,25571.25,99.0442990737638,25663.55078125,98.25627581057763,25379.75,98.39417875436318,25406.55078125,7190900.0,296600.0
2026-02-23,99.00489807128906,25713.0,99.84216809917194,25771.44921875,98.63058363601077,25609.349609375,98.837438053595,25678.400390625,7073900.0,313700.0
2026-02-24,99.25115966796875,25424.650390625,99.39891497840748,25641.80078125,98.55179254804916,25327.599609375,98.76849181952574,25641.80078125,5886800.0,439100.0
2026-02-25,98.86698913574219,25482.5,99.43829808129546,25652.599609375,98.48282988134154,25428.19921875,99.10339309649342,25512.599609375,6401600.0,414200.0
2026-02-26,99.53681945800781,25496.55078125,99.69441961378591,25572.94921875,98.93595336411231,25400.94921875,99.4186137048137,25556.30078125,5522100.0,405200.0
2026-02-27,99.76336669921875,25178.650390625,100.26573173424427,25476.400390625,99.17235298956071,25141.30078125,99.31025593797602,25459.849609375,7241300.0,438900.0
2026-03-02,100.01947021484375,24865.69921875,100.27557889798364,24989.349609375,98.61088373029433,24603.5,98.9654934407506,24659.25,12055700.0,519200.0
2026-03-03,99.44815063476562,,99.8126126911349,,97.67510965290806,,98.53207683050464,,12429500.0,
2026-03-04,99.5466537475586,24480.5,99.64516228901725,24602.44921875,98.5025293413868,24305.400390625,99.21174875506824,24388.80078125,10181700.0,599000.0
2026-03-05,98.67984008789062,24765.900390625,98.78819347784867,24854.19921875,97.85241488413357,24529.400390625,98.54193713978896,24615.94921875,12793800.0,504300.0
2026-03-06,97.53720092773438,24450.44921875,97.88196579141737,24700.900390625,97.02499108350119,24415.75,97.85240871998862,24656.400390625,11883900.0,433400.0
2026-03-09,97.74407196044922,24028.05078125,98.0494274240156,24078.150390625,95.43910865874159,23697.80078125,96.49308551685331,23868.05078125,9613600.0,526900.0
2026-03-10,97.63571166992188,24261.599609375,98.48283403979224,24303.80078125,96.98559135647156,24079.94921875,97.25155239930005,24280.80078125,9056400.0,444300.0
2026-03-11,96.5423355102539,23866.849609375,97.23185024099963,24299.0,96.26652961795561,23834.30078125,97.1333492101998,24231.849609375,8628900.0,407400.0
2026-03-12,95.86266326904297,23639.150390625,96.60143225462903,23833.150390625,95.5474554691321,23556.30078125,95.69521076927867,23674.849609375,8282600.0,501000.0
2026-03-13,96.03997039794922,23151.099609375,97.2613997121025,23492.400390625,95.9513217248524,23112.0,96.81814131632458,23462.5,8073300.0,519800.0
2026-03-16,96.77873229980469,23408.80078125,97.4978040500198,23502.0,96.65068172078945,22955.25,96.86738096639685,23116.099609375,7510100.0,540300.0
2026-03-17,97.16891479492188,23581.150390625,97.9196298444029,23656.80078125,97.08988977826901,23346.599609375,97.4257347946831,23493.19921875,9420900.0,458800.0
2026-03-18,95.6575927734375,23777.80078125,96.88245796331259,23862.25,95.60820778857777,23618.44921875,96.83306544221223,23632.900390625,8072600.0,382900.0
2026-03-19,95.2921142578125,23002.150390625,95.83539430306939,23378.69921875,94.79821919690231,22930.349609375,95.33162676703418,23197.75,10670600.0,550100.0
2026-03-20,92.3089828491211,23114.5,95.31186569060635,23345.150390625,91.85460030245589,23067.599609375,95.30199321559049,23110.150390625,12543300.0,663300.0
2026-03-23,92.96092987060547,22512.650390625,94.2154200215599,22851.69921875,92.92141736099988,22471.25,93.75116499023576,22824.349609375,9426500.0,550300.0
2026-03-24,92.34849548339844,22912.400390625,93.29677308680232,23057.30078125,92.07191545776904,22624.19921875,92.34849548339844,22878.44921875,8481800.0,538100.0
2026-03-25,92.34849548339844,23306.44921875,93.04982555874172,23465.349609375,91.89411293611577,23063.19921875,92.68434804040592,23064.400390625,7197100.0,505400.0
2026-03-26,92.20032501220703,,93.01032013510878,,91.79533498699661,,92.16082003980053,,7426800.0,
2026-03-27,91.47924041748047,22819.599609375,92.53617550747457,23186.099609375,91.3211903864113,22804.55078125,92.05216047574575,23173.55078125,7776800.0,612600.0
2026-03-30,91.92374420166016,22331.400390625,93.1782418476891,22714.099609375,91.58789918539438,22283.849609375,92.46703177060817,22549.650390625,7503900.0,698600.0
2026-03-31,93.40543365478516,,94.10676375304976,,92.2892335045174,,92.86215359704028,,10777400.0,
2026-04-01,93.72152709960938,22679.400390625,94.09689218132803,22941.30078125,93.19799952378156,22618.599609375,93.4548270739721,22899.0,10911000.0,518000.0
2026-04-02,95.07479858398438,22713.099609375,95.18345609955102,22782.30078125,93.08933834236889,22182.55078125,93.18811584663662,22383.400390625,5593000.0,495100.0
2026-04-06,95.1933364868164,22968.25,95.51930149856325,22998.349609375,94.57102388861495,22542.94921875,94.70931390238404,22780.30078125,5048600.0,426400.0
2026-04-07,95.28223419189453,23123.650390625,95.66747173628468,23153.849609375,94.53151158959349,22719.30078125,94.9562616431827,22838.69921875,4685200.0,477000.0
2026-04-08,96.99111938476562,23997.349609375,97.11952939405835,24025.150390625,96.34905426582012,23828.5,96.61575429627145,23855.150390625,6755800.0,639300.0
2026-04-09,97.69244384765625,23775.099609375,98.49255142893827,23990.75,96.48733870196598,23682.80078125,96.68489371040286,23909.05078125,5300400.0,466600.0
2026-04-10,97.81097412109375,24050.599609375,98.13694666857377,24074.05078125,97.3961040804322,23856.349609375,97.64305160981272,23880.55078125,3885500.0,481300.0
2026-04-13,98.23572540283203,23842.650390625,98.24560541427827,23907.400390625,97.1886702767481,23555.599609375,97.49488280541628,23589.599609375,5518800.0,488800.0
2026-04-14,99.19387817382812,,99.29265567472838,,97.89987557868224,,98.1270630771288,,5568700.0,
2026-04-15,99.24327087402344,24231.30078125,99.29265585644383,24280.900390625,98.57157331593609,24145.80078125,99.15436584768234,24163.80078125,4728000.0,460300.0
2026-04-16,100.12240600585938,24196.75,100.23106352069948,24400.94921875,99.46058844182639,24102.80078125,99.54948593420077,24385.19921875,4417600.0,508000.0
2026-04-17,101.7226333618164,24353.55078125,101.84116335708708,24371.900390625,100.24094813100648,24096.05078125,100.51752816829247,24165.900390625,5843800.0,498600.0
2026-04-20,101.9695816040039,24364.849609375,101.99921410302608,24480.650390625,101.26824395802186,24241.25,101.26824395802186,24391.5,3527200.0,415900.0
2026-04-21,100.21131134033203,24576.599609375,102.05848170092469,24601.69921875,100.161926352784,24354.900390625,101.77202164267827,24374.55078125,6975000.0,425800.0
2026-04-22,99.40132141113281,24378.099609375,100.98179170126718,24515.94921875,98.96669886396263,24352.900390625,100.55704162963572,24470.849609375,5517400.0,440500.0
2026-04-23,100.41874694824219,24173.05078125,100.45825192104495,24310.19921875,99.37168429919673,24134.80078125,99.78655433979033,24202.349609375,5020100.0,467500.0
2026-04-24,100.17179870605469,23897.94921875,100.96202627257514,24206.0,100.08289367727986,23813.650390625,100.36935371362469,24100.55078125,3991400.0,438400.0
2026-04-27,99.59888458251953,24092.69921875,100.55704225257085,24130.69921875,99.47046703731208,23936.19921875,99.81619962557129,23945.44921875,4001400.0,430300.0
2026-04-28,100.49776458740234,23995.69921875,100.55703711918031,24181.80078125,99.21364195456819,23957.05078125,100.10264703259163,24049.900390625,5244800.0,554100.0
2026-04-29,99.66802978515625,24177.650390625,100.70520494321153,24334.69921875,99.2729122094129,24059.94921875,99.96436231478307,24096.900390625,4983900.0,531100.0
2026-04-30,101.37689971923828,23997.55078125,101.47568476258562,24087.44921875,99.50997695083268,23796.849609375,99.61863446952216,23996.94921875,8650100.0,505500.0
2026-05-01,101.11019897460938,,101.73250404755508,,100.81385891916436,,101.54482904626454,,5375500.0,
2026-05-04,100.38910675048828,24119.30078125,101.31763187088897,24290.19921875,100.0532617285292,24004.75,100.64593429073027,24063.55078125,3805700.0,419100.0
2026-05-05,100.69532775878906,24032.80078125,100.91264279209769,24081.69921875,99.95448516500454,23882.05078125,100.60642272868982,24052.599609375,3471800.0,363300.0
2026-05-06,102.01896667480469,24330.94921875,102.32517921327526,24356.5,101.23861154286402,23997.900390625,101.25837156638907,24171.0,4317900.0,429200.0
2026-05-07,101.30775451660156,24326.650390625,102.05847713440721,24482.099609375,100.79410695888656,24284.0,101.74238459052705,24398.5,4548700.0,440600.0
2026-05-08,101.51519012451172,24176.150390625,102.08811021865725,24253.80078125,101.45592512726934,24126.650390625,101.61397516823669,24233.650390625,4273200.0,335900.0
2026-05-11,101.5843276977539,23815.849609375,102.25602525021772,23997.44921875,101.26823517519682,23799.099609375,101.54482272664444,23970.099609375,4127700.0,390100.0
2026-05-12,101.5942153930664,23379.55078125,101.86092295378987,23757.55078125,100.91264531439252,23348.400390625,101.79177794475801,23722.599609375,5900500.0,447500.0
2026-05-13,100.76447296142578,23412.599609375,101.20897550406194,23582.94921875,100.2903303845387,23262.55078125,101.16946299463463,23362.44921875,9266400.0,415400.0
2026-05-14,100.09278106689453,23689.599609375,101.20898126080289,23777.19921875,100.03350853126187,23426.55078125,101.13983624943229,23530.25,6679300.0,428700.0
2026-05-15,98.58145141601562,23643.5,99.88533399923543,23839.30078125,98.47279390606063,23610.30078125,99.88533399923543,23731.400390625,7695900.0,408900.0
2026-05-18,99.67790985107422,23649.94921875,99.91497738215243,23695.650390625,98.77901717736455,23317.099609375,98.798769664854,23482.19921875,5194800.0,392000.0
2026-05-19,100.02362823486328,23618.0,100.27057576134145,23782.30078125,99.1346156322938,23587.19921875,99.56924569049231,23675.30078125,5231900.0,442000.0
2026-05-20,101.15959167480469,23659.0,101.18922417315346,23690.900390625,99.87546148059324,23397.30078125,100.08289650527527,23457.25,3865500.0,344100.0
2026-05-21,101.30775451660156,23654.69921875,101.40653955975968,23859.900390625,100.12240936111112,23596.599609375,100.87313197891677,23830.05078125,4862600.0,348200.0
2026-05-22,101.4657974243164,23719.30078125,101.93993243868789,23835.650390625,100.78421986288723,23671.0,101.6337199278963,23671.19921875,4142700.0,336100.0
2026-05-25,,24031.69921875,,24054.44921875,,23922.849609375,,23940.25,,351200.0
2026-05-26,101.86092376708984,23913.69921875,102.19676880328593,24089.80078125,101.46580619679264,23885.44921875,101.9695812873276,24004.099609375,5585700.0,387900.0
2026-05-27,101.53494262695312,23907.150390625,102.37456268273858,23983.19921875,101.5250626160643,23858.25,101.74237763817729,23880.349609375,4304400.0,531600.0
2026-05-28,101.06080627441406,,101.77201637723073,,100.83361876371691,,101.29788133284671,,4096300.0,
2026-05-29,100.1915512084961,23547.75,100.89288128259545,24002.80078125,99.80631366830406,23484.75,100.89288128259545,23902.150390625,6504800.0,1198000.0
2026-06-01,98.38389587402344,23382.599609375,99.70753857289773,23733.69921875,98.38389587402344,23357.94921875,99.45071102781931,23654.5,7729700.0,421700.0
2026-06-02,98.76913452148438,23483.55078125,98.92718456213287,23556.94921875,97.96902691536341,23229.150390625,98.37401695610389,23229.150390625,4393400.0,511900.0
2026-06-03,98.77900695800781,23405.599609375,99.69765202416689,23459.650390625,98.39376943377079,23151.5,98.53205944061278,23415.94921875,7678600.0,450100.0
2026-06-04,100.54715728759766,23416.55078125,100.60642228324103,23465.30078125,99.36180462104639,23247.30078125,100.04338221590736,23282.44921875,5266600.0,412500.0
2026-06-05,101.28800201416016,23366.69921875,102.04859710717226,23516.349609375,100.0927768472893,23282.650390625,100.201434365754,23478.94921875,6791800.0,366200.0
2026-06-08,99.84583282470703,23123.0,101.59421812073505,23267.30078125,99.68778277911032,23070.150390625,101.2781255657826,23080.69921875,8100400.0,375700.0
2026-06-09,102.22639465332031,23242.099609375,102.65114469492154,23279.400390625,100.30020698573351,23104.44921875,100.42861698482585,23259.05078125,8192700.0,402600.0
2026-06-10,102.25603485107422,23214.94921875,102.95737250207928,23425.349609375,102.22640235183982,23184.599609375,102.50298239301544,23233.94921875,7844700.0,380000.0
2026-06-11,102.1868896484375,23161.599609375,102.91785979730109,23327.44921875,101.75226710008285,23072.05078125,102.49310972451204,23104.400390625,8923000.0,363000.0
2026-06-12,103.09565734863281,23622.900390625,103.46113486916953,23645.349609375,102.41407975548411,23313.900390625,102.41407975548411,23412.55078125,4907100.0,351900.0
2026-06-15,102.32139587402344,23853.900390625,103.80042826209117,24011.400390625,102.08315667493777,23817.80078125,103.13536087111572,23984.849609375,8028600.0,398900.0
2026-06-16,102.57947540283203,23989.150390625,103.34381290163279,24002.599609375,102.23205270939839,23888.19921875,103.06587474688587,23923.900390625,5032300.0,327300.0
2026-06-17,99.87950134277344,24085.69921875,102.44050837214184,24108.19921875,99.65119066924315,23969.69921875,102.33131729870303,24044.5,7734600.0,352700.0
2026-06-18,99.71074676513672,24168.0,100.792728973767,24189.25,99.63134127159026,24036.94921875,100.792728973767,24073.80078125,5268800.0,340000.0
2026-06-19,,24013.099609375,,24047.19921875,,23901.900390625,,23991.19921875,,447900.0
2026-06-22,100.86221313476562,24102.900390625,101.29897742724033,24168.05078125,99.70082543695446,24073.150390625,100.17728868942972,24106.599609375,4525300.0,252800.0
2026-06-23,102.2320556640625,23824.099609375,102.430588332653,24135.5,101.01111193853042,23784.94921875,101.01111193853042,24071.30078125,4736700.0,340100.0
2026-06-24,102.09308624267578,24021.650390625,102.76808216714169,24090.05078125,101.59676593272282,23789.25,102.70852615338634,23795.80078125,5904700.0,395600.0
2026-06-25,102.34124755859375,24056.0,102.69859879167336,24261.599609375,101.27912238617571,24039.0,102.60926477002697,24125.849609375,4386500.0,448800.0
2026-06-26,103.86991119384766,,103.99895174475293,,102.80778606075224,,103.22469329282781,,5327000.0,
2026-06-29,103.32395935058594,23946.25,103.72101711650151,24120.0,102.42066031704378,23924.55078125,103.60190508799973,24061.75,6485900.0,588500.0
2026-06-30,101.49750518798828,23865.75,102.4107327569415,24035.55078125,101.41809211940617,23829.19921875,102.16257259755767,24032.05078125,8125000.0,449000.0
2026-07-01,101.95411682128906,24005.849609375,102.70852581040748,24049.900390625,101.41808997954021,23895.099609375,101.41808997954021,23897.650390625,6104100.0,352100.0
2026-07-02,103.24455261230469,24175.69921875,103.26440209240022,24194.55078125,102.27176147619221,24058.80078125,102.50007215014868,24062.19921875,5575800.0,372900.0
2026-07-03,,24270.849609375,,24378.150390625,,24252.349609375,,24375.650390625,,326600.0
2026-07-06,102.47029113769531,24430.349609375,103.36366160748042,24458.650390625,102.1327893999959,24287.099609375,103.31403412207385,24306.849609375,5800200.0,329400.0
2026-07-07,103.74087524414062,24398.69921875,104.3860931737777,24530.900390625,102.9070531697604,24348.94921875,103.02617277274246,24464.44921875,4611600.0,412600.0
2026-07-08,102.03353118896484,23882.05078125,103.60190520075248,24300.0,101.95411812104591,23805.19921875,103.60190520075248,24259.55078125,5416500.0,420500.0
2026-07-09,102.24198150634766,23962.80078125,102.8375643499877,24134.69921875,101.91440829170926,23925.69921875,102.16256844099651,23928.94921875,4766400.0,384800.0
2026-07-10,102.55963134765625,24206.900390625,102.97653860182729,24228.44921875,101.67618177766408,24120.349609375,102.82764099012417,24124.69921875,4834700.0,313100.0
2026-07-13,103.1452865600586,24211.0,103.70116286280525,24259.80078125,102.67874427457623,24000.19921875,102.89712641444002,24039.400390625,5043600.0,322700.0
2026-07-14,102.82763671875,24052.05078125,103.48278315373065,24157.099609375,102.62911162689049,24023.69921875,103.20484499582861,24068.0,4143500.0,355800.0
2026-07-15,103.06587982177734,24078.5,104.18756102245013,24220.349609375,102.68867153040729,24010.55078125,103.17507089841108,24085.849609375,5591400.0,306900.0
2026-07-16,105.46806335449219,24072.75,105.52761936682988,24186.5,103.31403507814906,24050.0,103.53241722104961,24142.099609375,5265900.0,264300.0
2026-07-17,105.30924224853516,24334.30078125,106.57982863392103,24367.30078125,104.83277898060666,24099.05078125,105.83534815119155,24127.599609375,5216700.0,387800.0
2026-07-20,104.7732162475586,24238.5,105.46806162425504,24266.099609375,104.36622997460309,24135.849609375,104.9915908136299,24190.05078125,3922000.0,353100.0
2026-07-21,104.7434310913086,24187.69921875,105.08093282795639,24262.19921875,104.31659533725932,24135.650390625,104.89232869355773,24216.05078125,4581000.0,315600.0
2026-07-22,104.17762756347656,23996.25,105.08093414136415,24166.30078125,104.00888047966681,23961.400390625,105.07100561489102,24150.44921875,3327400.0,304700.0
2026-07-23,103.93939971923828,23869.599609375,104.6541021863506,23990.75,103.65153302702655,23807.19921875,103.86991517789386,23904.80078125,4654600.0,344000.0
2026-07-24,106.2125473022461,23767.44921875,106.53019200059396,23823.599609375,104.73351488555575,23606.30078125,104.73351488555575,23666.349609375,7884800.0,333900.0
2026-07-27,105.85519409179688,23995.94921875,106.52026148321454,24011.599609375,105.64674047239345,23891.55078125,105.95445663819183,23928.400390625,3666100.0,319400.0
2026-07-28,106.47063446044922,23985.349609375,107.37393348179907,24041.150390625,106.4309279270689,23954.599609375,107.04636026134662,23971.25,5245900.0,437800.0
2026-07-29,106.22247314453125,24250.19921875,106.83790547207526,24283.55078125,105.70629578948173,24136.75,106.42099823601382,24176.650390625,6530600.0,424200.0
2026-07-30,104.892333984375,24317.150390625,106.43092999647904,24342.94921875,103.90962187715695,24187.099609375,106.36144545502417,24249.55078125,6438900.0,400600.0
2026-07-31,104.31659698486328,24383.599609375,104.97174341580833,24429.400390625,103.68130760692995,24299.69921875,104.7732183251717,24361.44921875,5885700.0,411700.0
